experiment_id,scenario,sampled_at,sampled_at_ms,elapsed_ms,elapsed_source,approximate_visible,approximate_not_visible,sample_status,sample_error
low-concurrency-20260711T195542.986124768Z,baseline-c20,2026-07-11T19:57:36.609Z,1783799856609,-56,first_a_sqs_sent_timestamp,0,0,ok,
low-concurrency-20260711T195542.986124768Z,fair-c20,2026-07-11T19:57:36.753Z,1783799856753,100,first_a_sqs_sent_timestamp,0,0,ok,
low-concurrency-20260711T195542.986124768Z,baseline-c20,2026-07-11T19:57:37.608Z,1783799857608,943,first_a_sqs_sent_timestamp,0,0,ok,
low-concurrency-20260711T195542.986124768Z,fair-c20,2026-07-11T19:57:37.639Z,1783799857639,986,first_a_sqs_sent_timestamp,0,4,ok,
low-concurrency-20260711T195542.986124768Z,baseline-c20,2026-07-11T19:57:38.609Z,1783799858609,1944,first_a_sqs_sent_timestamp,0,0,ok,
low-concurrency-20260711T195542.986124768Z,fair-c20,2026-07-11T19:57:38.637Z,1783799858637,1984,first_a_sqs_sent_timestamp,0,0,ok,
low-concurrency-20260711T195542.986124768Z,baseline-c20,2026-07-11T19:57:39.611Z,1783799859611,2946,first_a_sqs_sent_timestamp,2012,29,ok,
low-concurrency-20260711T195542.986124768Z,fair-c20,2026-07-11T19:57:39.643Z,1783799859643,2990,first_a_sqs_sent_timestamp,2480,10,ok,
low-concurrency-20260711T195542.986124768Z,baseline-c20,2026-07-11T19:57:40.61Z,1783799860610,3945,first_a_sqs_sent_timestamp,0,0,ok,
low-concurrency-20260711T195542.986124768Z,fair-c20,2026-07-11T19:57:40.64Z,1783799860640,3987,first_a_sqs_sent_timestamp,2451,56,ok,
low-concurrency-20260711T195542.986124768Z,baseline-c20,2026-07-11T19:57:41.611Z,1783799861611,4946,first_a_sqs_sent_timestamp,0,4,ok,
low-concurrency-20260711T195542.986124768Z,fair-c20,2026-07-11T19:57:41.64Z,1783799861640,4987,first_a_sqs_sent_timestamp,2451,52,ok,
low-concurrency-20260711T195542.986124768Z,baseline-c20,2026-07-11T19:57:42.609Z,1783799862609,5944,first_a_sqs_sent_timestamp,2487,18,ok,
low-concurrency-20260711T195542.986124768Z,fair-c20,2026-07-11T19:57:42.638Z,1783799862638,5985,first_a_sqs_sent_timestamp,1244,59,ok,
low-concurrency-20260711T195542.986124768Z,baseline-c20,2026-07-11T19:57:43.608Z,1783799863608,6943,first_a_sqs_sent_timestamp,4943,50,ok,
low-concurrency-20260711T195542.986124768Z,fair-c20,2026-07-11T19:57:43.643Z,1783799863643,6990,first_a_sqs_sent_timestamp,4930,69,ok,
low-concurrency-20260711T195542.986124768Z,baseline-c20,2026-07-11T19:57:44.61Z,1783799864610,7945,first_a_sqs_sent_timestamp,2456,13,ok,
low-concurrency-20260711T195542.986124768Z,fair-c20,2026-07-11T19:57:44.638Z,1783799864638,7985,first_a_sqs_sent_timestamp,1267,65,ok,
low-concurrency-20260711T195542.986124768Z,baseline-c20,2026-07-11T19:57:45.609Z,1783799865609,8944,first_a_sqs_sent_timestamp,4944,31,ok,
low-concurrency-20260711T195542.986124768Z,fair-c20,2026-07-11T19:57:45.637Z,1783799865637,8984,first_a_sqs_sent_timestamp,4933,69,ok,
low-concurrency-20260711T195542.986124768Z,baseline-c20,2026-07-11T19:57:46.61Z,1783799866610,9945,first_a_sqs_sent_timestamp,4944,50,ok,
low-concurrency-20260711T195542.986124768Z,fair-c20,2026-07-11T19:57:46.637Z,1783799866637,9984,first_a_sqs_sent_timestamp,2451,52,ok,
low-concurrency-20260711T195542.986124768Z,baseline-c20,2026-07-11T19:57:47.608Z,1783799867608,10943,first_a_sqs_sent_timestamp,2456,13,ok,
low-concurrency-20260711T195542.986124768Z,fair-c20,2026-07-11T19:57:47.639Z,1783799867639,10986,first_a_sqs_sent_timestamp,4934,28,ok,
low-concurrency-20260711T195542.986124768Z,baseline-c20,2026-07-11T19:57:48.608Z,1783799868608,11943,first_a_sqs_sent_timestamp,4943,40,ok,
low-concurrency-20260711T195542.986124768Z,fair-c20,2026-07-11T19:57:48.654Z,1783799868654,12001,first_a_sqs_sent_timestamp,4935,28,ok,
low-concurrency-20260711T195542.986124768Z,baseline-c20,2026-07-11T19:57:49.609Z,1783799869609,12944,first_a_sqs_sent_timestamp,4468,61,ok,
low-concurrency-20260711T195542.986124768Z,fair-c20,2026-07-11T19:57:49.64Z,1783799869640,12987,first_a_sqs_sent_timestamp,3727,69,ok,
low-concurrency-20260711T195542.986124768Z,baseline-c20,2026-07-11T19:57:50.611Z,1783799870611,13946,first_a_sqs_sent_timestamp,4938,24,ok,
low-concurrency-20260711T195542.986124768Z,fair-c20,2026-07-11T19:57:50.639Z,1783799870639,13986,first_a_sqs_sent_timestamp,4938,34,ok,
low-concurrency-20260711T195542.986124768Z,baseline-c20,2026-07-11T19:57:51.608Z,1783799871608,14943,first_a_sqs_sent_timestamp,4920,19,ok,
low-concurrency-20260711T195542.986124768Z,fair-c20,2026-07-11T19:57:51.636Z,1783799871636,14983,first_a_sqs_sent_timestamp,2480,10,ok,
low-concurrency-20260711T195542.986124768Z,baseline-c20,2026-07-11T19:57:52.61Z,1783799872610,15945,first_a_sqs_sent_timestamp,2484,9,ok,
low-concurrency-20260711T195542.986124768Z,fair-c20,2026-07-11T19:57:52.64Z,1783799872640,15987,first_a_sqs_sent_timestamp,4902,18,ok,
low-concurrency-20260711T195542.986124768Z,baseline-c20,2026-07-11T19:57:53.61Z,1783799873610,16945,first_a_sqs_sent_timestamp,4932,21,ok,
low-concurrency-20260711T195542.986124768Z,fair-c20,2026-07-11T19:57:53.639Z,1783799873639,16986,first_a_sqs_sent_timestamp,4916,14,ok,
low-concurrency-20260711T195542.986124768Z,baseline-c20,2026-07-11T19:57:54.611Z,1783799874611,17946,first_a_sqs_sent_timestamp,4939,31,ok,
low-concurrency-20260711T195542.986124768Z,fair-c20,2026-07-11T19:57:54.644Z,1783799874644,17991,first_a_sqs_sent_timestamp,4910,19,ok,
low-concurrency-20260711T195542.986124768Z,baseline-c20,2026-07-11T19:57:55.609Z,1783799875609,18944,first_a_sqs_sent_timestamp,4904,20,ok,
low-concurrency-20260711T195542.986124768Z,fair-c20,2026-07-11T19:57:55.641Z,1783799875641,18988,first_a_sqs_sent_timestamp,4904,21,ok,
low-concurrency-20260711T195542.986124768Z,baseline-c20,2026-07-11T19:57:56.61Z,1783799876610,19945,first_a_sqs_sent_timestamp,4920,28,ok,
low-concurrency-20260711T195542.986124768Z,fair-c20,2026-07-11T19:57:56.642Z,1783799876642,19989,first_a_sqs_sent_timestamp,4896,14,ok,
low-concurrency-20260711T195542.986124768Z,baseline-c20,2026-07-11T19:57:57.609Z,1783799877609,20944,first_a_sqs_sent_timestamp,2429,8,ok,
low-concurrency-20260711T195542.986124768Z,fair-c20,2026-07-11T19:57:57.635Z,1783799877635,20982,first_a_sqs_sent_timestamp,4876,16,ok,
low-concurrency-20260711T195542.986124768Z,baseline-c20,2026-07-11T19:57:58.609Z,1783799878609,21944,first_a_sqs_sent_timestamp,4909,17,ok,
low-concurrency-20260711T195542.986124768Z,fair-c20,2026-07-11T19:57:58.635Z,1783799878635,21982,first_a_sqs_sent_timestamp,4922,30,ok,
low-concurrency-20260711T195542.986124768Z,baseline-c20,2026-07-11T19:57:59.609Z,1783799879609,22944,first_a_sqs_sent_timestamp,4882,15,ok,
low-concurrency-20260711T195542.986124768Z,fair-c20,2026-07-11T19:57:59.643Z,1783799879643,22990,first_a_sqs_sent_timestamp,2455,7,ok,
low-concurrency-20260711T195542.986124768Z,baseline-c20,2026-07-11T19:58:00.61Z,1783799880610,23945,first_a_sqs_sent_timestamp,4892,14,ok,
low-concurrency-20260711T195542.986124768Z,fair-c20,2026-07-11T19:58:00.639Z,1783799880639,23986,first_a_sqs_sent_timestamp,4910,19,ok,
low-concurrency-20260711T195542.986124768Z,baseline-c20,2026-07-11T19:58:01.608Z,1783799881608,24943,first_a_sqs_sent_timestamp,4909,20,ok,
low-concurrency-20260711T195542.986124768Z,fair-c20,2026-07-11T19:58:01.636Z,1783799881636,24983,first_a_sqs_sent_timestamp,4882,20,ok,
low-concurrency-20260711T195542.986124768Z,baseline-c20,2026-07-11T19:58:02.609Z,1783799882609,25944,first_a_sqs_sent_timestamp,4849,14,ok,
low-concurrency-20260711T195542.986124768Z,fair-c20,2026-07-11T19:58:02.643Z,1783799882643,25990,first_a_sqs_sent_timestamp,4884,14,ok,
low-concurrency-20260711T195542.986124768Z,baseline-c20,2026-07-11T19:58:03.609Z,1783799883609,26944,first_a_sqs_sent_timestamp,4898,16,ok,
low-concurrency-20260711T195542.986124768Z,fair-c20,2026-07-11T19:58:03.637Z,1783799883637,26984,first_a_sqs_sent_timestamp,4857,15,ok,
low-concurrency-20260711T195542.986124768Z,baseline-c20,2026-07-11T19:58:04.61Z,1783799884610,27945,first_a_sqs_sent_timestamp,4851,21,ok,
low-concurrency-20260711T195542.986124768Z,fair-c20,2026-07-11T19:58:04.637Z,1783799884637,27984,first_a_sqs_sent_timestamp,4875,14,ok,
low-concurrency-20260711T195542.986124768Z,baseline-c20,2026-07-11T19:58:05.611Z,1783799885611,28946,first_a_sqs_sent_timestamp,4871,14,ok,
low-concurrency-20260711T195542.986124768Z,fair-c20,2026-07-11T19:58:05.643Z,1783799885643,28990,first_a_sqs_sent_timestamp,4834,13,ok,
low-concurrency-20260711T195542.986124768Z,baseline-c20,2026-07-11T19:58:06.61Z,1783799886610,29945,first_a_sqs_sent_timestamp,4884,18,ok,
low-concurrency-20260711T195542.986124768Z,fair-c20,2026-07-11T19:58:06.642Z,1783799886642,29989,first_a_sqs_sent_timestamp,4836,21,ok,
low-concurrency-20260711T195542.986124768Z,baseline-c20,2026-07-11T19:58:07.614Z,1783799887614,30949,first_a_sqs_sent_timestamp,4866,17,ok,
low-concurrency-20260711T195542.986124768Z,fair-c20,2026-07-11T19:58:07.652Z,1783799887652,30999,first_a_sqs_sent_timestamp,4861,17,ok,
low-concurrency-20260711T195542.986124768Z,baseline-c20,2026-07-11T19:58:08.608Z,1783799888608,31943,first_a_sqs_sent_timestamp,4837,18,ok,
low-concurrency-20260711T195542.986124768Z,fair-c20,2026-07-11T19:58:08.637Z,1783799888637,31984,first_a_sqs_sent_timestamp,4836,17,ok,
low-concurrency-20260711T195542.986124768Z,baseline-c20,2026-07-11T19:58:09.609Z,1783799889609,32944,first_a_sqs_sent_timestamp,4847,15,ok,
low-concurrency-20260711T195542.986124768Z,fair-c20,2026-07-11T19:58:09.637Z,1783799889637,32984,first_a_sqs_sent_timestamp,4804,16,ok,
low-concurrency-20260711T195542.986124768Z,baseline-c20,2026-07-11T19:58:10.609Z,1783799890609,33944,first_a_sqs_sent_timestamp,4816,25,ok,
low-concurrency-20260711T195542.986124768Z,fair-c20,2026-07-11T19:58:10.639Z,1783799890639,33986,first_a_sqs_sent_timestamp,4890,24,ok,
low-concurrency-20260711T195542.986124768Z,baseline-c20,2026-07-11T19:58:11.607Z,1783799891607,34942,first_a_sqs_sent_timestamp,4821,17,ok,
low-concurrency-20260711T195542.986124768Z,fair-c20,2026-07-11T19:58:11.635Z,1783799891635,34982,first_a_sqs_sent_timestamp,4806,21,ok,
low-concurrency-20260711T195542.986124768Z,baseline-c20,2026-07-11T19:58:12.608Z,1783799892608,35943,first_a_sqs_sent_timestamp,4782,20,ok,
low-concurrency-20260711T195542.986124768Z,fair-c20,2026-07-11T19:58:12.638Z,1783799892638,35985,first_a_sqs_sent_timestamp,4817,16,ok,
low-concurrency-20260711T195542.986124768Z,baseline-c20,2026-07-11T19:58:13.61Z,1783799893610,36945,first_a_sqs_sent_timestamp,4811,18,ok,
low-concurrency-20260711T195542.986124768Z,fair-c20,2026-07-11T19:58:13.643Z,1783799893643,36990,first_a_sqs_sent_timestamp,4786,15,ok,
low-concurrency-20260711T195542.986124768Z,baseline-c20,2026-07-11T19:58:14.608Z,1783799894608,37943,first_a_sqs_sent_timestamp,4815,13,ok,
low-concurrency-20260711T195542.986124768Z,fair-c20,2026-07-11T19:58:14.637Z,1783799894637,37984,first_a_sqs_sent_timestamp,4780,15,ok,
low-concurrency-20260711T195542.986124768Z,baseline-c20,2026-07-11T19:58:15.611Z,1783799895611,38946,first_a_sqs_sent_timestamp,4794,21,ok,
low-concurrency-20260711T195542.986124768Z,fair-c20,2026-07-11T19:58:15.637Z,1783799895637,38984,first_a_sqs_sent_timestamp,4791,15,ok,
low-concurrency-20260711T195542.986124768Z,baseline-c20,2026-07-11T19:58:16.64Z,1783799896640,39975,first_a_sqs_sent_timestamp,4792,17,ok,
low-concurrency-20260711T195542.986124768Z,fair-c20,2026-07-11T19:58:16.67Z,1783799896670,40017,first_a_sqs_sent_timestamp,4780,15,ok,
low-concurrency-20260711T195542.986124768Z,baseline-c20,2026-07-11T19:58:17.609Z,1783799897609,40944,first_a_sqs_sent_timestamp,4804,17,ok,
low-concurrency-20260711T195542.986124768Z,fair-c20,2026-07-11T19:58:17.641Z,1783799897641,40988,first_a_sqs_sent_timestamp,4767,16,ok,
low-concurrency-20260711T195542.986124768Z,baseline-c20,2026-07-11T19:58:18.609Z,1783799898609,41944,first_a_sqs_sent_timestamp,4759,12,ok,
low-concurrency-20260711T195542.986124768Z,fair-c20,2026-07-11T19:58:18.641Z,1783799898641,41988,first_a_sqs_sent_timestamp,4769,19,ok,
low-concurrency-20260711T195542.986124768Z,baseline-c20,2026-07-11T19:58:19.61Z,1783799899610,42945,first_a_sqs_sent_timestamp,4802,13,ok,
low-concurrency-20260711T195542.986124768Z,fair-c20,2026-07-11T19:58:19.638Z,1783799899638,42985,first_a_sqs_sent_timestamp,4801,14,ok,
low-concurrency-20260711T195542.986124768Z,baseline-c20,2026-07-11T19:58:20.61Z,1783799900610,43945,first_a_sqs_sent_timestamp,4762,20,ok,
low-concurrency-20260711T195542.986124768Z,fair-c20,2026-07-11T19:58:20.639Z,1783799900639,43986,first_a_sqs_sent_timestamp,4755,13,ok,
low-concurrency-20260711T195542.986124768Z,baseline-c20,2026-07-11T19:58:21.609Z,1783799901609,44944,first_a_sqs_sent_timestamp,4739,21,ok,
low-concurrency-20260711T195542.986124768Z,fair-c20,2026-07-11T19:58:21.636Z,1783799901636,44983,first_a_sqs_sent_timestamp,4728,18,ok,
low-concurrency-20260711T195542.986124768Z,baseline-c20,2026-07-11T19:58:22.61Z,1783799902610,45945,first_a_sqs_sent_timestamp,4787,16,ok,
low-concurrency-20260711T195542.986124768Z,fair-c20,2026-07-11T19:58:22.638Z,1783799902638,45985,first_a_sqs_sent_timestamp,4725,18,ok,
low-concurrency-20260711T195542.986124768Z,baseline-c20,2026-07-11T19:58:23.61Z,1783799903610,46945,first_a_sqs_sent_timestamp,4768,12,ok,
low-concurrency-20260711T195542.986124768Z,fair-c20,2026-07-11T19:58:23.638Z,1783799903638,46985,first_a_sqs_sent_timestamp,4753,16,ok,
low-concurrency-20260711T195542.986124768Z,baseline-c20,2026-07-11T19:58:24.61Z,1783799904610,47945,first_a_sqs_sent_timestamp,4765,17,ok,
low-concurrency-20260711T195542.986124768Z,fair-c20,2026-07-11T19:58:24.643Z,1783799904643,47990,first_a_sqs_sent_timestamp,4739,19,ok,
low-concurrency-20260711T195542.986124768Z,baseline-c20,2026-07-11T19:58:25.611Z,1783799905611,48946,first_a_sqs_sent_timestamp,4700,20,ok,
low-concurrency-20260711T195542.986124768Z,fair-c20,2026-07-11T19:58:25.65Z,1783799905650,48997,first_a_sqs_sent_timestamp,4811,23,ok,
low-concurrency-20260711T195542.986124768Z,baseline-c20,2026-07-11T19:58:26.61Z,1783799906610,49945,first_a_sqs_sent_timestamp,4748,15,ok,
low-concurrency-20260711T195542.986124768Z,fair-c20,2026-07-11T19:58:26.647Z,1783799906647,49994,first_a_sqs_sent_timestamp,4720,17,ok,
low-concurrency-20260711T195542.986124768Z,baseline-c20,2026-07-11T19:58:27.608Z,1783799907608,50943,first_a_sqs_sent_timestamp,4704,16,ok,
low-concurrency-20260711T195542.986124768Z,fair-c20,2026-07-11T19:58:27.637Z,1783799907637,50984,first_a_sqs_sent_timestamp,4698,16,ok,
low-concurrency-20260711T195542.986124768Z,baseline-c20,2026-07-11T19:58:28.611Z,1783799908611,51946,first_a_sqs_sent_timestamp,4707,21,ok,
low-concurrency-20260711T195542.986124768Z,fair-c20,2026-07-11T19:58:28.643Z,1783799908643,51990,first_a_sqs_sent_timestamp,4733,15,ok,
low-concurrency-20260711T195542.986124768Z,baseline-c20,2026-07-11T19:58:29.61Z,1783799909610,52945,first_a_sqs_sent_timestamp,4700,20,ok,
low-concurrency-20260711T195542.986124768Z,fair-c20,2026-07-11T19:58:29.643Z,1783799909643,52990,first_a_sqs_sent_timestamp,4692,19,ok,
low-concurrency-20260711T195542.986124768Z,baseline-c20,2026-07-11T19:58:30.61Z,1783799910610,53945,first_a_sqs_sent_timestamp,4719,14,ok,
low-concurrency-20260711T195542.986124768Z,fair-c20,2026-07-11T19:58:30.641Z,1783799910641,53988,first_a_sqs_sent_timestamp,4661,18,ok,
low-concurrency-20260711T195542.986124768Z,baseline-c20,2026-07-11T19:58:31.609Z,1783799911609,54944,first_a_sqs_sent_timestamp,4723,16,ok,
low-concurrency-20260711T195542.986124768Z,fair-c20,2026-07-11T19:58:31.639Z,1783799911639,54986,first_a_sqs_sent_timestamp,4663,19,ok,
low-concurrency-20260711T195542.986124768Z,baseline-c20,2026-07-11T19:58:32.61Z,1783799912610,55945,first_a_sqs_sent_timestamp,4701,15,ok,
low-concurrency-20260711T195542.986124768Z,fair-c20,2026-07-11T19:58:32.643Z,1783799912643,55990,first_a_sqs_sent_timestamp,4689,13,ok,
low-concurrency-20260711T195542.986124768Z,baseline-c20,2026-07-11T19:58:33.611Z,1783799913611,56946,first_a_sqs_sent_timestamp,4713,13,ok,
low-concurrency-20260711T195542.986124768Z,fair-c20,2026-07-11T19:58:33.642Z,1783799913642,56989,first_a_sqs_sent_timestamp,4713,17,ok,
low-concurrency-20260711T195542.986124768Z,baseline-c20,2026-07-11T19:58:34.608Z,1783799914608,57943,first_a_sqs_sent_timestamp,4646,14,ok,
low-concurrency-20260711T195542.986124768Z,fair-c20,2026-07-11T19:58:34.645Z,1783799914645,57992,first_a_sqs_sent_timestamp,4649,12,ok,
low-concurrency-20260711T195542.986124768Z,baseline-c20,2026-07-11T19:58:35.608Z,1783799915608,58943,first_a_sqs_sent_timestamp,4662,22,ok,
low-concurrency-20260711T195542.986124768Z,fair-c20,2026-07-11T19:58:35.637Z,1783799915637,58984,first_a_sqs_sent_timestamp,4679,19,ok,
low-concurrency-20260711T195542.986124768Z,baseline-c20,2026-07-11T19:58:36.609Z,1783799916609,59944,first_a_sqs_sent_timestamp,4685,15,ok,
low-concurrency-20260711T195542.986124768Z,fair-c20,2026-07-11T19:58:36.642Z,1783799916642,59989,first_a_sqs_sent_timestamp,4626,23,ok,
low-concurrency-20260711T195542.986124768Z,baseline-c20,2026-07-11T19:58:37.611Z,1783799917611,60946,first_a_sqs_sent_timestamp,4639,15,ok,
low-concurrency-20260711T195542.986124768Z,fair-c20,2026-07-11T19:58:37.644Z,1783799917644,60991,first_a_sqs_sent_timestamp,4669,17,ok,
low-concurrency-20260711T195542.986124768Z,baseline-c20,2026-07-11T19:58:38.613Z,1783799918613,61948,first_a_sqs_sent_timestamp,4653,19,ok,
low-concurrency-20260711T195542.986124768Z,fair-c20,2026-07-11T19:58:38.65Z,1783799918650,61997,first_a_sqs_sent_timestamp,4642,25,ok,
low-concurrency-20260711T195542.986124768Z,baseline-c20,2026-07-11T19:58:39.61Z,1783799919610,62945,first_a_sqs_sent_timestamp,4633,17,ok,
low-concurrency-20260711T195542.986124768Z,fair-c20,2026-07-11T19:58:39.64Z,1783799919640,62987,first_a_sqs_sent_timestamp,4607,20,ok,
low-concurrency-20260711T195542.986124768Z,baseline-c20,2026-07-11T19:58:40.612Z,1783799920612,63947,first_a_sqs_sent_timestamp,4655,19,ok,
low-concurrency-20260711T195542.986124768Z,fair-c20,2026-07-11T19:58:40.642Z,1783799920642,63989,first_a_sqs_sent_timestamp,4625,19,ok,
low-concurrency-20260711T195542.986124768Z,baseline-c20,2026-07-11T19:58:41.609Z,1783799921609,64944,first_a_sqs_sent_timestamp,4616,14,ok,
low-concurrency-20260711T195542.986124768Z,fair-c20,2026-07-11T19:58:41.644Z,1783799921644,64991,first_a_sqs_sent_timestamp,4649,18,ok,
low-concurrency-20260711T195542.986124768Z,baseline-c20,2026-07-11T19:58:42.61Z,1783799922610,65945,first_a_sqs_sent_timestamp,4649,16,ok,
low-concurrency-20260711T195542.986124768Z,fair-c20,2026-07-11T19:58:42.643Z,1783799922643,65990,first_a_sqs_sent_timestamp,4635,18,ok,
low-concurrency-20260711T195542.986124768Z,baseline-c20,2026-07-11T19:58:43.61Z,1783799923610,66945,first_a_sqs_sent_timestamp,4612,17,ok,
low-concurrency-20260711T195542.986124768Z,fair-c20,2026-07-11T19:58:43.639Z,1783799923639,66986,first_a_sqs_sent_timestamp,4605,16,ok,
low-concurrency-20260711T195542.986124768Z,baseline-c20,2026-07-11T19:58:44.609Z,1783799924609,67944,first_a_sqs_sent_timestamp,4622,13,ok,
low-concurrency-20260711T195542.986124768Z,fair-c20,2026-07-11T19:58:44.64Z,1783799924640,67987,first_a_sqs_sent_timestamp,4609,13,ok,
low-concurrency-20260711T195542.986124768Z,baseline-c20,2026-07-11T19:58:45.611Z,1783799925611,68946,first_a_sqs_sent_timestamp,4584,19,ok,
low-concurrency-20260711T195542.986124768Z,fair-c20,2026-07-11T19:58:45.639Z,1783799925639,68986,first_a_sqs_sent_timestamp,4581,17,ok,
low-concurrency-20260711T195542.986124768Z,baseline-c20,2026-07-11T19:58:46.611Z,1783799926611,69946,first_a_sqs_sent_timestamp,4609,17,ok,
low-concurrency-20260711T195542.986124768Z,fair-c20,2026-07-11T19:58:46.645Z,1783799926645,69992,first_a_sqs_sent_timestamp,4596,19,ok,
low-concurrency-20260711T195542.986124768Z,baseline-c20,2026-07-11T19:58:47.613Z,1783799927613,70948,first_a_sqs_sent_timestamp,4616,12,ok,
low-concurrency-20260711T195542.986124768Z,fair-c20,2026-07-11T19:58:47.649Z,1783799927649,70996,first_a_sqs_sent_timestamp,4601,19,ok,
low-concurrency-20260711T195542.986124768Z,baseline-c20,2026-07-11T19:58:48.609Z,1783799928609,71944,first_a_sqs_sent_timestamp,4597,18,ok,
low-concurrency-20260711T195542.986124768Z,fair-c20,2026-07-11T19:58:48.638Z,1783799928638,71985,first_a_sqs_sent_timestamp,4587,16,ok,
low-concurrency-20260711T195542.986124768Z,baseline-c20,2026-07-11T19:58:49.612Z,1783799929612,72947,first_a_sqs_sent_timestamp,4598,17,ok,
low-concurrency-20260711T195542.986124768Z,fair-c20,2026-07-11T19:58:49.637Z,1783799929637,72984,first_a_sqs_sent_timestamp,4561,15,ok,
low-concurrency-20260711T195542.986124768Z,baseline-c20,2026-07-11T19:58:50.608Z,1783799930608,73943,first_a_sqs_sent_timestamp,4603,17,ok,
low-concurrency-20260711T195542.986124768Z,fair-c20,2026-07-11T19:58:50.638Z,1783799930638,73985,first_a_sqs_sent_timestamp,4557,16,ok,
low-concurrency-20260711T195542.986124768Z,baseline-c20,2026-07-11T19:58:51.611Z,1783799931611,74946,first_a_sqs_sent_timestamp,4607,23,ok,
low-concurrency-20260711T195542.986124768Z,fair-c20,2026-07-11T19:58:51.643Z,1783799931643,74990,first_a_sqs_sent_timestamp,4561,13,ok,
low-concurrency-20260711T195542.986124768Z,baseline-c20,2026-07-11T19:58:52.608Z,1783799932608,75943,first_a_sqs_sent_timestamp,4536,25,ok,
low-concurrency-20260711T195542.986124768Z,fair-c20,2026-07-11T19:58:52.637Z,1783799932637,75984,first_a_sqs_sent_timestamp,4543,18,ok,
low-concurrency-20260711T195542.986124768Z,baseline-c20,2026-07-11T19:58:53.609Z,1783799933609,76944,first_a_sqs_sent_timestamp,4557,18,ok,
low-concurrency-20260711T195542.986124768Z,fair-c20,2026-07-11T19:58:53.637Z,1783799933637,76984,first_a_sqs_sent_timestamp,4573,19,ok,
low-concurrency-20260711T195542.986124768Z,baseline-c20,2026-07-11T19:58:54.609Z,1783799934609,77944,first_a_sqs_sent_timestamp,4535,21,ok,
low-concurrency-20260711T195542.986124768Z,fair-c20,2026-07-11T19:58:54.638Z,1783799934638,77985,first_a_sqs_sent_timestamp,4538,14,ok,
low-concurrency-20260711T195542.986124768Z,baseline-c20,2026-07-11T19:58:55.608Z,1783799935608,78943,first_a_sqs_sent_timestamp,4543,22,ok,
low-concurrency-20260711T195542.986124768Z,fair-c20,2026-07-11T19:58:55.64Z,1783799935640,78987,first_a_sqs_sent_timestamp,4549,11,ok,
low-concurrency-20260711T195542.986124768Z,baseline-c20,2026-07-11T19:58:56.609Z,1783799936609,79944,first_a_sqs_sent_timestamp,4526,15,ok,
low-concurrency-20260711T195542.986124768Z,fair-c20,2026-07-11T19:58:56.636Z,1783799936636,79983,first_a_sqs_sent_timestamp,4506,16,ok,
low-concurrency-20260711T195542.986124768Z,baseline-c20,2026-07-11T19:58:57.609Z,1783799937609,80944,first_a_sqs_sent_timestamp,4526,8,ok,
low-concurrency-20260711T195542.986124768Z,fair-c20,2026-07-11T19:58:57.635Z,1783799937635,80982,first_a_sqs_sent_timestamp,4522,11,ok,
low-concurrency-20260711T195542.986124768Z,baseline-c20,2026-07-11T19:58:58.611Z,1783799938611,81946,first_a_sqs_sent_timestamp,4535,21,ok,
low-concurrency-20260711T195542.986124768Z,fair-c20,2026-07-11T19:58:58.653Z,1783799938653,82000,first_a_sqs_sent_timestamp,4510,17,ok,
low-concurrency-20260711T195542.986124768Z,baseline-c20,2026-07-11T19:58:59.61Z,1783799939610,82945,first_a_sqs_sent_timestamp,4547,15,ok,
low-concurrency-20260711T195542.986124768Z,fair-c20,2026-07-11T19:58:59.64Z,1783799939640,82987,first_a_sqs_sent_timestamp,4489,14,ok,
low-concurrency-20260711T195542.986124768Z,baseline-c20,2026-07-11T19:59:00.613Z,1783799940613,83948,first_a_sqs_sent_timestamp,4554,12,ok,
low-concurrency-20260711T195542.986124768Z,fair-c20,2026-07-11T19:59:00.645Z,1783799940645,83992,first_a_sqs_sent_timestamp,4518,23,ok,
low-concurrency-20260711T195542.986124768Z,baseline-c20,2026-07-11T19:59:01.611Z,1783799941611,84946,first_a_sqs_sent_timestamp,4493,12,ok,
low-concurrency-20260711T195542.986124768Z,fair-c20,2026-07-11T19:59:01.642Z,1783799941642,84989,first_a_sqs_sent_timestamp,4490,13,ok,
low-concurrency-20260711T195542.986124768Z,baseline-c20,2026-07-11T19:59:02.608Z,1783799942608,85943,first_a_sqs_sent_timestamp,4506,21,ok,
low-concurrency-20260711T195542.986124768Z,fair-c20,2026-07-11T19:59:02.637Z,1783799942637,85984,first_a_sqs_sent_timestamp,4508,21,ok,
low-concurrency-20260711T195542.986124768Z,baseline-c20,2026-07-11T19:59:03.61Z,1783799943610,86945,first_a_sqs_sent_timestamp,4533,6,ok,
low-concurrency-20260711T195542.986124768Z,fair-c20,2026-07-11T19:59:03.644Z,1783799943644,86991,first_a_sqs_sent_timestamp,4483,17,ok,
low-concurrency-20260711T195542.986124768Z,baseline-c20,2026-07-11T19:59:04.609Z,1783799944609,87944,first_a_sqs_sent_timestamp,4493,12,ok,
low-concurrency-20260711T195542.986124768Z,fair-c20,2026-07-11T19:59:04.644Z,1783799944644,87991,first_a_sqs_sent_timestamp,4500,14,ok,
low-concurrency-20260711T195542.986124768Z,baseline-c20,2026-07-11T19:59:05.607Z,1783799945607,88942,first_a_sqs_sent_timestamp,4489,17,ok,
low-concurrency-20260711T195542.986124768Z,fair-c20,2026-07-11T19:59:05.636Z,1783799945636,88983,first_a_sqs_sent_timestamp,4547,24,ok,
low-concurrency-20260711T195542.986124768Z,baseline-c20,2026-07-11T19:59:06.609Z,1783799946609,89944,first_a_sqs_sent_timestamp,4512,17,ok,
low-concurrency-20260711T195542.986124768Z,fair-c20,2026-07-11T19:59:06.641Z,1783799946641,89988,first_a_sqs_sent_timestamp,4445,17,ok,
low-concurrency-20260711T195542.986124768Z,baseline-c20,2026-07-11T19:59:07.628Z,1783799947628,90963,first_a_sqs_sent_timestamp,4458,17,ok,
low-concurrency-20260711T195542.986124768Z,fair-c20,2026-07-11T19:59:07.68Z,1783799947680,91027,first_a_sqs_sent_timestamp,4432,19,ok,
low-concurrency-20260711T195542.986124768Z,baseline-c20,2026-07-11T19:59:08.611Z,1783799948611,91946,first_a_sqs_sent_timestamp,4458,20,ok,
low-concurrency-20260711T195542.986124768Z,fair-c20,2026-07-11T19:59:08.642Z,1783799948642,91989,first_a_sqs_sent_timestamp,4502,11,ok,
low-concurrency-20260711T195542.986124768Z,baseline-c20,2026-07-11T19:59:09.61Z,1783799949610,92945,first_a_sqs_sent_timestamp,4438,17,ok,
low-concurrency-20260711T195542.986124768Z,fair-c20,2026-07-11T19:59:09.643Z,1783799949643,92990,first_a_sqs_sent_timestamp,4410,16,ok,
low-concurrency-20260711T195542.986124768Z,baseline-c20,2026-07-11T19:59:10.613Z,1783799950613,93948,first_a_sqs_sent_timestamp,4467,16,ok,
low-concurrency-20260711T195542.986124768Z,fair-c20,2026-07-11T19:59:10.645Z,1783799950645,93992,first_a_sqs_sent_timestamp,4445,20,ok,
low-concurrency-20260711T195542.986124768Z,baseline-c20,2026-07-11T19:59:11.611Z,1783799951611,94946,first_a_sqs_sent_timestamp,4493,13,ok,
low-concurrency-20260711T195542.986124768Z,fair-c20,2026-07-11T19:59:11.642Z,1783799951642,94989,first_a_sqs_sent_timestamp,4412,18,ok,
low-concurrency-20260711T195542.986124768Z,baseline-c20,2026-07-11T19:59:12.608Z,1783799952608,95943,first_a_sqs_sent_timestamp,4439,14,ok,
low-concurrency-20260711T195542.986124768Z,fair-c20,2026-07-11T19:59:12.64Z,1783799952640,95987,first_a_sqs_sent_timestamp,4437,20,ok,
low-concurrency-20260711T195542.986124768Z,baseline-c20,2026-07-11T19:59:13.61Z,1783799953610,96945,first_a_sqs_sent_timestamp,4483,19,ok,
low-concurrency-20260711T195542.986124768Z,fair-c20,2026-07-11T19:59:13.637Z,1783799953637,96984,first_a_sqs_sent_timestamp,4392,26,ok,
low-concurrency-20260711T195542.986124768Z,baseline-c20,2026-07-11T19:59:14.608Z,1783799954608,97943,first_a_sqs_sent_timestamp,4434,16,ok,
low-concurrency-20260711T195542.986124768Z,fair-c20,2026-07-11T19:59:14.637Z,1783799954637,97984,first_a_sqs_sent_timestamp,4402,20,ok,
low-concurrency-20260711T195542.986124768Z,baseline-c20,2026-07-11T19:59:15.609Z,1783799955609,98944,first_a_sqs_sent_timestamp,4401,13,ok,
low-concurrency-20260711T195542.986124768Z,fair-c20,2026-07-11T19:59:15.642Z,1783799955642,98989,first_a_sqs_sent_timestamp,4426,18,ok,
low-concurrency-20260711T195542.986124768Z,baseline-c20,2026-07-11T19:59:16.609Z,1783799956609,99944,first_a_sqs_sent_timestamp,4413,19,ok,
low-concurrency-20260711T195542.986124768Z,fair-c20,2026-07-11T19:59:16.637Z,1783799956637,99984,first_a_sqs_sent_timestamp,4402,24,ok,
low-concurrency-20260711T195542.986124768Z,baseline-c20,2026-07-11T19:59:17.61Z,1783799957610,100945,first_a_sqs_sent_timestamp,4403,12,ok,
low-concurrency-20260711T195542.986124768Z,fair-c20,2026-07-11T19:59:17.639Z,1783799957639,100986,first_a_sqs_sent_timestamp,4382,20,ok,
low-concurrency-20260711T195542.986124768Z,baseline-c20,2026-07-11T19:59:18.61Z,1783799958610,101945,first_a_sqs_sent_timestamp,4415,14,ok,
low-concurrency-20260711T195542.986124768Z,fair-c20,2026-07-11T19:59:18.642Z,1783799958642,101989,first_a_sqs_sent_timestamp,4365,18,ok,
low-concurrency-20260711T195542.986124768Z,baseline-c20,2026-07-11T19:59:19.612Z,1783799959612,102947,first_a_sqs_sent_timestamp,4405,14,ok,
low-concurrency-20260711T195542.986124768Z,fair-c20,2026-07-11T19:59:19.644Z,1783799959644,102991,first_a_sqs_sent_timestamp,4439,11,ok,
low-concurrency-20260711T195542.986124768Z,baseline-c20,2026-07-11T19:59:20.613Z,1783799960613,103948,first_a_sqs_sent_timestamp,4416,16,ok,
low-concurrency-20260711T195542.986124768Z,fair-c20,2026-07-11T19:59:20.642Z,1783799960642,103989,first_a_sqs_sent_timestamp,4397,14,ok,
low-concurrency-20260711T195542.986124768Z,baseline-c20,2026-07-11T19:59:21.608Z,1783799961608,104943,first_a_sqs_sent_timestamp,4360,18,ok,
low-concurrency-20260711T195542.986124768Z,fair-c20,2026-07-11T19:59:21.636Z,1783799961636,104983,first_a_sqs_sent_timestamp,4371,22,ok,
low-concurrency-20260711T195542.986124768Z,baseline-c20,2026-07-11T19:59:22.61Z,1783799962610,105945,first_a_sqs_sent_timestamp,4398,12,ok,
low-concurrency-20260711T195542.986124768Z,fair-c20,2026-07-11T19:59:22.643Z,1783799962643,105990,first_a_sqs_sent_timestamp,4363,18,ok,
low-concurrency-20260711T195542.986124768Z,baseline-c20,2026-07-11T19:59:23.609Z,1783799963609,106944,first_a_sqs_sent_timestamp,4368,14,ok,
low-concurrency-20260711T195542.986124768Z,fair-c20,2026-07-11T19:59:23.637Z,1783799963637,106984,first_a_sqs_sent_timestamp,4349,17,ok,
low-concurrency-20260711T195542.986124768Z,baseline-c20,2026-07-11T19:59:24.614Z,1783799964614,107949,first_a_sqs_sent_timestamp,4372,18,ok,
low-concurrency-20260711T195542.986124768Z,fair-c20,2026-07-11T19:59:24.646Z,1783799964646,107993,first_a_sqs_sent_timestamp,4338,15,ok,
low-concurrency-20260711T195542.986124768Z,baseline-c20,2026-07-11T19:59:25.611Z,1783799965611,108946,first_a_sqs_sent_timestamp,4372,14,ok,
low-concurrency-20260711T195542.986124768Z,fair-c20,2026-07-11T19:59:25.646Z,1783799965646,108993,first_a_sqs_sent_timestamp,4358,15,ok,
low-concurrency-20260711T195542.986124768Z,baseline-c20,2026-07-11T19:59:26.611Z,1783799966611,109946,first_a_sqs_sent_timestamp,4343,17,ok,
low-concurrency-20260711T195542.986124768Z,fair-c20,2026-07-11T19:59:26.644Z,1783799966644,109991,first_a_sqs_sent_timestamp,4344,17,ok,
low-concurrency-20260711T195542.986124768Z,baseline-c20,2026-07-11T19:59:27.609Z,1783799967609,110944,first_a_sqs_sent_timestamp,4407,18,ok,
low-concurrency-20260711T195542.986124768Z,fair-c20,2026-07-11T19:59:27.636Z,1783799967636,110983,first_a_sqs_sent_timestamp,4313,14,ok,
low-concurrency-20260711T195542.986124768Z,baseline-c20,2026-07-11T19:59:28.624Z,1783799968624,111959,first_a_sqs_sent_timestamp,4324,16,ok,
low-concurrency-20260711T195542.986124768Z,fair-c20,2026-07-11T19:59:28.655Z,1783799968655,112002,first_a_sqs_sent_timestamp,4308,17,ok,
low-concurrency-20260711T195542.986124768Z,baseline-c20,2026-07-11T19:59:29.609Z,1783799969609,112944,first_a_sqs_sent_timestamp,4317,20,ok,
low-concurrency-20260711T195542.986124768Z,fair-c20,2026-07-11T19:59:29.64Z,1783799969640,112987,first_a_sqs_sent_timestamp,4302,17,ok,
low-concurrency-20260711T195542.986124768Z,baseline-c20,2026-07-11T19:59:30.61Z,1783799970610,113945,first_a_sqs_sent_timestamp,4319,19,ok,
low-concurrency-20260711T195542.986124768Z,fair-c20,2026-07-11T19:59:30.641Z,1783799970641,113988,first_a_sqs_sent_timestamp,4331,12,ok,
low-concurrency-20260711T195542.986124768Z,baseline-c20,2026-07-11T19:59:31.609Z,1783799971609,114944,first_a_sqs_sent_timestamp,4322,17,ok,
low-concurrency-20260711T195542.986124768Z,fair-c20,2026-07-11T19:59:31.637Z,1783799971637,114984,first_a_sqs_sent_timestamp,4291,17,ok,
low-concurrency-20260711T195542.986124768Z,baseline-c20,2026-07-11T19:59:32.612Z,1783799972612,115947,first_a_sqs_sent_timestamp,4405,17,ok,
low-concurrency-20260711T195542.986124768Z,fair-c20,2026-07-11T19:59:32.643Z,1783799972643,115990,first_a_sqs_sent_timestamp,4297,17,ok,
low-concurrency-20260711T195542.986124768Z,baseline-c20,2026-07-11T19:59:33.611Z,1783799973611,116946,first_a_sqs_sent_timestamp,4315,16,ok,
low-concurrency-20260711T195542.986124768Z,fair-c20,2026-07-11T19:59:33.643Z,1783799973643,116990,first_a_sqs_sent_timestamp,4263,20,ok,
low-concurrency-20260711T195542.986124768Z,baseline-c20,2026-07-11T19:59:34.607Z,1783799974607,117942,first_a_sqs_sent_timestamp,4304,19,ok,
low-concurrency-20260711T195542.986124768Z,fair-c20,2026-07-11T19:59:34.637Z,1783799974637,117984,first_a_sqs_sent_timestamp,4309,18,ok,
low-concurrency-20260711T195542.986124768Z,baseline-c20,2026-07-11T19:59:35.606Z,1783799975606,118941,first_a_sqs_sent_timestamp,4267,17,ok,
low-concurrency-20260711T195542.986124768Z,fair-c20,2026-07-11T19:59:35.634Z,1783799975634,118981,first_a_sqs_sent_timestamp,4253,17,ok,
low-concurrency-20260711T195542.986124768Z,baseline-c20,2026-07-11T19:59:36.61Z,1783799976610,119945,first_a_sqs_sent_timestamp,4296,18,ok,
low-concurrency-20260711T195542.986124768Z,fair-c20,2026-07-11T19:59:36.637Z,1783799976637,119984,first_a_sqs_sent_timestamp,4299,19,ok,
low-concurrency-20260711T195542.986124768Z,baseline-c20,2026-07-11T19:59:37.611Z,1783799977611,120946,first_a_sqs_sent_timestamp,4320,17,ok,
low-concurrency-20260711T195542.986124768Z,fair-c20,2026-07-11T19:59:37.642Z,1783799977642,120989,first_a_sqs_sent_timestamp,4319,14,ok,
low-concurrency-20260711T195542.986124768Z,baseline-c20,2026-07-11T19:59:38.611Z,1783799978611,121946,first_a_sqs_sent_timestamp,4292,24,ok,
low-concurrency-20260711T195542.986124768Z,fair-c20,2026-07-11T19:59:38.643Z,1783799978643,121990,first_a_sqs_sent_timestamp,4269,15,ok,
low-concurrency-20260711T195542.986124768Z,baseline-c20,2026-07-11T19:59:39.61Z,1783799979610,122945,first_a_sqs_sent_timestamp,4297,21,ok,
low-concurrency-20260711T195542.986124768Z,fair-c20,2026-07-11T19:59:39.636Z,1783799979636,122983,first_a_sqs_sent_timestamp,4236,12,ok,
low-concurrency-20260711T195542.986124768Z,baseline-c20,2026-07-11T19:59:40.61Z,1783799980610,123945,first_a_sqs_sent_timestamp,4276,17,ok,
low-concurrency-20260711T195542.986124768Z,fair-c20,2026-07-11T19:59:40.642Z,1783799980642,123989,first_a_sqs_sent_timestamp,4270,12,ok,
low-concurrency-20260711T195542.986124768Z,baseline-c20,2026-07-11T19:59:41.613Z,1783799981613,124948,first_a_sqs_sent_timestamp,4252,16,ok,
low-concurrency-20260711T195542.986124768Z,fair-c20,2026-07-11T19:59:41.641Z,1783799981641,124988,first_a_sqs_sent_timestamp,4289,19,ok,
low-concurrency-20260711T195542.986124768Z,baseline-c20,2026-07-11T19:59:42.609Z,1783799982609,125944,first_a_sqs_sent_timestamp,4232,21,ok,
low-concurrency-20260711T195542.986124768Z,fair-c20,2026-07-11T19:59:42.635Z,1783799982635,125982,first_a_sqs_sent_timestamp,4200,16,ok,
low-concurrency-20260711T195542.986124768Z,baseline-c20,2026-07-11T19:59:43.646Z,1783799983646,126981,first_a_sqs_sent_timestamp,4231,18,ok,
low-concurrency-20260711T195542.986124768Z,fair-c20,2026-07-11T19:59:43.674Z,1783799983674,127021,first_a_sqs_sent_timestamp,4211,15,ok,
low-concurrency-20260711T195542.986124768Z,baseline-c20,2026-07-11T19:59:44.609Z,1783799984609,127944,first_a_sqs_sent_timestamp,4257,15,ok,
low-concurrency-20260711T195542.986124768Z,fair-c20,2026-07-11T19:59:44.643Z,1783799984643,127990,first_a_sqs_sent_timestamp,4259,14,ok,
low-concurrency-20260711T195542.986124768Z,baseline-c20,2026-07-11T19:59:45.61Z,1783799985610,128945,first_a_sqs_sent_timestamp,4253,18,ok,
low-concurrency-20260711T195542.986124768Z,fair-c20,2026-07-11T19:59:45.642Z,1783799985642,128989,first_a_sqs_sent_timestamp,4190,17,ok,
low-concurrency-20260711T195542.986124768Z,baseline-c20,2026-07-11T19:59:46.609Z,1783799986609,129944,first_a_sqs_sent_timestamp,4217,12,ok,
low-concurrency-20260711T195542.986124768Z,fair-c20,2026-07-11T19:59:46.648Z,1783799986648,129995,first_a_sqs_sent_timestamp,4206,17,ok,
low-concurrency-20260711T195542.986124768Z,baseline-c20,2026-07-11T19:59:47.615Z,1783799987615,130950,first_a_sqs_sent_timestamp,4211,21,ok,
low-concurrency-20260711T195542.986124768Z,fair-c20,2026-07-11T19:59:47.645Z,1783799987645,130992,first_a_sqs_sent_timestamp,4274,14,ok,
low-concurrency-20260711T195542.986124768Z,baseline-c20,2026-07-11T19:59:48.614Z,1783799988614,131949,first_a_sqs_sent_timestamp,4220,17,ok,
low-concurrency-20260711T195542.986124768Z,fair-c20,2026-07-11T19:59:48.645Z,1783799988645,131992,first_a_sqs_sent_timestamp,4219,15,ok,
low-concurrency-20260711T195542.986124768Z,baseline-c20,2026-07-11T19:59:49.611Z,1783799989611,132946,first_a_sqs_sent_timestamp,4195,19,ok,
low-concurrency-20260711T195542.986124768Z,fair-c20,2026-07-11T19:59:49.643Z,1783799989643,132990,first_a_sqs_sent_timestamp,4155,17,ok,
low-concurrency-20260711T195542.986124768Z,baseline-c20,2026-07-11T19:59:50.609Z,1783799990609,133944,first_a_sqs_sent_timestamp,4183,19,ok,
low-concurrency-20260711T195542.986124768Z,fair-c20,2026-07-11T19:59:50.642Z,1783799990642,133989,first_a_sqs_sent_timestamp,4170,18,ok,
low-concurrency-20260711T195542.986124768Z,baseline-c20,2026-07-11T19:59:51.611Z,1783799991611,134946,first_a_sqs_sent_timestamp,4172,18,ok,
low-concurrency-20260711T195542.986124768Z,fair-c20,2026-07-11T19:59:51.645Z,1783799991645,134992,first_a_sqs_sent_timestamp,4224,14,ok,
low-concurrency-20260711T195542.986124768Z,baseline-c20,2026-07-11T19:59:52.611Z,1783799992611,135946,first_a_sqs_sent_timestamp,4201,17,ok,
low-concurrency-20260711T195542.986124768Z,fair-c20,2026-07-11T19:59:52.642Z,1783799992642,135989,first_a_sqs_sent_timestamp,4159,15,ok,
low-concurrency-20260711T195542.986124768Z,baseline-c20,2026-07-11T19:59:53.612Z,1783799993612,136947,first_a_sqs_sent_timestamp,4272,14,ok,
low-concurrency-20260711T195542.986124768Z,fair-c20,2026-07-11T19:59:53.643Z,1783799993643,136990,first_a_sqs_sent_timestamp,4206,20,ok,
low-concurrency-20260711T195542.986124768Z,baseline-c20,2026-07-11T19:59:54.617Z,1783799994617,137952,first_a_sqs_sent_timestamp,4144,17,ok,
low-concurrency-20260711T195542.986124768Z,fair-c20,2026-07-11T19:59:54.653Z,1783799994653,138000,first_a_sqs_sent_timestamp,4156,13,ok,
low-concurrency-20260711T195542.986124768Z,baseline-c20,2026-07-11T19:59:55.613Z,1783799995613,138948,first_a_sqs_sent_timestamp,4164,21,ok,
low-concurrency-20260711T195542.986124768Z,fair-c20,2026-07-11T19:59:55.649Z,1783799995649,138996,first_a_sqs_sent_timestamp,4167,19,ok,
low-concurrency-20260711T195542.986124768Z,baseline-c20,2026-07-11T19:59:56.611Z,1783799996611,139946,first_a_sqs_sent_timestamp,4166,22,ok,
low-concurrency-20260711T195542.986124768Z,fair-c20,2026-07-11T19:59:56.644Z,1783799996644,139991,first_a_sqs_sent_timestamp,4168,15,ok,
low-concurrency-20260711T195542.986124768Z,baseline-c20,2026-07-11T19:59:57.611Z,1783799997611,140946,first_a_sqs_sent_timestamp,4144,25,ok,
low-concurrency-20260711T195542.986124768Z,fair-c20,2026-07-11T19:59:57.643Z,1783799997643,140990,first_a_sqs_sent_timestamp,4123,16,ok,
low-concurrency-20260711T195542.986124768Z,baseline-c20,2026-07-11T19:59:58.61Z,1783799998610,141945,first_a_sqs_sent_timestamp,4135,21,ok,
low-concurrency-20260711T195542.986124768Z,fair-c20,2026-07-11T19:59:58.638Z,1783799998638,141985,first_a_sqs_sent_timestamp,4098,16,ok,
low-concurrency-20260711T195542.986124768Z,baseline-c20,2026-07-11T19:59:59.609Z,1783799999609,142944,first_a_sqs_sent_timestamp,4185,15,ok,
low-concurrency-20260711T195542.986124768Z,fair-c20,2026-07-11T19:59:59.637Z,1783799999637,142984,first_a_sqs_sent_timestamp,4116,17,ok,
low-concurrency-20260711T195542.986124768Z,baseline-c20,2026-07-11T20:00:00.609Z,1783800000609,143944,first_a_sqs_sent_timestamp,4109,22,ok,
low-concurrency-20260711T195542.986124768Z,fair-c20,2026-07-11T20:00:00.634Z,1783800000634,143981,first_a_sqs_sent_timestamp,4106,13,ok,
low-concurrency-20260711T195542.986124768Z,baseline-c20,2026-07-11T20:00:01.612Z,1783800001612,144947,first_a_sqs_sent_timestamp,4141,18,ok,
low-concurrency-20260711T195542.986124768Z,fair-c20,2026-07-11T20:00:01.655Z,1783800001655,145002,first_a_sqs_sent_timestamp,4109,11,ok,
low-concurrency-20260711T195542.986124768Z,baseline-c20,2026-07-11T20:00:02.609Z,1783800002609,145944,first_a_sqs_sent_timestamp,4128,12,ok,
low-concurrency-20260711T195542.986124768Z,fair-c20,2026-07-11T20:00:02.639Z,1783800002639,145986,first_a_sqs_sent_timestamp,4147,17,ok,
low-concurrency-20260711T195542.986124768Z,baseline-c20,2026-07-11T20:00:03.609Z,1783800003609,146944,first_a_sqs_sent_timestamp,4094,13,ok,
low-concurrency-20260711T195542.986124768Z,fair-c20,2026-07-11T20:00:03.642Z,1783800003642,146989,first_a_sqs_sent_timestamp,4070,15,ok,
low-concurrency-20260711T195542.986124768Z,baseline-c20,2026-07-11T20:00:04.609Z,1783800004609,147944,first_a_sqs_sent_timestamp,4109,18,ok,
low-concurrency-20260711T195542.986124768Z,fair-c20,2026-07-11T20:00:04.641Z,1783800004641,147988,first_a_sqs_sent_timestamp,4102,14,ok,
low-concurrency-20260711T195542.986124768Z,baseline-c20,2026-07-11T20:00:05.611Z,1783800005611,148946,first_a_sqs_sent_timestamp,4133,15,ok,
low-concurrency-20260711T195542.986124768Z,fair-c20,2026-07-11T20:00:05.64Z,1783800005640,148987,first_a_sqs_sent_timestamp,4076,16,ok,
low-concurrency-20260711T195542.986124768Z,baseline-c20,2026-07-11T20:00:06.612Z,1783800006612,149947,first_a_sqs_sent_timestamp,4122,15,ok,
low-concurrency-20260711T195542.986124768Z,fair-c20,2026-07-11T20:00:06.645Z,1783800006645,149992,first_a_sqs_sent_timestamp,4052,19,ok,
low-concurrency-20260711T195542.986124768Z,baseline-c20,2026-07-11T20:00:07.609Z,1783800007609,150944,first_a_sqs_sent_timestamp,4071,15,ok,
low-concurrency-20260711T195542.986124768Z,fair-c20,2026-07-11T20:00:07.643Z,1783800007643,150990,first_a_sqs_sent_timestamp,4142,18,ok,
low-concurrency-20260711T195542.986124768Z,baseline-c20,2026-07-11T20:00:08.61Z,1783800008610,151945,first_a_sqs_sent_timestamp,4096,16,ok,
low-concurrency-20260711T195542.986124768Z,fair-c20,2026-07-11T20:00:08.643Z,1783800008643,151990,first_a_sqs_sent_timestamp,4079,19,ok,
low-concurrency-20260711T195542.986124768Z,baseline-c20,2026-07-11T20:00:09.611Z,1783800009611,152946,first_a_sqs_sent_timestamp,4119,17,ok,
low-concurrency-20260711T195542.986124768Z,fair-c20,2026-07-11T20:00:09.643Z,1783800009643,152990,first_a_sqs_sent_timestamp,4055,18,ok,
low-concurrency-20260711T195542.986124768Z,baseline-c20,2026-07-11T20:00:10.61Z,1783800010610,153945,first_a_sqs_sent_timestamp,4066,19,ok,
low-concurrency-20260711T195542.986124768Z,fair-c20,2026-07-11T20:00:10.644Z,1783800010644,153991,first_a_sqs_sent_timestamp,4022,16,ok,
low-concurrency-20260711T195542.986124768Z,baseline-c20,2026-07-11T20:00:11.61Z,1783800011610,154945,first_a_sqs_sent_timestamp,4065,11,ok,
low-concurrency-20260711T195542.986124768Z,fair-c20,2026-07-11T20:00:11.638Z,1783800011638,154985,first_a_sqs_sent_timestamp,4086,19,ok,
low-concurrency-20260711T195542.986124768Z,baseline-c20,2026-07-11T20:00:12.61Z,1783800012610,155945,first_a_sqs_sent_timestamp,4047,20,ok,
low-concurrency-20260711T195542.986124768Z,fair-c20,2026-07-11T20:00:12.641Z,1783800012641,155988,first_a_sqs_sent_timestamp,4022,16,ok,
low-concurrency-20260711T195542.986124768Z,baseline-c20,2026-07-11T20:00:13.61Z,1783800013610,156945,first_a_sqs_sent_timestamp,4035,17,ok,
low-concurrency-20260711T195542.986124768Z,fair-c20,2026-07-11T20:00:13.641Z,1783800013641,156988,first_a_sqs_sent_timestamp,4027,17,ok,
low-concurrency-20260711T195542.986124768Z,baseline-c20,2026-07-11T20:00:14.611Z,1783800014611,157946,first_a_sqs_sent_timestamp,4032,19,ok,
low-concurrency-20260711T195542.986124768Z,fair-c20,2026-07-11T20:00:14.642Z,1783800014642,157989,first_a_sqs_sent_timestamp,3999,16,ok,
low-concurrency-20260711T195542.986124768Z,baseline-c20,2026-07-11T20:00:15.611Z,1783800015611,158946,first_a_sqs_sent_timestamp,4035,12,ok,
low-concurrency-20260711T195542.986124768Z,fair-c20,2026-07-11T20:00:15.639Z,1783800015639,158986,first_a_sqs_sent_timestamp,4029,16,ok,
low-concurrency-20260711T195542.986124768Z,baseline-c20,2026-07-11T20:00:16.61Z,1783800016610,159945,first_a_sqs_sent_timestamp,4061,13,ok,
low-concurrency-20260711T195542.986124768Z,fair-c20,2026-07-11T20:00:16.642Z,1783800016642,159989,first_a_sqs_sent_timestamp,4017,16,ok,
low-concurrency-20260711T195542.986124768Z,baseline-c20,2026-07-11T20:00:17.61Z,1783800017610,160945,first_a_sqs_sent_timestamp,4043,18,ok,
low-concurrency-20260711T195542.986124768Z,fair-c20,2026-07-11T20:00:17.641Z,1783800017641,160988,first_a_sqs_sent_timestamp,4007,17,ok,
low-concurrency-20260711T195542.986124768Z,baseline-c20,2026-07-11T20:00:18.608Z,1783800018608,161943,first_a_sqs_sent_timestamp,4015,17,ok,
low-concurrency-20260711T195542.986124768Z,fair-c20,2026-07-11T20:00:18.642Z,1783800018642,161989,first_a_sqs_sent_timestamp,4078,17,ok,
low-concurrency-20260711T195542.986124768Z,baseline-c20,2026-07-11T20:00:19.608Z,1783800019608,162943,first_a_sqs_sent_timestamp,3990,14,ok,
low-concurrency-20260711T195542.986124768Z,fair-c20,2026-07-11T20:00:19.637Z,1783800019637,162984,first_a_sqs_sent_timestamp,3983,20,ok,
low-concurrency-20260711T195542.986124768Z,baseline-c20,2026-07-11T20:00:20.608Z,1783800020608,163943,first_a_sqs_sent_timestamp,4027,19,ok,
low-concurrency-20260711T195542.986124768Z,fair-c20,2026-07-11T20:00:20.637Z,1783800020637,163984,first_a_sqs_sent_timestamp,4025,17,ok,
low-concurrency-20260711T195542.986124768Z,baseline-c20,2026-07-11T20:00:21.609Z,1783800021609,164944,first_a_sqs_sent_timestamp,4035,15,ok,
low-concurrency-20260711T195542.986124768Z,fair-c20,2026-07-11T20:00:21.643Z,1783800021643,164990,first_a_sqs_sent_timestamp,3961,17,ok,
low-concurrency-20260711T195542.986124768Z,baseline-c20,2026-07-11T20:00:22.609Z,1783800022609,165944,first_a_sqs_sent_timestamp,3986,13,ok,
low-concurrency-20260711T195542.986124768Z,fair-c20,2026-07-11T20:00:22.637Z,1783800022637,165984,first_a_sqs_sent_timestamp,3979,15,ok,
low-concurrency-20260711T195542.986124768Z,baseline-c20,2026-07-11T20:00:23.609Z,1783800023609,166944,first_a_sqs_sent_timestamp,3990,14,ok,
low-concurrency-20260711T195542.986124768Z,fair-c20,2026-07-11T20:00:23.639Z,1783800023639,166986,first_a_sqs_sent_timestamp,3970,17,ok,
low-concurrency-20260711T195542.986124768Z,baseline-c20,2026-07-11T20:00:24.613Z,1783800024613,167948,first_a_sqs_sent_timestamp,4010,14,ok,
low-concurrency-20260711T195542.986124768Z,fair-c20,2026-07-11T20:00:24.644Z,1783800024644,167991,first_a_sqs_sent_timestamp,3959,17,ok,
low-concurrency-20260711T195542.986124768Z,baseline-c20,2026-07-11T20:00:25.61Z,1783800025610,168945,first_a_sqs_sent_timestamp,3947,21,ok,
low-concurrency-20260711T195542.986124768Z,fair-c20,2026-07-11T20:00:25.641Z,1783800025641,168988,first_a_sqs_sent_timestamp,4016,12,ok,
low-concurrency-20260711T195542.986124768Z,baseline-c20,2026-07-11T20:00:26.608Z,1783800026608,169943,first_a_sqs_sent_timestamp,3969,15,ok,
low-concurrency-20260711T195542.986124768Z,fair-c20,2026-07-11T20:00:26.635Z,1783800026635,169982,first_a_sqs_sent_timestamp,3933,16,ok,
low-concurrency-20260711T195542.986124768Z,baseline-c20,2026-07-11T20:00:27.611Z,1783800027611,170946,first_a_sqs_sent_timestamp,3966,17,ok,
low-concurrency-20260711T195542.986124768Z,fair-c20,2026-07-11T20:00:27.644Z,1783800027644,170991,first_a_sqs_sent_timestamp,3925,20,ok,
low-concurrency-20260711T195542.986124768Z,baseline-c20,2026-07-11T20:00:28.61Z,1783800028610,171945,first_a_sqs_sent_timestamp,3953,17,ok,
low-concurrency-20260711T195542.986124768Z,fair-c20,2026-07-11T20:00:28.641Z,1783800028641,171988,first_a_sqs_sent_timestamp,3925,19,ok,
low-concurrency-20260711T195542.986124768Z,baseline-c20,2026-07-11T20:00:29.609Z,1783800029609,172944,first_a_sqs_sent_timestamp,3921,19,ok,
low-concurrency-20260711T195542.986124768Z,fair-c20,2026-07-11T20:00:29.636Z,1783800029636,172983,first_a_sqs_sent_timestamp,3953,14,ok,
low-concurrency-20260711T195542.986124768Z,baseline-c20,2026-07-11T20:00:30.607Z,1783800030607,173942,first_a_sqs_sent_timestamp,3975,12,ok,
low-concurrency-20260711T195542.986124768Z,fair-c20,2026-07-11T20:00:30.634Z,1783800030634,173981,first_a_sqs_sent_timestamp,3938,19,ok,
low-concurrency-20260711T195542.986124768Z,baseline-c20,2026-07-11T20:00:31.607Z,1783800031607,174942,first_a_sqs_sent_timestamp,3921,19,ok,
low-concurrency-20260711T195542.986124768Z,fair-c20,2026-07-11T20:00:31.638Z,1783800031638,174985,first_a_sqs_sent_timestamp,3917,23,ok,
low-concurrency-20260711T195542.986124768Z,baseline-c20,2026-07-11T20:00:32.608Z,1783800032608,175943,first_a_sqs_sent_timestamp,3935,14,ok,
low-concurrency-20260711T195542.986124768Z,fair-c20,2026-07-11T20:00:32.637Z,1783800032637,175984,first_a_sqs_sent_timestamp,3899,13,ok,
low-concurrency-20260711T195542.986124768Z,baseline-c20,2026-07-11T20:00:33.61Z,1783800033610,176945,first_a_sqs_sent_timestamp,3916,17,ok,
low-concurrency-20260711T195542.986124768Z,fair-c20,2026-07-11T20:00:33.641Z,1783800033641,176988,first_a_sqs_sent_timestamp,3934,13,ok,
low-concurrency-20260711T195542.986124768Z,baseline-c20,2026-07-11T20:00:34.607Z,1783800034607,177942,first_a_sqs_sent_timestamp,3891,16,ok,
low-concurrency-20260711T195542.986124768Z,fair-c20,2026-07-11T20:00:34.638Z,1783800034638,177985,first_a_sqs_sent_timestamp,3904,17,ok,
low-concurrency-20260711T195542.986124768Z,baseline-c20,2026-07-11T20:00:35.608Z,1783800035608,178943,first_a_sqs_sent_timestamp,3958,16,ok,
low-concurrency-20260711T195542.986124768Z,fair-c20,2026-07-11T20:00:35.637Z,1783800035637,178984,first_a_sqs_sent_timestamp,3872,22,ok,
low-concurrency-20260711T195542.986124768Z,baseline-c20,2026-07-11T20:00:36.608Z,1783800036608,179943,first_a_sqs_sent_timestamp,4046,21,ok,
low-concurrency-20260711T195542.986124768Z,fair-c20,2026-07-11T20:00:36.634Z,1783800036634,179981,first_a_sqs_sent_timestamp,3860,17,ok,
low-concurrency-20260711T195542.986124768Z,baseline-c20,2026-07-11T20:00:37.609Z,1783800037609,180944,first_a_sqs_sent_timestamp,3893,16,ok,
low-concurrency-20260711T195542.986124768Z,fair-c20,2026-07-11T20:00:37.637Z,1783800037637,180984,first_a_sqs_sent_timestamp,3865,12,ok,
low-concurrency-20260711T195542.986124768Z,baseline-c20,2026-07-11T20:00:38.61Z,1783800038610,181945,first_a_sqs_sent_timestamp,3934,13,ok,
low-concurrency-20260711T195542.986124768Z,fair-c20,2026-07-11T20:00:38.642Z,1783800038642,181989,first_a_sqs_sent_timestamp,3865,17,ok,
low-concurrency-20260711T195542.986124768Z,baseline-c20,2026-07-11T20:00:39.609Z,1783800039609,182944,first_a_sqs_sent_timestamp,3861,22,ok,
low-concurrency-20260711T195542.986124768Z,fair-c20,2026-07-11T20:00:39.641Z,1783800039641,182988,first_a_sqs_sent_timestamp,3886,20,ok,
low-concurrency-20260711T195542.986124768Z,baseline-c20,2026-07-11T20:00:40.608Z,1783800040608,183943,first_a_sqs_sent_timestamp,3875,14,ok,
low-concurrency-20260711T195542.986124768Z,fair-c20,2026-07-11T20:00:40.65Z,1783800040650,183997,first_a_sqs_sent_timestamp,3828,16,ok,
low-concurrency-20260711T195542.986124768Z,baseline-c20,2026-07-11T20:00:41.611Z,1783800041611,184946,first_a_sqs_sent_timestamp,3891,17,ok,
low-concurrency-20260711T195542.986124768Z,fair-c20,2026-07-11T20:00:41.647Z,1783800041647,184994,first_a_sqs_sent_timestamp,3872,14,ok,
low-concurrency-20260711T195542.986124768Z,baseline-c20,2026-07-11T20:00:42.608Z,1783800042608,185943,first_a_sqs_sent_timestamp,3893,18,ok,
low-concurrency-20260711T195542.986124768Z,fair-c20,2026-07-11T20:00:42.639Z,1783800042639,185986,first_a_sqs_sent_timestamp,3889,12,ok,
low-concurrency-20260711T195542.986124768Z,baseline-c20,2026-07-11T20:00:43.607Z,1783800043607,186942,first_a_sqs_sent_timestamp,3838,18,ok,
low-concurrency-20260711T195542.986124768Z,fair-c20,2026-07-11T20:00:43.644Z,1783800043644,186991,first_a_sqs_sent_timestamp,3851,17,ok,
low-concurrency-20260711T195542.986124768Z,baseline-c20,2026-07-11T20:00:44.608Z,1783800044608,187943,first_a_sqs_sent_timestamp,3861,9,ok,
low-concurrency-20260711T195542.986124768Z,fair-c20,2026-07-11T20:00:44.635Z,1783800044635,187982,first_a_sqs_sent_timestamp,3824,15,ok,
low-concurrency-20260711T195542.986124768Z,baseline-c20,2026-07-11T20:00:45.607Z,1783800045607,188942,first_a_sqs_sent_timestamp,3870,14,ok,
low-concurrency-20260711T195542.986124768Z,fair-c20,2026-07-11T20:00:45.643Z,1783800045643,188990,first_a_sqs_sent_timestamp,3845,17,ok,
low-concurrency-20260711T195542.986124768Z,baseline-c20,2026-07-11T20:00:46.612Z,1783800046612,189947,first_a_sqs_sent_timestamp,3852,16,ok,
low-concurrency-20260711T195542.986124768Z,fair-c20,2026-07-11T20:00:46.643Z,1783800046643,189990,first_a_sqs_sent_timestamp,3854,14,ok,
low-concurrency-20260711T195542.986124768Z,baseline-c20,2026-07-11T20:00:47.608Z,1783800047608,190943,first_a_sqs_sent_timestamp,3819,17,ok,
low-concurrency-20260711T195542.986124768Z,fair-c20,2026-07-11T20:00:47.635Z,1783800047635,190982,first_a_sqs_sent_timestamp,3882,22,ok,
low-concurrency-20260711T195542.986124768Z,baseline-c20,2026-07-11T20:00:48.61Z,1783800048610,191945,first_a_sqs_sent_timestamp,3848,14,ok,
low-concurrency-20260711T195542.986124768Z,fair-c20,2026-07-11T20:00:48.647Z,1783800048647,191994,first_a_sqs_sent_timestamp,3798,17,ok,
low-concurrency-20260711T195542.986124768Z,baseline-c20,2026-07-11T20:00:49.61Z,1783800049610,192945,first_a_sqs_sent_timestamp,3841,19,ok,
low-concurrency-20260711T195542.986124768Z,fair-c20,2026-07-11T20:00:49.642Z,1783800049642,192989,first_a_sqs_sent_timestamp,3793,19,ok,
low-concurrency-20260711T195542.986124768Z,baseline-c20,2026-07-11T20:00:50.609Z,1783800050609,193944,first_a_sqs_sent_timestamp,3834,14,ok,
low-concurrency-20260711T195542.986124768Z,fair-c20,2026-07-11T20:00:50.637Z,1783800050637,193984,first_a_sqs_sent_timestamp,3772,17,ok,
low-concurrency-20260711T195542.986124768Z,baseline-c20,2026-07-11T20:00:51.608Z,1783800051608,194943,first_a_sqs_sent_timestamp,3796,24,ok,
low-concurrency-20260711T195542.986124768Z,fair-c20,2026-07-11T20:00:51.636Z,1783800051636,194983,first_a_sqs_sent_timestamp,3799,17,ok,
low-concurrency-20260711T195542.986124768Z,baseline-c20,2026-07-11T20:00:52.607Z,1783800052607,195942,first_a_sqs_sent_timestamp,3795,14,ok,
low-concurrency-20260711T195542.986124768Z,fair-c20,2026-07-11T20:00:52.64Z,1783800052640,195987,first_a_sqs_sent_timestamp,3782,14,ok,
low-concurrency-20260711T195542.986124768Z,baseline-c20,2026-07-11T20:00:53.608Z,1783800053608,196943,first_a_sqs_sent_timestamp,3800,18,ok,
low-concurrency-20260711T195542.986124768Z,fair-c20,2026-07-11T20:00:53.634Z,1783800053634,196981,first_a_sqs_sent_timestamp,3753,19,ok,
low-concurrency-20260711T195542.986124768Z,baseline-c20,2026-07-11T20:00:54.61Z,1783800054610,197945,first_a_sqs_sent_timestamp,3793,23,ok,
low-concurrency-20260711T195542.986124768Z,fair-c20,2026-07-11T20:00:54.637Z,1783800054637,197984,first_a_sqs_sent_timestamp,3767,20,ok,
low-concurrency-20260711T195542.986124768Z,baseline-c20,2026-07-11T20:00:55.608Z,1783800055608,198943,first_a_sqs_sent_timestamp,3809,13,ok,
low-concurrency-20260711T195542.986124768Z,fair-c20,2026-07-11T20:00:55.635Z,1783800055635,198982,first_a_sqs_sent_timestamp,3763,21,ok,
low-concurrency-20260711T195542.986124768Z,baseline-c20,2026-07-11T20:00:56.609Z,1783800056609,199944,first_a_sqs_sent_timestamp,3796,22,ok,
low-concurrency-20260711T195542.986124768Z,fair-c20,2026-07-11T20:00:56.636Z,1783800056636,199983,first_a_sqs_sent_timestamp,3733,14,ok,
low-concurrency-20260711T195542.986124768Z,baseline-c20,2026-07-11T20:00:57.611Z,1783800057611,200946,first_a_sqs_sent_timestamp,3794,16,ok,
low-concurrency-20260711T195542.986124768Z,fair-c20,2026-07-11T20:00:57.641Z,1783800057641,200988,first_a_sqs_sent_timestamp,3758,19,ok,
low-concurrency-20260711T195542.986124768Z,baseline-c20,2026-07-11T20:00:58.614Z,1783800058614,201949,first_a_sqs_sent_timestamp,3819,20,ok,
low-concurrency-20260711T195542.986124768Z,fair-c20,2026-07-11T20:00:58.643Z,1783800058643,201990,first_a_sqs_sent_timestamp,3756,16,ok,
low-concurrency-20260711T195542.986124768Z,baseline-c20,2026-07-11T20:00:59.613Z,1783800059613,202948,first_a_sqs_sent_timestamp,3778,6,ok,
low-concurrency-20260711T195542.986124768Z,fair-c20,2026-07-11T20:00:59.644Z,1783800059644,202991,first_a_sqs_sent_timestamp,3707,19,ok,
low-concurrency-20260711T195542.986124768Z,baseline-c20,2026-07-11T20:01:00.609Z,1783800060609,203944,first_a_sqs_sent_timestamp,3731,15,ok,
low-concurrency-20260711T195542.986124768Z,fair-c20,2026-07-11T20:01:00.636Z,1783800060636,203983,first_a_sqs_sent_timestamp,3740,20,ok,
low-concurrency-20260711T195542.986124768Z,baseline-c20,2026-07-11T20:01:01.611Z,1783800061611,204946,first_a_sqs_sent_timestamp,3748,19,ok,
low-concurrency-20260711T195542.986124768Z,fair-c20,2026-07-11T20:01:01.64Z,1783800061640,204987,first_a_sqs_sent_timestamp,3707,19,ok,
low-concurrency-20260711T195542.986124768Z,baseline-c20,2026-07-11T20:01:02.611Z,1783800062611,205946,first_a_sqs_sent_timestamp,3745,19,ok,
low-concurrency-20260711T195542.986124768Z,fair-c20,2026-07-11T20:01:02.639Z,1783800062639,205986,first_a_sqs_sent_timestamp,3752,17,ok,
low-concurrency-20260711T195542.986124768Z,baseline-c20,2026-07-11T20:01:03.609Z,1783800063609,206944,first_a_sqs_sent_timestamp,3745,14,ok,
low-concurrency-20260711T195542.986124768Z,fair-c20,2026-07-11T20:01:03.639Z,1783800063639,206986,first_a_sqs_sent_timestamp,3694,17,ok,
low-concurrency-20260711T195542.986124768Z,baseline-c20,2026-07-11T20:01:04.609Z,1783800064609,207944,first_a_sqs_sent_timestamp,3716,14,ok,
low-concurrency-20260711T195542.986124768Z,fair-c20,2026-07-11T20:01:04.658Z,1783800064658,208005,first_a_sqs_sent_timestamp,3696,15,ok,
low-concurrency-20260711T195542.986124768Z,baseline-c20,2026-07-11T20:01:05.615Z,1783800065615,208950,first_a_sqs_sent_timestamp,3714,13,ok,
low-concurrency-20260711T195542.986124768Z,fair-c20,2026-07-11T20:01:05.65Z,1783800065650,208997,first_a_sqs_sent_timestamp,3685,22,ok,
low-concurrency-20260711T195542.986124768Z,baseline-c20,2026-07-11T20:01:06.608Z,1783800066608,209943,first_a_sqs_sent_timestamp,3709,14,ok,
low-concurrency-20260711T195542.986124768Z,fair-c20,2026-07-11T20:01:06.642Z,1783800066642,209989,first_a_sqs_sent_timestamp,3730,17,ok,
low-concurrency-20260711T195542.986124768Z,baseline-c20,2026-07-11T20:01:07.608Z,1783800067608,210943,first_a_sqs_sent_timestamp,3739,19,ok,
low-concurrency-20260711T195542.986124768Z,fair-c20,2026-07-11T20:01:07.636Z,1783800067636,210983,first_a_sqs_sent_timestamp,3696,16,ok,
low-concurrency-20260711T195542.986124768Z,baseline-c20,2026-07-11T20:01:08.608Z,1783800068608,211943,first_a_sqs_sent_timestamp,3733,20,ok,
low-concurrency-20260711T195542.986124768Z,fair-c20,2026-07-11T20:01:08.638Z,1783800068638,211985,first_a_sqs_sent_timestamp,3654,21,ok,
low-concurrency-20260711T195542.986124768Z,baseline-c20,2026-07-11T20:01:09.611Z,1783800069611,212946,first_a_sqs_sent_timestamp,3700,15,ok,
low-concurrency-20260711T195542.986124768Z,fair-c20,2026-07-11T20:01:09.643Z,1783800069643,212990,first_a_sqs_sent_timestamp,3700,19,ok,
low-concurrency-20260711T195542.986124768Z,baseline-c20,2026-07-11T20:01:10.61Z,1783800070610,213945,first_a_sqs_sent_timestamp,3737,14,ok,
low-concurrency-20260711T195542.986124768Z,fair-c20,2026-07-11T20:01:10.638Z,1783800070638,213985,first_a_sqs_sent_timestamp,3644,17,ok,
low-concurrency-20260711T195542.986124768Z,baseline-c20,2026-07-11T20:01:11.609Z,1783800071609,214944,first_a_sqs_sent_timestamp,3662,19,ok,
low-concurrency-20260711T195542.986124768Z,fair-c20,2026-07-11T20:01:11.643Z,1783800071643,214990,first_a_sqs_sent_timestamp,3648,22,ok,
low-concurrency-20260711T195542.986124768Z,baseline-c20,2026-07-11T20:01:12.609Z,1783800072609,215944,first_a_sqs_sent_timestamp,3670,14,ok,
low-concurrency-20260711T195542.986124768Z,fair-c20,2026-07-11T20:01:12.638Z,1783800072638,215985,first_a_sqs_sent_timestamp,3654,21,ok,
low-concurrency-20260711T195542.986124768Z,baseline-c20,2026-07-11T20:01:13.61Z,1783800073610,216945,first_a_sqs_sent_timestamp,3675,14,ok,
low-concurrency-20260711T195542.986124768Z,fair-c20,2026-07-11T20:01:13.643Z,1783800073643,216990,first_a_sqs_sent_timestamp,3656,14,ok,
low-concurrency-20260711T195542.986124768Z,baseline-c20,2026-07-11T20:01:14.611Z,1783800074611,217946,first_a_sqs_sent_timestamp,3695,18,ok,
low-concurrency-20260711T195542.986124768Z,fair-c20,2026-07-11T20:01:14.642Z,1783800074642,217989,first_a_sqs_sent_timestamp,3632,14,ok,
low-concurrency-20260711T195542.986124768Z,baseline-c20,2026-07-11T20:01:15.611Z,1783800075611,218946,first_a_sqs_sent_timestamp,3671,12,ok,
low-concurrency-20260711T195542.986124768Z,fair-c20,2026-07-11T20:01:15.641Z,1783800075641,218988,first_a_sqs_sent_timestamp,3684,19,ok,
low-concurrency-20260711T195542.986124768Z,baseline-c20,2026-07-11T20:01:16.61Z,1783800076610,219945,first_a_sqs_sent_timestamp,3629,16,ok,
low-concurrency-20260711T195542.986124768Z,fair-c20,2026-07-11T20:01:16.638Z,1783800076638,219985,first_a_sqs_sent_timestamp,3599,17,ok,
low-concurrency-20260711T195542.986124768Z,baseline-c20,2026-07-11T20:01:17.609Z,1783800077609,220944,first_a_sqs_sent_timestamp,3641,24,ok,
low-concurrency-20260711T195542.986124768Z,fair-c20,2026-07-11T20:01:17.642Z,1783800077642,220989,first_a_sqs_sent_timestamp,3605,13,ok,
low-concurrency-20260711T195542.986124768Z,baseline-c20,2026-07-11T20:01:18.61Z,1783800078610,221945,first_a_sqs_sent_timestamp,3658,15,ok,
low-concurrency-20260711T195542.986124768Z,fair-c20,2026-07-11T20:01:18.636Z,1783800078636,221983,first_a_sqs_sent_timestamp,3599,16,ok,
low-concurrency-20260711T195542.986124768Z,baseline-c20,2026-07-11T20:01:19.607Z,1783800079607,222942,first_a_sqs_sent_timestamp,3637,19,ok,
low-concurrency-20260711T195542.986124768Z,fair-c20,2026-07-11T20:01:19.635Z,1783800079635,222982,first_a_sqs_sent_timestamp,3597,15,ok,
low-concurrency-20260711T195542.986124768Z,baseline-c20,2026-07-11T20:01:20.609Z,1783800080609,223944,first_a_sqs_sent_timestamp,3677,16,ok,
low-concurrency-20260711T195542.986124768Z,fair-c20,2026-07-11T20:01:20.642Z,1783800080642,223989,first_a_sqs_sent_timestamp,3572,16,ok,
low-concurrency-20260711T195542.986124768Z,baseline-c20,2026-07-11T20:01:21.611Z,1783800081611,224946,first_a_sqs_sent_timestamp,3625,16,ok,
low-concurrency-20260711T195542.986124768Z,fair-c20,2026-07-11T20:01:21.644Z,1783800081644,224991,first_a_sqs_sent_timestamp,3634,17,ok,
low-concurrency-20260711T195542.986124768Z,baseline-c20,2026-07-11T20:01:22.613Z,1783800082613,225948,first_a_sqs_sent_timestamp,3616,24,ok,
low-concurrency-20260711T195542.986124768Z,fair-c20,2026-07-11T20:01:22.647Z,1783800082647,225994,first_a_sqs_sent_timestamp,3618,19,ok,
low-concurrency-20260711T195542.986124768Z,baseline-c20,2026-07-11T20:01:23.612Z,1783800083612,226947,first_a_sqs_sent_timestamp,3616,13,ok,
low-concurrency-20260711T195542.986124768Z,fair-c20,2026-07-11T20:01:23.644Z,1783800083644,226991,first_a_sqs_sent_timestamp,3592,16,ok,
low-concurrency-20260711T195542.986124768Z,baseline-c20,2026-07-11T20:01:24.609Z,1783800084609,227944,first_a_sqs_sent_timestamp,3589,23,ok,
low-concurrency-20260711T195542.986124768Z,fair-c20,2026-07-11T20:01:24.642Z,1783800084642,227989,first_a_sqs_sent_timestamp,3570,18,ok,
low-concurrency-20260711T195542.986124768Z,baseline-c20,2026-07-11T20:01:25.61Z,1783800085610,228945,first_a_sqs_sent_timestamp,3587,13,ok,
low-concurrency-20260711T195542.986124768Z,fair-c20,2026-07-11T20:01:25.639Z,1783800085639,228986,first_a_sqs_sent_timestamp,3572,19,ok,
low-concurrency-20260711T195542.986124768Z,baseline-c20,2026-07-11T20:01:26.61Z,1783800086610,229945,first_a_sqs_sent_timestamp,3593,13,ok,
low-concurrency-20260711T195542.986124768Z,fair-c20,2026-07-11T20:01:26.645Z,1783800086645,229992,first_a_sqs_sent_timestamp,3536,16,ok,
low-concurrency-20260711T195542.986124768Z,baseline-c20,2026-07-11T20:01:27.61Z,1783800087610,230945,first_a_sqs_sent_timestamp,3585,17,ok,
low-concurrency-20260711T195542.986124768Z,fair-c20,2026-07-11T20:01:27.638Z,1783800087638,230985,first_a_sqs_sent_timestamp,3523,16,ok,
low-concurrency-20260711T195542.986124768Z,baseline-c20,2026-07-11T20:01:28.609Z,1783800088609,231944,first_a_sqs_sent_timestamp,3555,18,ok,
low-concurrency-20260711T195542.986124768Z,fair-c20,2026-07-11T20:01:28.635Z,1783800088635,231982,first_a_sqs_sent_timestamp,3546,20,ok,
low-concurrency-20260711T195542.986124768Z,baseline-c20,2026-07-11T20:01:29.61Z,1783800089610,232945,first_a_sqs_sent_timestamp,3654,23,ok,
low-concurrency-20260711T195542.986124768Z,fair-c20,2026-07-11T20:01:29.642Z,1783800089642,232989,first_a_sqs_sent_timestamp,3515,21,ok,
low-concurrency-20260711T195542.986124768Z,baseline-c20,2026-07-11T20:01:30.61Z,1783800090610,233945,first_a_sqs_sent_timestamp,3585,14,ok,
low-concurrency-20260711T195542.986124768Z,fair-c20,2026-07-11T20:01:30.647Z,1783800090647,233994,first_a_sqs_sent_timestamp,3558,19,ok,
low-concurrency-20260711T195542.986124768Z,baseline-c20,2026-07-11T20:01:31.612Z,1783800091612,234947,first_a_sqs_sent_timestamp,3601,18,ok,
low-concurrency-20260711T195542.986124768Z,fair-c20,2026-07-11T20:01:31.64Z,1783800091640,234987,first_a_sqs_sent_timestamp,3523,18,ok,
low-concurrency-20260711T195542.986124768Z,baseline-c20,2026-07-11T20:01:32.611Z,1783800092611,235946,first_a_sqs_sent_timestamp,3539,21,ok,
low-concurrency-20260711T195542.986124768Z,fair-c20,2026-07-11T20:01:32.643Z,1783800092643,235990,first_a_sqs_sent_timestamp,3524,11,ok,
low-concurrency-20260711T195542.986124768Z,baseline-c20,2026-07-11T20:01:33.612Z,1783800093612,236947,first_a_sqs_sent_timestamp,3553,19,ok,
low-concurrency-20260711T195542.986124768Z,fair-c20,2026-07-11T20:01:33.648Z,1783800093648,236995,first_a_sqs_sent_timestamp,3529,20,ok,
low-concurrency-20260711T195542.986124768Z,baseline-c20,2026-07-11T20:01:34.609Z,1783800094609,237944,first_a_sqs_sent_timestamp,3514,22,ok,
low-concurrency-20260711T195542.986124768Z,fair-c20,2026-07-11T20:01:34.637Z,1783800094637,237984,first_a_sqs_sent_timestamp,3486,16,ok,
low-concurrency-20260711T195542.986124768Z,baseline-c20,2026-07-11T20:01:35.611Z,1783800095611,238946,first_a_sqs_sent_timestamp,3542,20,ok,
low-concurrency-20260711T195542.986124768Z,fair-c20,2026-07-11T20:01:35.64Z,1783800095640,238987,first_a_sqs_sent_timestamp,3493,12,ok,
low-concurrency-20260711T195542.986124768Z,baseline-c20,2026-07-11T20:01:36.609Z,1783800096609,239944,first_a_sqs_sent_timestamp,3551,23,ok,
low-concurrency-20260711T195542.986124768Z,fair-c20,2026-07-11T20:01:36.637Z,1783800096637,239984,first_a_sqs_sent_timestamp,3546,20,ok,
low-concurrency-20260711T195542.986124768Z,baseline-c20,2026-07-11T20:01:37.611Z,1783800097611,240946,first_a_sqs_sent_timestamp,3555,18,ok,
low-concurrency-20260711T195542.986124768Z,fair-c20,2026-07-11T20:01:37.641Z,1783800097641,240988,first_a_sqs_sent_timestamp,3465,19,ok,
low-concurrency-20260711T195542.986124768Z,baseline-c20,2026-07-11T20:01:38.609Z,1783800098609,241944,first_a_sqs_sent_timestamp,3505,16,ok,
low-concurrency-20260711T195542.986124768Z,fair-c20,2026-07-11T20:01:38.637Z,1783800098637,241984,first_a_sqs_sent_timestamp,3483,13,ok,
low-concurrency-20260711T195542.986124768Z,baseline-c20,2026-07-11T20:01:39.611Z,1783800099611,242946,first_a_sqs_sent_timestamp,3498,17,ok,
low-concurrency-20260711T195542.986124768Z,fair-c20,2026-07-11T20:01:39.643Z,1783800099643,242990,first_a_sqs_sent_timestamp,3492,21,ok,
low-concurrency-20260711T195542.986124768Z,baseline-c20,2026-07-11T20:01:40.609Z,1783800100609,243944,first_a_sqs_sent_timestamp,3498,19,ok,
low-concurrency-20260711T195542.986124768Z,fair-c20,2026-07-11T20:01:40.642Z,1783800100642,243989,first_a_sqs_sent_timestamp,3473,16,ok,
low-concurrency-20260711T195542.986124768Z,baseline-c20,2026-07-11T20:01:41.61Z,1783800101610,244945,first_a_sqs_sent_timestamp,3505,19,ok,
low-concurrency-20260711T195542.986124768Z,fair-c20,2026-07-11T20:01:41.639Z,1783800101639,244986,first_a_sqs_sent_timestamp,3459,17,ok,
low-concurrency-20260711T195542.986124768Z,baseline-c20,2026-07-11T20:01:42.609Z,1783800102609,245944,first_a_sqs_sent_timestamp,3510,13,ok,
low-concurrency-20260711T195542.986124768Z,fair-c20,2026-07-11T20:01:42.637Z,1783800102637,245984,first_a_sqs_sent_timestamp,3485,12,ok,
low-concurrency-20260711T195542.986124768Z,baseline-c20,2026-07-11T20:01:43.609Z,1783800103609,246944,first_a_sqs_sent_timestamp,3508,19,ok,
low-concurrency-20260711T195542.986124768Z,fair-c20,2026-07-11T20:01:43.64Z,1783800103640,246987,first_a_sqs_sent_timestamp,3448,16,ok,
low-concurrency-20260711T195542.986124768Z,baseline-c20,2026-07-11T20:01:44.61Z,1783800104610,247945,first_a_sqs_sent_timestamp,3459,18,ok,
low-concurrency-20260711T195542.986124768Z,fair-c20,2026-07-11T20:01:44.638Z,1783800104638,247985,first_a_sqs_sent_timestamp,3509,13,ok,
low-concurrency-20260711T195542.986124768Z,baseline-c20,2026-07-11T20:01:45.607Z,1783800105607,248942,first_a_sqs_sent_timestamp,3465,14,ok,
low-concurrency-20260711T195542.986124768Z,fair-c20,2026-07-11T20:01:45.639Z,1783800105639,248986,first_a_sqs_sent_timestamp,3419,19,ok,
low-concurrency-20260711T195542.986124768Z,baseline-c20,2026-07-11T20:01:46.609Z,1783800106609,249944,first_a_sqs_sent_timestamp,3446,14,ok,
low-concurrency-20260711T195542.986124768Z,fair-c20,2026-07-11T20:01:46.643Z,1783800106643,249990,first_a_sqs_sent_timestamp,3421,11,ok,
low-concurrency-20260711T195542.986124768Z,baseline-c20,2026-07-11T20:01:47.611Z,1783800107611,250946,first_a_sqs_sent_timestamp,3462,13,ok,
low-concurrency-20260711T195542.986124768Z,fair-c20,2026-07-11T20:01:47.642Z,1783800107642,250989,first_a_sqs_sent_timestamp,3431,20,ok,
low-concurrency-20260711T195542.986124768Z,baseline-c20,2026-07-11T20:01:48.61Z,1783800108610,251945,first_a_sqs_sent_timestamp,3437,14,ok,
low-concurrency-20260711T195542.986124768Z,fair-c20,2026-07-11T20:01:48.639Z,1783800108639,251986,first_a_sqs_sent_timestamp,3440,12,ok,
low-concurrency-20260711T195542.986124768Z,baseline-c20,2026-07-11T20:01:49.612Z,1783800109612,252947,first_a_sqs_sent_timestamp,3452,14,ok,
low-concurrency-20260711T195542.986124768Z,fair-c20,2026-07-11T20:01:49.654Z,1783800109654,253001,first_a_sqs_sent_timestamp,3393,12,ok,
low-concurrency-20260711T195542.986124768Z,baseline-c20,2026-07-11T20:01:50.61Z,1783800110610,253945,first_a_sqs_sent_timestamp,3406,19,ok,
low-concurrency-20260711T195542.986124768Z,fair-c20,2026-07-11T20:01:50.642Z,1783800110642,253989,first_a_sqs_sent_timestamp,3406,13,ok,
low-concurrency-20260711T195542.986124768Z,baseline-c20,2026-07-11T20:01:51.61Z,1783800111610,254945,first_a_sqs_sent_timestamp,3479,19,ok,
low-concurrency-20260711T195542.986124768Z,fair-c20,2026-07-11T20:01:51.657Z,1783800111657,255004,first_a_sqs_sent_timestamp,3408,24,ok,
low-concurrency-20260711T195542.986124768Z,baseline-c20,2026-07-11T20:01:52.608Z,1783800112608,255943,first_a_sqs_sent_timestamp,3442,16,ok,
low-concurrency-20260711T195542.986124768Z,fair-c20,2026-07-11T20:01:52.641Z,1783800112641,255988,first_a_sqs_sent_timestamp,3359,20,ok,
low-concurrency-20260711T195542.986124768Z,baseline-c20,2026-07-11T20:01:53.613Z,1783800113613,256948,first_a_sqs_sent_timestamp,3387,19,ok,
low-concurrency-20260711T195542.986124768Z,fair-c20,2026-07-11T20:01:53.661Z,1783800113661,257008,first_a_sqs_sent_timestamp,3388,20,ok,
low-concurrency-20260711T195542.986124768Z,baseline-c20,2026-07-11T20:01:54.61Z,1783800114610,257945,first_a_sqs_sent_timestamp,3512,21,ok,
low-concurrency-20260711T195542.986124768Z,fair-c20,2026-07-11T20:01:54.645Z,1783800114645,257992,first_a_sqs_sent_timestamp,3351,21,ok,
low-concurrency-20260711T195542.986124768Z,baseline-c20,2026-07-11T20:01:55.613Z,1783800115613,258948,first_a_sqs_sent_timestamp,3396,20,ok,
low-concurrency-20260711T195542.986124768Z,fair-c20,2026-07-11T20:01:55.643Z,1783800115643,258990,first_a_sqs_sent_timestamp,3374,16,ok,
low-concurrency-20260711T195542.986124768Z,baseline-c20,2026-07-11T20:01:56.612Z,1783800116612,259947,first_a_sqs_sent_timestamp,3434,15,ok,
low-concurrency-20260711T195542.986124768Z,fair-c20,2026-07-11T20:01:56.644Z,1783800116644,259991,first_a_sqs_sent_timestamp,3345,17,ok,
low-concurrency-20260711T195542.986124768Z,baseline-c20,2026-07-11T20:01:57.611Z,1783800117611,260946,first_a_sqs_sent_timestamp,3400,14,ok,
low-concurrency-20260711T195542.986124768Z,fair-c20,2026-07-11T20:01:57.64Z,1783800117640,260987,first_a_sqs_sent_timestamp,3390,14,ok,
low-concurrency-20260711T195542.986124768Z,baseline-c20,2026-07-11T20:01:58.611Z,1783800118611,261946,first_a_sqs_sent_timestamp,3386,17,ok,
low-concurrency-20260711T195542.986124768Z,fair-c20,2026-07-11T20:01:58.642Z,1783800118642,261989,first_a_sqs_sent_timestamp,3375,15,ok,
low-concurrency-20260711T195542.986124768Z,baseline-c20,2026-07-11T20:01:59.609Z,1783800119609,262944,first_a_sqs_sent_timestamp,3357,19,ok,
low-concurrency-20260711T195542.986124768Z,fair-c20,2026-07-11T20:01:59.639Z,1783800119639,262986,first_a_sqs_sent_timestamp,3355,14,ok,
low-concurrency-20260711T195542.986124768Z,baseline-c20,2026-07-11T20:02:00.611Z,1783800120611,263946,first_a_sqs_sent_timestamp,3398,14,ok,
low-concurrency-20260711T195542.986124768Z,fair-c20,2026-07-11T20:02:00.638Z,1783800120638,263985,first_a_sqs_sent_timestamp,3372,18,ok,
low-concurrency-20260711T195542.986124768Z,baseline-c20,2026-07-11T20:02:01.611Z,1783800121611,264946,first_a_sqs_sent_timestamp,3371,18,ok,
low-concurrency-20260711T195542.986124768Z,fair-c20,2026-07-11T20:02:01.641Z,1783800121641,264988,first_a_sqs_sent_timestamp,3316,16,ok,
low-concurrency-20260711T195542.986124768Z,baseline-c20,2026-07-11T20:02:02.616Z,1783800122616,265951,first_a_sqs_sent_timestamp,3383,16,ok,
low-concurrency-20260711T195542.986124768Z,fair-c20,2026-07-11T20:02:02.649Z,1783800122649,265996,first_a_sqs_sent_timestamp,3323,20,ok,
low-concurrency-20260711T195542.986124768Z,baseline-c20,2026-07-11T20:02:03.613Z,1783800123613,266948,first_a_sqs_sent_timestamp,3359,17,ok,
low-concurrency-20260711T195542.986124768Z,fair-c20,2026-07-11T20:02:03.646Z,1783800123646,266993,first_a_sqs_sent_timestamp,3328,15,ok,
low-concurrency-20260711T195542.986124768Z,baseline-c20,2026-07-11T20:02:04.609Z,1783800124609,267944,first_a_sqs_sent_timestamp,3392,18,ok,
low-concurrency-20260711T195542.986124768Z,fair-c20,2026-07-11T20:02:04.636Z,1783800124636,267983,first_a_sqs_sent_timestamp,3307,17,ok,
low-concurrency-20260711T195542.986124768Z,baseline-c20,2026-07-11T20:02:05.613Z,1783800125613,268948,first_a_sqs_sent_timestamp,3355,16,ok,
low-concurrency-20260711T195542.986124768Z,fair-c20,2026-07-11T20:02:05.659Z,1783800125659,269006,first_a_sqs_sent_timestamp,3341,20,ok,
low-concurrency-20260711T195542.986124768Z,baseline-c20,2026-07-11T20:02:06.611Z,1783800126611,269946,first_a_sqs_sent_timestamp,3324,18,ok,
low-concurrency-20260711T195542.986124768Z,fair-c20,2026-07-11T20:02:06.646Z,1783800126646,269993,first_a_sqs_sent_timestamp,3275,21,ok,
low-concurrency-20260711T195542.986124768Z,baseline-c20,2026-07-11T20:02:07.613Z,1783800127613,270948,first_a_sqs_sent_timestamp,3311,18,ok,
low-concurrency-20260711T195542.986124768Z,fair-c20,2026-07-11T20:02:07.644Z,1783800127644,270991,first_a_sqs_sent_timestamp,3280,14,ok,
low-concurrency-20260711T195542.986124768Z,baseline-c20,2026-07-11T20:02:08.61Z,1783800128610,271945,first_a_sqs_sent_timestamp,3324,16,ok,
low-concurrency-20260711T195542.986124768Z,fair-c20,2026-07-11T20:02:08.638Z,1783800128638,271985,first_a_sqs_sent_timestamp,3280,17,ok,
low-concurrency-20260711T195542.986124768Z,baseline-c20,2026-07-11T20:02:09.611Z,1783800129611,272946,first_a_sqs_sent_timestamp,3329,17,ok,
low-concurrency-20260711T195542.986124768Z,fair-c20,2026-07-11T20:02:09.641Z,1783800129641,272988,first_a_sqs_sent_timestamp,3275,20,ok,
low-concurrency-20260711T195542.986124768Z,baseline-c20,2026-07-11T20:02:10.609Z,1783800130609,273944,first_a_sqs_sent_timestamp,3297,21,ok,
low-concurrency-20260711T195542.986124768Z,fair-c20,2026-07-11T20:02:10.636Z,1783800130636,273983,first_a_sqs_sent_timestamp,3273,16,ok,
low-concurrency-20260711T195542.986124768Z,baseline-c20,2026-07-11T20:02:11.609Z,1783800131609,274944,first_a_sqs_sent_timestamp,3276,18,ok,
low-concurrency-20260711T195542.986124768Z,fair-c20,2026-07-11T20:02:11.638Z,1783800131638,274985,first_a_sqs_sent_timestamp,3256,17,ok,
low-concurrency-20260711T195542.986124768Z,baseline-c20,2026-07-11T20:02:12.61Z,1783800132610,275945,first_a_sqs_sent_timestamp,3326,15,ok,
low-concurrency-20260711T195542.986124768Z,fair-c20,2026-07-11T20:02:12.639Z,1783800132639,275986,first_a_sqs_sent_timestamp,3256,16,ok,
low-concurrency-20260711T195542.986124768Z,baseline-c20,2026-07-11T20:02:13.61Z,1783800133610,276945,first_a_sqs_sent_timestamp,3278,16,ok,
low-concurrency-20260711T195542.986124768Z,fair-c20,2026-07-11T20:02:13.643Z,1783800133643,276990,first_a_sqs_sent_timestamp,3265,14,ok,
low-concurrency-20260711T195542.986124768Z,baseline-c20,2026-07-11T20:02:14.612Z,1783800134612,277947,first_a_sqs_sent_timestamp,3303,15,ok,
low-concurrency-20260711T195542.986124768Z,fair-c20,2026-07-11T20:02:14.647Z,1783800134647,277994,first_a_sqs_sent_timestamp,3262,22,ok,
low-concurrency-20260711T195542.986124768Z,baseline-c20,2026-07-11T20:02:15.61Z,1783800135610,278945,first_a_sqs_sent_timestamp,3263,15,ok,
low-concurrency-20260711T195542.986124768Z,fair-c20,2026-07-11T20:02:15.642Z,1783800135642,278989,first_a_sqs_sent_timestamp,3225,16,ok,
low-concurrency-20260711T195542.986124768Z,baseline-c20,2026-07-11T20:02:16.61Z,1783800136610,279945,first_a_sqs_sent_timestamp,3291,17,ok,
low-concurrency-20260711T195542.986124768Z,fair-c20,2026-07-11T20:02:16.639Z,1783800136639,279986,first_a_sqs_sent_timestamp,3225,16,ok,
low-concurrency-20260711T195542.986124768Z,baseline-c20,2026-07-11T20:02:17.61Z,1783800137610,280945,first_a_sqs_sent_timestamp,3281,15,ok,
low-concurrency-20260711T195542.986124768Z,fair-c20,2026-07-11T20:02:17.643Z,1783800137643,280990,first_a_sqs_sent_timestamp,3234,14,ok,
low-concurrency-20260711T195542.986124768Z,baseline-c20,2026-07-11T20:02:18.609Z,1783800138609,281944,first_a_sqs_sent_timestamp,3294,17,ok,
low-concurrency-20260711T195542.986124768Z,fair-c20,2026-07-11T20:02:18.638Z,1783800138638,281985,first_a_sqs_sent_timestamp,3259,18,ok,
low-concurrency-20260711T195542.986124768Z,baseline-c20,2026-07-11T20:02:19.654Z,1783800139654,282989,first_a_sqs_sent_timestamp,3233,15,ok,
low-concurrency-20260711T195542.986124768Z,fair-c20,2026-07-11T20:02:19.712Z,1783800139712,283059,first_a_sqs_sent_timestamp,3207,19,ok,
low-concurrency-20260711T195542.986124768Z,baseline-c20,2026-07-11T20:02:20.612Z,1783800140612,283947,first_a_sqs_sent_timestamp,3234,15,ok,
low-concurrency-20260711T195542.986124768Z,fair-c20,2026-07-11T20:02:20.644Z,1783800140644,283991,first_a_sqs_sent_timestamp,3238,17,ok,
low-concurrency-20260711T195542.986124768Z,baseline-c20,2026-07-11T20:02:21.611Z,1783800141611,284946,first_a_sqs_sent_timestamp,3238,15,ok,
low-concurrency-20260711T195542.986124768Z,fair-c20,2026-07-11T20:02:21.657Z,1783800141657,285004,first_a_sqs_sent_timestamp,3239,17,ok,
low-concurrency-20260711T195542.986124768Z,baseline-c20,2026-07-11T20:02:22.611Z,1783800142611,285946,first_a_sqs_sent_timestamp,3239,14,ok,
low-concurrency-20260711T195542.986124768Z,fair-c20,2026-07-11T20:02:22.64Z,1783800142640,285987,first_a_sqs_sent_timestamp,3210,14,ok,
low-concurrency-20260711T195542.986124768Z,baseline-c20,2026-07-11T20:02:23.609Z,1783800143609,286944,first_a_sqs_sent_timestamp,3217,16,ok,
low-concurrency-20260711T195542.986124768Z,fair-c20,2026-07-11T20:02:23.637Z,1783800143637,286984,first_a_sqs_sent_timestamp,3249,15,ok,
low-concurrency-20260711T195542.986124768Z,baseline-c20,2026-07-11T20:02:24.611Z,1783800144611,287946,first_a_sqs_sent_timestamp,3221,14,ok,
low-concurrency-20260711T195542.986124768Z,fair-c20,2026-07-11T20:02:24.644Z,1783800144644,287991,first_a_sqs_sent_timestamp,3222,17,ok,
low-concurrency-20260711T195542.986124768Z,baseline-c20,2026-07-11T20:02:25.614Z,1783800145614,288949,first_a_sqs_sent_timestamp,3237,19,ok,
low-concurrency-20260711T195542.986124768Z,fair-c20,2026-07-11T20:02:25.645Z,1783800145645,288992,first_a_sqs_sent_timestamp,3169,13,ok,
low-concurrency-20260711T195542.986124768Z,baseline-c20,2026-07-11T20:02:26.609Z,1783800146609,289944,first_a_sqs_sent_timestamp,3245,14,ok,
low-concurrency-20260711T195542.986124768Z,fair-c20,2026-07-11T20:02:26.643Z,1783800146643,289990,first_a_sqs_sent_timestamp,3178,16,ok,
low-concurrency-20260711T195542.986124768Z,baseline-c20,2026-07-11T20:02:27.61Z,1783800147610,290945,first_a_sqs_sent_timestamp,3204,17,ok,
low-concurrency-20260711T195542.986124768Z,fair-c20,2026-07-11T20:02:27.647Z,1783800147647,290994,first_a_sqs_sent_timestamp,3144,26,ok,
low-concurrency-20260711T195542.986124768Z,baseline-c20,2026-07-11T20:02:28.615Z,1783800148615,291950,first_a_sqs_sent_timestamp,3229,21,ok,
low-concurrency-20260711T195542.986124768Z,fair-c20,2026-07-11T20:02:28.647Z,1783800148647,291994,first_a_sqs_sent_timestamp,3180,14,ok,
low-concurrency-20260711T195542.986124768Z,baseline-c20,2026-07-11T20:02:29.61Z,1783800149610,292945,first_a_sqs_sent_timestamp,3229,18,ok,
low-concurrency-20260711T195542.986124768Z,fair-c20,2026-07-11T20:02:29.645Z,1783800149645,292992,first_a_sqs_sent_timestamp,3210,10,ok,
low-concurrency-20260711T195542.986124768Z,baseline-c20,2026-07-11T20:02:30.61Z,1783800150610,293945,first_a_sqs_sent_timestamp,3187,14,ok,
low-concurrency-20260711T195542.986124768Z,fair-c20,2026-07-11T20:02:30.644Z,1783800150644,293991,first_a_sqs_sent_timestamp,3168,25,ok,
low-concurrency-20260711T195542.986124768Z,baseline-c20,2026-07-11T20:02:31.61Z,1783800151610,294945,first_a_sqs_sent_timestamp,3168,13,ok,
low-concurrency-20260711T195542.986124768Z,fair-c20,2026-07-11T20:02:31.641Z,1783800151641,294988,first_a_sqs_sent_timestamp,3133,23,ok,
low-concurrency-20260711T195542.986124768Z,baseline-c20,2026-07-11T20:02:32.61Z,1783800152610,295945,first_a_sqs_sent_timestamp,3159,10,ok,
low-concurrency-20260711T195542.986124768Z,fair-c20,2026-07-11T20:02:32.64Z,1783800152640,295987,first_a_sqs_sent_timestamp,3135,20,ok,
low-concurrency-20260711T195542.986124768Z,baseline-c20,2026-07-11T20:02:33.611Z,1783800153611,296946,first_a_sqs_sent_timestamp,3160,15,ok,
low-concurrency-20260711T195542.986124768Z,fair-c20,2026-07-11T20:02:33.649Z,1783800153649,296996,first_a_sqs_sent_timestamp,3150,7,ok,
low-concurrency-20260711T195542.986124768Z,baseline-c20,2026-07-11T20:02:34.61Z,1783800154610,297945,first_a_sqs_sent_timestamp,3169,13,ok,
low-concurrency-20260711T195542.986124768Z,fair-c20,2026-07-11T20:02:34.64Z,1783800154640,297987,first_a_sqs_sent_timestamp,3128,25,ok,
low-concurrency-20260711T195542.986124768Z,baseline-c20,2026-07-11T20:02:35.611Z,1783800155611,298946,first_a_sqs_sent_timestamp,3181,18,ok,
low-concurrency-20260711T195542.986124768Z,fair-c20,2026-07-11T20:02:35.673Z,1783800155673,299020,first_a_sqs_sent_timestamp,3102,17,ok,
low-concurrency-20260711T195542.986124768Z,baseline-c20,2026-07-11T20:02:36.61Z,1783800156610,299945,first_a_sqs_sent_timestamp,3126,12,ok,
low-concurrency-20260711T195542.986124768Z,fair-c20,2026-07-11T20:02:36.64Z,1783800156640,299987,first_a_sqs_sent_timestamp,3109,19,ok,
low-concurrency-20260711T195542.986124768Z,baseline-c20,2026-07-11T20:02:37.608Z,1783800157608,300943,first_a_sqs_sent_timestamp,3122,13,ok,
low-concurrency-20260711T195542.986124768Z,fair-c20,2026-07-11T20:02:37.639Z,1783800157639,300986,first_a_sqs_sent_timestamp,3150,16,ok,
low-concurrency-20260711T195542.986124768Z,baseline-c20,2026-07-11T20:02:38.61Z,1783800158610,301945,first_a_sqs_sent_timestamp,3164,13,ok,
low-concurrency-20260711T195542.986124768Z,fair-c20,2026-07-11T20:02:38.639Z,1783800158639,301986,first_a_sqs_sent_timestamp,3128,16,ok,
low-concurrency-20260711T195542.986124768Z,baseline-c20,2026-07-11T20:02:39.61Z,1783800159610,302945,first_a_sqs_sent_timestamp,3124,19,ok,
low-concurrency-20260711T195542.986124768Z,fair-c20,2026-07-11T20:02:39.638Z,1783800159638,302985,first_a_sqs_sent_timestamp,3082,17,ok,
low-concurrency-20260711T195542.986124768Z,baseline-c20,2026-07-11T20:02:40.613Z,1783800160613,303948,first_a_sqs_sent_timestamp,3126,15,ok,
low-concurrency-20260711T195542.986124768Z,fair-c20,2026-07-11T20:02:40.644Z,1783800160644,303991,first_a_sqs_sent_timestamp,3117,18,ok,
low-concurrency-20260711T195542.986124768Z,baseline-c20,2026-07-11T20:02:41.611Z,1783800161611,304946,first_a_sqs_sent_timestamp,3091,18,ok,
low-concurrency-20260711T195542.986124768Z,fair-c20,2026-07-11T20:02:41.641Z,1783800161641,304988,first_a_sqs_sent_timestamp,3088,16,ok,
low-concurrency-20260711T195542.986124768Z,baseline-c20,2026-07-11T20:02:42.61Z,1783800162610,305945,first_a_sqs_sent_timestamp,3115,21,ok,
low-concurrency-20260711T195542.986124768Z,fair-c20,2026-07-11T20:02:42.638Z,1783800162638,305985,first_a_sqs_sent_timestamp,3072,17,ok,
low-concurrency-20260711T195542.986124768Z,baseline-c20,2026-07-11T20:02:43.609Z,1783800163609,306944,first_a_sqs_sent_timestamp,3105,12,ok,
low-concurrency-20260711T195542.986124768Z,fair-c20,2026-07-11T20:02:43.638Z,1783800163638,306985,first_a_sqs_sent_timestamp,3073,20,ok,
low-concurrency-20260711T195542.986124768Z,baseline-c20,2026-07-11T20:02:44.611Z,1783800164611,307946,first_a_sqs_sent_timestamp,3163,16,ok,
low-concurrency-20260711T195542.986124768Z,fair-c20,2026-07-11T20:02:44.641Z,1783800164641,307988,first_a_sqs_sent_timestamp,3077,14,ok,
low-concurrency-20260711T195542.986124768Z,baseline-c20,2026-07-11T20:02:45.611Z,1783800165611,308946,first_a_sqs_sent_timestamp,3087,18,ok,
low-concurrency-20260711T195542.986124768Z,fair-c20,2026-07-11T20:02:45.645Z,1783800165645,308992,first_a_sqs_sent_timestamp,3042,11,ok,
low-concurrency-20260711T195542.986124768Z,baseline-c20,2026-07-11T20:02:46.61Z,1783800166610,309945,first_a_sqs_sent_timestamp,3139,14,ok,
low-concurrency-20260711T195542.986124768Z,fair-c20,2026-07-11T20:02:46.642Z,1783800166642,309989,first_a_sqs_sent_timestamp,3067,18,ok,
low-concurrency-20260711T195542.986124768Z,baseline-c20,2026-07-11T20:02:47.61Z,1783800167610,310945,first_a_sqs_sent_timestamp,3111,16,ok,
low-concurrency-20260711T195542.986124768Z,fair-c20,2026-07-11T20:02:47.642Z,1783800167642,310989,first_a_sqs_sent_timestamp,3034,15,ok,
low-concurrency-20260711T195542.986124768Z,baseline-c20,2026-07-11T20:02:48.609Z,1783800168609,311944,first_a_sqs_sent_timestamp,3113,13,ok,
low-concurrency-20260711T195542.986124768Z,fair-c20,2026-07-11T20:02:48.637Z,1783800168637,311984,first_a_sqs_sent_timestamp,3035,12,ok,
low-concurrency-20260711T195542.986124768Z,baseline-c20,2026-07-11T20:02:49.612Z,1783800169612,312947,first_a_sqs_sent_timestamp,3055,17,ok,
low-concurrency-20260711T195542.986124768Z,fair-c20,2026-07-11T20:02:49.641Z,1783800169641,312988,first_a_sqs_sent_timestamp,3038,17,ok,
low-concurrency-20260711T195542.986124768Z,baseline-c20,2026-07-11T20:02:50.612Z,1783800170612,313947,first_a_sqs_sent_timestamp,3058,14,ok,
low-concurrency-20260711T195542.986124768Z,fair-c20,2026-07-11T20:02:50.645Z,1783800170645,313992,first_a_sqs_sent_timestamp,3053,15,ok,
low-concurrency-20260711T195542.986124768Z,baseline-c20,2026-07-11T20:02:51.613Z,1783800171613,314948,first_a_sqs_sent_timestamp,3055,17,ok,
low-concurrency-20260711T195542.986124768Z,fair-c20,2026-07-11T20:02:51.645Z,1783800171645,314992,first_a_sqs_sent_timestamp,3006,23,ok,
low-concurrency-20260711T195542.986124768Z,baseline-c20,2026-07-11T20:02:52.614Z,1783800172614,315949,first_a_sqs_sent_timestamp,3038,20,ok,
low-concurrency-20260711T195542.986124768Z,fair-c20,2026-07-11T20:02:52.646Z,1783800172646,315993,first_a_sqs_sent_timestamp,3001,22,ok,
low-concurrency-20260711T195542.986124768Z,baseline-c20,2026-07-11T20:02:53.613Z,1783800173613,316948,first_a_sqs_sent_timestamp,3076,15,ok,
low-concurrency-20260711T195542.986124768Z,fair-c20,2026-07-11T20:02:53.644Z,1783800173644,316991,first_a_sqs_sent_timestamp,3080,23,ok,
low-concurrency-20260711T195542.986124768Z,baseline-c20,2026-07-11T20:02:54.61Z,1783800174610,317945,first_a_sqs_sent_timestamp,3027,19,ok,
low-concurrency-20260711T195542.986124768Z,fair-c20,2026-07-11T20:02:54.641Z,1783800174641,317988,first_a_sqs_sent_timestamp,3044,26,ok,
low-concurrency-20260711T195542.986124768Z,baseline-c20,2026-07-11T20:02:55.61Z,1783800175610,318945,first_a_sqs_sent_timestamp,3014,17,ok,
low-concurrency-20260711T195542.986124768Z,fair-c20,2026-07-11T20:02:55.643Z,1783800175643,318990,first_a_sqs_sent_timestamp,2982,20,ok,
low-concurrency-20260711T195542.986124768Z,baseline-c20,2026-07-11T20:02:56.61Z,1783800176610,319945,first_a_sqs_sent_timestamp,3076,16,ok,
low-concurrency-20260711T195542.986124768Z,fair-c20,2026-07-11T20:02:56.643Z,1783800176643,319990,first_a_sqs_sent_timestamp,2979,16,ok,
low-concurrency-20260711T195542.986124768Z,baseline-c20,2026-07-11T20:02:57.611Z,1783800177611,320946,first_a_sqs_sent_timestamp,3005,14,ok,
low-concurrency-20260711T195542.986124768Z,fair-c20,2026-07-11T20:02:57.642Z,1783800177642,320989,first_a_sqs_sent_timestamp,2998,20,ok,
low-concurrency-20260711T195542.986124768Z,baseline-c20,2026-07-11T20:02:58.612Z,1783800178612,321947,first_a_sqs_sent_timestamp,3009,19,ok,
low-concurrency-20260711T195542.986124768Z,fair-c20,2026-07-11T20:02:58.645Z,1783800178645,321992,first_a_sqs_sent_timestamp,2967,16,ok,
low-concurrency-20260711T195542.986124768Z,baseline-c20,2026-07-11T20:02:59.611Z,1783800179611,322946,first_a_sqs_sent_timestamp,3066,21,ok,
low-concurrency-20260711T195542.986124768Z,fair-c20,2026-07-11T20:02:59.642Z,1783800179642,322989,first_a_sqs_sent_timestamp,3002,20,ok,
low-concurrency-20260711T195542.986124768Z,baseline-c20,2026-07-11T20:03:00.61Z,1783800180610,323945,first_a_sqs_sent_timestamp,2991,21,ok,
low-concurrency-20260711T195542.986124768Z,fair-c20,2026-07-11T20:03:00.64Z,1783800180640,323987,first_a_sqs_sent_timestamp,2944,16,ok,
low-concurrency-20260711T195542.986124768Z,baseline-c20,2026-07-11T20:03:01.611Z,1783800181611,324946,first_a_sqs_sent_timestamp,3091,18,ok,
low-concurrency-20260711T195542.986124768Z,fair-c20,2026-07-11T20:03:01.64Z,1783800181640,324987,first_a_sqs_sent_timestamp,3008,16,ok,
low-concurrency-20260711T195542.986124768Z,baseline-c20,2026-07-11T20:03:02.613Z,1783800182613,325948,first_a_sqs_sent_timestamp,2974,18,ok,
low-concurrency-20260711T195542.986124768Z,fair-c20,2026-07-11T20:03:02.643Z,1783800182643,325990,first_a_sqs_sent_timestamp,2961,11,ok,
low-concurrency-20260711T195542.986124768Z,baseline-c20,2026-07-11T20:03:03.611Z,1783800183611,326946,first_a_sqs_sent_timestamp,3004,18,ok,
low-concurrency-20260711T195542.986124768Z,fair-c20,2026-07-11T20:03:03.643Z,1783800183643,326990,first_a_sqs_sent_timestamp,2929,16,ok,
low-concurrency-20260711T195542.986124768Z,baseline-c20,2026-07-11T20:03:04.612Z,1783800184612,327947,first_a_sqs_sent_timestamp,2969,18,ok,
low-concurrency-20260711T195542.986124768Z,fair-c20,2026-07-11T20:03:04.644Z,1783800184644,327991,first_a_sqs_sent_timestamp,2941,14,ok,
low-concurrency-20260711T195542.986124768Z,baseline-c20,2026-07-11T20:03:05.611Z,1783800185611,328946,first_a_sqs_sent_timestamp,2983,15,ok,
low-concurrency-20260711T195542.986124768Z,fair-c20,2026-07-11T20:03:05.643Z,1783800185643,328990,first_a_sqs_sent_timestamp,2984,15,ok,
low-concurrency-20260711T195542.986124768Z,baseline-c20,2026-07-11T20:03:06.611Z,1783800186611,329946,first_a_sqs_sent_timestamp,2986,21,ok,
low-concurrency-20260711T195542.986124768Z,fair-c20,2026-07-11T20:03:06.638Z,1783800186638,329985,first_a_sqs_sent_timestamp,2919,18,ok,
low-concurrency-20260711T195542.986124768Z,baseline-c20,2026-07-11T20:03:07.611Z,1783800187611,330946,first_a_sqs_sent_timestamp,2955,19,ok,
low-concurrency-20260711T195542.986124768Z,fair-c20,2026-07-11T20:03:07.647Z,1783800187647,330994,first_a_sqs_sent_timestamp,2929,16,ok,
low-concurrency-20260711T195542.986124768Z,baseline-c20,2026-07-11T20:03:08.609Z,1783800188609,331944,first_a_sqs_sent_timestamp,2971,13,ok,
low-concurrency-20260711T195542.986124768Z,fair-c20,2026-07-11T20:03:08.64Z,1783800188640,331987,first_a_sqs_sent_timestamp,2907,15,ok,
low-concurrency-20260711T195542.986124768Z,baseline-c20,2026-07-11T20:03:09.609Z,1783800189609,332944,first_a_sqs_sent_timestamp,2942,17,ok,
low-concurrency-20260711T195542.986124768Z,fair-c20,2026-07-11T20:03:09.64Z,1783800189640,332987,first_a_sqs_sent_timestamp,2944,16,ok,
low-concurrency-20260711T195542.986124768Z,baseline-c20,2026-07-11T20:03:10.609Z,1783800190609,333944,first_a_sqs_sent_timestamp,2923,15,ok,
low-concurrency-20260711T195542.986124768Z,fair-c20,2026-07-11T20:03:10.641Z,1783800190641,333988,first_a_sqs_sent_timestamp,2893,14,ok,
low-concurrency-20260711T195542.986124768Z,baseline-c20,2026-07-11T20:03:11.613Z,1783800191613,334948,first_a_sqs_sent_timestamp,2949,12,ok,
low-concurrency-20260711T195542.986124768Z,fair-c20,2026-07-11T20:03:11.641Z,1783800191641,334988,first_a_sqs_sent_timestamp,2910,16,ok,
low-concurrency-20260711T195542.986124768Z,baseline-c20,2026-07-11T20:03:12.612Z,1783800192612,335947,first_a_sqs_sent_timestamp,2943,17,ok,
low-concurrency-20260711T195542.986124768Z,fair-c20,2026-07-11T20:03:12.641Z,1783800192641,335988,first_a_sqs_sent_timestamp,2975,17,ok,
low-concurrency-20260711T195542.986124768Z,baseline-c20,2026-07-11T20:03:13.61Z,1783800193610,336945,first_a_sqs_sent_timestamp,2920,14,ok,
low-concurrency-20260711T195542.986124768Z,fair-c20,2026-07-11T20:03:13.642Z,1783800193642,336989,first_a_sqs_sent_timestamp,2867,19,ok,
low-concurrency-20260711T195542.986124768Z,baseline-c20,2026-07-11T20:03:14.611Z,1783800194611,337946,first_a_sqs_sent_timestamp,2900,19,ok,
low-concurrency-20260711T195542.986124768Z,fair-c20,2026-07-11T20:03:14.641Z,1783800194641,337988,first_a_sqs_sent_timestamp,2891,18,ok,
low-concurrency-20260711T195542.986124768Z,baseline-c20,2026-07-11T20:03:15.61Z,1783800195610,338945,first_a_sqs_sent_timestamp,2921,19,ok,
low-concurrency-20260711T195542.986124768Z,fair-c20,2026-07-11T20:03:15.641Z,1783800195641,338988,first_a_sqs_sent_timestamp,2876,24,ok,
low-concurrency-20260711T195542.986124768Z,baseline-c20,2026-07-11T20:03:16.609Z,1783800196609,339944,first_a_sqs_sent_timestamp,2904,15,ok,
low-concurrency-20260711T195542.986124768Z,fair-c20,2026-07-11T20:03:16.64Z,1783800196640,339987,first_a_sqs_sent_timestamp,2868,18,ok,
low-concurrency-20260711T195542.986124768Z,baseline-c20,2026-07-11T20:03:17.61Z,1783800197610,340945,first_a_sqs_sent_timestamp,2887,12,ok,
low-concurrency-20260711T195542.986124768Z,fair-c20,2026-07-11T20:03:17.639Z,1783800197639,340986,first_a_sqs_sent_timestamp,2888,12,ok,
low-concurrency-20260711T195542.986124768Z,baseline-c20,2026-07-11T20:03:18.609Z,1783800198609,341944,first_a_sqs_sent_timestamp,2911,14,ok,
low-concurrency-20260711T195542.986124768Z,fair-c20,2026-07-11T20:03:18.638Z,1783800198638,341985,first_a_sqs_sent_timestamp,2842,16,ok,
low-concurrency-20260711T195542.986124768Z,baseline-c20,2026-07-11T20:03:19.611Z,1783800199611,342946,first_a_sqs_sent_timestamp,2888,21,ok,
low-concurrency-20260711T195542.986124768Z,fair-c20,2026-07-11T20:03:19.643Z,1783800199643,342990,first_a_sqs_sent_timestamp,2884,16,ok,
low-concurrency-20260711T195542.986124768Z,baseline-c20,2026-07-11T20:03:20.61Z,1783800200610,343945,first_a_sqs_sent_timestamp,2909,13,ok,
low-concurrency-20260711T195542.986124768Z,fair-c20,2026-07-11T20:03:20.643Z,1783800200643,343990,first_a_sqs_sent_timestamp,2853,19,ok,
low-concurrency-20260711T195542.986124768Z,baseline-c20,2026-07-11T20:03:21.608Z,1783800201608,344943,first_a_sqs_sent_timestamp,2851,17,ok,
low-concurrency-20260711T195542.986124768Z,fair-c20,2026-07-11T20:03:21.64Z,1783800201640,344987,first_a_sqs_sent_timestamp,2821,14,ok,
low-concurrency-20260711T195542.986124768Z,baseline-c20,2026-07-11T20:03:22.611Z,1783800202611,345946,first_a_sqs_sent_timestamp,2861,11,ok,
low-concurrency-20260711T195542.986124768Z,fair-c20,2026-07-11T20:03:22.641Z,1783800202641,345988,first_a_sqs_sent_timestamp,2821,21,ok,
low-concurrency-20260711T195542.986124768Z,baseline-c20,2026-07-11T20:03:23.611Z,1783800203611,346946,first_a_sqs_sent_timestamp,2868,17,ok,
low-concurrency-20260711T195542.986124768Z,fair-c20,2026-07-11T20:03:23.642Z,1783800203642,346989,first_a_sqs_sent_timestamp,2815,16,ok,
low-concurrency-20260711T195542.986124768Z,baseline-c20,2026-07-11T20:03:24.611Z,1783800204611,347946,first_a_sqs_sent_timestamp,2841,12,ok,
low-concurrency-20260711T195542.986124768Z,fair-c20,2026-07-11T20:03:24.642Z,1783800204642,347989,first_a_sqs_sent_timestamp,2809,11,ok,
low-concurrency-20260711T195542.986124768Z,baseline-c20,2026-07-11T20:03:25.61Z,1783800205610,348945,first_a_sqs_sent_timestamp,2833,14,ok,
low-concurrency-20260711T195542.986124768Z,fair-c20,2026-07-11T20:03:25.64Z,1783800205640,348987,first_a_sqs_sent_timestamp,2800,17,ok,
low-concurrency-20260711T195542.986124768Z,baseline-c20,2026-07-11T20:03:26.612Z,1783800206612,349947,first_a_sqs_sent_timestamp,2847,15,ok,
low-concurrency-20260711T195542.986124768Z,fair-c20,2026-07-11T20:03:26.647Z,1783800206647,349994,first_a_sqs_sent_timestamp,2831,21,ok,
low-concurrency-20260711T195542.986124768Z,baseline-c20,2026-07-11T20:03:27.613Z,1783800207613,350948,first_a_sqs_sent_timestamp,2894,15,ok,
low-concurrency-20260711T195542.986124768Z,fair-c20,2026-07-11T20:03:27.642Z,1783800207642,350989,first_a_sqs_sent_timestamp,2790,17,ok,
low-concurrency-20260711T195542.986124768Z,baseline-c20,2026-07-11T20:03:28.608Z,1783800208608,351943,first_a_sqs_sent_timestamp,2809,17,ok,
low-concurrency-20260711T195542.986124768Z,fair-c20,2026-07-11T20:03:28.64Z,1783800208640,351987,first_a_sqs_sent_timestamp,2765,19,ok,
low-concurrency-20260711T195542.986124768Z,baseline-c20,2026-07-11T20:03:29.623Z,1783800209623,352958,first_a_sqs_sent_timestamp,2815,19,ok,
low-concurrency-20260711T195542.986124768Z,fair-c20,2026-07-11T20:03:29.653Z,1783800209653,353000,first_a_sqs_sent_timestamp,2791,11,ok,
low-concurrency-20260711T195542.986124768Z,baseline-c20,2026-07-11T20:03:30.61Z,1783800210610,353945,first_a_sqs_sent_timestamp,2815,11,ok,
low-concurrency-20260711T195542.986124768Z,fair-c20,2026-07-11T20:03:30.642Z,1783800210642,353989,first_a_sqs_sent_timestamp,2802,20,ok,
low-concurrency-20260711T195542.986124768Z,baseline-c20,2026-07-11T20:03:31.611Z,1783800211611,354946,first_a_sqs_sent_timestamp,2787,15,ok,
low-concurrency-20260711T195542.986124768Z,fair-c20,2026-07-11T20:03:31.642Z,1783800211642,354989,first_a_sqs_sent_timestamp,2765,19,ok,
low-concurrency-20260711T195542.986124768Z,baseline-c20,2026-07-11T20:03:32.61Z,1783800212610,355945,first_a_sqs_sent_timestamp,2818,22,ok,
low-concurrency-20260711T195542.986124768Z,fair-c20,2026-07-11T20:03:32.642Z,1783800212642,355989,first_a_sqs_sent_timestamp,2809,14,ok,
low-concurrency-20260711T195542.986124768Z,baseline-c20,2026-07-11T20:03:33.609Z,1783800213609,356944,first_a_sqs_sent_timestamp,2834,9,ok,
low-concurrency-20260711T195542.986124768Z,fair-c20,2026-07-11T20:03:33.637Z,1783800213637,356984,first_a_sqs_sent_timestamp,2737,16,ok,
low-concurrency-20260711T195542.986124768Z,baseline-c20,2026-07-11T20:03:34.614Z,1783800214614,357949,first_a_sqs_sent_timestamp,2785,16,ok,
low-concurrency-20260711T195542.986124768Z,fair-c20,2026-07-11T20:03:34.644Z,1783800214644,357991,first_a_sqs_sent_timestamp,2798,15,ok,
low-concurrency-20260711T195542.986124768Z,baseline-c20,2026-07-11T20:03:35.611Z,1783800215611,358946,first_a_sqs_sent_timestamp,2789,20,ok,
low-concurrency-20260711T195542.986124768Z,fair-c20,2026-07-11T20:03:35.641Z,1783800215641,358988,first_a_sqs_sent_timestamp,2814,17,ok,
low-concurrency-20260711T195542.986124768Z,baseline-c20,2026-07-11T20:03:36.61Z,1783800216610,359945,first_a_sqs_sent_timestamp,2778,12,ok,
low-concurrency-20260711T195542.986124768Z,fair-c20,2026-07-11T20:03:36.639Z,1783800216639,359986,first_a_sqs_sent_timestamp,2753,13,ok,
low-concurrency-20260711T195542.986124768Z,baseline-c20,2026-07-11T20:03:37.61Z,1783800217610,360945,first_a_sqs_sent_timestamp,2781,17,ok,
low-concurrency-20260711T195542.986124768Z,fair-c20,2026-07-11T20:03:37.645Z,1783800217645,360992,first_a_sqs_sent_timestamp,2758,15,ok,
low-concurrency-20260711T195542.986124768Z,baseline-c20,2026-07-11T20:03:38.612Z,1783800218612,361947,first_a_sqs_sent_timestamp,2768,18,ok,
low-concurrency-20260711T195542.986124768Z,fair-c20,2026-07-11T20:03:38.643Z,1783800218643,361990,first_a_sqs_sent_timestamp,2711,15,ok,
low-concurrency-20260711T195542.986124768Z,baseline-c20,2026-07-11T20:03:39.61Z,1783800219610,362945,first_a_sqs_sent_timestamp,2800,14,ok,
low-concurrency-20260711T195542.986124768Z,fair-c20,2026-07-11T20:03:39.641Z,1783800219641,362988,first_a_sqs_sent_timestamp,2744,18,ok,
low-concurrency-20260711T195542.986124768Z,baseline-c20,2026-07-11T20:03:40.61Z,1783800220610,363945,first_a_sqs_sent_timestamp,2741,11,ok,
low-concurrency-20260711T195542.986124768Z,fair-c20,2026-07-11T20:03:40.643Z,1783800220643,363990,first_a_sqs_sent_timestamp,2761,18,ok,
low-concurrency-20260711T195542.986124768Z,baseline-c20,2026-07-11T20:03:41.609Z,1783800221609,364944,first_a_sqs_sent_timestamp,2767,9,ok,
low-concurrency-20260711T195542.986124768Z,fair-c20,2026-07-11T20:03:41.638Z,1783800221638,364985,first_a_sqs_sent_timestamp,2690,20,ok,
low-concurrency-20260711T195542.986124768Z,baseline-c20,2026-07-11T20:03:42.616Z,1783800222616,365951,first_a_sqs_sent_timestamp,2745,23,ok,
low-concurrency-20260711T195542.986124768Z,fair-c20,2026-07-11T20:03:42.646Z,1783800222646,365993,first_a_sqs_sent_timestamp,2689,17,ok,
low-concurrency-20260711T195542.986124768Z,baseline-c20,2026-07-11T20:03:43.61Z,1783800223610,366945,first_a_sqs_sent_timestamp,2727,20,ok,
low-concurrency-20260711T195542.986124768Z,fair-c20,2026-07-11T20:03:43.642Z,1783800223642,366989,first_a_sqs_sent_timestamp,2692,16,ok,
low-concurrency-20260711T195542.986124768Z,baseline-c20,2026-07-11T20:03:44.613Z,1783800224613,367948,first_a_sqs_sent_timestamp,2800,16,ok,
low-concurrency-20260711T195542.986124768Z,fair-c20,2026-07-11T20:03:44.642Z,1783800224642,367989,first_a_sqs_sent_timestamp,2681,23,ok,
low-concurrency-20260711T195542.986124768Z,baseline-c20,2026-07-11T20:03:45.616Z,1783800225616,368951,first_a_sqs_sent_timestamp,2747,14,ok,
low-concurrency-20260711T195542.986124768Z,fair-c20,2026-07-11T20:03:45.646Z,1783800225646,368993,first_a_sqs_sent_timestamp,2670,17,ok,
low-concurrency-20260711T195542.986124768Z,baseline-c20,2026-07-11T20:03:46.612Z,1783800226612,369947,first_a_sqs_sent_timestamp,2754,14,ok,
low-concurrency-20260711T195542.986124768Z,fair-c20,2026-07-11T20:03:46.642Z,1783800226642,369989,first_a_sqs_sent_timestamp,2719,14,ok,
low-concurrency-20260711T195542.986124768Z,baseline-c20,2026-07-11T20:03:47.611Z,1783800227611,370946,first_a_sqs_sent_timestamp,2717,21,ok,
low-concurrency-20260711T195542.986124768Z,fair-c20,2026-07-11T20:03:47.641Z,1783800227641,370988,first_a_sqs_sent_timestamp,2672,23,ok,
low-concurrency-20260711T195542.986124768Z,baseline-c20,2026-07-11T20:03:48.61Z,1783800228610,371945,first_a_sqs_sent_timestamp,2703,14,ok,
low-concurrency-20260711T195542.986124768Z,fair-c20,2026-07-11T20:03:48.641Z,1783800228641,371988,first_a_sqs_sent_timestamp,2707,17,ok,
low-concurrency-20260711T195542.986124768Z,baseline-c20,2026-07-11T20:03:49.613Z,1783800229613,372948,first_a_sqs_sent_timestamp,2793,20,ok,
low-concurrency-20260711T195542.986124768Z,fair-c20,2026-07-11T20:03:49.648Z,1783800229648,372995,first_a_sqs_sent_timestamp,2649,18,ok,
low-concurrency-20260711T195542.986124768Z,baseline-c20,2026-07-11T20:03:50.611Z,1783800230611,373946,first_a_sqs_sent_timestamp,2694,15,ok,
low-concurrency-20260711T195542.986124768Z,fair-c20,2026-07-11T20:03:50.646Z,1783800230646,373993,first_a_sqs_sent_timestamp,2651,20,ok,
low-concurrency-20260711T195542.986124768Z,baseline-c20,2026-07-11T20:03:51.61Z,1783800231610,374945,first_a_sqs_sent_timestamp,2672,15,ok,
low-concurrency-20260711T195542.986124768Z,fair-c20,2026-07-11T20:03:51.64Z,1783800231640,374987,first_a_sqs_sent_timestamp,2651,24,ok,
low-concurrency-20260711T195542.986124768Z,baseline-c20,2026-07-11T20:03:52.613Z,1783800232613,375948,first_a_sqs_sent_timestamp,2705,19,ok,
low-concurrency-20260711T195542.986124768Z,fair-c20,2026-07-11T20:03:52.645Z,1783800232645,375992,first_a_sqs_sent_timestamp,2629,17,ok,
low-concurrency-20260711T195542.986124768Z,baseline-c20,2026-07-11T20:03:53.614Z,1783800233614,376949,first_a_sqs_sent_timestamp,2668,17,ok,
low-concurrency-20260711T195542.986124768Z,fair-c20,2026-07-11T20:03:53.644Z,1783800233644,376991,first_a_sqs_sent_timestamp,2625,17,ok,
low-concurrency-20260711T195542.986124768Z,baseline-c20,2026-07-11T20:03:54.61Z,1783800234610,377945,first_a_sqs_sent_timestamp,2655,17,ok,
low-concurrency-20260711T195542.986124768Z,fair-c20,2026-07-11T20:03:54.638Z,1783800234638,377985,first_a_sqs_sent_timestamp,2626,19,ok,
low-concurrency-20260711T195542.986124768Z,baseline-c20,2026-07-11T20:03:55.66Z,1783800235660,378995,first_a_sqs_sent_timestamp,2699,16,ok,
low-concurrency-20260711T195542.986124768Z,fair-c20,2026-07-11T20:03:55.695Z,1783800235695,379042,first_a_sqs_sent_timestamp,2600,13,ok,
low-concurrency-20260711T195542.986124768Z,baseline-c20,2026-07-11T20:03:56.616Z,1783800236616,379951,first_a_sqs_sent_timestamp,2622,21,ok,
low-concurrency-20260711T195542.986124768Z,fair-c20,2026-07-11T20:03:56.646Z,1783800236646,379993,first_a_sqs_sent_timestamp,2625,17,ok,
low-concurrency-20260711T195542.986124768Z,baseline-c20,2026-07-11T20:03:57.626Z,1783800237626,380961,first_a_sqs_sent_timestamp,2643,12,ok,
low-concurrency-20260711T195542.986124768Z,fair-c20,2026-07-11T20:03:57.657Z,1783800237657,381004,first_a_sqs_sent_timestamp,2647,19,ok,
low-concurrency-20260711T195542.986124768Z,baseline-c20,2026-07-11T20:03:58.615Z,1783800238615,381950,first_a_sqs_sent_timestamp,2622,21,ok,
low-concurrency-20260711T195542.986124768Z,fair-c20,2026-07-11T20:03:58.654Z,1783800238654,382001,first_a_sqs_sent_timestamp,2591,16,ok,
low-concurrency-20260711T195542.986124768Z,baseline-c20,2026-07-11T20:03:59.614Z,1783800239614,382949,first_a_sqs_sent_timestamp,2655,15,ok,
low-concurrency-20260711T195542.986124768Z,fair-c20,2026-07-11T20:03:59.647Z,1783800239647,382994,first_a_sqs_sent_timestamp,2643,7,ok,
low-concurrency-20260711T195542.986124768Z,baseline-c20,2026-07-11T20:04:00.615Z,1783800240615,383950,first_a_sqs_sent_timestamp,2647,16,ok,
low-concurrency-20260711T195542.986124768Z,fair-c20,2026-07-11T20:04:00.653Z,1783800240653,384000,first_a_sqs_sent_timestamp,2595,15,ok,
low-concurrency-20260711T195542.986124768Z,baseline-c20,2026-07-11T20:04:01.618Z,1783800241618,384953,first_a_sqs_sent_timestamp,2635,14,ok,
low-concurrency-20260711T195542.986124768Z,fair-c20,2026-07-11T20:04:01.653Z,1783800241653,385000,first_a_sqs_sent_timestamp,2577,15,ok,
low-concurrency-20260711T195542.986124768Z,baseline-c20,2026-07-11T20:04:02.611Z,1783800242611,385946,first_a_sqs_sent_timestamp,2603,20,ok,
low-concurrency-20260711T195542.986124768Z,fair-c20,2026-07-11T20:04:02.643Z,1783800242643,385990,first_a_sqs_sent_timestamp,2599,15,ok,
low-concurrency-20260711T195542.986124768Z,baseline-c20,2026-07-11T20:04:03.615Z,1783800243615,386950,first_a_sqs_sent_timestamp,2670,11,ok,
low-concurrency-20260711T195542.986124768Z,fair-c20,2026-07-11T20:04:03.654Z,1783800243654,387001,first_a_sqs_sent_timestamp,2606,14,ok,
low-concurrency-20260711T195542.986124768Z,baseline-c20,2026-07-11T20:04:04.626Z,1783800244626,387961,first_a_sqs_sent_timestamp,2602,18,ok,
low-concurrency-20260711T195542.986124768Z,fair-c20,2026-07-11T20:04:04.656Z,1783800244656,388003,first_a_sqs_sent_timestamp,2648,19,ok,
low-concurrency-20260711T195542.986124768Z,baseline-c20,2026-07-11T20:04:05.615Z,1783800245615,388950,first_a_sqs_sent_timestamp,2653,16,ok,
low-concurrency-20260711T195542.986124768Z,fair-c20,2026-07-11T20:04:05.645Z,1783800245645,388992,first_a_sqs_sent_timestamp,2585,17,ok,
low-concurrency-20260711T195542.986124768Z,baseline-c20,2026-07-11T20:04:06.61Z,1783800246610,389945,first_a_sqs_sent_timestamp,2564,17,ok,
low-concurrency-20260711T195542.986124768Z,fair-c20,2026-07-11T20:04:06.645Z,1783800246645,389992,first_a_sqs_sent_timestamp,2545,20,ok,
low-concurrency-20260711T195542.986124768Z,baseline-c20,2026-07-11T20:04:07.608Z,1783800247608,390943,first_a_sqs_sent_timestamp,2577,20,ok,
low-concurrency-20260711T195542.986124768Z,fair-c20,2026-07-11T20:04:07.644Z,1783800247644,390991,first_a_sqs_sent_timestamp,2561,16,ok,
low-concurrency-20260711T195542.986124768Z,baseline-c20,2026-07-11T20:04:08.61Z,1783800248610,391945,first_a_sqs_sent_timestamp,2573,14,ok,
low-concurrency-20260711T195542.986124768Z,fair-c20,2026-07-11T20:04:08.645Z,1783800248645,391992,first_a_sqs_sent_timestamp,2539,18,ok,
low-concurrency-20260711T195542.986124768Z,baseline-c20,2026-07-11T20:04:09.61Z,1783800249610,392945,first_a_sqs_sent_timestamp,2550,15,ok,
low-concurrency-20260711T195542.986124768Z,fair-c20,2026-07-11T20:04:09.639Z,1783800249639,392986,first_a_sqs_sent_timestamp,2551,19,ok,
low-concurrency-20260711T195542.986124768Z,baseline-c20,2026-07-11T20:04:10.615Z,1783800250615,393950,first_a_sqs_sent_timestamp,2556,15,ok,
low-concurrency-20260711T195542.986124768Z,fair-c20,2026-07-11T20:04:10.648Z,1783800250648,393995,first_a_sqs_sent_timestamp,2519,22,ok,
low-concurrency-20260711T195542.986124768Z,baseline-c20,2026-07-11T20:04:11.613Z,1783800251613,394948,first_a_sqs_sent_timestamp,2543,13,ok,
low-concurrency-20260711T195542.986124768Z,fair-c20,2026-07-11T20:04:11.646Z,1783800251646,394993,first_a_sqs_sent_timestamp,2515,16,ok,
low-concurrency-20260711T195542.986124768Z,baseline-c20,2026-07-11T20:04:12.616Z,1783800252616,395951,first_a_sqs_sent_timestamp,2543,13,ok,
low-concurrency-20260711T195542.986124768Z,fair-c20,2026-07-11T20:04:12.646Z,1783800252646,395993,first_a_sqs_sent_timestamp,2515,16,ok,
low-concurrency-20260711T195542.986124768Z,baseline-c20,2026-07-11T20:04:13.619Z,1783800253619,396954,first_a_sqs_sent_timestamp,2575,18,ok,
low-concurrency-20260711T195542.986124768Z,fair-c20,2026-07-11T20:04:13.654Z,1783800253654,397001,first_a_sqs_sent_timestamp,2519,16,ok,
low-concurrency-20260711T195542.986124768Z,baseline-c20,2026-07-11T20:04:14.613Z,1783800254613,397948,first_a_sqs_sent_timestamp,2593,14,ok,
low-concurrency-20260711T195542.986124768Z,fair-c20,2026-07-11T20:04:14.644Z,1783800254644,397991,first_a_sqs_sent_timestamp,2481,13,ok,
low-concurrency-20260711T195542.986124768Z,baseline-c20,2026-07-11T20:04:15.615Z,1783800255615,398950,first_a_sqs_sent_timestamp,2506,20,ok,
low-concurrency-20260711T195542.986124768Z,fair-c20,2026-07-11T20:04:15.645Z,1783800255645,398992,first_a_sqs_sent_timestamp,2538,10,ok,
low-concurrency-20260711T195542.986124768Z,baseline-c20,2026-07-11T20:04:16.615Z,1783800256615,399950,first_a_sqs_sent_timestamp,2528,18,ok,
low-concurrency-20260711T195542.986124768Z,fair-c20,2026-07-11T20:04:16.642Z,1783800256642,399989,first_a_sqs_sent_timestamp,2468,18,ok,
low-concurrency-20260711T195542.986124768Z,baseline-c20,2026-07-11T20:04:17.615Z,1783800257615,400950,first_a_sqs_sent_timestamp,2526,17,ok,
low-concurrency-20260711T195542.986124768Z,fair-c20,2026-07-11T20:04:17.642Z,1783800257642,400989,first_a_sqs_sent_timestamp,2497,17,ok,
low-concurrency-20260711T195542.986124768Z,baseline-c20,2026-07-11T20:04:18.617Z,1783800258617,401952,first_a_sqs_sent_timestamp,2561,22,ok,
low-concurrency-20260711T195542.986124768Z,fair-c20,2026-07-11T20:04:18.647Z,1783800258647,401994,first_a_sqs_sent_timestamp,2472,17,ok,
low-concurrency-20260711T195542.986124768Z,baseline-c20,2026-07-11T20:04:19.617Z,1783800259617,402952,first_a_sqs_sent_timestamp,2493,15,ok,
low-concurrency-20260711T195542.986124768Z,fair-c20,2026-07-11T20:04:19.648Z,1783800259648,402995,first_a_sqs_sent_timestamp,2480,11,ok,
low-concurrency-20260711T195542.986124768Z,baseline-c20,2026-07-11T20:04:20.615Z,1783800260615,403950,first_a_sqs_sent_timestamp,2515,15,ok,
low-concurrency-20260711T195542.986124768Z,fair-c20,2026-07-11T20:04:20.648Z,1783800260648,403995,first_a_sqs_sent_timestamp,2447,20,ok,
low-concurrency-20260711T195542.986124768Z,baseline-c20,2026-07-11T20:04:21.616Z,1783800261616,404951,first_a_sqs_sent_timestamp,2496,17,ok,
low-concurrency-20260711T195542.986124768Z,fair-c20,2026-07-11T20:04:21.643Z,1783800261643,404990,first_a_sqs_sent_timestamp,2540,15,ok,
low-concurrency-20260711T195542.986124768Z,baseline-c20,2026-07-11T20:04:22.611Z,1783800262611,405946,first_a_sqs_sent_timestamp,2468,17,ok,
low-concurrency-20260711T195542.986124768Z,fair-c20,2026-07-11T20:04:22.645Z,1783800262645,405992,first_a_sqs_sent_timestamp,2459,17,ok,
low-concurrency-20260711T195542.986124768Z,baseline-c20,2026-07-11T20:04:23.619Z,1783800263619,406954,first_a_sqs_sent_timestamp,2516,19,ok,
low-concurrency-20260711T195542.986124768Z,fair-c20,2026-07-11T20:04:23.651Z,1783800263651,406998,first_a_sqs_sent_timestamp,2459,16,ok,
low-concurrency-20260711T195542.986124768Z,baseline-c20,2026-07-11T20:04:24.608Z,1783800264608,407943,first_a_sqs_sent_timestamp,2463,18,ok,
low-concurrency-20260711T195542.986124768Z,fair-c20,2026-07-11T20:04:24.636Z,1783800264636,407983,first_a_sqs_sent_timestamp,2438,13,ok,
low-concurrency-20260711T195542.986124768Z,baseline-c20,2026-07-11T20:04:25.608Z,1783800265608,408943,first_a_sqs_sent_timestamp,2489,19,ok,
low-concurrency-20260711T195542.986124768Z,fair-c20,2026-07-11T20:04:25.64Z,1783800265640,408987,first_a_sqs_sent_timestamp,2446,15,ok,
low-concurrency-20260711T195542.986124768Z,baseline-c20,2026-07-11T20:04:26.61Z,1783800266610,409945,first_a_sqs_sent_timestamp,2510,14,ok,
low-concurrency-20260711T195542.986124768Z,fair-c20,2026-07-11T20:04:26.643Z,1783800266643,409990,first_a_sqs_sent_timestamp,2443,16,ok,
low-concurrency-20260711T195542.986124768Z,baseline-c20,2026-07-11T20:04:27.611Z,1783800267611,410946,first_a_sqs_sent_timestamp,2468,16,ok,
low-concurrency-20260711T195542.986124768Z,fair-c20,2026-07-11T20:04:27.643Z,1783800267643,410990,first_a_sqs_sent_timestamp,2551,13,ok,
low-concurrency-20260711T195542.986124768Z,baseline-c20,2026-07-11T20:04:28.607Z,1783800268607,411942,first_a_sqs_sent_timestamp,2419,17,ok,
low-concurrency-20260711T195542.986124768Z,fair-c20,2026-07-11T20:04:28.639Z,1783800268639,411986,first_a_sqs_sent_timestamp,2397,22,ok,
low-concurrency-20260711T195542.986124768Z,baseline-c20,2026-07-11T20:04:29.61Z,1783800269610,412945,first_a_sqs_sent_timestamp,2477,16,ok,
low-concurrency-20260711T195542.986124768Z,fair-c20,2026-07-11T20:04:29.643Z,1783800269643,412990,first_a_sqs_sent_timestamp,2413,14,ok,
low-concurrency-20260711T195542.986124768Z,baseline-c20,2026-07-11T20:04:30.614Z,1783800270614,413949,first_a_sqs_sent_timestamp,2412,13,ok,
low-concurrency-20260711T195542.986124768Z,fair-c20,2026-07-11T20:04:30.652Z,1783800270652,413999,first_a_sqs_sent_timestamp,2397,18,ok,
low-concurrency-20260711T195542.986124768Z,baseline-c20,2026-07-11T20:04:31.615Z,1783800271615,414950,first_a_sqs_sent_timestamp,2475,14,ok,
low-concurrency-20260711T195542.986124768Z,fair-c20,2026-07-11T20:04:31.646Z,1783800271646,414993,first_a_sqs_sent_timestamp,2434,18,ok,
low-concurrency-20260711T195542.986124768Z,baseline-c20,2026-07-11T20:04:32.644Z,1783800272644,415979,first_a_sqs_sent_timestamp,2394,14,ok,
low-concurrency-20260711T195542.986124768Z,fair-c20,2026-07-11T20:04:32.767Z,1783800272767,416114,first_a_sqs_sent_timestamp,2388,15,ok,
low-concurrency-20260711T195542.986124768Z,baseline-c20,2026-07-11T20:04:33.645Z,1783800273645,416980,first_a_sqs_sent_timestamp,2398,20,ok,
low-concurrency-20260711T195542.986124768Z,fair-c20,2026-07-11T20:04:33.712Z,1783800273712,417059,first_a_sqs_sent_timestamp,2366,21,ok,
low-concurrency-20260711T195542.986124768Z,baseline-c20,2026-07-11T20:04:34.609Z,1783800274609,417944,first_a_sqs_sent_timestamp,2402,18,ok,
low-concurrency-20260711T195542.986124768Z,fair-c20,2026-07-11T20:04:34.64Z,1783800274640,417987,first_a_sqs_sent_timestamp,2376,17,ok,
low-concurrency-20260711T195542.986124768Z,baseline-c20,2026-07-11T20:04:35.615Z,1783800275615,418950,first_a_sqs_sent_timestamp,2470,15,ok,
low-concurrency-20260711T195542.986124768Z,fair-c20,2026-07-11T20:04:35.643Z,1783800275643,418990,first_a_sqs_sent_timestamp,2410,16,ok,
low-concurrency-20260711T195542.986124768Z,baseline-c20,2026-07-11T20:04:36.607Z,1783800276607,419942,first_a_sqs_sent_timestamp,2408,15,ok,
low-concurrency-20260711T195542.986124768Z,fair-c20,2026-07-11T20:04:36.638Z,1783800276638,419985,first_a_sqs_sent_timestamp,2370,16,ok,
low-concurrency-20260711T195542.986124768Z,baseline-c20,2026-07-11T20:04:37.61Z,1783800277610,420945,first_a_sqs_sent_timestamp,2385,20,ok,
low-concurrency-20260711T195542.986124768Z,fair-c20,2026-07-11T20:04:37.644Z,1783800277644,420991,first_a_sqs_sent_timestamp,2355,18,ok,
low-concurrency-20260711T195542.986124768Z,baseline-c20,2026-07-11T20:04:38.614Z,1783800278614,421949,first_a_sqs_sent_timestamp,2369,16,ok,
low-concurrency-20260711T195542.986124768Z,fair-c20,2026-07-11T20:04:38.644Z,1783800278644,421991,first_a_sqs_sent_timestamp,2371,15,ok,
low-concurrency-20260711T195542.986124768Z,baseline-c20,2026-07-11T20:04:39.609Z,1783800279609,422944,first_a_sqs_sent_timestamp,2400,11,ok,
low-concurrency-20260711T195542.986124768Z,fair-c20,2026-07-11T20:04:39.64Z,1783800279640,422987,first_a_sqs_sent_timestamp,2380,16,ok,
low-concurrency-20260711T195542.986124768Z,baseline-c20,2026-07-11T20:04:40.611Z,1783800280611,423946,first_a_sqs_sent_timestamp,2375,22,ok,
low-concurrency-20260711T195542.986124768Z,fair-c20,2026-07-11T20:04:40.641Z,1783800280641,423988,first_a_sqs_sent_timestamp,2335,22,ok,
low-concurrency-20260711T195542.986124768Z,baseline-c20,2026-07-11T20:04:41.616Z,1783800281616,424951,first_a_sqs_sent_timestamp,2434,18,ok,
low-concurrency-20260711T195542.986124768Z,fair-c20,2026-07-11T20:04:41.645Z,1783800281645,424992,first_a_sqs_sent_timestamp,2320,23,ok,
low-concurrency-20260711T195542.986124768Z,baseline-c20,2026-07-11T20:04:42.617Z,1783800282617,425952,first_a_sqs_sent_timestamp,2340,20,ok,
low-concurrency-20260711T195542.986124768Z,fair-c20,2026-07-11T20:04:42.646Z,1783800282646,425993,first_a_sqs_sent_timestamp,2329,22,ok,
low-concurrency-20260711T195542.986124768Z,baseline-c20,2026-07-11T20:04:43.615Z,1783800283615,426950,first_a_sqs_sent_timestamp,2374,18,ok,
low-concurrency-20260711T195542.986124768Z,fair-c20,2026-07-11T20:04:43.665Z,1783800283665,427012,first_a_sqs_sent_timestamp,2299,20,ok,
low-concurrency-20260711T195542.986124768Z,baseline-c20,2026-07-11T20:04:44.614Z,1783800284614,427949,first_a_sqs_sent_timestamp,2365,18,ok,
low-concurrency-20260711T195542.986124768Z,fair-c20,2026-07-11T20:04:44.646Z,1783800284646,427993,first_a_sqs_sent_timestamp,2338,22,ok,
low-concurrency-20260711T195542.986124768Z,baseline-c20,2026-07-11T20:04:45.614Z,1783800285614,428949,first_a_sqs_sent_timestamp,2312,11,ok,
low-concurrency-20260711T195542.986124768Z,fair-c20,2026-07-11T20:04:45.644Z,1783800285644,428991,first_a_sqs_sent_timestamp,2297,17,ok,
low-concurrency-20260711T195542.986124768Z,baseline-c20,2026-07-11T20:04:46.615Z,1783800286615,429950,first_a_sqs_sent_timestamp,2339,19,ok,
low-concurrency-20260711T195542.986124768Z,fair-c20,2026-07-11T20:04:46.642Z,1783800286642,429989,first_a_sqs_sent_timestamp,2303,18,ok,
low-concurrency-20260711T195542.986124768Z,baseline-c20,2026-07-11T20:04:47.608Z,1783800287608,430943,first_a_sqs_sent_timestamp,2369,7,ok,
low-concurrency-20260711T195542.986124768Z,fair-c20,2026-07-11T20:04:47.637Z,1783800287637,430984,first_a_sqs_sent_timestamp,2308,15,ok,
low-concurrency-20260711T195542.986124768Z,baseline-c20,2026-07-11T20:04:48.615Z,1783800288615,431950,first_a_sqs_sent_timestamp,2303,28,ok,
low-concurrency-20260711T195542.986124768Z,fair-c20,2026-07-11T20:04:48.643Z,1783800288643,431990,first_a_sqs_sent_timestamp,2337,17,ok,
low-concurrency-20260711T195542.986124768Z,baseline-c20,2026-07-11T20:04:49.615Z,1783800289615,432950,first_a_sqs_sent_timestamp,2334,19,ok,
low-concurrency-20260711T195542.986124768Z,fair-c20,2026-07-11T20:04:49.649Z,1783800289649,432996,first_a_sqs_sent_timestamp,2301,16,ok,
low-concurrency-20260711T195542.986124768Z,baseline-c20,2026-07-11T20:04:50.61Z,1783800290610,433945,first_a_sqs_sent_timestamp,2300,15,ok,
low-concurrency-20260711T195542.986124768Z,fair-c20,2026-07-11T20:04:50.643Z,1783800290643,433990,first_a_sqs_sent_timestamp,2256,13,ok,
low-concurrency-20260711T195542.986124768Z,baseline-c20,2026-07-11T20:04:51.615Z,1783800291615,434950,first_a_sqs_sent_timestamp,2318,13,ok,
low-concurrency-20260711T195542.986124768Z,fair-c20,2026-07-11T20:04:51.643Z,1783800291643,434990,first_a_sqs_sent_timestamp,2265,15,ok,
low-concurrency-20260711T195542.986124768Z,baseline-c20,2026-07-11T20:04:52.608Z,1783800292608,435943,first_a_sqs_sent_timestamp,2284,9,ok,
low-concurrency-20260711T195542.986124768Z,fair-c20,2026-07-11T20:04:52.635Z,1783800292635,435982,first_a_sqs_sent_timestamp,2301,19,ok,
low-concurrency-20260711T195542.986124768Z,baseline-c20,2026-07-11T20:04:53.608Z,1783800293608,436943,first_a_sqs_sent_timestamp,2300,16,ok,
low-concurrency-20260711T195542.986124768Z,fair-c20,2026-07-11T20:04:53.637Z,1783800293637,436984,first_a_sqs_sent_timestamp,2256,16,ok,
low-concurrency-20260711T195542.986124768Z,baseline-c20,2026-07-11T20:04:54.615Z,1783800294615,437950,first_a_sqs_sent_timestamp,2288,13,ok,
low-concurrency-20260711T195542.986124768Z,fair-c20,2026-07-11T20:04:54.649Z,1783800294649,437996,first_a_sqs_sent_timestamp,2265,15,ok,
low-concurrency-20260711T195542.986124768Z,baseline-c20,2026-07-11T20:04:55.612Z,1783800295612,438947,first_a_sqs_sent_timestamp,2296,16,ok,
low-concurrency-20260711T195542.986124768Z,fair-c20,2026-07-11T20:04:55.643Z,1783800295643,438990,first_a_sqs_sent_timestamp,2272,15,ok,
low-concurrency-20260711T195542.986124768Z,baseline-c20,2026-07-11T20:04:56.611Z,1783800296611,439946,first_a_sqs_sent_timestamp,2271,13,ok,
low-concurrency-20260711T195542.986124768Z,fair-c20,2026-07-11T20:04:56.642Z,1783800296642,439989,first_a_sqs_sent_timestamp,2217,14,ok,
low-concurrency-20260711T195542.986124768Z,baseline-c20,2026-07-11T20:04:57.612Z,1783800297612,440947,first_a_sqs_sent_timestamp,2274,15,ok,
low-concurrency-20260711T195542.986124768Z,fair-c20,2026-07-11T20:04:57.646Z,1783800297646,440993,first_a_sqs_sent_timestamp,2234,16,ok,
low-concurrency-20260711T195542.986124768Z,baseline-c20,2026-07-11T20:04:58.613Z,1783800298613,441948,first_a_sqs_sent_timestamp,2236,13,ok,
low-concurrency-20260711T195542.986124768Z,fair-c20,2026-07-11T20:04:58.641Z,1783800298641,441988,first_a_sqs_sent_timestamp,2217,14,ok,
low-concurrency-20260711T195542.986124768Z,baseline-c20,2026-07-11T20:04:59.613Z,1783800299613,442948,first_a_sqs_sent_timestamp,2233,16,ok,
low-concurrency-20260711T195542.986124768Z,fair-c20,2026-07-11T20:04:59.64Z,1783800299640,442987,first_a_sqs_sent_timestamp,2220,20,ok,
low-concurrency-20260711T195542.986124768Z,baseline-c20,2026-07-11T20:05:00.61Z,1783800300610,443945,first_a_sqs_sent_timestamp,2230,13,ok,
low-concurrency-20260711T195542.986124768Z,fair-c20,2026-07-11T20:05:00.643Z,1783800300643,443990,first_a_sqs_sent_timestamp,2274,12,ok,
low-concurrency-20260711T195542.986124768Z,baseline-c20,2026-07-11T20:05:01.61Z,1783800301610,444945,first_a_sqs_sent_timestamp,2268,12,ok,
low-concurrency-20260711T195542.986124768Z,fair-c20,2026-07-11T20:05:01.636Z,1783800301636,444983,first_a_sqs_sent_timestamp,2184,20,ok,
low-concurrency-20260711T195542.986124768Z,baseline-c20,2026-07-11T20:05:02.606Z,1783800302606,445941,first_a_sqs_sent_timestamp,2214,16,ok,
low-concurrency-20260711T195542.986124768Z,fair-c20,2026-07-11T20:05:02.648Z,1783800302648,445995,first_a_sqs_sent_timestamp,2201,19,ok,
low-concurrency-20260711T195542.986124768Z,baseline-c20,2026-07-11T20:05:03.612Z,1783800303612,446947,first_a_sqs_sent_timestamp,2236,13,ok,
low-concurrency-20260711T195542.986124768Z,fair-c20,2026-07-11T20:05:03.646Z,1783800303646,446993,first_a_sqs_sent_timestamp,2267,18,ok,
low-concurrency-20260711T195542.986124768Z,baseline-c20,2026-07-11T20:05:04.611Z,1783800304611,447946,first_a_sqs_sent_timestamp,2272,17,ok,
low-concurrency-20260711T195542.986124768Z,fair-c20,2026-07-11T20:05:04.648Z,1783800304648,447995,first_a_sqs_sent_timestamp,2167,15,ok,
low-concurrency-20260711T195542.986124768Z,baseline-c20,2026-07-11T20:05:05.62Z,1783800305620,448955,first_a_sqs_sent_timestamp,2246,12,ok,
low-concurrency-20260711T195542.986124768Z,fair-c20,2026-07-11T20:05:05.649Z,1783800305649,448996,first_a_sqs_sent_timestamp,2168,14,ok,
low-concurrency-20260711T195542.986124768Z,baseline-c20,2026-07-11T20:05:06.616Z,1783800306616,449951,first_a_sqs_sent_timestamp,2224,22,ok,
low-concurrency-20260711T195542.986124768Z,fair-c20,2026-07-11T20:05:06.651Z,1783800306651,449998,first_a_sqs_sent_timestamp,2206,13,ok,
low-concurrency-20260711T195542.986124768Z,baseline-c20,2026-07-11T20:05:07.609Z,1783800307609,450944,first_a_sqs_sent_timestamp,2213,20,ok,
low-concurrency-20260711T195542.986124768Z,fair-c20,2026-07-11T20:05:07.64Z,1783800307640,450987,first_a_sqs_sent_timestamp,2137,20,ok,
low-concurrency-20260711T195542.986124768Z,baseline-c20,2026-07-11T20:05:08.608Z,1783800308608,451943,first_a_sqs_sent_timestamp,2232,19,ok,
low-concurrency-20260711T195542.986124768Z,fair-c20,2026-07-11T20:05:08.649Z,1783800308649,451996,first_a_sqs_sent_timestamp,2149,18,ok,
low-concurrency-20260711T195542.986124768Z,baseline-c20,2026-07-11T20:05:09.614Z,1783800309614,452949,first_a_sqs_sent_timestamp,2166,20,ok,
low-concurrency-20260711T195542.986124768Z,fair-c20,2026-07-11T20:05:09.646Z,1783800309646,452993,first_a_sqs_sent_timestamp,2204,18,ok,
low-concurrency-20260711T195542.986124768Z,baseline-c20,2026-07-11T20:05:10.616Z,1783800310616,453951,first_a_sqs_sent_timestamp,2147,24,ok,
low-concurrency-20260711T195542.986124768Z,fair-c20,2026-07-11T20:05:10.648Z,1783800310648,453995,first_a_sqs_sent_timestamp,2155,17,ok,
low-concurrency-20260711T195542.986124768Z,baseline-c20,2026-07-11T20:05:11.614Z,1783800311614,454949,first_a_sqs_sent_timestamp,2145,20,ok,
low-concurrency-20260711T195542.986124768Z,fair-c20,2026-07-11T20:05:11.642Z,1783800311642,454989,first_a_sqs_sent_timestamp,2180,16,ok,
low-concurrency-20260711T195542.986124768Z,baseline-c20,2026-07-11T20:05:12.61Z,1783800312610,455945,first_a_sqs_sent_timestamp,2177,20,ok,
low-concurrency-20260711T195542.986124768Z,fair-c20,2026-07-11T20:05:12.645Z,1783800312645,455992,first_a_sqs_sent_timestamp,2151,23,ok,
low-concurrency-20260711T195542.986124768Z,baseline-c20,2026-07-11T20:05:13.609Z,1783800313609,456944,first_a_sqs_sent_timestamp,2152,18,ok,
low-concurrency-20260711T195542.986124768Z,fair-c20,2026-07-11T20:05:13.638Z,1783800313638,456985,first_a_sqs_sent_timestamp,2115,21,ok,
low-concurrency-20260711T195542.986124768Z,baseline-c20,2026-07-11T20:05:14.618Z,1783800314618,457953,first_a_sqs_sent_timestamp,2152,18,ok,
low-concurrency-20260711T195542.986124768Z,fair-c20,2026-07-11T20:05:14.649Z,1783800314649,457996,first_a_sqs_sent_timestamp,2126,16,ok,
low-concurrency-20260711T195542.986124768Z,baseline-c20,2026-07-11T20:05:15.616Z,1783800315616,458951,first_a_sqs_sent_timestamp,2163,22,ok,
low-concurrency-20260711T195542.986124768Z,fair-c20,2026-07-11T20:05:15.65Z,1783800315650,458997,first_a_sqs_sent_timestamp,2121,17,ok,
low-concurrency-20260711T195542.986124768Z,baseline-c20,2026-07-11T20:05:16.61Z,1783800316610,459945,first_a_sqs_sent_timestamp,2123,18,ok,
low-concurrency-20260711T195542.986124768Z,fair-c20,2026-07-11T20:05:16.65Z,1783800316650,459997,first_a_sqs_sent_timestamp,2095,23,ok,
low-concurrency-20260711T195542.986124768Z,baseline-c20,2026-07-11T20:05:17.619Z,1783800317619,460954,first_a_sqs_sent_timestamp,2145,16,ok,
low-concurrency-20260711T195542.986124768Z,fair-c20,2026-07-11T20:05:17.654Z,1783800317654,461001,first_a_sqs_sent_timestamp,2107,19,ok,
low-concurrency-20260711T195542.986124768Z,baseline-c20,2026-07-11T20:05:18.617Z,1783800318617,461952,first_a_sqs_sent_timestamp,2126,13,ok,
low-concurrency-20260711T195542.986124768Z,fair-c20,2026-07-11T20:05:18.647Z,1783800318647,461994,first_a_sqs_sent_timestamp,2175,25,ok,
low-concurrency-20260711T195542.986124768Z,baseline-c20,2026-07-11T20:05:19.609Z,1783800319609,462944,first_a_sqs_sent_timestamp,2109,14,ok,
low-concurrency-20260711T195542.986124768Z,fair-c20,2026-07-11T20:05:19.641Z,1783800319641,462988,first_a_sqs_sent_timestamp,2082,16,ok,
low-concurrency-20260711T195542.986124768Z,baseline-c20,2026-07-11T20:05:20.609Z,1783800320609,463944,first_a_sqs_sent_timestamp,2123,18,ok,
low-concurrency-20260711T195542.986124768Z,fair-c20,2026-07-11T20:05:20.648Z,1783800320648,463995,first_a_sqs_sent_timestamp,2089,16,ok,
low-concurrency-20260711T195542.986124768Z,baseline-c20,2026-07-11T20:05:21.614Z,1783800321614,464949,first_a_sqs_sent_timestamp,2135,13,ok,
low-concurrency-20260711T195542.986124768Z,fair-c20,2026-07-11T20:05:21.643Z,1783800321643,464990,first_a_sqs_sent_timestamp,2091,19,ok,
low-concurrency-20260711T195542.986124768Z,baseline-c20,2026-07-11T20:05:22.611Z,1783800322611,465946,first_a_sqs_sent_timestamp,2084,14,ok,
low-concurrency-20260711T195542.986124768Z,fair-c20,2026-07-11T20:05:22.641Z,1783800322641,465988,first_a_sqs_sent_timestamp,2084,19,ok,
low-concurrency-20260711T195542.986124768Z,baseline-c20,2026-07-11T20:05:23.611Z,1783800323611,466946,first_a_sqs_sent_timestamp,2103,10,ok,
low-concurrency-20260711T195542.986124768Z,fair-c20,2026-07-11T20:05:23.641Z,1783800323641,466988,first_a_sqs_sent_timestamp,2119,12,ok,
low-concurrency-20260711T195542.986124768Z,baseline-c20,2026-07-11T20:05:24.614Z,1783800324614,467949,first_a_sqs_sent_timestamp,2126,12,ok,
low-concurrency-20260711T195542.986124768Z,fair-c20,2026-07-11T20:05:24.645Z,1783800324645,467992,first_a_sqs_sent_timestamp,2047,22,ok,
low-concurrency-20260711T195542.986124768Z,baseline-c20,2026-07-11T20:05:25.61Z,1783800325610,468945,first_a_sqs_sent_timestamp,2076,10,ok,
low-concurrency-20260711T195542.986124768Z,fair-c20,2026-07-11T20:05:25.64Z,1783800325640,468987,first_a_sqs_sent_timestamp,2076,16,ok,
low-concurrency-20260711T195542.986124768Z,baseline-c20,2026-07-11T20:05:26.61Z,1783800326610,469945,first_a_sqs_sent_timestamp,2082,14,ok,
low-concurrency-20260711T195542.986124768Z,fair-c20,2026-07-11T20:05:26.645Z,1783800326645,469992,first_a_sqs_sent_timestamp,2020,17,ok,
low-concurrency-20260711T195542.986124768Z,baseline-c20,2026-07-11T20:05:27.616Z,1783800327616,470951,first_a_sqs_sent_timestamp,2050,21,ok,
low-concurrency-20260711T195542.986124768Z,fair-c20,2026-07-11T20:05:27.652Z,1783800327652,470999,first_a_sqs_sent_timestamp,2018,19,ok,
low-concurrency-20260711T195542.986124768Z,baseline-c20,2026-07-11T20:05:28.616Z,1783800328616,471951,first_a_sqs_sent_timestamp,2123,14,ok,
low-concurrency-20260711T195542.986124768Z,fair-c20,2026-07-11T20:05:28.644Z,1783800328644,471991,first_a_sqs_sent_timestamp,2035,17,ok,
low-concurrency-20260711T195542.986124768Z,baseline-c20,2026-07-11T20:05:29.614Z,1783800329614,472949,first_a_sqs_sent_timestamp,2070,11,ok,
low-concurrency-20260711T195542.986124768Z,fair-c20,2026-07-11T20:05:29.647Z,1783800329647,472994,first_a_sqs_sent_timestamp,2040,16,ok,
low-concurrency-20260711T195542.986124768Z,baseline-c20,2026-07-11T20:05:30.614Z,1783800330614,473949,first_a_sqs_sent_timestamp,2050,19,ok,
low-concurrency-20260711T195542.986124768Z,fair-c20,2026-07-11T20:05:30.645Z,1783800330645,473992,first_a_sqs_sent_timestamp,2034,17,ok,
low-concurrency-20260711T195542.986124768Z,baseline-c20,2026-07-11T20:05:31.617Z,1783800331617,474952,first_a_sqs_sent_timestamp,2045,16,ok,
low-concurrency-20260711T195542.986124768Z,fair-c20,2026-07-11T20:05:31.647Z,1783800331647,474994,first_a_sqs_sent_timestamp,2005,14,ok,
low-concurrency-20260711T195542.986124768Z,baseline-c20,2026-07-11T20:05:32.615Z,1783800332615,475950,first_a_sqs_sent_timestamp,2063,16,ok,
low-concurrency-20260711T195542.986124768Z,fair-c20,2026-07-11T20:05:32.643Z,1783800332643,475990,first_a_sqs_sent_timestamp,1995,19,ok,
low-concurrency-20260711T195542.986124768Z,baseline-c20,2026-07-11T20:05:33.609Z,1783800333609,476944,first_a_sqs_sent_timestamp,2037,23,ok,
low-concurrency-20260711T195542.986124768Z,fair-c20,2026-07-11T20:05:33.652Z,1783800333652,476999,first_a_sqs_sent_timestamp,2014,13,ok,
low-concurrency-20260711T195542.986124768Z,baseline-c20,2026-07-11T20:05:34.613Z,1783800334613,477948,first_a_sqs_sent_timestamp,2017,22,ok,
low-concurrency-20260711T195542.986124768Z,fair-c20,2026-07-11T20:05:34.64Z,1783800334640,477987,first_a_sqs_sent_timestamp,1995,19,ok,
low-concurrency-20260711T195542.986124768Z,baseline-c20,2026-07-11T20:05:35.619Z,1783800335619,478954,first_a_sqs_sent_timestamp,2018,10,ok,
low-concurrency-20260711T195542.986124768Z,fair-c20,2026-07-11T20:05:35.65Z,1783800335650,478997,first_a_sqs_sent_timestamp,1984,17,ok,
low-concurrency-20260711T195542.986124768Z,baseline-c20,2026-07-11T20:05:36.608Z,1783800336608,479943,first_a_sqs_sent_timestamp,1999,15,ok,
low-concurrency-20260711T195542.986124768Z,fair-c20,2026-07-11T20:05:36.639Z,1783800336639,479986,first_a_sqs_sent_timestamp,1984,17,ok,
low-concurrency-20260711T195542.986124768Z,baseline-c20,2026-07-11T20:05:37.614Z,1783800337614,480949,first_a_sqs_sent_timestamp,2051,14,ok,
low-concurrency-20260711T195542.986124768Z,fair-c20,2026-07-11T20:05:37.642Z,1783800337642,480989,first_a_sqs_sent_timestamp,1994,17,ok,
low-concurrency-20260711T195542.986124768Z,baseline-c20,2026-07-11T20:05:38.615Z,1783800338615,481950,first_a_sqs_sent_timestamp,2050,12,ok,
low-concurrency-20260711T195542.986124768Z,fair-c20,2026-07-11T20:05:38.644Z,1783800338644,481991,first_a_sqs_sent_timestamp,2003,17,ok,
low-concurrency-20260711T195542.986124768Z,baseline-c20,2026-07-11T20:05:39.613Z,1783800339613,482948,first_a_sqs_sent_timestamp,1998,19,ok,
low-concurrency-20260711T195542.986124768Z,fair-c20,2026-07-11T20:05:39.644Z,1783800339644,482991,first_a_sqs_sent_timestamp,1960,21,ok,
low-concurrency-20260711T195542.986124768Z,baseline-c20,2026-07-11T20:05:40.615Z,1783800340615,483950,first_a_sqs_sent_timestamp,1987,15,ok,
low-concurrency-20260711T195542.986124768Z,fair-c20,2026-07-11T20:05:40.642Z,1783800340642,483989,first_a_sqs_sent_timestamp,1960,17,ok,
low-concurrency-20260711T195542.986124768Z,baseline-c20,2026-07-11T20:05:41.614Z,1783800341614,484949,first_a_sqs_sent_timestamp,1982,15,ok,
low-concurrency-20260711T195542.986124768Z,fair-c20,2026-07-11T20:05:41.645Z,1783800341645,484992,first_a_sqs_sent_timestamp,1927,21,ok,
low-concurrency-20260711T195542.986124768Z,baseline-c20,2026-07-11T20:05:42.612Z,1783800342612,485947,first_a_sqs_sent_timestamp,1994,12,ok,
low-concurrency-20260711T195542.986124768Z,fair-c20,2026-07-11T20:05:42.644Z,1783800342644,485991,first_a_sqs_sent_timestamp,1923,18,ok,
low-concurrency-20260711T195542.986124768Z,baseline-c20,2026-07-11T20:05:43.614Z,1783800343614,486949,first_a_sqs_sent_timestamp,1960,20,ok,
low-concurrency-20260711T195542.986124768Z,fair-c20,2026-07-11T20:05:43.645Z,1783800343645,486992,first_a_sqs_sent_timestamp,1927,21,ok,
low-concurrency-20260711T195542.986124768Z,baseline-c20,2026-07-11T20:05:44.615Z,1783800344615,487950,first_a_sqs_sent_timestamp,1959,19,ok,
low-concurrency-20260711T195542.986124768Z,fair-c20,2026-07-11T20:05:44.643Z,1783800344643,487990,first_a_sqs_sent_timestamp,1957,22,ok,
low-concurrency-20260711T195542.986124768Z,baseline-c20,2026-07-11T20:05:45.616Z,1783800345616,488951,first_a_sqs_sent_timestamp,1992,14,ok,
low-concurrency-20260711T195542.986124768Z,fair-c20,2026-07-11T20:05:45.646Z,1783800345646,488993,first_a_sqs_sent_timestamp,1973,23,ok,
low-concurrency-20260711T195542.986124768Z,baseline-c20,2026-07-11T20:05:46.61Z,1783800346610,489945,first_a_sqs_sent_timestamp,1952,13,ok,
low-concurrency-20260711T195542.986124768Z,fair-c20,2026-07-11T20:05:46.638Z,1783800346638,489985,first_a_sqs_sent_timestamp,1904,14,ok,
low-concurrency-20260711T195542.986124768Z,baseline-c20,2026-07-11T20:05:47.614Z,1783800347614,490949,first_a_sqs_sent_timestamp,1929,16,ok,
low-concurrency-20260711T195542.986124768Z,fair-c20,2026-07-11T20:05:47.642Z,1783800347642,490989,first_a_sqs_sent_timestamp,1922,13,ok,
low-concurrency-20260711T195542.986124768Z,baseline-c20,2026-07-11T20:05:48.61Z,1783800348610,491945,first_a_sqs_sent_timestamp,1965,11,ok,
low-concurrency-20260711T195542.986124768Z,fair-c20,2026-07-11T20:05:48.639Z,1783800348639,491986,first_a_sqs_sent_timestamp,1889,18,ok,
low-concurrency-20260711T195542.986124768Z,baseline-c20,2026-07-11T20:05:49.614Z,1783800349614,492949,first_a_sqs_sent_timestamp,1929,16,ok,
low-concurrency-20260711T195542.986124768Z,fair-c20,2026-07-11T20:05:49.642Z,1783800349642,492989,first_a_sqs_sent_timestamp,1889,16,ok,
low-concurrency-20260711T195542.986124768Z,baseline-c20,2026-07-11T20:05:50.615Z,1783800350615,493950,first_a_sqs_sent_timestamp,1976,20,ok,
low-concurrency-20260711T195542.986124768Z,fair-c20,2026-07-11T20:05:50.643Z,1783800350643,493990,first_a_sqs_sent_timestamp,1889,18,ok,
low-concurrency-20260711T195542.986124768Z,baseline-c20,2026-07-11T20:05:51.609Z,1783800351609,494944,first_a_sqs_sent_timestamp,1934,16,ok,
low-concurrency-20260711T195542.986124768Z,fair-c20,2026-07-11T20:05:51.637Z,1783800351637,494984,first_a_sqs_sent_timestamp,1951,22,ok,
low-concurrency-20260711T195542.986124768Z,baseline-c20,2026-07-11T20:05:52.615Z,1783800352615,495950,first_a_sqs_sent_timestamp,1921,22,ok,
low-concurrency-20260711T195542.986124768Z,fair-c20,2026-07-11T20:05:52.648Z,1783800352648,495995,first_a_sqs_sent_timestamp,1911,21,ok,
low-concurrency-20260711T195542.986124768Z,baseline-c20,2026-07-11T20:05:53.608Z,1783800353608,496943,first_a_sqs_sent_timestamp,1915,16,ok,
low-concurrency-20260711T195542.986124768Z,fair-c20,2026-07-11T20:05:53.642Z,1783800353642,496989,first_a_sqs_sent_timestamp,1888,14,ok,
low-concurrency-20260711T195542.986124768Z,baseline-c20,2026-07-11T20:05:54.612Z,1783800354612,497947,first_a_sqs_sent_timestamp,1942,19,ok,
low-concurrency-20260711T195542.986124768Z,fair-c20,2026-07-11T20:05:54.642Z,1783800354642,497989,first_a_sqs_sent_timestamp,1862,17,ok,
low-concurrency-20260711T195542.986124768Z,baseline-c20,2026-07-11T20:05:55.61Z,1783800355610,498945,first_a_sqs_sent_timestamp,1871,13,ok,
low-concurrency-20260711T195542.986124768Z,fair-c20,2026-07-11T20:05:55.644Z,1783800355644,498991,first_a_sqs_sent_timestamp,1864,19,ok,
low-concurrency-20260711T195542.986124768Z,baseline-c20,2026-07-11T20:05:56.614Z,1783800356614,499949,first_a_sqs_sent_timestamp,1895,18,ok,
low-concurrency-20260711T195542.986124768Z,fair-c20,2026-07-11T20:05:56.64Z,1783800356640,499987,first_a_sqs_sent_timestamp,1837,20,ok,
low-concurrency-20260711T195542.986124768Z,baseline-c20,2026-07-11T20:05:57.614Z,1783800357614,500949,first_a_sqs_sent_timestamp,1882,20,ok,
low-concurrency-20260711T195542.986124768Z,fair-c20,2026-07-11T20:05:57.646Z,1783800357646,500993,first_a_sqs_sent_timestamp,1840,19,ok,
low-concurrency-20260711T195542.986124768Z,baseline-c20,2026-07-11T20:05:58.613Z,1783800358613,501948,first_a_sqs_sent_timestamp,1899,16,ok,
low-concurrency-20260711T195542.986124768Z,fair-c20,2026-07-11T20:05:58.64Z,1783800358640,501987,first_a_sqs_sent_timestamp,1847,15,ok,
low-concurrency-20260711T195542.986124768Z,baseline-c20,2026-07-11T20:05:59.614Z,1783800359614,502949,first_a_sqs_sent_timestamp,1883,11,ok,
low-concurrency-20260711T195542.986124768Z,fair-c20,2026-07-11T20:05:59.645Z,1783800359645,502992,first_a_sqs_sent_timestamp,1816,23,ok,
low-concurrency-20260711T195542.986124768Z,baseline-c20,2026-07-11T20:06:00.615Z,1783800360615,503950,first_a_sqs_sent_timestamp,1863,12,ok,
low-concurrency-20260711T195542.986124768Z,fair-c20,2026-07-11T20:06:00.644Z,1783800360644,503991,first_a_sqs_sent_timestamp,1818,17,ok,
low-concurrency-20260711T195542.986124768Z,baseline-c20,2026-07-11T20:06:01.61Z,1783800361610,504945,first_a_sqs_sent_timestamp,1854,14,ok,
low-concurrency-20260711T195542.986124768Z,fair-c20,2026-07-11T20:06:01.639Z,1783800361639,504986,first_a_sqs_sent_timestamp,1905,20,ok,
low-concurrency-20260711T195542.986124768Z,baseline-c20,2026-07-11T20:06:02.61Z,1783800362610,505945,first_a_sqs_sent_timestamp,1885,20,ok,
low-concurrency-20260711T195542.986124768Z,fair-c20,2026-07-11T20:06:02.637Z,1783800362637,505984,first_a_sqs_sent_timestamp,1866,23,ok,
low-concurrency-20260711T195542.986124768Z,baseline-c20,2026-07-11T20:06:03.616Z,1783800363616,506951,first_a_sqs_sent_timestamp,1868,18,ok,
low-concurrency-20260711T195542.986124768Z,fair-c20,2026-07-11T20:06:03.644Z,1783800363644,506991,first_a_sqs_sent_timestamp,1903,17,ok,
low-concurrency-20260711T195542.986124768Z,baseline-c20,2026-07-11T20:06:04.611Z,1783800364611,507946,first_a_sqs_sent_timestamp,1824,17,ok,
low-concurrency-20260711T195542.986124768Z,fair-c20,2026-07-11T20:06:04.643Z,1783800364643,507990,first_a_sqs_sent_timestamp,1857,20,ok,
low-concurrency-20260711T195542.986124768Z,baseline-c20,2026-07-11T20:06:05.609Z,1783800365609,508944,first_a_sqs_sent_timestamp,1823,12,ok,
low-concurrency-20260711T195542.986124768Z,fair-c20,2026-07-11T20:06:05.641Z,1783800365641,508988,first_a_sqs_sent_timestamp,1836,15,ok,
low-concurrency-20260711T195542.986124768Z,baseline-c20,2026-07-11T20:06:06.61Z,1783800366610,509945,first_a_sqs_sent_timestamp,1896,11,ok,
low-concurrency-20260711T195542.986124768Z,fair-c20,2026-07-11T20:06:06.643Z,1783800366643,509990,first_a_sqs_sent_timestamp,1771,17,ok,
low-concurrency-20260711T195542.986124768Z,baseline-c20,2026-07-11T20:06:07.615Z,1783800367615,510950,first_a_sqs_sent_timestamp,1846,16,ok,
low-concurrency-20260711T195542.986124768Z,fair-c20,2026-07-11T20:06:07.647Z,1783800367647,510994,first_a_sqs_sent_timestamp,1759,21,ok,
low-concurrency-20260711T195542.986124768Z,baseline-c20,2026-07-11T20:06:08.608Z,1783800368608,511943,first_a_sqs_sent_timestamp,1816,19,ok,
low-concurrency-20260711T195542.986124768Z,fair-c20,2026-07-11T20:06:08.642Z,1783800368642,511989,first_a_sqs_sent_timestamp,1785,10,ok,
low-concurrency-20260711T195542.986124768Z,baseline-c20,2026-07-11T20:06:09.614Z,1783800369614,512949,first_a_sqs_sent_timestamp,1799,15,ok,
low-concurrency-20260711T195542.986124768Z,fair-c20,2026-07-11T20:06:09.644Z,1783800369644,512991,first_a_sqs_sent_timestamp,1776,14,ok,
low-concurrency-20260711T195542.986124768Z,baseline-c20,2026-07-11T20:06:10.614Z,1783800370614,513949,first_a_sqs_sent_timestamp,1853,8,ok,
low-concurrency-20260711T195542.986124768Z,fair-c20,2026-07-11T20:06:10.648Z,1783800370648,513995,first_a_sqs_sent_timestamp,1748,17,ok,
low-concurrency-20260711T195542.986124768Z,baseline-c20,2026-07-11T20:06:11.616Z,1783800371616,514951,first_a_sqs_sent_timestamp,1778,24,ok,
low-concurrency-20260711T195542.986124768Z,fair-c20,2026-07-11T20:06:11.648Z,1783800371648,514995,first_a_sqs_sent_timestamp,1777,19,ok,
low-concurrency-20260711T195542.986124768Z,baseline-c20,2026-07-11T20:06:12.612Z,1783800372612,515947,first_a_sqs_sent_timestamp,1808,15,ok,
low-concurrency-20260711T195542.986124768Z,fair-c20,2026-07-11T20:06:12.644Z,1783800372644,515991,first_a_sqs_sent_timestamp,1773,21,ok,
low-concurrency-20260711T195542.986124768Z,baseline-c20,2026-07-11T20:06:13.615Z,1783800373615,516950,first_a_sqs_sent_timestamp,1788,18,ok,
low-concurrency-20260711T195542.986124768Z,fair-c20,2026-07-11T20:06:13.643Z,1783800373643,516990,first_a_sqs_sent_timestamp,1735,19,ok,
low-concurrency-20260711T195542.986124768Z,baseline-c20,2026-07-11T20:06:14.616Z,1783800374616,517951,first_a_sqs_sent_timestamp,1825,20,ok,
low-concurrency-20260711T195542.986124768Z,fair-c20,2026-07-11T20:06:14.652Z,1783800374652,517999,first_a_sqs_sent_timestamp,1743,14,ok,
low-concurrency-20260711T195542.986124768Z,baseline-c20,2026-07-11T20:06:15.615Z,1783800375615,518950,first_a_sqs_sent_timestamp,1757,16,ok,
low-concurrency-20260711T195542.986124768Z,fair-c20,2026-07-11T20:06:15.644Z,1783800375644,518991,first_a_sqs_sent_timestamp,1721,20,ok,
low-concurrency-20260711T195542.986124768Z,baseline-c20,2026-07-11T20:06:16.61Z,1783800376610,519945,first_a_sqs_sent_timestamp,1775,14,ok,
low-concurrency-20260711T195542.986124768Z,fair-c20,2026-07-11T20:06:16.643Z,1783800376643,519990,first_a_sqs_sent_timestamp,1719,18,ok,
low-concurrency-20260711T195542.986124768Z,baseline-c20,2026-07-11T20:06:17.616Z,1783800377616,520951,first_a_sqs_sent_timestamp,1797,20,ok,
low-concurrency-20260711T195542.986124768Z,fair-c20,2026-07-11T20:06:17.645Z,1783800377645,520992,first_a_sqs_sent_timestamp,1701,19,ok,
low-concurrency-20260711T195542.986124768Z,baseline-c20,2026-07-11T20:06:18.611Z,1783800378611,521946,first_a_sqs_sent_timestamp,1745,16,ok,
low-concurrency-20260711T195542.986124768Z,fair-c20,2026-07-11T20:06:18.644Z,1783800378644,521991,first_a_sqs_sent_timestamp,1726,17,ok,
low-concurrency-20260711T195542.986124768Z,baseline-c20,2026-07-11T20:06:19.616Z,1783800379616,522951,first_a_sqs_sent_timestamp,1746,13,ok,
low-concurrency-20260711T195542.986124768Z,fair-c20,2026-07-11T20:06:19.646Z,1783800379646,522993,first_a_sqs_sent_timestamp,1686,18,ok,
low-concurrency-20260711T195542.986124768Z,baseline-c20,2026-07-11T20:06:20.611Z,1783800380611,523946,first_a_sqs_sent_timestamp,1723,15,ok,
low-concurrency-20260711T195542.986124768Z,fair-c20,2026-07-11T20:06:20.643Z,1783800380643,523990,first_a_sqs_sent_timestamp,1703,17,ok,
low-concurrency-20260711T195542.986124768Z,baseline-c20,2026-07-11T20:06:21.619Z,1783800381619,524954,first_a_sqs_sent_timestamp,1748,13,ok,
low-concurrency-20260711T195542.986124768Z,fair-c20,2026-07-11T20:06:21.649Z,1783800381649,524996,first_a_sqs_sent_timestamp,1702,17,ok,
low-concurrency-20260711T195542.986124768Z,baseline-c20,2026-07-11T20:06:22.611Z,1783800382611,525946,first_a_sqs_sent_timestamp,1704,16,ok,
low-concurrency-20260711T195542.986124768Z,fair-c20,2026-07-11T20:06:22.643Z,1783800382643,525990,first_a_sqs_sent_timestamp,1691,17,ok,
low-concurrency-20260711T195542.986124768Z,baseline-c20,2026-07-11T20:06:23.615Z,1783800383615,526950,first_a_sqs_sent_timestamp,1725,17,ok,
low-concurrency-20260711T195542.986124768Z,fair-c20,2026-07-11T20:06:23.647Z,1783800383647,526994,first_a_sqs_sent_timestamp,1699,19,ok,
low-concurrency-20260711T195542.986124768Z,baseline-c20,2026-07-11T20:06:24.617Z,1783800384617,527952,first_a_sqs_sent_timestamp,1766,18,ok,
low-concurrency-20260711T195542.986124768Z,fair-c20,2026-07-11T20:06:24.646Z,1783800384646,527993,first_a_sqs_sent_timestamp,1657,16,ok,
low-concurrency-20260711T195542.986124768Z,baseline-c20,2026-07-11T20:06:25.62Z,1783800385620,528955,first_a_sqs_sent_timestamp,1725,17,ok,
low-concurrency-20260711T195542.986124768Z,fair-c20,2026-07-11T20:06:25.652Z,1783800385652,528999,first_a_sqs_sent_timestamp,1667,16,ok,
low-concurrency-20260711T195542.986124768Z,baseline-c20,2026-07-11T20:06:26.615Z,1783800386615,529950,first_a_sqs_sent_timestamp,1702,15,ok,
low-concurrency-20260711T195542.986124768Z,fair-c20,2026-07-11T20:06:26.654Z,1783800386654,530001,first_a_sqs_sent_timestamp,1663,15,ok,
low-concurrency-20260711T195542.986124768Z,baseline-c20,2026-07-11T20:06:27.618Z,1783800387618,530953,first_a_sqs_sent_timestamp,1704,16,ok,
low-concurrency-20260711T195542.986124768Z,fair-c20,2026-07-11T20:06:27.648Z,1783800387648,530995,first_a_sqs_sent_timestamp,1643,12,ok,
low-concurrency-20260711T195542.986124768Z,baseline-c20,2026-07-11T20:06:28.61Z,1783800388610,531945,first_a_sqs_sent_timestamp,1683,14,ok,
low-concurrency-20260711T195542.986124768Z,fair-c20,2026-07-11T20:06:28.644Z,1783800388644,531991,first_a_sqs_sent_timestamp,1642,15,ok,
low-concurrency-20260711T195542.986124768Z,baseline-c20,2026-07-11T20:06:29.613Z,1783800389613,532948,first_a_sqs_sent_timestamp,1684,19,ok,
low-concurrency-20260711T195542.986124768Z,fair-c20,2026-07-11T20:06:29.645Z,1783800389645,532992,first_a_sqs_sent_timestamp,1649,13,ok,
low-concurrency-20260711T195542.986124768Z,baseline-c20,2026-07-11T20:06:30.617Z,1783800390617,533952,first_a_sqs_sent_timestamp,1728,14,ok,
low-concurrency-20260711T195542.986124768Z,fair-c20,2026-07-11T20:06:30.652Z,1783800390652,533999,first_a_sqs_sent_timestamp,1626,11,ok,
low-concurrency-20260711T195542.986124768Z,baseline-c20,2026-07-11T20:06:31.614Z,1783800391614,534949,first_a_sqs_sent_timestamp,1663,17,ok,
low-concurrency-20260711T195542.986124768Z,fair-c20,2026-07-11T20:06:31.641Z,1783800391641,534988,first_a_sqs_sent_timestamp,1659,17,ok,
low-concurrency-20260711T195542.986124768Z,baseline-c20,2026-07-11T20:06:32.616Z,1783800392616,535951,first_a_sqs_sent_timestamp,1704,14,ok,
low-concurrency-20260711T195542.986124768Z,fair-c20,2026-07-11T20:06:32.649Z,1783800392649,535996,first_a_sqs_sent_timestamp,1703,14,ok,
low-concurrency-20260711T195542.986124768Z,baseline-c20,2026-07-11T20:06:33.613Z,1783800393613,536948,first_a_sqs_sent_timestamp,1665,19,ok,
low-concurrency-20260711T195542.986124768Z,fair-c20,2026-07-11T20:06:33.647Z,1783800393647,536994,first_a_sqs_sent_timestamp,1620,14,ok,
low-concurrency-20260711T195542.986124768Z,baseline-c20,2026-07-11T20:06:34.61Z,1783800394610,537945,first_a_sqs_sent_timestamp,1636,20,ok,
low-concurrency-20260711T195542.986124768Z,fair-c20,2026-07-11T20:06:34.643Z,1783800394643,537990,first_a_sqs_sent_timestamp,1599,15,ok,
low-concurrency-20260711T195542.986124768Z,baseline-c20,2026-07-11T20:06:35.621Z,1783800395621,538956,first_a_sqs_sent_timestamp,1623,19,ok,
low-concurrency-20260711T195542.986124768Z,fair-c20,2026-07-11T20:06:35.651Z,1783800395651,538998,first_a_sqs_sent_timestamp,1630,14,ok,
low-concurrency-20260711T195542.986124768Z,baseline-c20,2026-07-11T20:06:36.618Z,1783800396618,539953,first_a_sqs_sent_timestamp,1642,15,ok,
low-concurrency-20260711T195542.986124768Z,fair-c20,2026-07-11T20:06:36.647Z,1783800396647,539994,first_a_sqs_sent_timestamp,1595,13,ok,
low-concurrency-20260711T195542.986124768Z,baseline-c20,2026-07-11T20:06:37.616Z,1783800397616,540951,first_a_sqs_sent_timestamp,1647,19,ok,
low-concurrency-20260711T195542.986124768Z,fair-c20,2026-07-11T20:06:37.643Z,1783800397643,540990,first_a_sqs_sent_timestamp,1617,12,ok,
low-concurrency-20260711T195542.986124768Z,baseline-c20,2026-07-11T20:06:38.613Z,1783800398613,541948,first_a_sqs_sent_timestamp,1732,15,ok,
low-concurrency-20260711T195542.986124768Z,fair-c20,2026-07-11T20:06:38.64Z,1783800398640,541987,first_a_sqs_sent_timestamp,1570,17,ok,
low-concurrency-20260711T195542.986124768Z,baseline-c20,2026-07-11T20:06:39.609Z,1783800399609,542944,first_a_sqs_sent_timestamp,1690,19,ok,
low-concurrency-20260711T195542.986124768Z,fair-c20,2026-07-11T20:06:39.641Z,1783800399641,542988,first_a_sqs_sent_timestamp,1579,16,ok,
low-concurrency-20260711T195542.986124768Z,baseline-c20,2026-07-11T20:06:40.611Z,1783800400611,543946,first_a_sqs_sent_timestamp,1632,20,ok,
low-concurrency-20260711T195542.986124768Z,fair-c20,2026-07-11T20:06:40.639Z,1783800400639,543986,first_a_sqs_sent_timestamp,1625,20,ok,
low-concurrency-20260711T195542.986124768Z,baseline-c20,2026-07-11T20:06:41.615Z,1783800401615,544950,first_a_sqs_sent_timestamp,1592,18,ok,
low-concurrency-20260711T195542.986124768Z,fair-c20,2026-07-11T20:06:41.65Z,1783800401650,544997,first_a_sqs_sent_timestamp,1579,16,ok,
low-concurrency-20260711T195542.986124768Z,baseline-c20,2026-07-11T20:06:42.609Z,1783800402609,545944,first_a_sqs_sent_timestamp,1581,20,ok,
low-concurrency-20260711T195542.986124768Z,fair-c20,2026-07-11T20:06:42.644Z,1783800402644,545991,first_a_sqs_sent_timestamp,1630,15,ok,
low-concurrency-20260711T195542.986124768Z,baseline-c20,2026-07-11T20:06:43.609Z,1783800403609,546944,first_a_sqs_sent_timestamp,1605,21,ok,
low-concurrency-20260711T195542.986124768Z,fair-c20,2026-07-11T20:06:43.644Z,1783800403644,546991,first_a_sqs_sent_timestamp,1568,15,ok,
low-concurrency-20260711T195542.986124768Z,baseline-c20,2026-07-11T20:06:44.611Z,1783800404611,547946,first_a_sqs_sent_timestamp,1633,13,ok,
low-concurrency-20260711T195542.986124768Z,fair-c20,2026-07-11T20:06:44.643Z,1783800404643,547990,first_a_sqs_sent_timestamp,1533,15,ok,
low-concurrency-20260711T195542.986124768Z,baseline-c20,2026-07-11T20:06:45.611Z,1783800405611,548946,first_a_sqs_sent_timestamp,1579,14,ok,
low-concurrency-20260711T195542.986124768Z,fair-c20,2026-07-11T20:06:45.641Z,1783800405641,548988,first_a_sqs_sent_timestamp,1535,19,ok,
low-concurrency-20260711T195542.986124768Z,baseline-c20,2026-07-11T20:06:46.612Z,1783800406612,549947,first_a_sqs_sent_timestamp,1563,21,ok,
low-concurrency-20260711T195542.986124768Z,fair-c20,2026-07-11T20:06:46.642Z,1783800406642,549989,first_a_sqs_sent_timestamp,1543,11,ok,
low-concurrency-20260711T195542.986124768Z,baseline-c20,2026-07-11T20:06:47.62Z,1783800407620,550955,first_a_sqs_sent_timestamp,1620,18,ok,
low-concurrency-20260711T195542.986124768Z,fair-c20,2026-07-11T20:06:47.654Z,1783800407654,551001,first_a_sqs_sent_timestamp,1528,12,ok,
low-concurrency-20260711T195542.986124768Z,baseline-c20,2026-07-11T20:06:48.61Z,1783800408610,551945,first_a_sqs_sent_timestamp,1569,15,ok,
low-concurrency-20260711T195542.986124768Z,fair-c20,2026-07-11T20:06:48.643Z,1783800408643,551990,first_a_sqs_sent_timestamp,1529,12,ok,
low-concurrency-20260711T195542.986124768Z,baseline-c20,2026-07-11T20:06:49.61Z,1783800409610,552945,first_a_sqs_sent_timestamp,1571,10,ok,
low-concurrency-20260711T195542.986124768Z,fair-c20,2026-07-11T20:06:49.641Z,1783800409641,552988,first_a_sqs_sent_timestamp,1528,19,ok,
low-concurrency-20260711T195542.986124768Z,baseline-c20,2026-07-11T20:06:50.611Z,1783800410611,553946,first_a_sqs_sent_timestamp,1550,22,ok,
low-concurrency-20260711T195542.986124768Z,fair-c20,2026-07-11T20:06:50.641Z,1783800410641,553988,first_a_sqs_sent_timestamp,1533,15,ok,
low-concurrency-20260711T195542.986124768Z,baseline-c20,2026-07-11T20:06:51.615Z,1783800411615,554950,first_a_sqs_sent_timestamp,1524,18,ok,
low-concurrency-20260711T195542.986124768Z,fair-c20,2026-07-11T20:06:51.649Z,1783800411649,554996,first_a_sqs_sent_timestamp,1493,15,ok,
low-concurrency-20260711T195542.986124768Z,baseline-c20,2026-07-11T20:06:52.619Z,1783800412619,555954,first_a_sqs_sent_timestamp,1535,16,ok,
low-concurrency-20260711T195542.986124768Z,fair-c20,2026-07-11T20:06:52.653Z,1783800412653,556000,first_a_sqs_sent_timestamp,1553,16,ok,
low-concurrency-20260711T195542.986124768Z,baseline-c20,2026-07-11T20:06:53.609Z,1783800413609,556944,first_a_sqs_sent_timestamp,1535,20,ok,
low-concurrency-20260711T195542.986124768Z,fair-c20,2026-07-11T20:06:53.639Z,1783800413639,556986,first_a_sqs_sent_timestamp,1540,14,ok,
low-concurrency-20260711T195542.986124768Z,baseline-c20,2026-07-11T20:06:54.618Z,1783800414618,557953,first_a_sqs_sent_timestamp,1538,15,ok,
low-concurrency-20260711T195542.986124768Z,fair-c20,2026-07-11T20:06:54.651Z,1783800414651,557998,first_a_sqs_sent_timestamp,1481,19,ok,
low-concurrency-20260711T195542.986124768Z,baseline-c20,2026-07-11T20:06:55.613Z,1783800415613,558948,first_a_sqs_sent_timestamp,1496,15,ok,
low-concurrency-20260711T195542.986124768Z,fair-c20,2026-07-11T20:06:55.65Z,1783800415650,558997,first_a_sqs_sent_timestamp,1461,19,ok,
low-concurrency-20260711T195542.986124768Z,baseline-c20,2026-07-11T20:06:56.617Z,1783800416617,559952,first_a_sqs_sent_timestamp,1554,15,ok,
low-concurrency-20260711T195542.986124768Z,fair-c20,2026-07-11T20:06:56.65Z,1783800416650,559997,first_a_sqs_sent_timestamp,1456,21,ok,
low-concurrency-20260711T195542.986124768Z,baseline-c20,2026-07-11T20:06:57.616Z,1783800417616,560951,first_a_sqs_sent_timestamp,1502,16,ok,
low-concurrency-20260711T195542.986124768Z,fair-c20,2026-07-11T20:06:57.647Z,1783800417647,560994,first_a_sqs_sent_timestamp,1540,18,ok,
low-concurrency-20260711T195542.986124768Z,baseline-c20,2026-07-11T20:06:58.613Z,1783800418613,561948,first_a_sqs_sent_timestamp,1522,19,ok,
low-concurrency-20260711T195542.986124768Z,fair-c20,2026-07-11T20:06:58.642Z,1783800418642,561989,first_a_sqs_sent_timestamp,1465,20,ok,
low-concurrency-20260711T195542.986124768Z,baseline-c20,2026-07-11T20:06:59.614Z,1783800419614,562949,first_a_sqs_sent_timestamp,1488,19,ok,
low-concurrency-20260711T195542.986124768Z,fair-c20,2026-07-11T20:06:59.642Z,1783800419642,562989,first_a_sqs_sent_timestamp,1443,23,ok,
low-concurrency-20260711T195542.986124768Z,baseline-c20,2026-07-11T20:07:00.612Z,1783800420612,563947,first_a_sqs_sent_timestamp,1573,21,ok,
low-concurrency-20260711T195542.986124768Z,fair-c20,2026-07-11T20:07:00.646Z,1783800420646,563993,first_a_sqs_sent_timestamp,1440,20,ok,
low-concurrency-20260711T195542.986124768Z,baseline-c20,2026-07-11T20:07:01.608Z,1783800421608,564943,first_a_sqs_sent_timestamp,1477,14,ok,
low-concurrency-20260711T195542.986124768Z,fair-c20,2026-07-11T20:07:01.643Z,1783800421643,564990,first_a_sqs_sent_timestamp,1482,16,ok,
low-concurrency-20260711T195542.986124768Z,baseline-c20,2026-07-11T20:07:02.609Z,1783800422609,565944,first_a_sqs_sent_timestamp,1560,19,ok,
low-concurrency-20260711T195542.986124768Z,fair-c20,2026-07-11T20:07:02.638Z,1783800422638,565985,first_a_sqs_sent_timestamp,1446,16,ok,
low-concurrency-20260711T195542.986124768Z,baseline-c20,2026-07-11T20:07:03.61Z,1783800423610,566945,first_a_sqs_sent_timestamp,1457,10,ok,
low-concurrency-20260711T195542.986124768Z,fair-c20,2026-07-11T20:07:03.644Z,1783800423644,566991,first_a_sqs_sent_timestamp,1417,19,ok,
low-concurrency-20260711T195542.986124768Z,baseline-c20,2026-07-11T20:07:04.617Z,1783800424617,567952,first_a_sqs_sent_timestamp,1459,15,ok,
low-concurrency-20260711T195542.986124768Z,fair-c20,2026-07-11T20:07:04.645Z,1783800424645,567992,first_a_sqs_sent_timestamp,1468,17,ok,
low-concurrency-20260711T195542.986124768Z,baseline-c20,2026-07-11T20:07:05.61Z,1783800425610,568945,first_a_sqs_sent_timestamp,1487,12,ok,
low-concurrency-20260711T195542.986124768Z,fair-c20,2026-07-11T20:07:05.641Z,1783800425641,568988,first_a_sqs_sent_timestamp,1403,21,ok,
low-concurrency-20260711T195542.986124768Z,baseline-c20,2026-07-11T20:07:06.608Z,1783800426608,569943,first_a_sqs_sent_timestamp,1461,13,ok,
low-concurrency-20260711T195542.986124768Z,fair-c20,2026-07-11T20:07:06.639Z,1783800426639,569986,first_a_sqs_sent_timestamp,1458,17,ok,
low-concurrency-20260711T195542.986124768Z,baseline-c20,2026-07-11T20:07:07.611Z,1783800427611,570946,first_a_sqs_sent_timestamp,1447,13,ok,
low-concurrency-20260711T195542.986124768Z,fair-c20,2026-07-11T20:07:07.639Z,1783800427639,570986,first_a_sqs_sent_timestamp,1378,14,ok,
low-concurrency-20260711T195542.986124768Z,baseline-c20,2026-07-11T20:07:08.612Z,1783800428612,571947,first_a_sqs_sent_timestamp,1447,18,ok,
low-concurrency-20260711T195542.986124768Z,fair-c20,2026-07-11T20:07:08.643Z,1783800428643,571990,first_a_sqs_sent_timestamp,1402,17,ok,
low-concurrency-20260711T195542.986124768Z,baseline-c20,2026-07-11T20:07:09.617Z,1783800429617,572952,first_a_sqs_sent_timestamp,1474,15,ok,
low-concurrency-20260711T195542.986124768Z,fair-c20,2026-07-11T20:07:09.651Z,1783800429651,572998,first_a_sqs_sent_timestamp,1365,14,ok,
low-concurrency-20260711T195542.986124768Z,baseline-c20,2026-07-11T20:07:10.617Z,1783800430617,573952,first_a_sqs_sent_timestamp,1426,15,ok,
low-concurrency-20260711T195542.986124768Z,fair-c20,2026-07-11T20:07:10.65Z,1783800430650,573997,first_a_sqs_sent_timestamp,1389,22,ok,
low-concurrency-20260711T195542.986124768Z,baseline-c20,2026-07-11T20:07:11.61Z,1783800431610,574945,first_a_sqs_sent_timestamp,1411,14,ok,
low-concurrency-20260711T195542.986124768Z,fair-c20,2026-07-11T20:07:11.639Z,1783800431639,574986,first_a_sqs_sent_timestamp,1353,21,ok,
low-concurrency-20260711T195542.986124768Z,baseline-c20,2026-07-11T20:07:12.615Z,1783800432615,575950,first_a_sqs_sent_timestamp,1412,16,ok,
low-concurrency-20260711T195542.986124768Z,fair-c20,2026-07-11T20:07:12.646Z,1783800432646,575993,first_a_sqs_sent_timestamp,1381,14,ok,
low-concurrency-20260711T195542.986124768Z,baseline-c20,2026-07-11T20:07:13.611Z,1783800433611,576946,first_a_sqs_sent_timestamp,1450,22,ok,
low-concurrency-20260711T195542.986124768Z,fair-c20,2026-07-11T20:07:13.64Z,1783800433640,576987,first_a_sqs_sent_timestamp,1367,12,ok,
low-concurrency-20260711T195542.986124768Z,baseline-c20,2026-07-11T20:07:14.615Z,1783800434615,577950,first_a_sqs_sent_timestamp,1418,22,ok,
low-concurrency-20260711T195542.986124768Z,fair-c20,2026-07-11T20:07:14.649Z,1783800434649,577996,first_a_sqs_sent_timestamp,1350,12,ok,
low-concurrency-20260711T195542.986124768Z,baseline-c20,2026-07-11T20:07:15.612Z,1783800435612,578947,first_a_sqs_sent_timestamp,1396,20,ok,
low-concurrency-20260711T195542.986124768Z,fair-c20,2026-07-11T20:07:15.643Z,1783800435643,578990,first_a_sqs_sent_timestamp,1356,17,ok,
low-concurrency-20260711T195542.986124768Z,baseline-c20,2026-07-11T20:07:16.619Z,1783800436619,579954,first_a_sqs_sent_timestamp,1438,12,ok,
low-concurrency-20260711T195542.986124768Z,fair-c20,2026-07-11T20:07:16.65Z,1783800436650,579997,first_a_sqs_sent_timestamp,1326,17,ok,
low-concurrency-20260711T195542.986124768Z,baseline-c20,2026-07-11T20:07:17.609Z,1783800437609,580944,first_a_sqs_sent_timestamp,1364,17,ok,
low-concurrency-20260711T195542.986124768Z,fair-c20,2026-07-11T20:07:17.641Z,1783800437641,580988,first_a_sqs_sent_timestamp,1336,18,ok,
low-concurrency-20260711T195542.986124768Z,baseline-c20,2026-07-11T20:07:18.612Z,1783800438612,581947,first_a_sqs_sent_timestamp,1385,19,ok,
low-concurrency-20260711T195542.986124768Z,fair-c20,2026-07-11T20:07:18.651Z,1783800438651,581998,first_a_sqs_sent_timestamp,1366,18,ok,
low-concurrency-20260711T195542.986124768Z,baseline-c20,2026-07-11T20:07:19.614Z,1783800439614,582949,first_a_sqs_sent_timestamp,1414,15,ok,
low-concurrency-20260711T195542.986124768Z,fair-c20,2026-07-11T20:07:19.643Z,1783800439643,582990,first_a_sqs_sent_timestamp,1388,19,ok,
low-concurrency-20260711T195542.986124768Z,baseline-c20,2026-07-11T20:07:20.613Z,1783800440613,583948,first_a_sqs_sent_timestamp,1357,14,ok,
low-concurrency-20260711T195542.986124768Z,fair-c20,2026-07-11T20:07:20.643Z,1783800440643,583990,first_a_sqs_sent_timestamp,1289,14,ok,
low-concurrency-20260711T195542.986124768Z,baseline-c20,2026-07-11T20:07:21.617Z,1783800441617,584952,first_a_sqs_sent_timestamp,1366,17,ok,
low-concurrency-20260711T195542.986124768Z,fair-c20,2026-07-11T20:07:21.65Z,1783800441650,584997,first_a_sqs_sent_timestamp,1359,22,ok,
low-concurrency-20260711T195542.986124768Z,baseline-c20,2026-07-11T20:07:22.616Z,1783800442616,585951,first_a_sqs_sent_timestamp,1376,17,ok,
low-concurrency-20260711T195542.986124768Z,fair-c20,2026-07-11T20:07:22.649Z,1783800442649,585996,first_a_sqs_sent_timestamp,1326,21,ok,
low-concurrency-20260711T195542.986124768Z,baseline-c20,2026-07-11T20:07:23.612Z,1783800443612,586947,first_a_sqs_sent_timestamp,1349,19,ok,
low-concurrency-20260711T195542.986124768Z,fair-c20,2026-07-11T20:07:23.642Z,1783800443642,586989,first_a_sqs_sent_timestamp,1317,20,ok,
low-concurrency-20260711T195542.986124768Z,baseline-c20,2026-07-11T20:07:24.618Z,1783800444618,587953,first_a_sqs_sent_timestamp,1330,16,ok,
low-concurrency-20260711T195542.986124768Z,fair-c20,2026-07-11T20:07:24.649Z,1783800444649,587996,first_a_sqs_sent_timestamp,1262,17,ok,
low-concurrency-20260711T195542.986124768Z,baseline-c20,2026-07-11T20:07:25.612Z,1783800445612,588947,first_a_sqs_sent_timestamp,1372,17,ok,
low-concurrency-20260711T195542.986124768Z,fair-c20,2026-07-11T20:07:25.643Z,1783800445643,588990,first_a_sqs_sent_timestamp,1278,20,ok,
low-concurrency-20260711T195542.986124768Z,baseline-c20,2026-07-11T20:07:26.611Z,1783800446611,589946,first_a_sqs_sent_timestamp,1338,17,ok,
low-concurrency-20260711T195542.986124768Z,fair-c20,2026-07-11T20:07:26.638Z,1783800446638,589985,first_a_sqs_sent_timestamp,1259,15,ok,
low-concurrency-20260711T195542.986124768Z,baseline-c20,2026-07-11T20:07:27.611Z,1783800447611,590946,first_a_sqs_sent_timestamp,1367,18,ok,
low-concurrency-20260711T195542.986124768Z,fair-c20,2026-07-11T20:07:27.64Z,1783800447640,590987,first_a_sqs_sent_timestamp,1275,14,ok,
low-concurrency-20260711T195542.986124768Z,baseline-c20,2026-07-11T20:07:28.616Z,1783800448616,591951,first_a_sqs_sent_timestamp,1383,18,ok,
low-concurrency-20260711T195542.986124768Z,fair-c20,2026-07-11T20:07:28.647Z,1783800448647,591994,first_a_sqs_sent_timestamp,1274,19,ok,
low-concurrency-20260711T195542.986124768Z,baseline-c20,2026-07-11T20:07:29.611Z,1783800449611,592946,first_a_sqs_sent_timestamp,1321,15,ok,
low-concurrency-20260711T195542.986124768Z,fair-c20,2026-07-11T20:07:29.643Z,1783800449643,592990,first_a_sqs_sent_timestamp,1243,17,ok,
low-concurrency-20260711T195542.986124768Z,baseline-c20,2026-07-11T20:07:30.617Z,1783800450617,593952,first_a_sqs_sent_timestamp,1281,14,ok,
low-concurrency-20260711T195542.986124768Z,fair-c20,2026-07-11T20:07:30.644Z,1783800450644,593991,first_a_sqs_sent_timestamp,1275,17,ok,
low-concurrency-20260711T195542.986124768Z,baseline-c20,2026-07-11T20:07:31.612Z,1783800451612,594947,first_a_sqs_sent_timestamp,1281,14,ok,
low-concurrency-20260711T195542.986124768Z,fair-c20,2026-07-11T20:07:31.645Z,1783800451645,594992,first_a_sqs_sent_timestamp,1234,17,ok,
low-concurrency-20260711T195542.986124768Z,baseline-c20,2026-07-11T20:07:32.61Z,1783800452610,595945,first_a_sqs_sent_timestamp,1292,20,ok,
low-concurrency-20260711T195542.986124768Z,fair-c20,2026-07-11T20:07:32.641Z,1783800452641,595988,first_a_sqs_sent_timestamp,1283,14,ok,
low-concurrency-20260711T195542.986124768Z,baseline-c20,2026-07-11T20:07:33.61Z,1783800453610,596945,first_a_sqs_sent_timestamp,1281,14,ok,
low-concurrency-20260711T195542.986124768Z,fair-c20,2026-07-11T20:07:33.643Z,1783800453643,596990,first_a_sqs_sent_timestamp,1256,21,ok,
low-concurrency-20260711T195542.986124768Z,baseline-c20,2026-07-11T20:07:34.61Z,1783800454610,597945,first_a_sqs_sent_timestamp,1309,21,ok,
low-concurrency-20260711T195542.986124768Z,fair-c20,2026-07-11T20:07:34.64Z,1783800454640,597987,first_a_sqs_sent_timestamp,1227,16,ok,
low-concurrency-20260711T195542.986124768Z,baseline-c20,2026-07-11T20:07:35.609Z,1783800455609,598944,first_a_sqs_sent_timestamp,1350,15,ok,
low-concurrency-20260711T195542.986124768Z,fair-c20,2026-07-11T20:07:35.638Z,1783800455638,598985,first_a_sqs_sent_timestamp,1243,16,ok,
low-concurrency-20260711T195542.986124768Z,baseline-c20,2026-07-11T20:07:36.612Z,1783800456612,599947,first_a_sqs_sent_timestamp,1284,17,ok,
low-concurrency-20260711T195542.986124768Z,fair-c20,2026-07-11T20:07:36.641Z,1783800456641,599988,first_a_sqs_sent_timestamp,1204,12,ok,
low-concurrency-20260711T195542.986124768Z,baseline-c20,2026-07-11T20:07:37.609Z,1783800457609,600944,first_a_sqs_sent_timestamp,1307,14,ok,
low-concurrency-20260711T195542.986124768Z,fair-c20,2026-07-11T20:07:37.638Z,1783800457638,600985,first_a_sqs_sent_timestamp,1199,18,ok,
low-concurrency-20260711T195542.986124768Z,baseline-c20,2026-07-11T20:07:38.613Z,1783800458613,601948,first_a_sqs_sent_timestamp,1243,17,ok,
low-concurrency-20260711T195542.986124768Z,fair-c20,2026-07-11T20:07:38.642Z,1783800458642,601989,first_a_sqs_sent_timestamp,1194,20,ok,
low-concurrency-20260711T195542.986124768Z,baseline-c20,2026-07-11T20:07:39.615Z,1783800459615,602950,first_a_sqs_sent_timestamp,1236,15,ok,
low-concurrency-20260711T195542.986124768Z,fair-c20,2026-07-11T20:07:39.644Z,1783800459644,602991,first_a_sqs_sent_timestamp,1192,20,ok,
low-concurrency-20260711T195542.986124768Z,baseline-c20,2026-07-11T20:07:40.609Z,1783800460609,603944,first_a_sqs_sent_timestamp,1226,15,ok,
low-concurrency-20260711T195542.986124768Z,fair-c20,2026-07-11T20:07:40.64Z,1783800460640,603987,first_a_sqs_sent_timestamp,1145,17,ok,
low-concurrency-20260711T195542.986124768Z,baseline-c20,2026-07-11T20:07:41.613Z,1783800461613,604948,first_a_sqs_sent_timestamp,1256,16,ok,
low-concurrency-20260711T195542.986124768Z,fair-c20,2026-07-11T20:07:41.646Z,1783800461646,604993,first_a_sqs_sent_timestamp,1207,12,ok,
low-concurrency-20260711T195542.986124768Z,baseline-c20,2026-07-11T20:07:42.616Z,1783800462616,605951,first_a_sqs_sent_timestamp,1233,16,ok,
low-concurrency-20260711T195542.986124768Z,fair-c20,2026-07-11T20:07:42.646Z,1783800462646,605993,first_a_sqs_sent_timestamp,1146,19,ok,
low-concurrency-20260711T195542.986124768Z,baseline-c20,2026-07-11T20:07:43.61Z,1783800463610,606945,first_a_sqs_sent_timestamp,1231,14,ok,
low-concurrency-20260711T195542.986124768Z,fair-c20,2026-07-11T20:07:43.642Z,1783800463642,606989,first_a_sqs_sent_timestamp,1150,16,ok,
low-concurrency-20260711T195542.986124768Z,baseline-c20,2026-07-11T20:07:44.609Z,1783800464609,607944,first_a_sqs_sent_timestamp,1206,19,ok,
low-concurrency-20260711T195542.986124768Z,fair-c20,2026-07-11T20:07:44.64Z,1783800464640,607987,first_a_sqs_sent_timestamp,1144,13,ok,
low-concurrency-20260711T195542.986124768Z,baseline-c20,2026-07-11T20:07:45.61Z,1783800465610,608945,first_a_sqs_sent_timestamp,1179,18,ok,
low-concurrency-20260711T195542.986124768Z,fair-c20,2026-07-11T20:07:45.637Z,1783800465637,608984,first_a_sqs_sent_timestamp,1153,19,ok,
low-concurrency-20260711T195542.986124768Z,baseline-c20,2026-07-11T20:07:46.614Z,1783800466614,609949,first_a_sqs_sent_timestamp,1169,15,ok,
low-concurrency-20260711T195542.986124768Z,fair-c20,2026-07-11T20:07:46.647Z,1783800466647,609994,first_a_sqs_sent_timestamp,1122,22,ok,
low-concurrency-20260711T195542.986124768Z,baseline-c20,2026-07-11T20:07:47.615Z,1783800467615,610950,first_a_sqs_sent_timestamp,1236,15,ok,
low-concurrency-20260711T195542.986124768Z,fair-c20,2026-07-11T20:07:47.647Z,1783800467647,610994,first_a_sqs_sent_timestamp,1128,19,ok,
low-concurrency-20260711T195542.986124768Z,baseline-c20,2026-07-11T20:07:48.609Z,1783800468609,611944,first_a_sqs_sent_timestamp,1216,18,ok,
low-concurrency-20260711T195542.986124768Z,fair-c20,2026-07-11T20:07:48.638Z,1783800468638,611985,first_a_sqs_sent_timestamp,1121,16,ok,
low-concurrency-20260711T195542.986124768Z,baseline-c20,2026-07-11T20:07:49.616Z,1783800469616,612951,first_a_sqs_sent_timestamp,1180,17,ok,
low-concurrency-20260711T195542.986124768Z,fair-c20,2026-07-11T20:07:49.647Z,1783800469647,612994,first_a_sqs_sent_timestamp,1086,19,ok,
low-concurrency-20260711T195542.986124768Z,baseline-c20,2026-07-11T20:07:50.616Z,1783800470616,613951,first_a_sqs_sent_timestamp,1137,16,ok,
low-concurrency-20260711T195542.986124768Z,fair-c20,2026-07-11T20:07:50.646Z,1783800470646,613993,first_a_sqs_sent_timestamp,1108,9,ok,
low-concurrency-20260711T195542.986124768Z,baseline-c20,2026-07-11T20:07:51.61Z,1783800471610,614945,first_a_sqs_sent_timestamp,1143,14,ok,
low-concurrency-20260711T195542.986124768Z,fair-c20,2026-07-11T20:07:51.641Z,1783800471641,614988,first_a_sqs_sent_timestamp,1066,16,ok,
low-concurrency-20260711T195542.986124768Z,baseline-c20,2026-07-11T20:07:52.618Z,1783800472618,615953,first_a_sqs_sent_timestamp,1118,14,ok,
low-concurrency-20260711T195542.986124768Z,fair-c20,2026-07-11T20:07:52.646Z,1783800472646,615993,first_a_sqs_sent_timestamp,1057,17,ok,
low-concurrency-20260711T195542.986124768Z,baseline-c20,2026-07-11T20:07:53.617Z,1783800473617,616952,first_a_sqs_sent_timestamp,1134,20,ok,
low-concurrency-20260711T195542.986124768Z,fair-c20,2026-07-11T20:07:53.649Z,1783800473649,616996,first_a_sqs_sent_timestamp,1069,19,ok,
low-concurrency-20260711T195542.986124768Z,baseline-c20,2026-07-11T20:07:54.615Z,1783800474615,617950,first_a_sqs_sent_timestamp,1152,17,ok,
low-concurrency-20260711T195542.986124768Z,fair-c20,2026-07-11T20:07:54.646Z,1783800474646,617993,first_a_sqs_sent_timestamp,1057,16,ok,
low-concurrency-20260711T195542.986124768Z,baseline-c20,2026-07-11T20:07:55.613Z,1783800475613,618948,first_a_sqs_sent_timestamp,1120,16,ok,
low-concurrency-20260711T195542.986124768Z,fair-c20,2026-07-11T20:07:55.639Z,1783800475639,618986,first_a_sqs_sent_timestamp,1029,17,ok,
low-concurrency-20260711T195542.986124768Z,baseline-c20,2026-07-11T20:07:56.615Z,1783800476615,619950,first_a_sqs_sent_timestamp,1095,17,ok,
low-concurrency-20260711T195542.986124768Z,fair-c20,2026-07-11T20:07:56.646Z,1783800476646,619993,first_a_sqs_sent_timestamp,1042,17,ok,
low-concurrency-20260711T195542.986124768Z,baseline-c20,2026-07-11T20:07:57.61Z,1783800477610,620945,first_a_sqs_sent_timestamp,1094,18,ok,
low-concurrency-20260711T195542.986124768Z,fair-c20,2026-07-11T20:07:57.639Z,1783800477639,620986,first_a_sqs_sent_timestamp,1074,15,ok,
low-concurrency-20260711T195542.986124768Z,baseline-c20,2026-07-11T20:07:58.61Z,1783800478610,621945,first_a_sqs_sent_timestamp,1068,18,ok,
low-concurrency-20260711T195542.986124768Z,fair-c20,2026-07-11T20:07:58.64Z,1783800478640,621987,first_a_sqs_sent_timestamp,1007,19,ok,
low-concurrency-20260711T195542.986124768Z,baseline-c20,2026-07-11T20:07:59.609Z,1783800479609,622944,first_a_sqs_sent_timestamp,1089,16,ok,
low-concurrency-20260711T195542.986124768Z,fair-c20,2026-07-11T20:07:59.639Z,1783800479639,622986,first_a_sqs_sent_timestamp,1033,20,ok,
low-concurrency-20260711T195542.986124768Z,baseline-c20,2026-07-11T20:08:00.618Z,1783800480618,623953,first_a_sqs_sent_timestamp,1049,18,ok,
low-concurrency-20260711T195542.986124768Z,fair-c20,2026-07-11T20:08:00.649Z,1783800480649,623996,first_a_sqs_sent_timestamp,1068,18,ok,
low-concurrency-20260711T195542.986124768Z,baseline-c20,2026-07-11T20:08:01.612Z,1783800481612,624947,first_a_sqs_sent_timestamp,1077,14,ok,
low-concurrency-20260711T195542.986124768Z,fair-c20,2026-07-11T20:08:01.641Z,1783800481641,624988,first_a_sqs_sent_timestamp,1005,18,ok,
low-concurrency-20260711T195542.986124768Z,baseline-c20,2026-07-11T20:08:02.61Z,1783800482610,625945,first_a_sqs_sent_timestamp,1055,21,ok,
low-concurrency-20260711T195542.986124768Z,fair-c20,2026-07-11T20:08:02.642Z,1783800482642,625989,first_a_sqs_sent_timestamp,999,19,ok,
low-concurrency-20260711T195542.986124768Z,baseline-c20,2026-07-11T20:08:03.612Z,1783800483612,626947,first_a_sqs_sent_timestamp,1097,18,ok,
low-concurrency-20260711T195542.986124768Z,fair-c20,2026-07-11T20:08:03.643Z,1783800483643,626990,first_a_sqs_sent_timestamp,984,19,ok,
low-concurrency-20260711T195542.986124768Z,baseline-c20,2026-07-11T20:08:04.611Z,1783800484611,627946,first_a_sqs_sent_timestamp,1031,23,ok,
low-concurrency-20260711T195542.986124768Z,fair-c20,2026-07-11T20:08:04.641Z,1783800484641,627988,first_a_sqs_sent_timestamp,971,18,ok,
low-concurrency-20260711T195542.986124768Z,baseline-c20,2026-07-11T20:08:05.609Z,1783800485609,628944,first_a_sqs_sent_timestamp,1010,17,ok,
low-concurrency-20260711T195542.986124768Z,fair-c20,2026-07-11T20:08:05.641Z,1783800485641,628988,first_a_sqs_sent_timestamp,999,16,ok,
low-concurrency-20260711T195542.986124768Z,baseline-c20,2026-07-11T20:08:06.609Z,1783800486609,629944,first_a_sqs_sent_timestamp,1015,11,ok,
low-concurrency-20260711T195542.986124768Z,fair-c20,2026-07-11T20:08:06.638Z,1783800486638,629985,first_a_sqs_sent_timestamp,969,14,ok,
low-concurrency-20260711T195542.986124768Z,baseline-c20,2026-07-11T20:08:07.607Z,1783800487607,630942,first_a_sqs_sent_timestamp,1021,17,ok,
low-concurrency-20260711T195542.986124768Z,fair-c20,2026-07-11T20:08:07.637Z,1783800487637,630984,first_a_sqs_sent_timestamp,979,17,ok,
low-concurrency-20260711T195542.986124768Z,baseline-c20,2026-07-11T20:08:08.608Z,1783800488608,631943,first_a_sqs_sent_timestamp,1000,15,ok,
low-concurrency-20260711T195542.986124768Z,fair-c20,2026-07-11T20:08:08.634Z,1783800488634,631981,first_a_sqs_sent_timestamp,945,18,ok,
low-concurrency-20260711T195542.986124768Z,baseline-c20,2026-07-11T20:08:09.61Z,1783800489610,632945,first_a_sqs_sent_timestamp,1026,23,ok,
low-concurrency-20260711T195542.986124768Z,fair-c20,2026-07-11T20:08:09.639Z,1783800489639,632986,first_a_sqs_sent_timestamp,933,16,ok,
low-concurrency-20260711T195542.986124768Z,baseline-c20,2026-07-11T20:08:10.614Z,1783800490614,633949,first_a_sqs_sent_timestamp,997,21,ok,
low-concurrency-20260711T195542.986124768Z,fair-c20,2026-07-11T20:08:10.642Z,1783800490642,633989,first_a_sqs_sent_timestamp,932,15,ok,
low-concurrency-20260711T195542.986124768Z,baseline-c20,2026-07-11T20:08:11.609Z,1783800491609,634944,first_a_sqs_sent_timestamp,980,19,ok,
low-concurrency-20260711T195542.986124768Z,fair-c20,2026-07-11T20:08:11.639Z,1783800491639,634986,first_a_sqs_sent_timestamp,939,18,ok,
low-concurrency-20260711T195542.986124768Z,baseline-c20,2026-07-11T20:08:12.61Z,1783800492610,635945,first_a_sqs_sent_timestamp,994,17,ok,
low-concurrency-20260711T195542.986124768Z,fair-c20,2026-07-11T20:08:12.643Z,1783800492643,635990,first_a_sqs_sent_timestamp,924,15,ok,
low-concurrency-20260711T195542.986124768Z,baseline-c20,2026-07-11T20:08:13.616Z,1783800493616,636951,first_a_sqs_sent_timestamp,968,20,ok,
low-concurrency-20260711T195542.986124768Z,fair-c20,2026-07-11T20:08:13.648Z,1783800493648,636995,first_a_sqs_sent_timestamp,920,17,ok,
low-concurrency-20260711T195542.986124768Z,baseline-c20,2026-07-11T20:08:14.616Z,1783800494616,637951,first_a_sqs_sent_timestamp,941,14,ok,
low-concurrency-20260711T195542.986124768Z,fair-c20,2026-07-11T20:08:14.642Z,1783800494642,637989,first_a_sqs_sent_timestamp,886,20,ok,
low-concurrency-20260711T195542.986124768Z,baseline-c20,2026-07-11T20:08:15.613Z,1783800495613,638948,first_a_sqs_sent_timestamp,942,15,ok,
low-concurrency-20260711T195542.986124768Z,fair-c20,2026-07-11T20:08:15.648Z,1783800495648,638995,first_a_sqs_sent_timestamp,913,18,ok,
low-concurrency-20260711T195542.986124768Z,baseline-c20,2026-07-11T20:08:16.615Z,1783800496615,639950,first_a_sqs_sent_timestamp,930,19,ok,
low-concurrency-20260711T195542.986124768Z,fair-c20,2026-07-11T20:08:16.65Z,1783800496650,639997,first_a_sqs_sent_timestamp,869,17,ok,
low-concurrency-20260711T195542.986124768Z,baseline-c20,2026-07-11T20:08:17.614Z,1783800497614,640949,first_a_sqs_sent_timestamp,1020,17,ok,
low-concurrency-20260711T195542.986124768Z,fair-c20,2026-07-11T20:08:17.646Z,1783800497646,640993,first_a_sqs_sent_timestamp,906,17,ok,
low-concurrency-20260711T195542.986124768Z,baseline-c20,2026-07-11T20:08:18.609Z,1783800498609,641944,first_a_sqs_sent_timestamp,958,19,ok,
low-concurrency-20260711T195542.986124768Z,fair-c20,2026-07-11T20:08:18.642Z,1783800498642,641989,first_a_sqs_sent_timestamp,860,14,ok,
low-concurrency-20260711T195542.986124768Z,baseline-c20,2026-07-11T20:08:19.609Z,1783800499609,642944,first_a_sqs_sent_timestamp,929,20,ok,
low-concurrency-20260711T195542.986124768Z,fair-c20,2026-07-11T20:08:19.638Z,1783800499638,642985,first_a_sqs_sent_timestamp,877,19,ok,
low-concurrency-20260711T195542.986124768Z,baseline-c20,2026-07-11T20:08:20.616Z,1783800500616,643951,first_a_sqs_sent_timestamp,920,16,ok,
low-concurrency-20260711T195542.986124768Z,fair-c20,2026-07-11T20:08:20.652Z,1783800500652,643999,first_a_sqs_sent_timestamp,840,21,ok,
low-concurrency-20260711T195542.986124768Z,baseline-c20,2026-07-11T20:08:21.616Z,1783800501616,644951,first_a_sqs_sent_timestamp,890,17,ok,
low-concurrency-20260711T195542.986124768Z,fair-c20,2026-07-11T20:08:21.644Z,1783800501644,644991,first_a_sqs_sent_timestamp,863,16,ok,
low-concurrency-20260711T195542.986124768Z,baseline-c20,2026-07-11T20:08:22.608Z,1783800502608,645943,first_a_sqs_sent_timestamp,908,18,ok,
low-concurrency-20260711T195542.986124768Z,fair-c20,2026-07-11T20:08:22.635Z,1783800502635,645982,first_a_sqs_sent_timestamp,804,12,ok,
low-concurrency-20260711T195542.986124768Z,baseline-c20,2026-07-11T20:08:23.609Z,1783800503609,646944,first_a_sqs_sent_timestamp,931,20,ok,
low-concurrency-20260711T195542.986124768Z,fair-c20,2026-07-11T20:08:23.643Z,1783800503643,646990,first_a_sqs_sent_timestamp,824,16,ok,
low-concurrency-20260711T195542.986124768Z,baseline-c20,2026-07-11T20:08:24.61Z,1783800504610,647945,first_a_sqs_sent_timestamp,871,16,ok,
low-concurrency-20260711T195542.986124768Z,fair-c20,2026-07-11T20:08:24.643Z,1783800504643,647990,first_a_sqs_sent_timestamp,824,16,ok,
low-concurrency-20260711T195542.986124768Z,baseline-c20,2026-07-11T20:08:25.61Z,1783800505610,648945,first_a_sqs_sent_timestamp,882,15,ok,
low-concurrency-20260711T195542.986124768Z,fair-c20,2026-07-11T20:08:25.642Z,1783800505642,648989,first_a_sqs_sent_timestamp,819,13,ok,
low-concurrency-20260711T195542.986124768Z,baseline-c20,2026-07-11T20:08:26.615Z,1783800506615,649950,first_a_sqs_sent_timestamp,857,17,ok,
low-concurrency-20260711T195542.986124768Z,fair-c20,2026-07-11T20:08:26.644Z,1783800506644,649991,first_a_sqs_sent_timestamp,792,18,ok,
low-concurrency-20260711T195542.986124768Z,baseline-c20,2026-07-11T20:08:27.615Z,1783800507615,650950,first_a_sqs_sent_timestamp,868,17,ok,
low-concurrency-20260711T195542.986124768Z,fair-c20,2026-07-11T20:08:27.648Z,1783800507648,650995,first_a_sqs_sent_timestamp,763,18,ok,
low-concurrency-20260711T195542.986124768Z,baseline-c20,2026-07-11T20:08:28.609Z,1783800508609,651944,first_a_sqs_sent_timestamp,823,17,ok,
low-concurrency-20260711T195542.986124768Z,fair-c20,2026-07-11T20:08:28.638Z,1783800508638,651985,first_a_sqs_sent_timestamp,766,22,ok,
low-concurrency-20260711T195542.986124768Z,baseline-c20,2026-07-11T20:08:29.61Z,1783800509610,652945,first_a_sqs_sent_timestamp,843,16,ok,
low-concurrency-20260711T195542.986124768Z,fair-c20,2026-07-11T20:08:29.639Z,1783800509639,652986,first_a_sqs_sent_timestamp,779,18,ok,
low-concurrency-20260711T195542.986124768Z,baseline-c20,2026-07-11T20:08:30.612Z,1783800510612,653947,first_a_sqs_sent_timestamp,831,19,ok,
low-concurrency-20260711T195542.986124768Z,fair-c20,2026-07-11T20:08:30.645Z,1783800510645,653992,first_a_sqs_sent_timestamp,760,20,ok,
low-concurrency-20260711T195542.986124768Z,baseline-c20,2026-07-11T20:08:31.613Z,1783800511613,654948,first_a_sqs_sent_timestamp,875,18,ok,
low-concurrency-20260711T195542.986124768Z,fair-c20,2026-07-11T20:08:31.645Z,1783800511645,654992,first_a_sqs_sent_timestamp,738,14,ok,
low-concurrency-20260711T195542.986124768Z,baseline-c20,2026-07-11T20:08:32.609Z,1783800512609,655944,first_a_sqs_sent_timestamp,784,12,ok,
low-concurrency-20260711T195542.986124768Z,fair-c20,2026-07-11T20:08:32.775Z,1783800512775,656122,first_a_sqs_sent_timestamp,762,16,ok,
low-concurrency-20260711T195542.986124768Z,baseline-c20,2026-07-11T20:08:33.612Z,1783800513612,656947,first_a_sqs_sent_timestamp,794,15,ok,
low-concurrency-20260711T195542.986124768Z,fair-c20,2026-07-11T20:08:33.642Z,1783800513642,656989,first_a_sqs_sent_timestamp,806,24,ok,
low-concurrency-20260711T195542.986124768Z,baseline-c20,2026-07-11T20:08:34.616Z,1783800514616,657951,first_a_sqs_sent_timestamp,799,16,ok,
low-concurrency-20260711T195542.986124768Z,fair-c20,2026-07-11T20:08:34.647Z,1783800514647,657994,first_a_sqs_sent_timestamp,719,15,ok,
low-concurrency-20260711T195542.986124768Z,baseline-c20,2026-07-11T20:08:35.616Z,1783800515616,658951,first_a_sqs_sent_timestamp,796,14,ok,
low-concurrency-20260711T195542.986124768Z,fair-c20,2026-07-11T20:08:35.646Z,1783800515646,658993,first_a_sqs_sent_timestamp,751,17,ok,
low-concurrency-20260711T195542.986124768Z,baseline-c20,2026-07-11T20:08:36.609Z,1783800516609,659944,first_a_sqs_sent_timestamp,809,15,ok,
low-concurrency-20260711T195542.986124768Z,fair-c20,2026-07-11T20:08:36.641Z,1783800516641,659988,first_a_sqs_sent_timestamp,709,18,ok,
low-concurrency-20260711T195542.986124768Z,baseline-c20,2026-07-11T20:08:37.615Z,1783800517615,660950,first_a_sqs_sent_timestamp,767,18,ok,
low-concurrency-20260711T195542.986124768Z,fair-c20,2026-07-11T20:08:37.648Z,1783800517648,660995,first_a_sqs_sent_timestamp,716,17,ok,
low-concurrency-20260711T195542.986124768Z,baseline-c20,2026-07-11T20:08:38.617Z,1783800518617,661952,first_a_sqs_sent_timestamp,738,15,ok,
low-concurrency-20260711T195542.986124768Z,fair-c20,2026-07-11T20:08:38.646Z,1783800518646,661993,first_a_sqs_sent_timestamp,701,18,ok,
low-concurrency-20260711T195542.986124768Z,baseline-c20,2026-07-11T20:08:39.614Z,1783800519614,662949,first_a_sqs_sent_timestamp,738,13,ok,
low-concurrency-20260711T195542.986124768Z,fair-c20,2026-07-11T20:08:39.645Z,1783800519645,662992,first_a_sqs_sent_timestamp,705,18,ok,
low-concurrency-20260711T195542.986124768Z,baseline-c20,2026-07-11T20:08:40.614Z,1783800520614,663949,first_a_sqs_sent_timestamp,762,13,ok,
low-concurrency-20260711T195542.986124768Z,fair-c20,2026-07-11T20:08:40.643Z,1783800520643,663990,first_a_sqs_sent_timestamp,686,17,ok,
low-concurrency-20260711T195542.986124768Z,baseline-c20,2026-07-11T20:08:41.617Z,1783800521617,664952,first_a_sqs_sent_timestamp,748,9,ok,
low-concurrency-20260711T195542.986124768Z,fair-c20,2026-07-11T20:08:41.646Z,1783800521646,664993,first_a_sqs_sent_timestamp,752,16,ok,
low-concurrency-20260711T195542.986124768Z,baseline-c20,2026-07-11T20:08:42.611Z,1783800522611,665946,first_a_sqs_sent_timestamp,748,20,ok,
low-concurrency-20260711T195542.986124768Z,fair-c20,2026-07-11T20:08:42.645Z,1783800522645,665992,first_a_sqs_sent_timestamp,679,16,ok,
low-concurrency-20260711T195542.986124768Z,baseline-c20,2026-07-11T20:08:43.616Z,1783800523616,666951,first_a_sqs_sent_timestamp,721,14,ok,
low-concurrency-20260711T195542.986124768Z,fair-c20,2026-07-11T20:08:43.648Z,1783800523648,666995,first_a_sqs_sent_timestamp,683,15,ok,
low-concurrency-20260711T195542.986124768Z,baseline-c20,2026-07-11T20:08:44.609Z,1783800524609,667944,first_a_sqs_sent_timestamp,734,14,ok,
low-concurrency-20260711T195542.986124768Z,fair-c20,2026-07-11T20:08:44.638Z,1783800524638,667985,first_a_sqs_sent_timestamp,647,12,ok,
low-concurrency-20260711T195542.986124768Z,baseline-c20,2026-07-11T20:08:45.608Z,1783800525608,668943,first_a_sqs_sent_timestamp,719,14,ok,
low-concurrency-20260711T195542.986124768Z,fair-c20,2026-07-11T20:08:45.639Z,1783800525639,668986,first_a_sqs_sent_timestamp,650,21,ok,
low-concurrency-20260711T195542.986124768Z,baseline-c20,2026-07-11T20:08:46.611Z,1783800526611,669946,first_a_sqs_sent_timestamp,724,14,ok,
low-concurrency-20260711T195542.986124768Z,fair-c20,2026-07-11T20:08:46.641Z,1783800526641,669988,first_a_sqs_sent_timestamp,622,18,ok,
low-concurrency-20260711T195542.986124768Z,baseline-c20,2026-07-11T20:08:47.617Z,1783800527617,670952,first_a_sqs_sent_timestamp,724,17,ok,
low-concurrency-20260711T195542.986124768Z,fair-c20,2026-07-11T20:08:47.659Z,1783800527659,671006,first_a_sqs_sent_timestamp,614,18,ok,
low-concurrency-20260711T195542.986124768Z,baseline-c20,2026-07-11T20:08:48.61Z,1783800528610,671945,first_a_sqs_sent_timestamp,697,15,ok,
low-concurrency-20260711T195542.986124768Z,fair-c20,2026-07-11T20:08:48.64Z,1783800528640,671987,first_a_sqs_sent_timestamp,623,23,ok,
low-concurrency-20260711T195542.986124768Z,baseline-c20,2026-07-11T20:08:49.609Z,1783800529609,672944,first_a_sqs_sent_timestamp,653,19,ok,
low-concurrency-20260711T195542.986124768Z,fair-c20,2026-07-11T20:08:49.638Z,1783800529638,672985,first_a_sqs_sent_timestamp,618,17,ok,
low-concurrency-20260711T195542.986124768Z,baseline-c20,2026-07-11T20:08:50.617Z,1783800530617,673952,first_a_sqs_sent_timestamp,649,14,ok,
low-concurrency-20260711T195542.986124768Z,fair-c20,2026-07-11T20:08:50.645Z,1783800530645,673992,first_a_sqs_sent_timestamp,649,19,ok,
low-concurrency-20260711T195542.986124768Z,baseline-c20,2026-07-11T20:08:51.609Z,1783800531609,674944,first_a_sqs_sent_timestamp,654,19,ok,
low-concurrency-20260711T195542.986124768Z,fair-c20,2026-07-11T20:08:51.64Z,1783800531640,674987,first_a_sqs_sent_timestamp,598,19,ok,
low-concurrency-20260711T195542.986124768Z,baseline-c20,2026-07-11T20:08:52.62Z,1783800532620,675955,first_a_sqs_sent_timestamp,660,13,ok,
low-concurrency-20260711T195542.986124768Z,fair-c20,2026-07-11T20:08:52.65Z,1783800532650,675997,first_a_sqs_sent_timestamp,589,22,ok,
low-concurrency-20260711T195542.986124768Z,baseline-c20,2026-07-11T20:08:53.612Z,1783800533612,676947,first_a_sqs_sent_timestamp,668,16,ok,
low-concurrency-20260711T195542.986124768Z,fair-c20,2026-07-11T20:08:53.644Z,1783800533644,676991,first_a_sqs_sent_timestamp,563,18,ok,
low-concurrency-20260711T195542.986124768Z,baseline-c20,2026-07-11T20:08:54.613Z,1783800534613,677948,first_a_sqs_sent_timestamp,641,16,ok,
low-concurrency-20260711T195542.986124768Z,fair-c20,2026-07-11T20:08:54.644Z,1783800534644,677991,first_a_sqs_sent_timestamp,588,12,ok,
low-concurrency-20260711T195542.986124768Z,baseline-c20,2026-07-11T20:08:55.608Z,1783800535608,678943,first_a_sqs_sent_timestamp,605,19,ok,
low-concurrency-20260711T195542.986124768Z,fair-c20,2026-07-11T20:08:55.639Z,1783800535639,678986,first_a_sqs_sent_timestamp,577,17,ok,
low-concurrency-20260711T195542.986124768Z,baseline-c20,2026-07-11T20:08:56.61Z,1783800536610,679945,first_a_sqs_sent_timestamp,620,21,ok,
low-concurrency-20260711T195542.986124768Z,fair-c20,2026-07-11T20:08:56.639Z,1783800536639,679986,first_a_sqs_sent_timestamp,519,19,ok,
low-concurrency-20260711T195542.986124768Z,baseline-c20,2026-07-11T20:08:57.614Z,1783800537614,680949,first_a_sqs_sent_timestamp,579,22,ok,
low-concurrency-20260711T195542.986124768Z,fair-c20,2026-07-11T20:08:57.645Z,1783800537645,680992,first_a_sqs_sent_timestamp,519,19,ok,
low-concurrency-20260711T195542.986124768Z,baseline-c20,2026-07-11T20:08:58.615Z,1783800538615,681950,first_a_sqs_sent_timestamp,585,23,ok,
low-concurrency-20260711T195542.986124768Z,fair-c20,2026-07-11T20:08:58.646Z,1783800538646,681993,first_a_sqs_sent_timestamp,533,22,ok,
low-concurrency-20260711T195542.986124768Z,baseline-c20,2026-07-11T20:08:59.615Z,1783800539615,682950,first_a_sqs_sent_timestamp,597,16,ok,
low-concurrency-20260711T195542.986124768Z,fair-c20,2026-07-11T20:08:59.786Z,1783800539786,683133,first_a_sqs_sent_timestamp,538,15,ok,
low-concurrency-20260711T195542.986124768Z,baseline-c20,2026-07-11T20:09:00.61Z,1783800540610,683945,first_a_sqs_sent_timestamp,585,15,ok,
low-concurrency-20260711T195542.986124768Z,fair-c20,2026-07-11T20:09:00.639Z,1783800540639,683986,first_a_sqs_sent_timestamp,519,19,ok,
low-concurrency-20260711T195542.986124768Z,baseline-c20,2026-07-11T20:09:01.614Z,1783800541614,684949,first_a_sqs_sent_timestamp,589,16,ok,
low-concurrency-20260711T195542.986124768Z,fair-c20,2026-07-11T20:09:01.646Z,1783800541646,684993,first_a_sqs_sent_timestamp,517,17,ok,
low-concurrency-20260711T195542.986124768Z,baseline-c20,2026-07-11T20:09:02.61Z,1783800542610,685945,first_a_sqs_sent_timestamp,584,20,ok,
low-concurrency-20260711T195542.986124768Z,fair-c20,2026-07-11T20:09:02.642Z,1783800542642,685989,first_a_sqs_sent_timestamp,511,13,ok,
low-concurrency-20260711T195542.986124768Z,baseline-c20,2026-07-11T20:09:03.613Z,1783800543613,686948,first_a_sqs_sent_timestamp,528,14,ok,
low-concurrency-20260711T195542.986124768Z,fair-c20,2026-07-11T20:09:03.642Z,1783800543642,686989,first_a_sqs_sent_timestamp,479,18,ok,
low-concurrency-20260711T195542.986124768Z,baseline-c20,2026-07-11T20:09:04.61Z,1783800544610,687945,first_a_sqs_sent_timestamp,560,16,ok,
low-concurrency-20260711T195542.986124768Z,fair-c20,2026-07-11T20:09:04.635Z,1783800544635,687982,first_a_sqs_sent_timestamp,500,17,ok,
low-concurrency-20260711T195542.986124768Z,baseline-c20,2026-07-11T20:09:05.609Z,1783800545609,688944,first_a_sqs_sent_timestamp,532,24,ok,
low-concurrency-20260711T195542.986124768Z,fair-c20,2026-07-11T20:09:05.637Z,1783800545637,688984,first_a_sqs_sent_timestamp,469,19,ok,
low-concurrency-20260711T195542.986124768Z,baseline-c20,2026-07-11T20:09:06.611Z,1783800546611,689946,first_a_sqs_sent_timestamp,547,15,ok,
low-concurrency-20260711T195542.986124768Z,fair-c20,2026-07-11T20:09:06.639Z,1783800546639,689986,first_a_sqs_sent_timestamp,475,19,ok,
low-concurrency-20260711T195542.986124768Z,baseline-c20,2026-07-11T20:09:07.608Z,1783800547608,690943,first_a_sqs_sent_timestamp,524,13,ok,
low-concurrency-20260711T195542.986124768Z,fair-c20,2026-07-11T20:09:07.636Z,1783800547636,690983,first_a_sqs_sent_timestamp,468,14,ok,
low-concurrency-20260711T195542.986124768Z,baseline-c20,2026-07-11T20:09:08.615Z,1783800548615,691950,first_a_sqs_sent_timestamp,502,17,ok,
low-concurrency-20260711T195542.986124768Z,fair-c20,2026-07-11T20:09:08.644Z,1783800548644,691991,first_a_sqs_sent_timestamp,468,17,ok,
low-concurrency-20260711T195542.986124768Z,baseline-c20,2026-07-11T20:09:09.612Z,1783800549612,692947,first_a_sqs_sent_timestamp,500,22,ok,
low-concurrency-20260711T195542.986124768Z,fair-c20,2026-07-11T20:09:09.645Z,1783800549645,692992,first_a_sqs_sent_timestamp,418,12,ok,
low-concurrency-20260711T195542.986124768Z,baseline-c20,2026-07-11T20:09:10.615Z,1783800550615,693950,first_a_sqs_sent_timestamp,496,16,ok,
low-concurrency-20260711T195542.986124768Z,fair-c20,2026-07-11T20:09:10.645Z,1783800550645,693992,first_a_sqs_sent_timestamp,419,13,ok,
low-concurrency-20260711T195542.986124768Z,baseline-c20,2026-07-11T20:09:11.619Z,1783800551619,694954,first_a_sqs_sent_timestamp,477,18,ok,
low-concurrency-20260711T195542.986124768Z,fair-c20,2026-07-11T20:09:11.655Z,1783800551655,695002,first_a_sqs_sent_timestamp,419,13,ok,
low-concurrency-20260711T195542.986124768Z,baseline-c20,2026-07-11T20:09:12.612Z,1783800552612,695947,first_a_sqs_sent_timestamp,493,16,ok,
low-concurrency-20260711T195542.986124768Z,fair-c20,2026-07-11T20:09:12.642Z,1783800552642,695989,first_a_sqs_sent_timestamp,442,21,ok,
low-concurrency-20260711T195542.986124768Z,baseline-c20,2026-07-11T20:09:13.627Z,1783800553627,696962,first_a_sqs_sent_timestamp,492,16,ok,
low-concurrency-20260711T195542.986124768Z,fair-c20,2026-07-11T20:09:13.658Z,1783800553658,697005,first_a_sqs_sent_timestamp,414,11,ok,
low-concurrency-20260711T195542.986124768Z,baseline-c20,2026-07-11T20:09:14.615Z,1783800554615,697950,first_a_sqs_sent_timestamp,474,14,ok,
low-concurrency-20260711T195542.986124768Z,fair-c20,2026-07-11T20:09:14.648Z,1783800554648,697995,first_a_sqs_sent_timestamp,411,11,ok,
low-concurrency-20260711T195542.986124768Z,baseline-c20,2026-07-11T20:09:15.609Z,1783800555609,698944,first_a_sqs_sent_timestamp,445,17,ok,
low-concurrency-20260711T195542.986124768Z,fair-c20,2026-07-11T20:09:15.647Z,1783800555647,698994,first_a_sqs_sent_timestamp,399,18,ok,
low-concurrency-20260711T195542.986124768Z,baseline-c20,2026-07-11T20:09:16.608Z,1783800556608,699943,first_a_sqs_sent_timestamp,467,15,ok,
low-concurrency-20260711T195542.986124768Z,fair-c20,2026-07-11T20:09:16.636Z,1783800556636,699983,first_a_sqs_sent_timestamp,384,14,ok,
low-concurrency-20260711T195542.986124768Z,baseline-c20,2026-07-11T20:09:17.61Z,1783800557610,700945,first_a_sqs_sent_timestamp,448,17,ok,
low-concurrency-20260711T195542.986124768Z,fair-c20,2026-07-11T20:09:17.64Z,1783800557640,700987,first_a_sqs_sent_timestamp,357,15,ok,
low-concurrency-20260711T195542.986124768Z,baseline-c20,2026-07-11T20:09:18.612Z,1783800558612,701947,first_a_sqs_sent_timestamp,393,18,ok,
low-concurrency-20260711T195542.986124768Z,fair-c20,2026-07-11T20:09:18.641Z,1783800558641,701988,first_a_sqs_sent_timestamp,382,20,ok,
low-concurrency-20260711T195542.986124768Z,baseline-c20,2026-07-11T20:09:19.61Z,1783800559610,702945,first_a_sqs_sent_timestamp,421,13,ok,
low-concurrency-20260711T195542.986124768Z,fair-c20,2026-07-11T20:09:19.644Z,1783800559644,702991,first_a_sqs_sent_timestamp,454,10,ok,
low-concurrency-20260711T195542.986124768Z,baseline-c20,2026-07-11T20:09:20.61Z,1783800560610,703945,first_a_sqs_sent_timestamp,451,14,ok,
low-concurrency-20260711T195542.986124768Z,fair-c20,2026-07-11T20:09:20.643Z,1783800560643,703990,first_a_sqs_sent_timestamp,332,23,ok,
low-concurrency-20260711T195542.986124768Z,baseline-c20,2026-07-11T20:09:21.609Z,1783800561609,704944,first_a_sqs_sent_timestamp,421,15,ok,
low-concurrency-20260711T195542.986124768Z,fair-c20,2026-07-11T20:09:21.642Z,1783800561642,704989,first_a_sqs_sent_timestamp,330,25,ok,
low-concurrency-20260711T195542.986124768Z,baseline-c20,2026-07-11T20:09:22.615Z,1783800562615,705950,first_a_sqs_sent_timestamp,385,15,ok,
low-concurrency-20260711T195542.986124768Z,fair-c20,2026-07-11T20:09:22.644Z,1783800562644,705991,first_a_sqs_sent_timestamp,346,11,ok,
low-concurrency-20260711T195542.986124768Z,baseline-c20,2026-07-11T20:09:23.612Z,1783800563612,706947,first_a_sqs_sent_timestamp,395,11,ok,
low-concurrency-20260711T195542.986124768Z,fair-c20,2026-07-11T20:09:23.639Z,1783800563639,706986,first_a_sqs_sent_timestamp,338,12,ok,
low-concurrency-20260711T195542.986124768Z,baseline-c20,2026-07-11T20:09:24.609Z,1783800564609,707944,first_a_sqs_sent_timestamp,399,13,ok,
low-concurrency-20260711T195542.986124768Z,fair-c20,2026-07-11T20:09:24.638Z,1783800564638,707985,first_a_sqs_sent_timestamp,310,22,ok,
low-concurrency-20260711T195542.986124768Z,baseline-c20,2026-07-11T20:09:25.615Z,1783800565615,708950,first_a_sqs_sent_timestamp,362,17,ok,
low-concurrency-20260711T195542.986124768Z,fair-c20,2026-07-11T20:09:25.643Z,1783800565643,708990,first_a_sqs_sent_timestamp,296,16,ok,
low-concurrency-20260711T195542.986124768Z,baseline-c20,2026-07-11T20:09:26.614Z,1783800566614,709949,first_a_sqs_sent_timestamp,362,16,ok,
low-concurrency-20260711T195542.986124768Z,fair-c20,2026-07-11T20:09:26.646Z,1783800566646,709993,first_a_sqs_sent_timestamp,269,23,ok,
low-concurrency-20260711T195542.986124768Z,baseline-c20,2026-07-11T20:09:27.615Z,1783800567615,710950,first_a_sqs_sent_timestamp,362,20,ok,
low-concurrency-20260711T195542.986124768Z,fair-c20,2026-07-11T20:09:27.647Z,1783800567647,710994,first_a_sqs_sent_timestamp,322,17,ok,
low-concurrency-20260711T195542.986124768Z,baseline-c20,2026-07-11T20:09:28.609Z,1783800568609,711944,first_a_sqs_sent_timestamp,329,17,ok,
low-concurrency-20260711T195542.986124768Z,fair-c20,2026-07-11T20:09:28.641Z,1783800568641,711988,first_a_sqs_sent_timestamp,257,19,ok,
low-concurrency-20260711T195542.986124768Z,baseline-c20,2026-07-11T20:09:29.609Z,1783800569609,712944,first_a_sqs_sent_timestamp,329,17,ok,
low-concurrency-20260711T195542.986124768Z,fair-c20,2026-07-11T20:09:29.637Z,1783800569637,712984,first_a_sqs_sent_timestamp,317,18,ok,
low-concurrency-20260711T195542.986124768Z,baseline-c20,2026-07-11T20:09:30.61Z,1783800570610,713945,first_a_sqs_sent_timestamp,339,15,ok,
low-concurrency-20260711T195542.986124768Z,fair-c20,2026-07-11T20:09:30.644Z,1783800570644,713991,first_a_sqs_sent_timestamp,305,14,ok,
low-concurrency-20260711T195542.986124768Z,baseline-c20,2026-07-11T20:09:31.615Z,1783800571615,714950,first_a_sqs_sent_timestamp,291,16,ok,
low-concurrency-20260711T195542.986124768Z,fair-c20,2026-07-11T20:09:31.643Z,1783800571643,714990,first_a_sqs_sent_timestamp,269,12,ok,
low-concurrency-20260711T195542.986124768Z,baseline-c20,2026-07-11T20:09:32.615Z,1783800572615,715950,first_a_sqs_sent_timestamp,291,16,ok,
low-concurrency-20260711T195542.986124768Z,fair-c20,2026-07-11T20:09:32.647Z,1783800572647,715994,first_a_sqs_sent_timestamp,256,19,ok,
low-concurrency-20260711T195542.986124768Z,baseline-c20,2026-07-11T20:09:33.616Z,1783800573616,716951,first_a_sqs_sent_timestamp,291,16,ok,
low-concurrency-20260711T195542.986124768Z,fair-c20,2026-07-11T20:09:33.645Z,1783800573645,716992,first_a_sqs_sent_timestamp,276,14,ok,
low-concurrency-20260711T195542.986124768Z,baseline-c20,2026-07-11T20:09:34.61Z,1783800574610,717945,first_a_sqs_sent_timestamp,295,18,ok,
low-concurrency-20260711T195542.986124768Z,fair-c20,2026-07-11T20:09:34.64Z,1783800574640,717987,first_a_sqs_sent_timestamp,211,23,ok,
low-concurrency-20260711T195542.986124768Z,baseline-c20,2026-07-11T20:09:35.617Z,1783800575617,718952,first_a_sqs_sent_timestamp,302,15,ok,
low-concurrency-20260711T195542.986124768Z,fair-c20,2026-07-11T20:09:35.648Z,1783800575648,718995,first_a_sqs_sent_timestamp,213,17,ok,
low-concurrency-20260711T195542.986124768Z,baseline-c20,2026-07-11T20:09:36.609Z,1783800576609,719944,first_a_sqs_sent_timestamp,254,17,ok,
low-concurrency-20260711T195542.986124768Z,fair-c20,2026-07-11T20:09:36.642Z,1783800576642,719989,first_a_sqs_sent_timestamp,226,19,ok,
low-concurrency-20260711T195542.986124768Z,baseline-c20,2026-07-11T20:09:37.617Z,1783800577617,720952,first_a_sqs_sent_timestamp,270,18,ok,
low-concurrency-20260711T195542.986124768Z,fair-c20,2026-07-11T20:09:37.645Z,1783800577645,720992,first_a_sqs_sent_timestamp,260,19,ok,
low-concurrency-20260711T195542.986124768Z,baseline-c20,2026-07-11T20:09:38.609Z,1783800578609,721944,first_a_sqs_sent_timestamp,253,19,ok,
low-concurrency-20260711T195542.986124768Z,fair-c20,2026-07-11T20:09:38.644Z,1783800578644,721991,first_a_sqs_sent_timestamp,233,17,ok,
low-concurrency-20260711T195542.986124768Z,baseline-c20,2026-07-11T20:09:39.608Z,1783800579608,722943,first_a_sqs_sent_timestamp,253,19,ok,
low-concurrency-20260711T195542.986124768Z,fair-c20,2026-07-11T20:09:39.635Z,1783800579635,722982,first_a_sqs_sent_timestamp,171,19,ok,
low-concurrency-20260711T195542.986124768Z,baseline-c20,2026-07-11T20:09:40.611Z,1783800580611,723946,first_a_sqs_sent_timestamp,282,16,ok,
low-concurrency-20260711T195542.986124768Z,fair-c20,2026-07-11T20:09:40.646Z,1783800580646,723993,first_a_sqs_sent_timestamp,201,27,ok,
low-concurrency-20260711T195542.986124768Z,baseline-c20,2026-07-11T20:09:41.615Z,1783800581615,724950,first_a_sqs_sent_timestamp,231,17,ok,
low-concurrency-20260711T195542.986124768Z,fair-c20,2026-07-11T20:09:41.646Z,1783800581646,724993,first_a_sqs_sent_timestamp,198,14,ok,
low-concurrency-20260711T195542.986124768Z,baseline-c20,2026-07-11T20:09:42.615Z,1783800582615,725950,first_a_sqs_sent_timestamp,234,17,ok,
low-concurrency-20260711T195542.986124768Z,fair-c20,2026-07-11T20:09:42.656Z,1783800582656,726003,first_a_sqs_sent_timestamp,150,21,ok,
low-concurrency-20260711T195542.986124768Z,baseline-c20,2026-07-11T20:09:43.616Z,1783800583616,726951,first_a_sqs_sent_timestamp,205,14,ok,
low-concurrency-20260711T195542.986124768Z,fair-c20,2026-07-11T20:09:43.644Z,1783800583644,726991,first_a_sqs_sent_timestamp,153,18,ok,
low-concurrency-20260711T195542.986124768Z,baseline-c20,2026-07-11T20:09:44.617Z,1783800584617,727952,first_a_sqs_sent_timestamp,230,15,ok,
low-concurrency-20260711T195542.986124768Z,fair-c20,2026-07-11T20:09:44.649Z,1783800584649,727996,first_a_sqs_sent_timestamp,142,16,ok,
low-concurrency-20260711T195542.986124768Z,baseline-c20,2026-07-11T20:09:45.617Z,1783800585617,728952,first_a_sqs_sent_timestamp,191,16,ok,
low-concurrency-20260711T195542.986124768Z,fair-c20,2026-07-11T20:09:45.644Z,1783800585644,728991,first_a_sqs_sent_timestamp,155,20,ok,
low-concurrency-20260711T195542.986124768Z,baseline-c20,2026-07-11T20:09:46.616Z,1783800586616,729951,first_a_sqs_sent_timestamp,229,17,ok,
low-concurrency-20260711T195542.986124768Z,fair-c20,2026-07-11T20:09:46.644Z,1783800586644,729991,first_a_sqs_sent_timestamp,98,16,ok,
low-concurrency-20260711T195542.986124768Z,baseline-c20,2026-07-11T20:09:47.614Z,1783800587614,730949,first_a_sqs_sent_timestamp,167,17,ok,
low-concurrency-20260711T195542.986124768Z,fair-c20,2026-07-11T20:09:47.653Z,1783800587653,731000,first_a_sqs_sent_timestamp,148,16,ok,
low-concurrency-20260711T195542.986124768Z,baseline-c20,2026-07-11T20:09:48.609Z,1783800588609,731944,first_a_sqs_sent_timestamp,176,14,ok,
low-concurrency-20260711T195542.986124768Z,fair-c20,2026-07-11T20:09:48.641Z,1783800588641,731988,first_a_sqs_sent_timestamp,121,16,ok,
low-concurrency-20260711T195542.986124768Z,baseline-c20,2026-07-11T20:09:49.61Z,1783800589610,732945,first_a_sqs_sent_timestamp,183,19,ok,
low-concurrency-20260711T195542.986124768Z,fair-c20,2026-07-11T20:09:49.639Z,1783800589639,732986,first_a_sqs_sent_timestamp,95,16,ok,
low-concurrency-20260711T195542.986124768Z,baseline-c20,2026-07-11T20:09:50.611Z,1783800590611,733946,first_a_sqs_sent_timestamp,158,18,ok,
low-concurrency-20260711T195542.986124768Z,fair-c20,2026-07-11T20:09:50.637Z,1783800590637,733984,first_a_sqs_sent_timestamp,65,17,ok,
low-concurrency-20260711T195542.986124768Z,baseline-c20,2026-07-11T20:09:51.608Z,1783800591608,734943,first_a_sqs_sent_timestamp,173,16,ok,
low-concurrency-20260711T195542.986124768Z,fair-c20,2026-07-11T20:09:51.638Z,1783800591638,734985,first_a_sqs_sent_timestamp,124,15,ok,
low-concurrency-20260711T195542.986124768Z,baseline-c20,2026-07-11T20:09:52.614Z,1783800592614,735949,first_a_sqs_sent_timestamp,212,18,ok,
low-concurrency-20260711T195542.986124768Z,fair-c20,2026-07-11T20:09:52.79Z,1783800592790,736137,first_a_sqs_sent_timestamp,52,21,ok,
low-concurrency-20260711T195542.986124768Z,baseline-c20,2026-07-11T20:09:53.612Z,1783800593612,736947,first_a_sqs_sent_timestamp,128,15,ok,
low-concurrency-20260711T195542.986124768Z,fair-c20,2026-07-11T20:09:53.64Z,1783800593640,736987,first_a_sqs_sent_timestamp,49,20,ok,
low-concurrency-20260711T195542.986124768Z,baseline-c20,2026-07-11T20:09:54.616Z,1783800594616,737951,first_a_sqs_sent_timestamp,128,15,ok,
low-concurrency-20260711T195542.986124768Z,fair-c20,2026-07-11T20:09:54.647Z,1783800594647,737994,first_a_sqs_sent_timestamp,42,21,ok,
low-concurrency-20260711T195542.986124768Z,baseline-c20,2026-07-11T20:09:55.617Z,1783800595617,738952,first_a_sqs_sent_timestamp,146,14,ok,
low-concurrency-20260711T195542.986124768Z,fair-c20,2026-07-11T20:09:55.651Z,1783800595651,738998,first_a_sqs_sent_timestamp,50,21,ok,
low-concurrency-20260711T195542.986124768Z,baseline-c20,2026-07-11T20:09:56.61Z,1783800596610,739945,first_a_sqs_sent_timestamp,88,16,ok,
low-concurrency-20260711T195542.986124768Z,fair-c20,2026-07-11T20:09:56.638Z,1783800596638,739985,first_a_sqs_sent_timestamp,98,14,ok,
low-concurrency-20260711T195542.986124768Z,baseline-c20,2026-07-11T20:09:57.615Z,1783800597615,740950,first_a_sqs_sent_timestamp,120,17,ok,
low-concurrency-20260711T195542.986124768Z,fair-c20,2026-07-11T20:09:57.645Z,1783800597645,740992,first_a_sqs_sent_timestamp,41,21,ok,
low-concurrency-20260711T195542.986124768Z,baseline-c20,2026-07-11T20:09:58.617Z,1783800598617,741952,first_a_sqs_sent_timestamp,92,17,ok,
low-concurrency-20260711T195542.986124768Z,fair-c20,2026-07-11T20:09:58.647Z,1783800598647,741994,first_a_sqs_sent_timestamp,88,16,ok,
low-concurrency-20260711T195542.986124768Z,baseline-c20,2026-07-11T20:09:59.611Z,1783800599611,742946,first_a_sqs_sent_timestamp,113,17,ok,
low-concurrency-20260711T195542.986124768Z,fair-c20,2026-07-11T20:09:59.64Z,1783800599640,742987,first_a_sqs_sent_timestamp,0,14,ok,
low-concurrency-20260711T195542.986124768Z,baseline-c20,2026-07-11T20:10:00.608Z,1783800600608,743943,first_a_sqs_sent_timestamp,63,16,ok,
low-concurrency-20260711T195542.986124768Z,fair-c20,2026-07-11T20:10:00.641Z,1783800600641,743988,first_a_sqs_sent_timestamp,0,14,ok,
low-concurrency-20260711T195542.986124768Z,baseline-c20,2026-07-11T20:10:01.61Z,1783800601610,744945,first_a_sqs_sent_timestamp,140,15,ok,
low-concurrency-20260711T195542.986124768Z,fair-c20,2026-07-11T20:10:01.639Z,1783800601639,744986,first_a_sqs_sent_timestamp,7,17,ok,
low-concurrency-20260711T195542.986124768Z,baseline-c20,2026-07-11T20:10:02.608Z,1783800602608,745943,first_a_sqs_sent_timestamp,86,15,ok,
low-concurrency-20260711T195542.986124768Z,fair-c20,2026-07-11T20:10:02.638Z,1783800602638,745985,first_a_sqs_sent_timestamp,9,17,ok,
low-concurrency-20260711T195542.986124768Z,baseline-c20,2026-07-11T20:10:03.61Z,1783800603610,746945,first_a_sqs_sent_timestamp,57,20,ok,
low-concurrency-20260711T195542.986124768Z,fair-c20,2026-07-11T20:10:03.638Z,1783800603638,746985,first_a_sqs_sent_timestamp,45,21,ok,
low-concurrency-20260711T195542.986124768Z,baseline-c20,2026-07-11T20:10:04.609Z,1783800604609,747944,first_a_sqs_sent_timestamp,64,18,ok,
low-concurrency-20260711T195542.986124768Z,fair-c20,2026-07-11T20:10:04.64Z,1783800604640,747987,first_a_sqs_sent_timestamp,7,1,ok,
low-concurrency-20260711T195542.986124768Z,baseline-c20,2026-07-11T20:10:05.61Z,1783800605610,748945,first_a_sqs_sent_timestamp,38,20,ok,
low-concurrency-20260711T195542.986124768Z,fair-c20,2026-07-11T20:10:05.642Z,1783800605642,748989,first_a_sqs_sent_timestamp,0,0,ok,
low-concurrency-20260711T195542.986124768Z,baseline-c20,2026-07-11T20:10:06.615Z,1783800606615,749950,first_a_sqs_sent_timestamp,44,24,ok,
low-concurrency-20260711T195542.986124768Z,fair-c20,2026-07-11T20:10:06.646Z,1783800606646,749993,first_a_sqs_sent_timestamp,0,0,ok,
low-concurrency-20260711T195542.986124768Z,baseline-c20,2026-07-11T20:10:07.615Z,1783800607615,750950,first_a_sqs_sent_timestamp,14,20,ok,
low-concurrency-20260711T195542.986124768Z,fair-c20,2026-07-11T20:10:07.647Z,1783800607647,750994,first_a_sqs_sent_timestamp,0,0,ok,
low-concurrency-20260711T195542.986124768Z,baseline-c20,2026-07-11T20:10:08.61Z,1783800608610,751945,first_a_sqs_sent_timestamp,0,11,ok,
low-concurrency-20260711T195542.986124768Z,fair-c20,2026-07-11T20:10:08.645Z,1783800608645,751992,first_a_sqs_sent_timestamp,0,7,ok,
low-concurrency-20260711T195542.986124768Z,baseline-c20,2026-07-11T20:10:09.615Z,1783800609615,752950,first_a_sqs_sent_timestamp,0,10,ok,
low-concurrency-20260711T195542.986124768Z,fair-c20,2026-07-11T20:10:09.643Z,1783800609643,752990,first_a_sqs_sent_timestamp,0,0,ok,
low-concurrency-20260711T195542.986124768Z,baseline-c20,2026-07-11T20:10:10.612Z,1783800610612,753947,first_a_sqs_sent_timestamp,13,9,ok,
low-concurrency-20260711T195542.986124768Z,fair-c20,2026-07-11T20:10:10.64Z,1783800610640,753987,first_a_sqs_sent_timestamp,0,0,ok,
low-concurrency-20260711T195542.986124768Z,baseline-c20,2026-07-11T20:10:11.609Z,1783800611609,754944,first_a_sqs_sent_timestamp,0,3,ok,
low-concurrency-20260711T195542.986124768Z,fair-c20,2026-07-11T20:10:11.641Z,1783800611641,754988,first_a_sqs_sent_timestamp,0,0,ok,
low-concurrency-20260711T195542.986124768Z,baseline-c20,2026-07-11T20:10:12.611Z,1783800612611,755946,first_a_sqs_sent_timestamp,0,0,ok,
low-concurrency-20260711T195542.986124768Z,fair-c20,2026-07-11T20:10:12.647Z,1783800612647,755994,first_a_sqs_sent_timestamp,0,0,ok,
low-concurrency-20260711T195542.986124768Z,baseline-c20,2026-07-11T20:10:13.616Z,1783800613616,756951,first_a_sqs_sent_timestamp,3,11,ok,
low-concurrency-20260711T195542.986124768Z,fair-c20,2026-07-11T20:10:13.647Z,1783800613647,756994,first_a_sqs_sent_timestamp,0,0,ok,
low-concurrency-20260711T195542.986124768Z,baseline-c20,2026-07-11T20:10:14.611Z,1783800614611,757946,first_a_sqs_sent_timestamp,0,0,ok,
low-concurrency-20260711T195542.986124768Z,fair-c20,2026-07-11T20:10:14.643Z,1783800614643,757990,first_a_sqs_sent_timestamp,0,0,ok,
low-concurrency-20260711T195542.986124768Z,baseline-c20,2026-07-11T20:10:15.619Z,1783800615619,758954,first_a_sqs_sent_timestamp,0,8,ok,
low-concurrency-20260711T195542.986124768Z,fair-c20,2026-07-11T20:10:15.661Z,1783800615661,759008,first_a_sqs_sent_timestamp,0,0,ok,
low-concurrency-20260711T195542.986124768Z,baseline-c20,2026-07-11T20:10:16.611Z,1783800616611,759946,first_a_sqs_sent_timestamp,0,0,ok,
low-concurrency-20260711T195542.986124768Z,fair-c20,2026-07-11T20:10:16.644Z,1783800616644,759991,first_a_sqs_sent_timestamp,0,0,ok,
low-concurrency-20260711T195542.986124768Z,baseline-c20,2026-07-11T20:10:17.61Z,1783800617610,760945,first_a_sqs_sent_timestamp,0,8,ok,
low-concurrency-20260711T195542.986124768Z,fair-c20,2026-07-11T20:10:17.707Z,1783800617707,761054,first_a_sqs_sent_timestamp,0,0,ok,
