experiment_id,scenario,sampled_at,sampled_at_ms,approximate_visible,approximate_not_visible,sample_status,sample_error
low-concurrency-20260711T195542.986124768Z,baseline-c20,2026-07-11T19:57:36.609643614Z,1783799856609,0,0,ok,
low-concurrency-20260711T195542.986124768Z,fair-c20,2026-07-11T19:57:36.753054615Z,1783799856753,0,0,ok,
low-concurrency-20260711T195542.986124768Z,baseline-c20,2026-07-11T19:57:37.608969335Z,1783799857608,0,0,ok,
low-concurrency-20260711T195542.986124768Z,fair-c20,2026-07-11T19:57:37.6390445Z,1783799857639,0,4,ok,
low-concurrency-20260711T195542.986124768Z,baseline-c20,2026-07-11T19:57:38.609734182Z,1783799858609,0,0,ok,
low-concurrency-20260711T195542.986124768Z,fair-c20,2026-07-11T19:57:38.637561734Z,1783799858637,0,0,ok,
low-concurrency-20260711T195542.986124768Z,baseline-c20,2026-07-11T19:57:39.611063001Z,1783799859611,2012,29,ok,
low-concurrency-20260711T195542.986124768Z,fair-c20,2026-07-11T19:57:39.643020679Z,1783799859643,2480,10,ok,
low-concurrency-20260711T195542.986124768Z,baseline-c20,2026-07-11T19:57:40.610541472Z,1783799860610,0,0,ok,
low-concurrency-20260711T195542.986124768Z,fair-c20,2026-07-11T19:57:40.64013831Z,1783799860640,2451,56,ok,
low-concurrency-20260711T195542.986124768Z,baseline-c20,2026-07-11T19:57:41.61112192Z,1783799861611,0,4,ok,
low-concurrency-20260711T195542.986124768Z,fair-c20,2026-07-11T19:57:41.640827369Z,1783799861640,2451,52,ok,
low-concurrency-20260711T195542.986124768Z,baseline-c20,2026-07-11T19:57:42.609392815Z,1783799862609,2487,18,ok,
low-concurrency-20260711T195542.986124768Z,fair-c20,2026-07-11T19:57:42.638773948Z,1783799862638,1244,59,ok,
low-concurrency-20260711T195542.986124768Z,baseline-c20,2026-07-11T19:57:43.608909022Z,1783799863608,4943,50,ok,
low-concurrency-20260711T195542.986124768Z,fair-c20,2026-07-11T19:57:43.643417361Z,1783799863643,4930,69,ok,
low-concurrency-20260711T195542.986124768Z,baseline-c20,2026-07-11T19:57:44.61083527Z,1783799864610,2456,13,ok,
low-concurrency-20260711T195542.986124768Z,fair-c20,2026-07-11T19:57:44.638815004Z,1783799864638,1267,65,ok,
low-concurrency-20260711T195542.986124768Z,baseline-c20,2026-07-11T19:57:45.6092058Z,1783799865609,4944,31,ok,
low-concurrency-20260711T195542.986124768Z,fair-c20,2026-07-11T19:57:45.637879596Z,1783799865637,4933,69,ok,
low-concurrency-20260711T195542.986124768Z,baseline-c20,2026-07-11T19:57:46.610660903Z,1783799866610,4944,50,ok,
low-concurrency-20260711T195542.986124768Z,fair-c20,2026-07-11T19:57:46.637167422Z,1783799866637,2451,52,ok,
low-concurrency-20260711T195542.986124768Z,baseline-c20,2026-07-11T19:57:47.608588936Z,1783799867608,2456,13,ok,
low-concurrency-20260711T195542.986124768Z,fair-c20,2026-07-11T19:57:47.639616999Z,1783799867639,4934,28,ok,
low-concurrency-20260711T195542.986124768Z,baseline-c20,2026-07-11T19:57:48.608319138Z,1783799868608,4943,40,ok,
low-concurrency-20260711T195542.986124768Z,fair-c20,2026-07-11T19:57:48.654652701Z,1783799868654,4935,28,ok,
low-concurrency-20260711T195542.986124768Z,baseline-c20,2026-07-11T19:57:49.609306535Z,1783799869609,4468,61,ok,
low-concurrency-20260711T195542.986124768Z,fair-c20,2026-07-11T19:57:49.640851349Z,1783799869640,3727,69,ok,
low-concurrency-20260711T195542.986124768Z,baseline-c20,2026-07-11T19:57:50.611342053Z,1783799870611,4938,24,ok,
low-concurrency-20260711T195542.986124768Z,fair-c20,2026-07-11T19:57:50.63909156Z,1783799870639,4938,34,ok,
low-concurrency-20260711T195542.986124768Z,baseline-c20,2026-07-11T19:57:51.608686835Z,1783799871608,4920,19,ok,
low-concurrency-20260711T195542.986124768Z,fair-c20,2026-07-11T19:57:51.636294892Z,1783799871636,2480,10,ok,
low-concurrency-20260711T195542.986124768Z,baseline-c20,2026-07-11T19:57:52.610858823Z,1783799872610,2484,9,ok,
low-concurrency-20260711T195542.986124768Z,fair-c20,2026-07-11T19:57:52.640741869Z,1783799872640,4902,18,ok,
low-concurrency-20260711T195542.986124768Z,baseline-c20,2026-07-11T19:57:53.610299191Z,1783799873610,4932,21,ok,
low-concurrency-20260711T195542.986124768Z,fair-c20,2026-07-11T19:57:53.639883156Z,1783799873639,4916,14,ok,
low-concurrency-20260711T195542.986124768Z,baseline-c20,2026-07-11T19:57:54.611626291Z,1783799874611,4939,31,ok,
low-concurrency-20260711T195542.986124768Z,fair-c20,2026-07-11T19:57:54.644293693Z,1783799874644,4910,19,ok,
low-concurrency-20260711T195542.986124768Z,baseline-c20,2026-07-11T19:57:55.609204414Z,1783799875609,4904,20,ok,
low-concurrency-20260711T195542.986124768Z,fair-c20,2026-07-11T19:57:55.641066701Z,1783799875641,4904,21,ok,
low-concurrency-20260711T195542.986124768Z,baseline-c20,2026-07-11T19:57:56.610208582Z,1783799876610,4920,28,ok,
low-concurrency-20260711T195542.986124768Z,fair-c20,2026-07-11T19:57:56.642463519Z,1783799876642,4896,14,ok,
low-concurrency-20260711T195542.986124768Z,baseline-c20,2026-07-11T19:57:57.609443811Z,1783799877609,2429,8,ok,
low-concurrency-20260711T195542.986124768Z,fair-c20,2026-07-11T19:57:57.635586837Z,1783799877635,4876,16,ok,
low-concurrency-20260711T195542.986124768Z,baseline-c20,2026-07-11T19:57:58.6095766Z,1783799878609,4909,17,ok,
low-concurrency-20260711T195542.986124768Z,fair-c20,2026-07-11T19:57:58.635358815Z,1783799878635,4922,30,ok,
low-concurrency-20260711T195542.986124768Z,baseline-c20,2026-07-11T19:57:59.609185421Z,1783799879609,4882,15,ok,
low-concurrency-20260711T195542.986124768Z,fair-c20,2026-07-11T19:57:59.643201449Z,1783799879643,2455,7,ok,
low-concurrency-20260711T195542.986124768Z,baseline-c20,2026-07-11T19:58:00.610277715Z,1783799880610,4892,14,ok,
low-concurrency-20260711T195542.986124768Z,fair-c20,2026-07-11T19:58:00.639890845Z,1783799880639,4910,19,ok,
low-concurrency-20260711T195542.986124768Z,baseline-c20,2026-07-11T19:58:01.608463498Z,1783799881608,4909,20,ok,
low-concurrency-20260711T195542.986124768Z,fair-c20,2026-07-11T19:58:01.636020157Z,1783799881636,4882,20,ok,
low-concurrency-20260711T195542.986124768Z,baseline-c20,2026-07-11T19:58:02.609039962Z,1783799882609,4849,14,ok,
low-concurrency-20260711T195542.986124768Z,fair-c20,2026-07-11T19:58:02.643111352Z,1783799882643,4884,14,ok,
low-concurrency-20260711T195542.986124768Z,baseline-c20,2026-07-11T19:58:03.609121164Z,1783799883609,4898,16,ok,
low-concurrency-20260711T195542.986124768Z,fair-c20,2026-07-11T19:58:03.637827933Z,1783799883637,4857,15,ok,
low-concurrency-20260711T195542.986124768Z,baseline-c20,2026-07-11T19:58:04.61087639Z,1783799884610,4851,21,ok,
low-concurrency-20260711T195542.986124768Z,fair-c20,2026-07-11T19:58:04.637900133Z,1783799884637,4875,14,ok,
low-concurrency-20260711T195542.986124768Z,baseline-c20,2026-07-11T19:58:05.611209332Z,1783799885611,4871,14,ok,
low-concurrency-20260711T195542.986124768Z,fair-c20,2026-07-11T19:58:05.643999865Z,1783799885643,4834,13,ok,
low-concurrency-20260711T195542.986124768Z,baseline-c20,2026-07-11T19:58:06.61085073Z,1783799886610,4884,18,ok,
low-concurrency-20260711T195542.986124768Z,fair-c20,2026-07-11T19:58:06.642733481Z,1783799886642,4836,21,ok,
low-concurrency-20260711T195542.986124768Z,baseline-c20,2026-07-11T19:58:07.61489957Z,1783799887614,4866,17,ok,
low-concurrency-20260711T195542.986124768Z,fair-c20,2026-07-11T19:58:07.652061066Z,1783799887652,4861,17,ok,
low-concurrency-20260711T195542.986124768Z,baseline-c20,2026-07-11T19:58:08.608105986Z,1783799888608,4837,18,ok,
low-concurrency-20260711T195542.986124768Z,fair-c20,2026-07-11T19:58:08.637030355Z,1783799888637,4836,17,ok,
low-concurrency-20260711T195542.986124768Z,baseline-c20,2026-07-11T19:58:09.609769793Z,1783799889609,4847,15,ok,
low-concurrency-20260711T195542.986124768Z,fair-c20,2026-07-11T19:58:09.637665528Z,1783799889637,4804,16,ok,
low-concurrency-20260711T195542.986124768Z,baseline-c20,2026-07-11T19:58:10.609750164Z,1783799890609,4816,25,ok,
low-concurrency-20260711T195542.986124768Z,fair-c20,2026-07-11T19:58:10.639373698Z,1783799890639,4890,24,ok,
low-concurrency-20260711T195542.986124768Z,baseline-c20,2026-07-11T19:58:11.6073808Z,1783799891607,4821,17,ok,
low-concurrency-20260711T195542.986124768Z,fair-c20,2026-07-11T19:58:11.635468665Z,1783799891635,4806,21,ok,
low-concurrency-20260711T195542.986124768Z,baseline-c20,2026-07-11T19:58:12.608925268Z,1783799892608,4782,20,ok,
low-concurrency-20260711T195542.986124768Z,fair-c20,2026-07-11T19:58:12.63802296Z,1783799892638,4817,16,ok,
low-concurrency-20260711T195542.986124768Z,baseline-c20,2026-07-11T19:58:13.610778037Z,1783799893610,4811,18,ok,
low-concurrency-20260711T195542.986124768Z,fair-c20,2026-07-11T19:58:13.643030253Z,1783799893643,4786,15,ok,
low-concurrency-20260711T195542.986124768Z,baseline-c20,2026-07-11T19:58:14.608843036Z,1783799894608,4815,13,ok,
low-concurrency-20260711T195542.986124768Z,fair-c20,2026-07-11T19:58:14.637232321Z,1783799894637,4780,15,ok,
low-concurrency-20260711T195542.986124768Z,baseline-c20,2026-07-11T19:58:15.611055671Z,1783799895611,4794,21,ok,
low-concurrency-20260711T195542.986124768Z,fair-c20,2026-07-11T19:58:15.637525615Z,1783799895637,4791,15,ok,
low-concurrency-20260711T195542.986124768Z,baseline-c20,2026-07-11T19:58:16.640698438Z,1783799896640,4792,17,ok,
low-concurrency-20260711T195542.986124768Z,fair-c20,2026-07-11T19:58:16.6701733Z,1783799896670,4780,15,ok,
low-concurrency-20260711T195542.986124768Z,baseline-c20,2026-07-11T19:58:17.609517013Z,1783799897609,4804,17,ok,
low-concurrency-20260711T195542.986124768Z,fair-c20,2026-07-11T19:58:17.641216665Z,1783799897641,4767,16,ok,
low-concurrency-20260711T195542.986124768Z,baseline-c20,2026-07-11T19:58:18.609709753Z,1783799898609,4759,12,ok,
low-concurrency-20260711T195542.986124768Z,fair-c20,2026-07-11T19:58:18.641791611Z,1783799898641,4769,19,ok,
low-concurrency-20260711T195542.986124768Z,baseline-c20,2026-07-11T19:58:19.610269959Z,1783799899610,4802,13,ok,
low-concurrency-20260711T195542.986124768Z,fair-c20,2026-07-11T19:58:19.638743279Z,1783799899638,4801,14,ok,
low-concurrency-20260711T195542.986124768Z,baseline-c20,2026-07-11T19:58:20.610247311Z,1783799900610,4762,20,ok,
low-concurrency-20260711T195542.986124768Z,fair-c20,2026-07-11T19:58:20.639491069Z,1783799900639,4755,13,ok,
low-concurrency-20260711T195542.986124768Z,baseline-c20,2026-07-11T19:58:21.609806958Z,1783799901609,4739,21,ok,
low-concurrency-20260711T195542.986124768Z,fair-c20,2026-07-11T19:58:21.636041496Z,1783799901636,4728,18,ok,
low-concurrency-20260711T195542.986124768Z,baseline-c20,2026-07-11T19:58:22.610255142Z,1783799902610,4787,16,ok,
low-concurrency-20260711T195542.986124768Z,fair-c20,2026-07-11T19:58:22.638842216Z,1783799902638,4725,18,ok,
low-concurrency-20260711T195542.986124768Z,baseline-c20,2026-07-11T19:58:23.610988929Z,1783799903610,4768,12,ok,
low-concurrency-20260711T195542.986124768Z,fair-c20,2026-07-11T19:58:23.638065262Z,1783799903638,4753,16,ok,
low-concurrency-20260711T195542.986124768Z,baseline-c20,2026-07-11T19:58:24.610644729Z,1783799904610,4765,17,ok,
low-concurrency-20260711T195542.986124768Z,fair-c20,2026-07-11T19:58:24.643415664Z,1783799904643,4739,19,ok,
low-concurrency-20260711T195542.986124768Z,baseline-c20,2026-07-11T19:58:25.611830548Z,1783799905611,4700,20,ok,
low-concurrency-20260711T195542.986124768Z,fair-c20,2026-07-11T19:58:25.650479742Z,1783799905650,4811,23,ok,
low-concurrency-20260711T195542.986124768Z,baseline-c20,2026-07-11T19:58:26.610426419Z,1783799906610,4748,15,ok,
low-concurrency-20260711T195542.986124768Z,fair-c20,2026-07-11T19:58:26.647726015Z,1783799906647,4720,17,ok,
low-concurrency-20260711T195542.986124768Z,baseline-c20,2026-07-11T19:58:27.608854491Z,1783799907608,4704,16,ok,
low-concurrency-20260711T195542.986124768Z,fair-c20,2026-07-11T19:58:27.637462787Z,1783799907637,4698,16,ok,
low-concurrency-20260711T195542.986124768Z,baseline-c20,2026-07-11T19:58:28.611043311Z,1783799908611,4707,21,ok,
low-concurrency-20260711T195542.986124768Z,fair-c20,2026-07-11T19:58:28.643560727Z,1783799908643,4733,15,ok,
low-concurrency-20260711T195542.986124768Z,baseline-c20,2026-07-11T19:58:29.610484044Z,1783799909610,4700,20,ok,
low-concurrency-20260711T195542.986124768Z,fair-c20,2026-07-11T19:58:29.643391963Z,1783799909643,4692,19,ok,
low-concurrency-20260711T195542.986124768Z,baseline-c20,2026-07-11T19:58:30.610411892Z,1783799910610,4719,14,ok,
low-concurrency-20260711T195542.986124768Z,fair-c20,2026-07-11T19:58:30.641383588Z,1783799910641,4661,18,ok,
low-concurrency-20260711T195542.986124768Z,baseline-c20,2026-07-11T19:58:31.609653478Z,1783799911609,4723,16,ok,
low-concurrency-20260711T195542.986124768Z,fair-c20,2026-07-11T19:58:31.639750428Z,1783799911639,4663,19,ok,
low-concurrency-20260711T195542.986124768Z,baseline-c20,2026-07-11T19:58:32.610069074Z,1783799912610,4701,15,ok,
low-concurrency-20260711T195542.986124768Z,fair-c20,2026-07-11T19:58:32.643623388Z,1783799912643,4689,13,ok,
low-concurrency-20260711T195542.986124768Z,baseline-c20,2026-07-11T19:58:33.61181961Z,1783799913611,4713,13,ok,
low-concurrency-20260711T195542.986124768Z,fair-c20,2026-07-11T19:58:33.642213946Z,1783799913642,4713,17,ok,
low-concurrency-20260711T195542.986124768Z,baseline-c20,2026-07-11T19:58:34.608381887Z,1783799914608,4646,14,ok,
low-concurrency-20260711T195542.986124768Z,fair-c20,2026-07-11T19:58:34.645871645Z,1783799914645,4649,12,ok,
low-concurrency-20260711T195542.986124768Z,baseline-c20,2026-07-11T19:58:35.608301094Z,1783799915608,4662,22,ok,
low-concurrency-20260711T195542.986124768Z,fair-c20,2026-07-11T19:58:35.637896478Z,1783799915637,4679,19,ok,
low-concurrency-20260711T195542.986124768Z,baseline-c20,2026-07-11T19:58:36.60973687Z,1783799916609,4685,15,ok,
low-concurrency-20260711T195542.986124768Z,fair-c20,2026-07-11T19:58:36.642990271Z,1783799916642,4626,23,ok,
low-concurrency-20260711T195542.986124768Z,baseline-c20,2026-07-11T19:58:37.611076485Z,1783799917611,4639,15,ok,
low-concurrency-20260711T195542.986124768Z,fair-c20,2026-07-11T19:58:37.644859894Z,1783799917644,4669,17,ok,
low-concurrency-20260711T195542.986124768Z,baseline-c20,2026-07-11T19:58:38.613200745Z,1783799918613,4653,19,ok,
low-concurrency-20260711T195542.986124768Z,fair-c20,2026-07-11T19:58:38.650808469Z,1783799918650,4642,25,ok,
low-concurrency-20260711T195542.986124768Z,baseline-c20,2026-07-11T19:58:39.610760782Z,1783799919610,4633,17,ok,
low-concurrency-20260711T195542.986124768Z,fair-c20,2026-07-11T19:58:39.640004378Z,1783799919640,4607,20,ok,
low-concurrency-20260711T195542.986124768Z,baseline-c20,2026-07-11T19:58:40.612605068Z,1783799920612,4655,19,ok,
low-concurrency-20260711T195542.986124768Z,fair-c20,2026-07-11T19:58:40.642132801Z,1783799920642,4625,19,ok,
low-concurrency-20260711T195542.986124768Z,baseline-c20,2026-07-11T19:58:41.609102521Z,1783799921609,4616,14,ok,
low-concurrency-20260711T195542.986124768Z,fair-c20,2026-07-11T19:58:41.644623253Z,1783799921644,4649,18,ok,
low-concurrency-20260711T195542.986124768Z,baseline-c20,2026-07-11T19:58:42.610620355Z,1783799922610,4649,16,ok,
low-concurrency-20260711T195542.986124768Z,fair-c20,2026-07-11T19:58:42.643106067Z,1783799922643,4635,18,ok,
low-concurrency-20260711T195542.986124768Z,baseline-c20,2026-07-11T19:58:43.610659778Z,1783799923610,4612,17,ok,
low-concurrency-20260711T195542.986124768Z,fair-c20,2026-07-11T19:58:43.639165335Z,1783799923639,4605,16,ok,
low-concurrency-20260711T195542.986124768Z,baseline-c20,2026-07-11T19:58:44.609505819Z,1783799924609,4622,13,ok,
low-concurrency-20260711T195542.986124768Z,fair-c20,2026-07-11T19:58:44.640467535Z,1783799924640,4609,13,ok,
low-concurrency-20260711T195542.986124768Z,baseline-c20,2026-07-11T19:58:45.611098281Z,1783799925611,4584,19,ok,
low-concurrency-20260711T195542.986124768Z,fair-c20,2026-07-11T19:58:45.639171475Z,1783799925639,4581,17,ok,
low-concurrency-20260711T195542.986124768Z,baseline-c20,2026-07-11T19:58:46.611369211Z,1783799926611,4609,17,ok,
low-concurrency-20260711T195542.986124768Z,fair-c20,2026-07-11T19:58:46.645231128Z,1783799926645,4596,19,ok,
low-concurrency-20260711T195542.986124768Z,baseline-c20,2026-07-11T19:58:47.613792206Z,1783799927613,4616,12,ok,
low-concurrency-20260711T195542.986124768Z,fair-c20,2026-07-11T19:58:47.649139924Z,1783799927649,4601,19,ok,
low-concurrency-20260711T195542.986124768Z,baseline-c20,2026-07-11T19:58:48.609816363Z,1783799928609,4597,18,ok,
low-concurrency-20260711T195542.986124768Z,fair-c20,2026-07-11T19:58:48.638271684Z,1783799928638,4587,16,ok,
low-concurrency-20260711T195542.986124768Z,baseline-c20,2026-07-11T19:58:49.612116892Z,1783799929612,4598,17,ok,
low-concurrency-20260711T195542.986124768Z,fair-c20,2026-07-11T19:58:49.637840533Z,1783799929637,4561,15,ok,
low-concurrency-20260711T195542.986124768Z,baseline-c20,2026-07-11T19:58:50.608923408Z,1783799930608,4603,17,ok,
low-concurrency-20260711T195542.986124768Z,fair-c20,2026-07-11T19:58:50.638019731Z,1783799930638,4557,16,ok,
low-concurrency-20260711T195542.986124768Z,baseline-c20,2026-07-11T19:58:51.611242355Z,1783799931611,4607,23,ok,
low-concurrency-20260711T195542.986124768Z,fair-c20,2026-07-11T19:58:51.643816342Z,1783799931643,4561,13,ok,
low-concurrency-20260711T195542.986124768Z,baseline-c20,2026-07-11T19:58:52.608584048Z,1783799932608,4536,25,ok,
low-concurrency-20260711T195542.986124768Z,fair-c20,2026-07-11T19:58:52.637377396Z,1783799932637,4543,18,ok,
low-concurrency-20260711T195542.986124768Z,baseline-c20,2026-07-11T19:58:53.609461451Z,1783799933609,4557,18,ok,
low-concurrency-20260711T195542.986124768Z,fair-c20,2026-07-11T19:58:53.637107964Z,1783799933637,4573,19,ok,
low-concurrency-20260711T195542.986124768Z,baseline-c20,2026-07-11T19:58:54.609412071Z,1783799934609,4535,21,ok,
low-concurrency-20260711T195542.986124768Z,fair-c20,2026-07-11T19:58:54.638407506Z,1783799934638,4538,14,ok,
low-concurrency-20260711T195542.986124768Z,baseline-c20,2026-07-11T19:58:55.608799982Z,1783799935608,4543,22,ok,
low-concurrency-20260711T195542.986124768Z,fair-c20,2026-07-11T19:58:55.640925909Z,1783799935640,4549,11,ok,
low-concurrency-20260711T195542.986124768Z,baseline-c20,2026-07-11T19:58:56.609448638Z,1783799936609,4526,15,ok,
low-concurrency-20260711T195542.986124768Z,fair-c20,2026-07-11T19:58:56.63639404Z,1783799936636,4506,16,ok,
low-concurrency-20260711T195542.986124768Z,baseline-c20,2026-07-11T19:58:57.609010635Z,1783799937609,4526,8,ok,
low-concurrency-20260711T195542.986124768Z,fair-c20,2026-07-11T19:58:57.635761518Z,1783799937635,4522,11,ok,
low-concurrency-20260711T195542.986124768Z,baseline-c20,2026-07-11T19:58:58.611192928Z,1783799938611,4535,21,ok,
low-concurrency-20260711T195542.986124768Z,fair-c20,2026-07-11T19:58:58.653556067Z,1783799938653,4510,17,ok,
low-concurrency-20260711T195542.986124768Z,baseline-c20,2026-07-11T19:58:59.610434268Z,1783799939610,4547,15,ok,
low-concurrency-20260711T195542.986124768Z,fair-c20,2026-07-11T19:58:59.640149412Z,1783799939640,4489,14,ok,
low-concurrency-20260711T195542.986124768Z,baseline-c20,2026-07-11T19:59:00.613137517Z,1783799940613,4554,12,ok,
low-concurrency-20260711T195542.986124768Z,fair-c20,2026-07-11T19:59:00.645397317Z,1783799940645,4518,23,ok,
low-concurrency-20260711T195542.986124768Z,baseline-c20,2026-07-11T19:59:01.611421588Z,1783799941611,4493,12,ok,
low-concurrency-20260711T195542.986124768Z,fair-c20,2026-07-11T19:59:01.642120716Z,1783799941642,4490,13,ok,
low-concurrency-20260711T195542.986124768Z,baseline-c20,2026-07-11T19:59:02.608071825Z,1783799942608,4506,21,ok,
low-concurrency-20260711T195542.986124768Z,fair-c20,2026-07-11T19:59:02.63717633Z,1783799942637,4508,21,ok,
low-concurrency-20260711T195542.986124768Z,baseline-c20,2026-07-11T19:59:03.61015736Z,1783799943610,4533,6,ok,
low-concurrency-20260711T195542.986124768Z,fair-c20,2026-07-11T19:59:03.644101944Z,1783799943644,4483,17,ok,
low-concurrency-20260711T195542.986124768Z,baseline-c20,2026-07-11T19:59:04.609612822Z,1783799944609,4493,12,ok,
low-concurrency-20260711T195542.986124768Z,fair-c20,2026-07-11T19:59:04.644292036Z,1783799944644,4500,14,ok,
low-concurrency-20260711T195542.986124768Z,baseline-c20,2026-07-11T19:59:05.60776683Z,1783799945607,4489,17,ok,
low-concurrency-20260711T195542.986124768Z,fair-c20,2026-07-11T19:59:05.636448976Z,1783799945636,4547,24,ok,
low-concurrency-20260711T195542.986124768Z,baseline-c20,2026-07-11T19:59:06.609935996Z,1783799946609,4512,17,ok,
low-concurrency-20260711T195542.986124768Z,fair-c20,2026-07-11T19:59:06.641495125Z,1783799946641,4445,17,ok,
low-concurrency-20260711T195542.986124768Z,baseline-c20,2026-07-11T19:59:07.62825552Z,1783799947628,4458,17,ok,
low-concurrency-20260711T195542.986124768Z,fair-c20,2026-07-11T19:59:07.680526971Z,1783799947680,4432,19,ok,
low-concurrency-20260711T195542.986124768Z,baseline-c20,2026-07-11T19:59:08.611325445Z,1783799948611,4458,20,ok,
low-concurrency-20260711T195542.986124768Z,fair-c20,2026-07-11T19:59:08.642632306Z,1783799948642,4502,11,ok,
low-concurrency-20260711T195542.986124768Z,baseline-c20,2026-07-11T19:59:09.610179231Z,1783799949610,4438,17,ok,
low-concurrency-20260711T195542.986124768Z,fair-c20,2026-07-11T19:59:09.643375294Z,1783799949643,4410,16,ok,
low-concurrency-20260711T195542.986124768Z,baseline-c20,2026-07-11T19:59:10.613233834Z,1783799950613,4467,16,ok,
low-concurrency-20260711T195542.986124768Z,fair-c20,2026-07-11T19:59:10.64594683Z,1783799950645,4445,20,ok,
low-concurrency-20260711T195542.986124768Z,baseline-c20,2026-07-11T19:59:11.611373566Z,1783799951611,4493,13,ok,
low-concurrency-20260711T195542.986124768Z,fair-c20,2026-07-11T19:59:11.642443466Z,1783799951642,4412,18,ok,
low-concurrency-20260711T195542.986124768Z,baseline-c20,2026-07-11T19:59:12.608118873Z,1783799952608,4439,14,ok,
low-concurrency-20260711T195542.986124768Z,fair-c20,2026-07-11T19:59:12.640449145Z,1783799952640,4437,20,ok,
low-concurrency-20260711T195542.986124768Z,baseline-c20,2026-07-11T19:59:13.610321203Z,1783799953610,4483,19,ok,
low-concurrency-20260711T195542.986124768Z,fair-c20,2026-07-11T19:59:13.637371842Z,1783799953637,4392,26,ok,
low-concurrency-20260711T195542.986124768Z,baseline-c20,2026-07-11T19:59:14.608583017Z,1783799954608,4434,16,ok,
low-concurrency-20260711T195542.986124768Z,fair-c20,2026-07-11T19:59:14.637011492Z,1783799954637,4402,20,ok,
low-concurrency-20260711T195542.986124768Z,baseline-c20,2026-07-11T19:59:15.609495561Z,1783799955609,4401,13,ok,
low-concurrency-20260711T195542.986124768Z,fair-c20,2026-07-11T19:59:15.642412729Z,1783799955642,4426,18,ok,
low-concurrency-20260711T195542.986124768Z,baseline-c20,2026-07-11T19:59:16.609293782Z,1783799956609,4413,19,ok,
low-concurrency-20260711T195542.986124768Z,fair-c20,2026-07-11T19:59:16.637688861Z,1783799956637,4402,24,ok,
low-concurrency-20260711T195542.986124768Z,baseline-c20,2026-07-11T19:59:17.610155244Z,1783799957610,4403,12,ok,
low-concurrency-20260711T195542.986124768Z,fair-c20,2026-07-11T19:59:17.639494687Z,1783799957639,4382,20,ok,
low-concurrency-20260711T195542.986124768Z,baseline-c20,2026-07-11T19:59:18.610774266Z,1783799958610,4415,14,ok,
low-concurrency-20260711T195542.986124768Z,fair-c20,2026-07-11T19:59:18.642666747Z,1783799958642,4365,18,ok,
low-concurrency-20260711T195542.986124768Z,baseline-c20,2026-07-11T19:59:19.612170761Z,1783799959612,4405,14,ok,
low-concurrency-20260711T195542.986124768Z,fair-c20,2026-07-11T19:59:19.644373388Z,1783799959644,4439,11,ok,
low-concurrency-20260711T195542.986124768Z,baseline-c20,2026-07-11T19:59:20.613625875Z,1783799960613,4416,16,ok,
low-concurrency-20260711T195542.986124768Z,fair-c20,2026-07-11T19:59:20.642518816Z,1783799960642,4397,14,ok,
low-concurrency-20260711T195542.986124768Z,baseline-c20,2026-07-11T19:59:21.608921852Z,1783799961608,4360,18,ok,
low-concurrency-20260711T195542.986124768Z,fair-c20,2026-07-11T19:59:21.63672725Z,1783799961636,4371,22,ok,
low-concurrency-20260711T195542.986124768Z,baseline-c20,2026-07-11T19:59:22.610795321Z,1783799962610,4398,12,ok,
low-concurrency-20260711T195542.986124768Z,fair-c20,2026-07-11T19:59:22.643088325Z,1783799962643,4363,18,ok,
low-concurrency-20260711T195542.986124768Z,baseline-c20,2026-07-11T19:59:23.609704521Z,1783799963609,4368,14,ok,
low-concurrency-20260711T195542.986124768Z,fair-c20,2026-07-11T19:59:23.637279458Z,1783799963637,4349,17,ok,
low-concurrency-20260711T195542.986124768Z,baseline-c20,2026-07-11T19:59:24.614804304Z,1783799964614,4372,18,ok,
low-concurrency-20260711T195542.986124768Z,fair-c20,2026-07-11T19:59:24.646044859Z,1783799964646,4338,15,ok,
low-concurrency-20260711T195542.986124768Z,baseline-c20,2026-07-11T19:59:25.611179772Z,1783799965611,4372,14,ok,
low-concurrency-20260711T195542.986124768Z,fair-c20,2026-07-11T19:59:25.646072916Z,1783799965646,4358,15,ok,
low-concurrency-20260711T195542.986124768Z,baseline-c20,2026-07-11T19:59:26.611379826Z,1783799966611,4343,17,ok,
low-concurrency-20260711T195542.986124768Z,fair-c20,2026-07-11T19:59:26.644506123Z,1783799966644,4344,17,ok,
low-concurrency-20260711T195542.986124768Z,baseline-c20,2026-07-11T19:59:27.609349215Z,1783799967609,4407,18,ok,
low-concurrency-20260711T195542.986124768Z,fair-c20,2026-07-11T19:59:27.636652321Z,1783799967636,4313,14,ok,
low-concurrency-20260711T195542.986124768Z,baseline-c20,2026-07-11T19:59:28.624041069Z,1783799968624,4324,16,ok,
low-concurrency-20260711T195542.986124768Z,fair-c20,2026-07-11T19:59:28.65594805Z,1783799968655,4308,17,ok,
low-concurrency-20260711T195542.986124768Z,baseline-c20,2026-07-11T19:59:29.609731481Z,1783799969609,4317,20,ok,
low-concurrency-20260711T195542.986124768Z,fair-c20,2026-07-11T19:59:29.640253863Z,1783799969640,4302,17,ok,
low-concurrency-20260711T195542.986124768Z,baseline-c20,2026-07-11T19:59:30.610152288Z,1783799970610,4319,19,ok,
low-concurrency-20260711T195542.986124768Z,fair-c20,2026-07-11T19:59:30.641795169Z,1783799970641,4331,12,ok,
low-concurrency-20260711T195542.986124768Z,baseline-c20,2026-07-11T19:59:31.609772647Z,1783799971609,4322,17,ok,
low-concurrency-20260711T195542.986124768Z,fair-c20,2026-07-11T19:59:31.637262523Z,1783799971637,4291,17,ok,
low-concurrency-20260711T195542.986124768Z,baseline-c20,2026-07-11T19:59:32.612009181Z,1783799972612,4405,17,ok,
low-concurrency-20260711T195542.986124768Z,fair-c20,2026-07-11T19:59:32.643833238Z,1783799972643,4297,17,ok,
low-concurrency-20260711T195542.986124768Z,baseline-c20,2026-07-11T19:59:33.611490313Z,1783799973611,4315,16,ok,
low-concurrency-20260711T195542.986124768Z,fair-c20,2026-07-11T19:59:33.643647514Z,1783799973643,4263,20,ok,
low-concurrency-20260711T195542.986124768Z,baseline-c20,2026-07-11T19:59:34.607990915Z,1783799974607,4304,19,ok,
low-concurrency-20260711T195542.986124768Z,fair-c20,2026-07-11T19:59:34.637799219Z,1783799974637,4309,18,ok,
low-concurrency-20260711T195542.986124768Z,baseline-c20,2026-07-11T19:59:35.606603607Z,1783799975606,4267,17,ok,
low-concurrency-20260711T195542.986124768Z,fair-c20,2026-07-11T19:59:35.634582285Z,1783799975634,4253,17,ok,
low-concurrency-20260711T195542.986124768Z,baseline-c20,2026-07-11T19:59:36.610267718Z,1783799976610,4296,18,ok,
low-concurrency-20260711T195542.986124768Z,fair-c20,2026-07-11T19:59:36.637463063Z,1783799976637,4299,19,ok,
low-concurrency-20260711T195542.986124768Z,baseline-c20,2026-07-11T19:59:37.61141582Z,1783799977611,4320,17,ok,
low-concurrency-20260711T195542.986124768Z,fair-c20,2026-07-11T19:59:37.64235309Z,1783799977642,4319,14,ok,
low-concurrency-20260711T195542.986124768Z,baseline-c20,2026-07-11T19:59:38.611707684Z,1783799978611,4292,24,ok,
low-concurrency-20260711T195542.986124768Z,fair-c20,2026-07-11T19:59:38.643348509Z,1783799978643,4269,15,ok,
low-concurrency-20260711T195542.986124768Z,baseline-c20,2026-07-11T19:59:39.610037756Z,1783799979610,4297,21,ok,
low-concurrency-20260711T195542.986124768Z,fair-c20,2026-07-11T19:59:39.636824216Z,1783799979636,4236,12,ok,
low-concurrency-20260711T195542.986124768Z,baseline-c20,2026-07-11T19:59:40.610326178Z,1783799980610,4276,17,ok,
low-concurrency-20260711T195542.986124768Z,fair-c20,2026-07-11T19:59:40.64216012Z,1783799980642,4270,12,ok,
low-concurrency-20260711T195542.986124768Z,baseline-c20,2026-07-11T19:59:41.613934524Z,1783799981613,4252,16,ok,
low-concurrency-20260711T195542.986124768Z,fair-c20,2026-07-11T19:59:41.641168524Z,1783799981641,4289,19,ok,
low-concurrency-20260711T195542.986124768Z,baseline-c20,2026-07-11T19:59:42.609296185Z,1783799982609,4232,21,ok,
low-concurrency-20260711T195542.986124768Z,fair-c20,2026-07-11T19:59:42.635466984Z,1783799982635,4200,16,ok,
low-concurrency-20260711T195542.986124768Z,baseline-c20,2026-07-11T19:59:43.646129315Z,1783799983646,4231,18,ok,
low-concurrency-20260711T195542.986124768Z,fair-c20,2026-07-11T19:59:43.674540574Z,1783799983674,4211,15,ok,
low-concurrency-20260711T195542.986124768Z,baseline-c20,2026-07-11T19:59:44.609806833Z,1783799984609,4257,15,ok,
low-concurrency-20260711T195542.986124768Z,fair-c20,2026-07-11T19:59:44.643110479Z,1783799984643,4259,14,ok,
low-concurrency-20260711T195542.986124768Z,baseline-c20,2026-07-11T19:59:45.610226387Z,1783799985610,4253,18,ok,
low-concurrency-20260711T195542.986124768Z,fair-c20,2026-07-11T19:59:45.642286084Z,1783799985642,4190,17,ok,
low-concurrency-20260711T195542.986124768Z,baseline-c20,2026-07-11T19:59:46.609167017Z,1783799986609,4217,12,ok,
low-concurrency-20260711T195542.986124768Z,fair-c20,2026-07-11T19:59:46.648213569Z,1783799986648,4206,17,ok,
low-concurrency-20260711T195542.986124768Z,baseline-c20,2026-07-11T19:59:47.615906839Z,1783799987615,4211,21,ok,
low-concurrency-20260711T195542.986124768Z,fair-c20,2026-07-11T19:59:47.645857703Z,1783799987645,4274,14,ok,
low-concurrency-20260711T195542.986124768Z,baseline-c20,2026-07-11T19:59:48.614325588Z,1783799988614,4220,17,ok,
low-concurrency-20260711T195542.986124768Z,fair-c20,2026-07-11T19:59:48.645624836Z,1783799988645,4219,15,ok,
low-concurrency-20260711T195542.986124768Z,baseline-c20,2026-07-11T19:59:49.611338128Z,1783799989611,4195,19,ok,
low-concurrency-20260711T195542.986124768Z,fair-c20,2026-07-11T19:59:49.643635833Z,1783799989643,4155,17,ok,
low-concurrency-20260711T195542.986124768Z,baseline-c20,2026-07-11T19:59:50.609100934Z,1783799990609,4183,19,ok,
low-concurrency-20260711T195542.986124768Z,fair-c20,2026-07-11T19:59:50.642269586Z,1783799990642,4170,18,ok,
low-concurrency-20260711T195542.986124768Z,baseline-c20,2026-07-11T19:59:51.611600443Z,1783799991611,4172,18,ok,
low-concurrency-20260711T195542.986124768Z,fair-c20,2026-07-11T19:59:51.645306587Z,1783799991645,4224,14,ok,
low-concurrency-20260711T195542.986124768Z,baseline-c20,2026-07-11T19:59:52.6110064Z,1783799992611,4201,17,ok,
low-concurrency-20260711T195542.986124768Z,fair-c20,2026-07-11T19:59:52.642168749Z,1783799992642,4159,15,ok,
low-concurrency-20260711T195542.986124768Z,baseline-c20,2026-07-11T19:59:53.612571532Z,1783799993612,4272,14,ok,
low-concurrency-20260711T195542.986124768Z,fair-c20,2026-07-11T19:59:53.643328152Z,1783799993643,4206,20,ok,
low-concurrency-20260711T195542.986124768Z,baseline-c20,2026-07-11T19:59:54.617850011Z,1783799994617,4144,17,ok,
low-concurrency-20260711T195542.986124768Z,fair-c20,2026-07-11T19:59:54.653130754Z,1783799994653,4156,13,ok,
low-concurrency-20260711T195542.986124768Z,baseline-c20,2026-07-11T19:59:55.613042822Z,1783799995613,4164,21,ok,
low-concurrency-20260711T195542.986124768Z,fair-c20,2026-07-11T19:59:55.649202876Z,1783799995649,4167,19,ok,
low-concurrency-20260711T195542.986124768Z,baseline-c20,2026-07-11T19:59:56.611516398Z,1783799996611,4166,22,ok,
low-concurrency-20260711T195542.986124768Z,fair-c20,2026-07-11T19:59:56.644920669Z,1783799996644,4168,15,ok,
low-concurrency-20260711T195542.986124768Z,baseline-c20,2026-07-11T19:59:57.611000557Z,1783799997611,4144,25,ok,
low-concurrency-20260711T195542.986124768Z,fair-c20,2026-07-11T19:59:57.643589788Z,1783799997643,4123,16,ok,
low-concurrency-20260711T195542.986124768Z,baseline-c20,2026-07-11T19:59:58.610511669Z,1783799998610,4135,21,ok,
low-concurrency-20260711T195542.986124768Z,fair-c20,2026-07-11T19:59:58.638651556Z,1783799998638,4098,16,ok,
low-concurrency-20260711T195542.986124768Z,baseline-c20,2026-07-11T19:59:59.609182554Z,1783799999609,4185,15,ok,
low-concurrency-20260711T195542.986124768Z,fair-c20,2026-07-11T19:59:59.637732109Z,1783799999637,4116,17,ok,
low-concurrency-20260711T195542.986124768Z,baseline-c20,2026-07-11T20:00:00.609454725Z,1783800000609,4109,22,ok,
low-concurrency-20260711T195542.986124768Z,fair-c20,2026-07-11T20:00:00.634842564Z,1783800000634,4106,13,ok,
low-concurrency-20260711T195542.986124768Z,baseline-c20,2026-07-11T20:00:01.612364631Z,1783800001612,4141,18,ok,
low-concurrency-20260711T195542.986124768Z,fair-c20,2026-07-11T20:00:01.655361628Z,1783800001655,4109,11,ok,
low-concurrency-20260711T195542.986124768Z,baseline-c20,2026-07-11T20:00:02.609284722Z,1783800002609,4128,12,ok,
low-concurrency-20260711T195542.986124768Z,fair-c20,2026-07-11T20:00:02.639536037Z,1783800002639,4147,17,ok,
low-concurrency-20260711T195542.986124768Z,baseline-c20,2026-07-11T20:00:03.609514727Z,1783800003609,4094,13,ok,
low-concurrency-20260711T195542.986124768Z,fair-c20,2026-07-11T20:00:03.642569155Z,1783800003642,4070,15,ok,
low-concurrency-20260711T195542.986124768Z,baseline-c20,2026-07-11T20:00:04.609627131Z,1783800004609,4109,18,ok,
low-concurrency-20260711T195542.986124768Z,fair-c20,2026-07-11T20:00:04.64171542Z,1783800004641,4102,14,ok,
low-concurrency-20260711T195542.986124768Z,baseline-c20,2026-07-11T20:00:05.61190298Z,1783800005611,4133,15,ok,
low-concurrency-20260711T195542.986124768Z,fair-c20,2026-07-11T20:00:05.640077713Z,1783800005640,4076,16,ok,
low-concurrency-20260711T195542.986124768Z,baseline-c20,2026-07-11T20:00:06.61229245Z,1783800006612,4122,15,ok,
low-concurrency-20260711T195542.986124768Z,fair-c20,2026-07-11T20:00:06.645483317Z,1783800006645,4052,19,ok,
low-concurrency-20260711T195542.986124768Z,baseline-c20,2026-07-11T20:00:07.60975477Z,1783800007609,4071,15,ok,
low-concurrency-20260711T195542.986124768Z,fair-c20,2026-07-11T20:00:07.643004347Z,1783800007643,4142,18,ok,
low-concurrency-20260711T195542.986124768Z,baseline-c20,2026-07-11T20:00:08.610051328Z,1783800008610,4096,16,ok,
low-concurrency-20260711T195542.986124768Z,fair-c20,2026-07-11T20:00:08.643684216Z,1783800008643,4079,19,ok,
low-concurrency-20260711T195542.986124768Z,baseline-c20,2026-07-11T20:00:09.611277249Z,1783800009611,4119,17,ok,
low-concurrency-20260711T195542.986124768Z,fair-c20,2026-07-11T20:00:09.643737966Z,1783800009643,4055,18,ok,
low-concurrency-20260711T195542.986124768Z,baseline-c20,2026-07-11T20:00:10.61033469Z,1783800010610,4066,19,ok,
low-concurrency-20260711T195542.986124768Z,fair-c20,2026-07-11T20:00:10.644510444Z,1783800010644,4022,16,ok,
low-concurrency-20260711T195542.986124768Z,baseline-c20,2026-07-11T20:00:11.610844328Z,1783800011610,4065,11,ok,
low-concurrency-20260711T195542.986124768Z,fair-c20,2026-07-11T20:00:11.638457611Z,1783800011638,4086,19,ok,
low-concurrency-20260711T195542.986124768Z,baseline-c20,2026-07-11T20:00:12.610142947Z,1783800012610,4047,20,ok,
low-concurrency-20260711T195542.986124768Z,fair-c20,2026-07-11T20:00:12.641611352Z,1783800012641,4022,16,ok,
low-concurrency-20260711T195542.986124768Z,baseline-c20,2026-07-11T20:00:13.610146536Z,1783800013610,4035,17,ok,
low-concurrency-20260711T195542.986124768Z,fair-c20,2026-07-11T20:00:13.641933631Z,1783800013641,4027,17,ok,
low-concurrency-20260711T195542.986124768Z,baseline-c20,2026-07-11T20:00:14.611187043Z,1783800014611,4032,19,ok,
low-concurrency-20260711T195542.986124768Z,fair-c20,2026-07-11T20:00:14.642582259Z,1783800014642,3999,16,ok,
low-concurrency-20260711T195542.986124768Z,baseline-c20,2026-07-11T20:00:15.611792451Z,1783800015611,4035,12,ok,
low-concurrency-20260711T195542.986124768Z,fair-c20,2026-07-11T20:00:15.639827346Z,1783800015639,4029,16,ok,
low-concurrency-20260711T195542.986124768Z,baseline-c20,2026-07-11T20:00:16.610848462Z,1783800016610,4061,13,ok,
low-concurrency-20260711T195542.986124768Z,fair-c20,2026-07-11T20:00:16.64257799Z,1783800016642,4017,16,ok,
low-concurrency-20260711T195542.986124768Z,baseline-c20,2026-07-11T20:00:17.610336705Z,1783800017610,4043,18,ok,
low-concurrency-20260711T195542.986124768Z,fair-c20,2026-07-11T20:00:17.641270853Z,1783800017641,4007,17,ok,
low-concurrency-20260711T195542.986124768Z,baseline-c20,2026-07-11T20:00:18.608300338Z,1783800018608,4015,17,ok,
low-concurrency-20260711T195542.986124768Z,fair-c20,2026-07-11T20:00:18.6429848Z,1783800018642,4078,17,ok,
low-concurrency-20260711T195542.986124768Z,baseline-c20,2026-07-11T20:00:19.608223226Z,1783800019608,3990,14,ok,
low-concurrency-20260711T195542.986124768Z,fair-c20,2026-07-11T20:00:19.637707312Z,1783800019637,3983,20,ok,
low-concurrency-20260711T195542.986124768Z,baseline-c20,2026-07-11T20:00:20.608388174Z,1783800020608,4027,19,ok,
low-concurrency-20260711T195542.986124768Z,fair-c20,2026-07-11T20:00:20.637214004Z,1783800020637,4025,17,ok,
low-concurrency-20260711T195542.986124768Z,baseline-c20,2026-07-11T20:00:21.609309843Z,1783800021609,4035,15,ok,
low-concurrency-20260711T195542.986124768Z,fair-c20,2026-07-11T20:00:21.643234849Z,1783800021643,3961,17,ok,
low-concurrency-20260711T195542.986124768Z,baseline-c20,2026-07-11T20:00:22.609507503Z,1783800022609,3986,13,ok,
low-concurrency-20260711T195542.986124768Z,fair-c20,2026-07-11T20:00:22.637112618Z,1783800022637,3979,15,ok,
low-concurrency-20260711T195542.986124768Z,baseline-c20,2026-07-11T20:00:23.609201725Z,1783800023609,3990,14,ok,
low-concurrency-20260711T195542.986124768Z,fair-c20,2026-07-11T20:00:23.639741004Z,1783800023639,3970,17,ok,
low-concurrency-20260711T195542.986124768Z,baseline-c20,2026-07-11T20:00:24.613444742Z,1783800024613,4010,14,ok,
low-concurrency-20260711T195542.986124768Z,fair-c20,2026-07-11T20:00:24.644728359Z,1783800024644,3959,17,ok,
low-concurrency-20260711T195542.986124768Z,baseline-c20,2026-07-11T20:00:25.610081322Z,1783800025610,3947,21,ok,
low-concurrency-20260711T195542.986124768Z,fair-c20,2026-07-11T20:00:25.641886211Z,1783800025641,4016,12,ok,
low-concurrency-20260711T195542.986124768Z,baseline-c20,2026-07-11T20:00:26.608890517Z,1783800026608,3969,15,ok,
low-concurrency-20260711T195542.986124768Z,fair-c20,2026-07-11T20:00:26.635130001Z,1783800026635,3933,16,ok,
low-concurrency-20260711T195542.986124768Z,baseline-c20,2026-07-11T20:00:27.611796664Z,1783800027611,3966,17,ok,
low-concurrency-20260711T195542.986124768Z,fair-c20,2026-07-11T20:00:27.644362536Z,1783800027644,3925,20,ok,
low-concurrency-20260711T195542.986124768Z,baseline-c20,2026-07-11T20:00:28.610311105Z,1783800028610,3953,17,ok,
low-concurrency-20260711T195542.986124768Z,fair-c20,2026-07-11T20:00:28.641377064Z,1783800028641,3925,19,ok,
low-concurrency-20260711T195542.986124768Z,baseline-c20,2026-07-11T20:00:29.60954804Z,1783800029609,3921,19,ok,
low-concurrency-20260711T195542.986124768Z,fair-c20,2026-07-11T20:00:29.636015504Z,1783800029636,3953,14,ok,
low-concurrency-20260711T195542.986124768Z,baseline-c20,2026-07-11T20:00:30.607720429Z,1783800030607,3975,12,ok,
low-concurrency-20260711T195542.986124768Z,fair-c20,2026-07-11T20:00:30.634984225Z,1783800030634,3938,19,ok,
low-concurrency-20260711T195542.986124768Z,baseline-c20,2026-07-11T20:00:31.607448609Z,1783800031607,3921,19,ok,
low-concurrency-20260711T195542.986124768Z,fair-c20,2026-07-11T20:00:31.638624789Z,1783800031638,3917,23,ok,
low-concurrency-20260711T195542.986124768Z,baseline-c20,2026-07-11T20:00:32.608433205Z,1783800032608,3935,14,ok,
low-concurrency-20260711T195542.986124768Z,fair-c20,2026-07-11T20:00:32.637377871Z,1783800032637,3899,13,ok,
low-concurrency-20260711T195542.986124768Z,baseline-c20,2026-07-11T20:00:33.610503865Z,1783800033610,3916,17,ok,
low-concurrency-20260711T195542.986124768Z,fair-c20,2026-07-11T20:00:33.641662896Z,1783800033641,3934,13,ok,
low-concurrency-20260711T195542.986124768Z,baseline-c20,2026-07-11T20:00:34.607207146Z,1783800034607,3891,16,ok,
low-concurrency-20260711T195542.986124768Z,fair-c20,2026-07-11T20:00:34.638050113Z,1783800034638,3904,17,ok,
low-concurrency-20260711T195542.986124768Z,baseline-c20,2026-07-11T20:00:35.608835015Z,1783800035608,3958,16,ok,
low-concurrency-20260711T195542.986124768Z,fair-c20,2026-07-11T20:00:35.637598505Z,1783800035637,3872,22,ok,
low-concurrency-20260711T195542.986124768Z,baseline-c20,2026-07-11T20:00:36.608082339Z,1783800036608,4046,21,ok,
low-concurrency-20260711T195542.986124768Z,fair-c20,2026-07-11T20:00:36.634225244Z,1783800036634,3860,17,ok,
low-concurrency-20260711T195542.986124768Z,baseline-c20,2026-07-11T20:00:37.609069588Z,1783800037609,3893,16,ok,
low-concurrency-20260711T195542.986124768Z,fair-c20,2026-07-11T20:00:37.637614674Z,1783800037637,3865,12,ok,
low-concurrency-20260711T195542.986124768Z,baseline-c20,2026-07-11T20:00:38.610220756Z,1783800038610,3934,13,ok,
low-concurrency-20260711T195542.986124768Z,fair-c20,2026-07-11T20:00:38.642230571Z,1783800038642,3865,17,ok,
low-concurrency-20260711T195542.986124768Z,baseline-c20,2026-07-11T20:00:39.609086284Z,1783800039609,3861,22,ok,
low-concurrency-20260711T195542.986124768Z,fair-c20,2026-07-11T20:00:39.641903154Z,1783800039641,3886,20,ok,
low-concurrency-20260711T195542.986124768Z,baseline-c20,2026-07-11T20:00:40.608578753Z,1783800040608,3875,14,ok,
low-concurrency-20260711T195542.986124768Z,fair-c20,2026-07-11T20:00:40.650970187Z,1783800040650,3828,16,ok,
low-concurrency-20260711T195542.986124768Z,baseline-c20,2026-07-11T20:00:41.611124108Z,1783800041611,3891,17,ok,
low-concurrency-20260711T195542.986124768Z,fair-c20,2026-07-11T20:00:41.64707167Z,1783800041647,3872,14,ok,
low-concurrency-20260711T195542.986124768Z,baseline-c20,2026-07-11T20:00:42.608208372Z,1783800042608,3893,18,ok,
low-concurrency-20260711T195542.986124768Z,fair-c20,2026-07-11T20:00:42.639408774Z,1783800042639,3889,12,ok,
low-concurrency-20260711T195542.986124768Z,baseline-c20,2026-07-11T20:00:43.607902572Z,1783800043607,3838,18,ok,
low-concurrency-20260711T195542.986124768Z,fair-c20,2026-07-11T20:00:43.644373521Z,1783800043644,3851,17,ok,
low-concurrency-20260711T195542.986124768Z,baseline-c20,2026-07-11T20:00:44.608882152Z,1783800044608,3861,9,ok,
low-concurrency-20260711T195542.986124768Z,fair-c20,2026-07-11T20:00:44.635446013Z,1783800044635,3824,15,ok,
low-concurrency-20260711T195542.986124768Z,baseline-c20,2026-07-11T20:00:45.607484364Z,1783800045607,3870,14,ok,
low-concurrency-20260711T195542.986124768Z,fair-c20,2026-07-11T20:00:45.643346591Z,1783800045643,3845,17,ok,
low-concurrency-20260711T195542.986124768Z,baseline-c20,2026-07-11T20:00:46.61290372Z,1783800046612,3852,16,ok,
low-concurrency-20260711T195542.986124768Z,fair-c20,2026-07-11T20:00:46.643625772Z,1783800046643,3854,14,ok,
low-concurrency-20260711T195542.986124768Z,baseline-c20,2026-07-11T20:00:47.608779417Z,1783800047608,3819,17,ok,
low-concurrency-20260711T195542.986124768Z,fair-c20,2026-07-11T20:00:47.63582309Z,1783800047635,3882,22,ok,
low-concurrency-20260711T195542.986124768Z,baseline-c20,2026-07-11T20:00:48.610969517Z,1783800048610,3848,14,ok,
low-concurrency-20260711T195542.986124768Z,fair-c20,2026-07-11T20:00:48.64701751Z,1783800048647,3798,17,ok,
low-concurrency-20260711T195542.986124768Z,baseline-c20,2026-07-11T20:00:49.610251057Z,1783800049610,3841,19,ok,
low-concurrency-20260711T195542.986124768Z,fair-c20,2026-07-11T20:00:49.642219242Z,1783800049642,3793,19,ok,
low-concurrency-20260711T195542.986124768Z,baseline-c20,2026-07-11T20:00:50.609810343Z,1783800050609,3834,14,ok,
low-concurrency-20260711T195542.986124768Z,fair-c20,2026-07-11T20:00:50.637420359Z,1783800050637,3772,17,ok,
low-concurrency-20260711T195542.986124768Z,baseline-c20,2026-07-11T20:00:51.608400722Z,1783800051608,3796,24,ok,
low-concurrency-20260711T195542.986124768Z,fair-c20,2026-07-11T20:00:51.636912243Z,1783800051636,3799,17,ok,
low-concurrency-20260711T195542.986124768Z,baseline-c20,2026-07-11T20:00:52.607915517Z,1783800052607,3795,14,ok,
low-concurrency-20260711T195542.986124768Z,fair-c20,2026-07-11T20:00:52.64049834Z,1783800052640,3782,14,ok,
low-concurrency-20260711T195542.986124768Z,baseline-c20,2026-07-11T20:00:53.608864409Z,1783800053608,3800,18,ok,
low-concurrency-20260711T195542.986124768Z,fair-c20,2026-07-11T20:00:53.634936553Z,1783800053634,3753,19,ok,
low-concurrency-20260711T195542.986124768Z,baseline-c20,2026-07-11T20:00:54.610338983Z,1783800054610,3793,23,ok,
low-concurrency-20260711T195542.986124768Z,fair-c20,2026-07-11T20:00:54.637022126Z,1783800054637,3767,20,ok,
low-concurrency-20260711T195542.986124768Z,baseline-c20,2026-07-11T20:00:55.60866819Z,1783800055608,3809,13,ok,
low-concurrency-20260711T195542.986124768Z,fair-c20,2026-07-11T20:00:55.635460006Z,1783800055635,3763,21,ok,
low-concurrency-20260711T195542.986124768Z,baseline-c20,2026-07-11T20:00:56.609283369Z,1783800056609,3796,22,ok,
low-concurrency-20260711T195542.986124768Z,fair-c20,2026-07-11T20:00:56.636266321Z,1783800056636,3733,14,ok,
low-concurrency-20260711T195542.986124768Z,baseline-c20,2026-07-11T20:00:57.611153305Z,1783800057611,3794,16,ok,
low-concurrency-20260711T195542.986124768Z,fair-c20,2026-07-11T20:00:57.641622676Z,1783800057641,3758,19,ok,
low-concurrency-20260711T195542.986124768Z,baseline-c20,2026-07-11T20:00:58.61451727Z,1783800058614,3819,20,ok,
low-concurrency-20260711T195542.986124768Z,fair-c20,2026-07-11T20:00:58.64390978Z,1783800058643,3756,16,ok,
low-concurrency-20260711T195542.986124768Z,baseline-c20,2026-07-11T20:00:59.613445435Z,1783800059613,3778,6,ok,
low-concurrency-20260711T195542.986124768Z,fair-c20,2026-07-11T20:00:59.64442763Z,1783800059644,3707,19,ok,
low-concurrency-20260711T195542.986124768Z,baseline-c20,2026-07-11T20:01:00.609343971Z,1783800060609,3731,15,ok,
low-concurrency-20260711T195542.986124768Z,fair-c20,2026-07-11T20:01:00.636826751Z,1783800060636,3740,20,ok,
low-concurrency-20260711T195542.986124768Z,baseline-c20,2026-07-11T20:01:01.611946575Z,1783800061611,3748,19,ok,
low-concurrency-20260711T195542.986124768Z,fair-c20,2026-07-11T20:01:01.640737747Z,1783800061640,3707,19,ok,
low-concurrency-20260711T195542.986124768Z,baseline-c20,2026-07-11T20:01:02.611260339Z,1783800062611,3745,19,ok,
low-concurrency-20260711T195542.986124768Z,fair-c20,2026-07-11T20:01:02.63927792Z,1783800062639,3752,17,ok,
low-concurrency-20260711T195542.986124768Z,baseline-c20,2026-07-11T20:01:03.609053115Z,1783800063609,3745,14,ok,
low-concurrency-20260711T195542.986124768Z,fair-c20,2026-07-11T20:01:03.639050451Z,1783800063639,3694,17,ok,
low-concurrency-20260711T195542.986124768Z,baseline-c20,2026-07-11T20:01:04.609817474Z,1783800064609,3716,14,ok,
low-concurrency-20260711T195542.986124768Z,fair-c20,2026-07-11T20:01:04.658519319Z,1783800064658,3696,15,ok,
low-concurrency-20260711T195542.986124768Z,baseline-c20,2026-07-11T20:01:05.615609617Z,1783800065615,3714,13,ok,
low-concurrency-20260711T195542.986124768Z,fair-c20,2026-07-11T20:01:05.65099139Z,1783800065650,3685,22,ok,
low-concurrency-20260711T195542.986124768Z,baseline-c20,2026-07-11T20:01:06.608872251Z,1783800066608,3709,14,ok,
low-concurrency-20260711T195542.986124768Z,fair-c20,2026-07-11T20:01:06.642087548Z,1783800066642,3730,17,ok,
low-concurrency-20260711T195542.986124768Z,baseline-c20,2026-07-11T20:01:07.608991525Z,1783800067608,3739,19,ok,
low-concurrency-20260711T195542.986124768Z,fair-c20,2026-07-11T20:01:07.636506449Z,1783800067636,3696,16,ok,
low-concurrency-20260711T195542.986124768Z,baseline-c20,2026-07-11T20:01:08.608576731Z,1783800068608,3733,20,ok,
low-concurrency-20260711T195542.986124768Z,fair-c20,2026-07-11T20:01:08.638260736Z,1783800068638,3654,21,ok,
low-concurrency-20260711T195542.986124768Z,baseline-c20,2026-07-11T20:01:09.611113994Z,1783800069611,3700,15,ok,
low-concurrency-20260711T195542.986124768Z,fair-c20,2026-07-11T20:01:09.643144858Z,1783800069643,3700,19,ok,
low-concurrency-20260711T195542.986124768Z,baseline-c20,2026-07-11T20:01:10.610111867Z,1783800070610,3737,14,ok,
low-concurrency-20260711T195542.986124768Z,fair-c20,2026-07-11T20:01:10.638871252Z,1783800070638,3644,17,ok,
low-concurrency-20260711T195542.986124768Z,baseline-c20,2026-07-11T20:01:11.609416023Z,1783800071609,3662,19,ok,
low-concurrency-20260711T195542.986124768Z,fair-c20,2026-07-11T20:01:11.643228329Z,1783800071643,3648,22,ok,
low-concurrency-20260711T195542.986124768Z,baseline-c20,2026-07-11T20:01:12.609600672Z,1783800072609,3670,14,ok,
low-concurrency-20260711T195542.986124768Z,fair-c20,2026-07-11T20:01:12.638902362Z,1783800072638,3654,21,ok,
low-concurrency-20260711T195542.986124768Z,baseline-c20,2026-07-11T20:01:13.610911444Z,1783800073610,3675,14,ok,
low-concurrency-20260711T195542.986124768Z,fair-c20,2026-07-11T20:01:13.643687675Z,1783800073643,3656,14,ok,
low-concurrency-20260711T195542.986124768Z,baseline-c20,2026-07-11T20:01:14.611010348Z,1783800074611,3695,18,ok,
low-concurrency-20260711T195542.986124768Z,fair-c20,2026-07-11T20:01:14.642917581Z,1783800074642,3632,14,ok,
low-concurrency-20260711T195542.986124768Z,baseline-c20,2026-07-11T20:01:15.61175089Z,1783800075611,3671,12,ok,
low-concurrency-20260711T195542.986124768Z,fair-c20,2026-07-11T20:01:15.641997709Z,1783800075641,3684,19,ok,
low-concurrency-20260711T195542.986124768Z,baseline-c20,2026-07-11T20:01:16.610008829Z,1783800076610,3629,16,ok,
low-concurrency-20260711T195542.986124768Z,fair-c20,2026-07-11T20:01:16.638878664Z,1783800076638,3599,17,ok,
low-concurrency-20260711T195542.986124768Z,baseline-c20,2026-07-11T20:01:17.609666091Z,1783800077609,3641,24,ok,
low-concurrency-20260711T195542.986124768Z,fair-c20,2026-07-11T20:01:17.642047387Z,1783800077642,3605,13,ok,
low-concurrency-20260711T195542.986124768Z,baseline-c20,2026-07-11T20:01:18.610014656Z,1783800078610,3658,15,ok,
low-concurrency-20260711T195542.986124768Z,fair-c20,2026-07-11T20:01:18.636451897Z,1783800078636,3599,16,ok,
low-concurrency-20260711T195542.986124768Z,baseline-c20,2026-07-11T20:01:19.607626207Z,1783800079607,3637,19,ok,
low-concurrency-20260711T195542.986124768Z,fair-c20,2026-07-11T20:01:19.635977216Z,1783800079635,3597,15,ok,
low-concurrency-20260711T195542.986124768Z,baseline-c20,2026-07-11T20:01:20.609965193Z,1783800080609,3677,16,ok,
low-concurrency-20260711T195542.986124768Z,fair-c20,2026-07-11T20:01:20.642630759Z,1783800080642,3572,16,ok,
low-concurrency-20260711T195542.986124768Z,baseline-c20,2026-07-11T20:01:21.611551388Z,1783800081611,3625,16,ok,
low-concurrency-20260711T195542.986124768Z,fair-c20,2026-07-11T20:01:21.644406383Z,1783800081644,3634,17,ok,
low-concurrency-20260711T195542.986124768Z,baseline-c20,2026-07-11T20:01:22.6137693Z,1783800082613,3616,24,ok,
low-concurrency-20260711T195542.986124768Z,fair-c20,2026-07-11T20:01:22.647246125Z,1783800082647,3618,19,ok,
low-concurrency-20260711T195542.986124768Z,baseline-c20,2026-07-11T20:01:23.612794167Z,1783800083612,3616,13,ok,
low-concurrency-20260711T195542.986124768Z,fair-c20,2026-07-11T20:01:23.644693368Z,1783800083644,3592,16,ok,
low-concurrency-20260711T195542.986124768Z,baseline-c20,2026-07-11T20:01:24.609679327Z,1783800084609,3589,23,ok,
low-concurrency-20260711T195542.986124768Z,fair-c20,2026-07-11T20:01:24.642504801Z,1783800084642,3570,18,ok,
low-concurrency-20260711T195542.986124768Z,baseline-c20,2026-07-11T20:01:25.610390037Z,1783800085610,3587,13,ok,
low-concurrency-20260711T195542.986124768Z,fair-c20,2026-07-11T20:01:25.639458093Z,1783800085639,3572,19,ok,
low-concurrency-20260711T195542.986124768Z,baseline-c20,2026-07-11T20:01:26.610011771Z,1783800086610,3593,13,ok,
low-concurrency-20260711T195542.986124768Z,fair-c20,2026-07-11T20:01:26.645408632Z,1783800086645,3536,16,ok,
low-concurrency-20260711T195542.986124768Z,baseline-c20,2026-07-11T20:01:27.610118486Z,1783800087610,3585,17,ok,
low-concurrency-20260711T195542.986124768Z,fair-c20,2026-07-11T20:01:27.63807504Z,1783800087638,3523,16,ok,
low-concurrency-20260711T195542.986124768Z,baseline-c20,2026-07-11T20:01:28.609280697Z,1783800088609,3555,18,ok,
low-concurrency-20260711T195542.986124768Z,fair-c20,2026-07-11T20:01:28.635957261Z,1783800088635,3546,20,ok,
low-concurrency-20260711T195542.986124768Z,baseline-c20,2026-07-11T20:01:29.610895708Z,1783800089610,3654,23,ok,
low-concurrency-20260711T195542.986124768Z,fair-c20,2026-07-11T20:01:29.642800045Z,1783800089642,3515,21,ok,
low-concurrency-20260711T195542.986124768Z,baseline-c20,2026-07-11T20:01:30.610214452Z,1783800090610,3585,14,ok,
low-concurrency-20260711T195542.986124768Z,fair-c20,2026-07-11T20:01:30.647566577Z,1783800090647,3558,19,ok,
low-concurrency-20260711T195542.986124768Z,baseline-c20,2026-07-11T20:01:31.612958138Z,1783800091612,3601,18,ok,
low-concurrency-20260711T195542.986124768Z,fair-c20,2026-07-11T20:01:31.640618275Z,1783800091640,3523,18,ok,
low-concurrency-20260711T195542.986124768Z,baseline-c20,2026-07-11T20:01:32.611974892Z,1783800092611,3539,21,ok,
low-concurrency-20260711T195542.986124768Z,fair-c20,2026-07-11T20:01:32.643563264Z,1783800092643,3524,11,ok,
low-concurrency-20260711T195542.986124768Z,baseline-c20,2026-07-11T20:01:33.612251924Z,1783800093612,3553,19,ok,
low-concurrency-20260711T195542.986124768Z,fair-c20,2026-07-11T20:01:33.648416563Z,1783800093648,3529,20,ok,
low-concurrency-20260711T195542.986124768Z,baseline-c20,2026-07-11T20:01:34.609107324Z,1783800094609,3514,22,ok,
low-concurrency-20260711T195542.986124768Z,fair-c20,2026-07-11T20:01:34.637664016Z,1783800094637,3486,16,ok,
low-concurrency-20260711T195542.986124768Z,baseline-c20,2026-07-11T20:01:35.611068026Z,1783800095611,3542,20,ok,
low-concurrency-20260711T195542.986124768Z,fair-c20,2026-07-11T20:01:35.640143453Z,1783800095640,3493,12,ok,
low-concurrency-20260711T195542.986124768Z,baseline-c20,2026-07-11T20:01:36.609189046Z,1783800096609,3551,23,ok,
low-concurrency-20260711T195542.986124768Z,fair-c20,2026-07-11T20:01:36.63783176Z,1783800096637,3546,20,ok,
low-concurrency-20260711T195542.986124768Z,baseline-c20,2026-07-11T20:01:37.611507675Z,1783800097611,3555,18,ok,
low-concurrency-20260711T195542.986124768Z,fair-c20,2026-07-11T20:01:37.641678794Z,1783800097641,3465,19,ok,
low-concurrency-20260711T195542.986124768Z,baseline-c20,2026-07-11T20:01:38.609080728Z,1783800098609,3505,16,ok,
low-concurrency-20260711T195542.986124768Z,fair-c20,2026-07-11T20:01:38.637260976Z,1783800098637,3483,13,ok,
low-concurrency-20260711T195542.986124768Z,baseline-c20,2026-07-11T20:01:39.611525115Z,1783800099611,3498,17,ok,
low-concurrency-20260711T195542.986124768Z,fair-c20,2026-07-11T20:01:39.643399936Z,1783800099643,3492,21,ok,
low-concurrency-20260711T195542.986124768Z,baseline-c20,2026-07-11T20:01:40.609709306Z,1783800100609,3498,19,ok,
low-concurrency-20260711T195542.986124768Z,fair-c20,2026-07-11T20:01:40.642309889Z,1783800100642,3473,16,ok,
low-concurrency-20260711T195542.986124768Z,baseline-c20,2026-07-11T20:01:41.610987285Z,1783800101610,3505,19,ok,
low-concurrency-20260711T195542.986124768Z,fair-c20,2026-07-11T20:01:41.639888209Z,1783800101639,3459,17,ok,
low-concurrency-20260711T195542.986124768Z,baseline-c20,2026-07-11T20:01:42.609629366Z,1783800102609,3510,13,ok,
low-concurrency-20260711T195542.986124768Z,fair-c20,2026-07-11T20:01:42.637256099Z,1783800102637,3485,12,ok,
low-concurrency-20260711T195542.986124768Z,baseline-c20,2026-07-11T20:01:43.609752051Z,1783800103609,3508,19,ok,
low-concurrency-20260711T195542.986124768Z,fair-c20,2026-07-11T20:01:43.64045866Z,1783800103640,3448,16,ok,
low-concurrency-20260711T195542.986124768Z,baseline-c20,2026-07-11T20:01:44.61020026Z,1783800104610,3459,18,ok,
low-concurrency-20260711T195542.986124768Z,fair-c20,2026-07-11T20:01:44.638819933Z,1783800104638,3509,13,ok,
low-concurrency-20260711T195542.986124768Z,baseline-c20,2026-07-11T20:01:45.60798788Z,1783800105607,3465,14,ok,
low-concurrency-20260711T195542.986124768Z,fair-c20,2026-07-11T20:01:45.639149334Z,1783800105639,3419,19,ok,
low-concurrency-20260711T195542.986124768Z,baseline-c20,2026-07-11T20:01:46.609877624Z,1783800106609,3446,14,ok,
low-concurrency-20260711T195542.986124768Z,fair-c20,2026-07-11T20:01:46.643282387Z,1783800106643,3421,11,ok,
low-concurrency-20260711T195542.986124768Z,baseline-c20,2026-07-11T20:01:47.611800274Z,1783800107611,3462,13,ok,
low-concurrency-20260711T195542.986124768Z,fair-c20,2026-07-11T20:01:47.642073808Z,1783800107642,3431,20,ok,
low-concurrency-20260711T195542.986124768Z,baseline-c20,2026-07-11T20:01:48.610631214Z,1783800108610,3437,14,ok,
low-concurrency-20260711T195542.986124768Z,fair-c20,2026-07-11T20:01:48.639010053Z,1783800108639,3440,12,ok,
low-concurrency-20260711T195542.986124768Z,baseline-c20,2026-07-11T20:01:49.612796256Z,1783800109612,3452,14,ok,
low-concurrency-20260711T195542.986124768Z,fair-c20,2026-07-11T20:01:49.65441251Z,1783800109654,3393,12,ok,
low-concurrency-20260711T195542.986124768Z,baseline-c20,2026-07-11T20:01:50.61001311Z,1783800110610,3406,19,ok,
low-concurrency-20260711T195542.986124768Z,fair-c20,2026-07-11T20:01:50.64212604Z,1783800110642,3406,13,ok,
low-concurrency-20260711T195542.986124768Z,baseline-c20,2026-07-11T20:01:51.610823039Z,1783800111610,3479,19,ok,
low-concurrency-20260711T195542.986124768Z,fair-c20,2026-07-11T20:01:51.657404919Z,1783800111657,3408,24,ok,
low-concurrency-20260711T195542.986124768Z,baseline-c20,2026-07-11T20:01:52.608939051Z,1783800112608,3442,16,ok,
low-concurrency-20260711T195542.986124768Z,fair-c20,2026-07-11T20:01:52.641234946Z,1783800112641,3359,20,ok,
low-concurrency-20260711T195542.986124768Z,baseline-c20,2026-07-11T20:01:53.613905424Z,1783800113613,3387,19,ok,
low-concurrency-20260711T195542.986124768Z,fair-c20,2026-07-11T20:01:53.661218749Z,1783800113661,3388,20,ok,
low-concurrency-20260711T195542.986124768Z,baseline-c20,2026-07-11T20:01:54.610976218Z,1783800114610,3512,21,ok,
low-concurrency-20260711T195542.986124768Z,fair-c20,2026-07-11T20:01:54.645989315Z,1783800114645,3351,21,ok,
low-concurrency-20260711T195542.986124768Z,baseline-c20,2026-07-11T20:01:55.613016158Z,1783800115613,3396,20,ok,
low-concurrency-20260711T195542.986124768Z,fair-c20,2026-07-11T20:01:55.643314593Z,1783800115643,3374,16,ok,
low-concurrency-20260711T195542.986124768Z,baseline-c20,2026-07-11T20:01:56.612283871Z,1783800116612,3434,15,ok,
low-concurrency-20260711T195542.986124768Z,fair-c20,2026-07-11T20:01:56.644356721Z,1783800116644,3345,17,ok,
low-concurrency-20260711T195542.986124768Z,baseline-c20,2026-07-11T20:01:57.6118335Z,1783800117611,3400,14,ok,
low-concurrency-20260711T195542.986124768Z,fair-c20,2026-07-11T20:01:57.640833Z,1783800117640,3390,14,ok,
low-concurrency-20260711T195542.986124768Z,baseline-c20,2026-07-11T20:01:58.61115761Z,1783800118611,3386,17,ok,
low-concurrency-20260711T195542.986124768Z,fair-c20,2026-07-11T20:01:58.64292056Z,1783800118642,3375,15,ok,
low-concurrency-20260711T195542.986124768Z,baseline-c20,2026-07-11T20:01:59.609169416Z,1783800119609,3357,19,ok,
low-concurrency-20260711T195542.986124768Z,fair-c20,2026-07-11T20:01:59.639906257Z,1783800119639,3355,14,ok,
low-concurrency-20260711T195542.986124768Z,baseline-c20,2026-07-11T20:02:00.611056065Z,1783800120611,3398,14,ok,
low-concurrency-20260711T195542.986124768Z,fair-c20,2026-07-11T20:02:00.63849034Z,1783800120638,3372,18,ok,
low-concurrency-20260711T195542.986124768Z,baseline-c20,2026-07-11T20:02:01.611656851Z,1783800121611,3371,18,ok,
low-concurrency-20260711T195542.986124768Z,fair-c20,2026-07-11T20:02:01.641353297Z,1783800121641,3316,16,ok,
low-concurrency-20260711T195542.986124768Z,baseline-c20,2026-07-11T20:02:02.616899448Z,1783800122616,3383,16,ok,
low-concurrency-20260711T195542.986124768Z,fair-c20,2026-07-11T20:02:02.649417092Z,1783800122649,3323,20,ok,
low-concurrency-20260711T195542.986124768Z,baseline-c20,2026-07-11T20:02:03.613436601Z,1783800123613,3359,17,ok,
low-concurrency-20260711T195542.986124768Z,fair-c20,2026-07-11T20:02:03.646432983Z,1783800123646,3328,15,ok,
low-concurrency-20260711T195542.986124768Z,baseline-c20,2026-07-11T20:02:04.609408981Z,1783800124609,3392,18,ok,
low-concurrency-20260711T195542.986124768Z,fair-c20,2026-07-11T20:02:04.636199525Z,1783800124636,3307,17,ok,
low-concurrency-20260711T195542.986124768Z,baseline-c20,2026-07-11T20:02:05.613817291Z,1783800125613,3355,16,ok,
low-concurrency-20260711T195542.986124768Z,fair-c20,2026-07-11T20:02:05.659531596Z,1783800125659,3341,20,ok,
low-concurrency-20260711T195542.986124768Z,baseline-c20,2026-07-11T20:02:06.611472735Z,1783800126611,3324,18,ok,
low-concurrency-20260711T195542.986124768Z,fair-c20,2026-07-11T20:02:06.646075405Z,1783800126646,3275,21,ok,
low-concurrency-20260711T195542.986124768Z,baseline-c20,2026-07-11T20:02:07.613813055Z,1783800127613,3311,18,ok,
low-concurrency-20260711T195542.986124768Z,fair-c20,2026-07-11T20:02:07.644157009Z,1783800127644,3280,14,ok,
low-concurrency-20260711T195542.986124768Z,baseline-c20,2026-07-11T20:02:08.610350287Z,1783800128610,3324,16,ok,
low-concurrency-20260711T195542.986124768Z,fair-c20,2026-07-11T20:02:08.638517965Z,1783800128638,3280,17,ok,
low-concurrency-20260711T195542.986124768Z,baseline-c20,2026-07-11T20:02:09.61147969Z,1783800129611,3329,17,ok,
low-concurrency-20260711T195542.986124768Z,fair-c20,2026-07-11T20:02:09.641021279Z,1783800129641,3275,20,ok,
low-concurrency-20260711T195542.986124768Z,baseline-c20,2026-07-11T20:02:10.60982563Z,1783800130609,3297,21,ok,
low-concurrency-20260711T195542.986124768Z,fair-c20,2026-07-11T20:02:10.636825929Z,1783800130636,3273,16,ok,
low-concurrency-20260711T195542.986124768Z,baseline-c20,2026-07-11T20:02:11.60994373Z,1783800131609,3276,18,ok,
low-concurrency-20260711T195542.986124768Z,fair-c20,2026-07-11T20:02:11.638801587Z,1783800131638,3256,17,ok,
low-concurrency-20260711T195542.986124768Z,baseline-c20,2026-07-11T20:02:12.610878987Z,1783800132610,3326,15,ok,
low-concurrency-20260711T195542.986124768Z,fair-c20,2026-07-11T20:02:12.639944778Z,1783800132639,3256,16,ok,
low-concurrency-20260711T195542.986124768Z,baseline-c20,2026-07-11T20:02:13.610581179Z,1783800133610,3278,16,ok,
low-concurrency-20260711T195542.986124768Z,fair-c20,2026-07-11T20:02:13.643203296Z,1783800133643,3265,14,ok,
low-concurrency-20260711T195542.986124768Z,baseline-c20,2026-07-11T20:02:14.61264235Z,1783800134612,3303,15,ok,
low-concurrency-20260711T195542.986124768Z,fair-c20,2026-07-11T20:02:14.647106794Z,1783800134647,3262,22,ok,
low-concurrency-20260711T195542.986124768Z,baseline-c20,2026-07-11T20:02:15.610763659Z,1783800135610,3263,15,ok,
low-concurrency-20260711T195542.986124768Z,fair-c20,2026-07-11T20:02:15.642375819Z,1783800135642,3225,16,ok,
low-concurrency-20260711T195542.986124768Z,baseline-c20,2026-07-11T20:02:16.61062693Z,1783800136610,3291,17,ok,
low-concurrency-20260711T195542.986124768Z,fair-c20,2026-07-11T20:02:16.639121889Z,1783800136639,3225,16,ok,
low-concurrency-20260711T195542.986124768Z,baseline-c20,2026-07-11T20:02:17.610439415Z,1783800137610,3281,15,ok,
low-concurrency-20260711T195542.986124768Z,fair-c20,2026-07-11T20:02:17.643125975Z,1783800137643,3234,14,ok,
low-concurrency-20260711T195542.986124768Z,baseline-c20,2026-07-11T20:02:18.609967437Z,1783800138609,3294,17,ok,
low-concurrency-20260711T195542.986124768Z,fair-c20,2026-07-11T20:02:18.638282485Z,1783800138638,3259,18,ok,
low-concurrency-20260711T195542.986124768Z,baseline-c20,2026-07-11T20:02:19.654167822Z,1783800139654,3233,15,ok,
low-concurrency-20260711T195542.986124768Z,fair-c20,2026-07-11T20:02:19.712242269Z,1783800139712,3207,19,ok,
low-concurrency-20260711T195542.986124768Z,baseline-c20,2026-07-11T20:02:20.612938277Z,1783800140612,3234,15,ok,
low-concurrency-20260711T195542.986124768Z,fair-c20,2026-07-11T20:02:20.64446424Z,1783800140644,3238,17,ok,
low-concurrency-20260711T195542.986124768Z,baseline-c20,2026-07-11T20:02:21.611219292Z,1783800141611,3238,15,ok,
low-concurrency-20260711T195542.986124768Z,fair-c20,2026-07-11T20:02:21.657514586Z,1783800141657,3239,17,ok,
low-concurrency-20260711T195542.986124768Z,baseline-c20,2026-07-11T20:02:22.611515718Z,1783800142611,3239,14,ok,
low-concurrency-20260711T195542.986124768Z,fair-c20,2026-07-11T20:02:22.640685111Z,1783800142640,3210,14,ok,
low-concurrency-20260711T195542.986124768Z,baseline-c20,2026-07-11T20:02:23.609459189Z,1783800143609,3217,16,ok,
low-concurrency-20260711T195542.986124768Z,fair-c20,2026-07-11T20:02:23.63709844Z,1783800143637,3249,15,ok,
low-concurrency-20260711T195542.986124768Z,baseline-c20,2026-07-11T20:02:24.611176848Z,1783800144611,3221,14,ok,
low-concurrency-20260711T195542.986124768Z,fair-c20,2026-07-11T20:02:24.644713348Z,1783800144644,3222,17,ok,
low-concurrency-20260711T195542.986124768Z,baseline-c20,2026-07-11T20:02:25.614993149Z,1783800145614,3237,19,ok,
low-concurrency-20260711T195542.986124768Z,fair-c20,2026-07-11T20:02:25.645593914Z,1783800145645,3169,13,ok,
low-concurrency-20260711T195542.986124768Z,baseline-c20,2026-07-11T20:02:26.609661102Z,1783800146609,3245,14,ok,
low-concurrency-20260711T195542.986124768Z,fair-c20,2026-07-11T20:02:26.643967834Z,1783800146643,3178,16,ok,
low-concurrency-20260711T195542.986124768Z,baseline-c20,2026-07-11T20:02:27.61088106Z,1783800147610,3204,17,ok,
low-concurrency-20260711T195542.986124768Z,fair-c20,2026-07-11T20:02:27.647393054Z,1783800147647,3144,26,ok,
low-concurrency-20260711T195542.986124768Z,baseline-c20,2026-07-11T20:02:28.615464749Z,1783800148615,3229,21,ok,
low-concurrency-20260711T195542.986124768Z,fair-c20,2026-07-11T20:02:28.647913715Z,1783800148647,3180,14,ok,
low-concurrency-20260711T195542.986124768Z,baseline-c20,2026-07-11T20:02:29.610654063Z,1783800149610,3229,18,ok,
low-concurrency-20260711T195542.986124768Z,fair-c20,2026-07-11T20:02:29.645487124Z,1783800149645,3210,10,ok,
low-concurrency-20260711T195542.986124768Z,baseline-c20,2026-07-11T20:02:30.610341872Z,1783800150610,3187,14,ok,
low-concurrency-20260711T195542.986124768Z,fair-c20,2026-07-11T20:02:30.644661503Z,1783800150644,3168,25,ok,
low-concurrency-20260711T195542.986124768Z,baseline-c20,2026-07-11T20:02:31.610437213Z,1783800151610,3168,13,ok,
low-concurrency-20260711T195542.986124768Z,fair-c20,2026-07-11T20:02:31.6418952Z,1783800151641,3133,23,ok,
low-concurrency-20260711T195542.986124768Z,baseline-c20,2026-07-11T20:02:32.610121966Z,1783800152610,3159,10,ok,
low-concurrency-20260711T195542.986124768Z,fair-c20,2026-07-11T20:02:32.64055608Z,1783800152640,3135,20,ok,
low-concurrency-20260711T195542.986124768Z,baseline-c20,2026-07-11T20:02:33.611535456Z,1783800153611,3160,15,ok,
low-concurrency-20260711T195542.986124768Z,fair-c20,2026-07-11T20:02:33.649045685Z,1783800153649,3150,7,ok,
low-concurrency-20260711T195542.986124768Z,baseline-c20,2026-07-11T20:02:34.61044088Z,1783800154610,3169,13,ok,
low-concurrency-20260711T195542.986124768Z,fair-c20,2026-07-11T20:02:34.640941044Z,1783800154640,3128,25,ok,
low-concurrency-20260711T195542.986124768Z,baseline-c20,2026-07-11T20:02:35.611596458Z,1783800155611,3181,18,ok,
low-concurrency-20260711T195542.986124768Z,fair-c20,2026-07-11T20:02:35.673202744Z,1783800155673,3102,17,ok,
low-concurrency-20260711T195542.986124768Z,baseline-c20,2026-07-11T20:02:36.610917959Z,1783800156610,3126,12,ok,
low-concurrency-20260711T195542.986124768Z,fair-c20,2026-07-11T20:02:36.640114084Z,1783800156640,3109,19,ok,
low-concurrency-20260711T195542.986124768Z,baseline-c20,2026-07-11T20:02:37.608449213Z,1783800157608,3122,13,ok,
low-concurrency-20260711T195542.986124768Z,fair-c20,2026-07-11T20:02:37.639248707Z,1783800157639,3150,16,ok,
low-concurrency-20260711T195542.986124768Z,baseline-c20,2026-07-11T20:02:38.610329135Z,1783800158610,3164,13,ok,
low-concurrency-20260711T195542.986124768Z,fair-c20,2026-07-11T20:02:38.639956831Z,1783800158639,3128,16,ok,
low-concurrency-20260711T195542.986124768Z,baseline-c20,2026-07-11T20:02:39.610021365Z,1783800159610,3124,19,ok,
low-concurrency-20260711T195542.986124768Z,fair-c20,2026-07-11T20:02:39.638469753Z,1783800159638,3082,17,ok,
low-concurrency-20260711T195542.986124768Z,baseline-c20,2026-07-11T20:02:40.613757136Z,1783800160613,3126,15,ok,
low-concurrency-20260711T195542.986124768Z,fair-c20,2026-07-11T20:02:40.644833728Z,1783800160644,3117,18,ok,
low-concurrency-20260711T195542.986124768Z,baseline-c20,2026-07-11T20:02:41.611365663Z,1783800161611,3091,18,ok,
low-concurrency-20260711T195542.986124768Z,fair-c20,2026-07-11T20:02:41.641315561Z,1783800161641,3088,16,ok,
low-concurrency-20260711T195542.986124768Z,baseline-c20,2026-07-11T20:02:42.610517744Z,1783800162610,3115,21,ok,
low-concurrency-20260711T195542.986124768Z,fair-c20,2026-07-11T20:02:42.638625539Z,1783800162638,3072,17,ok,
low-concurrency-20260711T195542.986124768Z,baseline-c20,2026-07-11T20:02:43.609694911Z,1783800163609,3105,12,ok,
low-concurrency-20260711T195542.986124768Z,fair-c20,2026-07-11T20:02:43.638325191Z,1783800163638,3073,20,ok,
low-concurrency-20260711T195542.986124768Z,baseline-c20,2026-07-11T20:02:44.611299324Z,1783800164611,3163,16,ok,
low-concurrency-20260711T195542.986124768Z,fair-c20,2026-07-11T20:02:44.641640723Z,1783800164641,3077,14,ok,
low-concurrency-20260711T195542.986124768Z,baseline-c20,2026-07-11T20:02:45.611309429Z,1783800165611,3087,18,ok,
low-concurrency-20260711T195542.986124768Z,fair-c20,2026-07-11T20:02:45.645564253Z,1783800165645,3042,11,ok,
low-concurrency-20260711T195542.986124768Z,baseline-c20,2026-07-11T20:02:46.610979089Z,1783800166610,3139,14,ok,
low-concurrency-20260711T195542.986124768Z,fair-c20,2026-07-11T20:02:46.642175645Z,1783800166642,3067,18,ok,
low-concurrency-20260711T195542.986124768Z,baseline-c20,2026-07-11T20:02:47.610741298Z,1783800167610,3111,16,ok,
low-concurrency-20260711T195542.986124768Z,fair-c20,2026-07-11T20:02:47.642463275Z,1783800167642,3034,15,ok,
low-concurrency-20260711T195542.986124768Z,baseline-c20,2026-07-11T20:02:48.609886835Z,1783800168609,3113,13,ok,
low-concurrency-20260711T195542.986124768Z,fair-c20,2026-07-11T20:02:48.637936453Z,1783800168637,3035,12,ok,
low-concurrency-20260711T195542.986124768Z,baseline-c20,2026-07-11T20:02:49.612012593Z,1783800169612,3055,17,ok,
low-concurrency-20260711T195542.986124768Z,fair-c20,2026-07-11T20:02:49.641232494Z,1783800169641,3038,17,ok,
low-concurrency-20260711T195542.986124768Z,baseline-c20,2026-07-11T20:02:50.612372515Z,1783800170612,3058,14,ok,
low-concurrency-20260711T195542.986124768Z,fair-c20,2026-07-11T20:02:50.645839026Z,1783800170645,3053,15,ok,
low-concurrency-20260711T195542.986124768Z,baseline-c20,2026-07-11T20:02:51.61324807Z,1783800171613,3055,17,ok,
low-concurrency-20260711T195542.986124768Z,fair-c20,2026-07-11T20:02:51.645628685Z,1783800171645,3006,23,ok,
low-concurrency-20260711T195542.986124768Z,baseline-c20,2026-07-11T20:02:52.614004152Z,1783800172614,3038,20,ok,
low-concurrency-20260711T195542.986124768Z,fair-c20,2026-07-11T20:02:52.646148615Z,1783800172646,3001,22,ok,
low-concurrency-20260711T195542.986124768Z,baseline-c20,2026-07-11T20:02:53.613925355Z,1783800173613,3076,15,ok,
low-concurrency-20260711T195542.986124768Z,fair-c20,2026-07-11T20:02:53.64498551Z,1783800173644,3080,23,ok,
low-concurrency-20260711T195542.986124768Z,baseline-c20,2026-07-11T20:02:54.610936723Z,1783800174610,3027,19,ok,
low-concurrency-20260711T195542.986124768Z,fair-c20,2026-07-11T20:02:54.641041394Z,1783800174641,3044,26,ok,
low-concurrency-20260711T195542.986124768Z,baseline-c20,2026-07-11T20:02:55.610250523Z,1783800175610,3014,17,ok,
low-concurrency-20260711T195542.986124768Z,fair-c20,2026-07-11T20:02:55.643261496Z,1783800175643,2982,20,ok,
low-concurrency-20260711T195542.986124768Z,baseline-c20,2026-07-11T20:02:56.610404531Z,1783800176610,3076,16,ok,
low-concurrency-20260711T195542.986124768Z,fair-c20,2026-07-11T20:02:56.643386407Z,1783800176643,2979,16,ok,
low-concurrency-20260711T195542.986124768Z,baseline-c20,2026-07-11T20:02:57.611489333Z,1783800177611,3005,14,ok,
low-concurrency-20260711T195542.986124768Z,fair-c20,2026-07-11T20:02:57.64222839Z,1783800177642,2998,20,ok,
low-concurrency-20260711T195542.986124768Z,baseline-c20,2026-07-11T20:02:58.612823372Z,1783800178612,3009,19,ok,
low-concurrency-20260711T195542.986124768Z,fair-c20,2026-07-11T20:02:58.645354857Z,1783800178645,2967,16,ok,
low-concurrency-20260711T195542.986124768Z,baseline-c20,2026-07-11T20:02:59.611576593Z,1783800179611,3066,21,ok,
low-concurrency-20260711T195542.986124768Z,fair-c20,2026-07-11T20:02:59.642912771Z,1783800179642,3002,20,ok,
low-concurrency-20260711T195542.986124768Z,baseline-c20,2026-07-11T20:03:00.610454103Z,1783800180610,2991,21,ok,
low-concurrency-20260711T195542.986124768Z,fair-c20,2026-07-11T20:03:00.640386647Z,1783800180640,2944,16,ok,
low-concurrency-20260711T195542.986124768Z,baseline-c20,2026-07-11T20:03:01.611273061Z,1783800181611,3091,18,ok,
low-concurrency-20260711T195542.986124768Z,fair-c20,2026-07-11T20:03:01.640840272Z,1783800181640,3008,16,ok,
low-concurrency-20260711T195542.986124768Z,baseline-c20,2026-07-11T20:03:02.613894187Z,1783800182613,2974,18,ok,
low-concurrency-20260711T195542.986124768Z,fair-c20,2026-07-11T20:03:02.643927796Z,1783800182643,2961,11,ok,
low-concurrency-20260711T195542.986124768Z,baseline-c20,2026-07-11T20:03:03.611936377Z,1783800183611,3004,18,ok,
low-concurrency-20260711T195542.986124768Z,fair-c20,2026-07-11T20:03:03.643118687Z,1783800183643,2929,16,ok,
low-concurrency-20260711T195542.986124768Z,baseline-c20,2026-07-11T20:03:04.612332841Z,1783800184612,2969,18,ok,
low-concurrency-20260711T195542.986124768Z,fair-c20,2026-07-11T20:03:04.644365709Z,1783800184644,2941,14,ok,
low-concurrency-20260711T195542.986124768Z,baseline-c20,2026-07-11T20:03:05.611301511Z,1783800185611,2983,15,ok,
low-concurrency-20260711T195542.986124768Z,fair-c20,2026-07-11T20:03:05.643137939Z,1783800185643,2984,15,ok,
low-concurrency-20260711T195542.986124768Z,baseline-c20,2026-07-11T20:03:06.611799149Z,1783800186611,2986,21,ok,
low-concurrency-20260711T195542.986124768Z,fair-c20,2026-07-11T20:03:06.638424334Z,1783800186638,2919,18,ok,
low-concurrency-20260711T195542.986124768Z,baseline-c20,2026-07-11T20:03:07.611275632Z,1783800187611,2955,19,ok,
low-concurrency-20260711T195542.986124768Z,fair-c20,2026-07-11T20:03:07.647223492Z,1783800187647,2929,16,ok,
low-concurrency-20260711T195542.986124768Z,baseline-c20,2026-07-11T20:03:08.609737948Z,1783800188609,2971,13,ok,
low-concurrency-20260711T195542.986124768Z,fair-c20,2026-07-11T20:03:08.640972017Z,1783800188640,2907,15,ok,
low-concurrency-20260711T195542.986124768Z,baseline-c20,2026-07-11T20:03:09.609204812Z,1783800189609,2942,17,ok,
low-concurrency-20260711T195542.986124768Z,fair-c20,2026-07-11T20:03:09.640873342Z,1783800189640,2944,16,ok,
low-concurrency-20260711T195542.986124768Z,baseline-c20,2026-07-11T20:03:10.609804054Z,1783800190609,2923,15,ok,
low-concurrency-20260711T195542.986124768Z,fair-c20,2026-07-11T20:03:10.641568127Z,1783800190641,2893,14,ok,
low-concurrency-20260711T195542.986124768Z,baseline-c20,2026-07-11T20:03:11.613072362Z,1783800191613,2949,12,ok,
low-concurrency-20260711T195542.986124768Z,fair-c20,2026-07-11T20:03:11.641763905Z,1783800191641,2910,16,ok,
low-concurrency-20260711T195542.986124768Z,baseline-c20,2026-07-11T20:03:12.612355529Z,1783800192612,2943,17,ok,
low-concurrency-20260711T195542.986124768Z,fair-c20,2026-07-11T20:03:12.641438883Z,1783800192641,2975,17,ok,
low-concurrency-20260711T195542.986124768Z,baseline-c20,2026-07-11T20:03:13.61076827Z,1783800193610,2920,14,ok,
low-concurrency-20260711T195542.986124768Z,fair-c20,2026-07-11T20:03:13.642340525Z,1783800193642,2867,19,ok,
low-concurrency-20260711T195542.986124768Z,baseline-c20,2026-07-11T20:03:14.611333798Z,1783800194611,2900,19,ok,
low-concurrency-20260711T195542.986124768Z,fair-c20,2026-07-11T20:03:14.641096503Z,1783800194641,2891,18,ok,
low-concurrency-20260711T195542.986124768Z,baseline-c20,2026-07-11T20:03:15.610111855Z,1783800195610,2921,19,ok,
low-concurrency-20260711T195542.986124768Z,fair-c20,2026-07-11T20:03:15.641343571Z,1783800195641,2876,24,ok,
low-concurrency-20260711T195542.986124768Z,baseline-c20,2026-07-11T20:03:16.609573235Z,1783800196609,2904,15,ok,
low-concurrency-20260711T195542.986124768Z,fair-c20,2026-07-11T20:03:16.640850454Z,1783800196640,2868,18,ok,
low-concurrency-20260711T195542.986124768Z,baseline-c20,2026-07-11T20:03:17.610855289Z,1783800197610,2887,12,ok,
low-concurrency-20260711T195542.986124768Z,fair-c20,2026-07-11T20:03:17.639199117Z,1783800197639,2888,12,ok,
low-concurrency-20260711T195542.986124768Z,baseline-c20,2026-07-11T20:03:18.609259004Z,1783800198609,2911,14,ok,
low-concurrency-20260711T195542.986124768Z,fair-c20,2026-07-11T20:03:18.638217423Z,1783800198638,2842,16,ok,
low-concurrency-20260711T195542.986124768Z,baseline-c20,2026-07-11T20:03:19.611882736Z,1783800199611,2888,21,ok,
low-concurrency-20260711T195542.986124768Z,fair-c20,2026-07-11T20:03:19.643076148Z,1783800199643,2884,16,ok,
low-concurrency-20260711T195542.986124768Z,baseline-c20,2026-07-11T20:03:20.610869187Z,1783800200610,2909,13,ok,
low-concurrency-20260711T195542.986124768Z,fair-c20,2026-07-11T20:03:20.643182209Z,1783800200643,2853,19,ok,
low-concurrency-20260711T195542.986124768Z,baseline-c20,2026-07-11T20:03:21.608962013Z,1783800201608,2851,17,ok,
low-concurrency-20260711T195542.986124768Z,fair-c20,2026-07-11T20:03:21.640800225Z,1783800201640,2821,14,ok,
low-concurrency-20260711T195542.986124768Z,baseline-c20,2026-07-11T20:03:22.611795341Z,1783800202611,2861,11,ok,
low-concurrency-20260711T195542.986124768Z,fair-c20,2026-07-11T20:03:22.641502897Z,1783800202641,2821,21,ok,
low-concurrency-20260711T195542.986124768Z,baseline-c20,2026-07-11T20:03:23.611773361Z,1783800203611,2868,17,ok,
low-concurrency-20260711T195542.986124768Z,fair-c20,2026-07-11T20:03:23.642017778Z,1783800203642,2815,16,ok,
low-concurrency-20260711T195542.986124768Z,baseline-c20,2026-07-11T20:03:24.611860782Z,1783800204611,2841,12,ok,
low-concurrency-20260711T195542.986124768Z,fair-c20,2026-07-11T20:03:24.642610334Z,1783800204642,2809,11,ok,
low-concurrency-20260711T195542.986124768Z,baseline-c20,2026-07-11T20:03:25.610239113Z,1783800205610,2833,14,ok,
low-concurrency-20260711T195542.986124768Z,fair-c20,2026-07-11T20:03:25.640852441Z,1783800205640,2800,17,ok,
low-concurrency-20260711T195542.986124768Z,baseline-c20,2026-07-11T20:03:26.612043489Z,1783800206612,2847,15,ok,
low-concurrency-20260711T195542.986124768Z,fair-c20,2026-07-11T20:03:26.647478152Z,1783800206647,2831,21,ok,
low-concurrency-20260711T195542.986124768Z,baseline-c20,2026-07-11T20:03:27.613720295Z,1783800207613,2894,15,ok,
low-concurrency-20260711T195542.986124768Z,fair-c20,2026-07-11T20:03:27.642567889Z,1783800207642,2790,17,ok,
low-concurrency-20260711T195542.986124768Z,baseline-c20,2026-07-11T20:03:28.60866389Z,1783800208608,2809,17,ok,
low-concurrency-20260711T195542.986124768Z,fair-c20,2026-07-11T20:03:28.640203064Z,1783800208640,2765,19,ok,
low-concurrency-20260711T195542.986124768Z,baseline-c20,2026-07-11T20:03:29.623135606Z,1783800209623,2815,19,ok,
low-concurrency-20260711T195542.986124768Z,fair-c20,2026-07-11T20:03:29.653643794Z,1783800209653,2791,11,ok,
low-concurrency-20260711T195542.986124768Z,baseline-c20,2026-07-11T20:03:30.610820014Z,1783800210610,2815,11,ok,
low-concurrency-20260711T195542.986124768Z,fair-c20,2026-07-11T20:03:30.64247701Z,1783800210642,2802,20,ok,
low-concurrency-20260711T195542.986124768Z,baseline-c20,2026-07-11T20:03:31.611707479Z,1783800211611,2787,15,ok,
low-concurrency-20260711T195542.986124768Z,fair-c20,2026-07-11T20:03:31.642815078Z,1783800211642,2765,19,ok,
low-concurrency-20260711T195542.986124768Z,baseline-c20,2026-07-11T20:03:32.610108971Z,1783800212610,2818,22,ok,
low-concurrency-20260711T195542.986124768Z,fair-c20,2026-07-11T20:03:32.642530196Z,1783800212642,2809,14,ok,
low-concurrency-20260711T195542.986124768Z,baseline-c20,2026-07-11T20:03:33.60970168Z,1783800213609,2834,9,ok,
low-concurrency-20260711T195542.986124768Z,fair-c20,2026-07-11T20:03:33.637264239Z,1783800213637,2737,16,ok,
low-concurrency-20260711T195542.986124768Z,baseline-c20,2026-07-11T20:03:34.614946662Z,1783800214614,2785,16,ok,
low-concurrency-20260711T195542.986124768Z,fair-c20,2026-07-11T20:03:34.644609312Z,1783800214644,2798,15,ok,
low-concurrency-20260711T195542.986124768Z,baseline-c20,2026-07-11T20:03:35.611967182Z,1783800215611,2789,20,ok,
low-concurrency-20260711T195542.986124768Z,fair-c20,2026-07-11T20:03:35.641332072Z,1783800215641,2814,17,ok,
low-concurrency-20260711T195542.986124768Z,baseline-c20,2026-07-11T20:03:36.610470647Z,1783800216610,2778,12,ok,
low-concurrency-20260711T195542.986124768Z,fair-c20,2026-07-11T20:03:36.639629317Z,1783800216639,2753,13,ok,
low-concurrency-20260711T195542.986124768Z,baseline-c20,2026-07-11T20:03:37.61099797Z,1783800217610,2781,17,ok,
low-concurrency-20260711T195542.986124768Z,fair-c20,2026-07-11T20:03:37.645062922Z,1783800217645,2758,15,ok,
low-concurrency-20260711T195542.986124768Z,baseline-c20,2026-07-11T20:03:38.612581652Z,1783800218612,2768,18,ok,
low-concurrency-20260711T195542.986124768Z,fair-c20,2026-07-11T20:03:38.643698794Z,1783800218643,2711,15,ok,
low-concurrency-20260711T195542.986124768Z,baseline-c20,2026-07-11T20:03:39.610049629Z,1783800219610,2800,14,ok,
low-concurrency-20260711T195542.986124768Z,fair-c20,2026-07-11T20:03:39.641756057Z,1783800219641,2744,18,ok,
low-concurrency-20260711T195542.986124768Z,baseline-c20,2026-07-11T20:03:40.610917203Z,1783800220610,2741,11,ok,
low-concurrency-20260711T195542.986124768Z,fair-c20,2026-07-11T20:03:40.643921037Z,1783800220643,2761,18,ok,
low-concurrency-20260711T195542.986124768Z,baseline-c20,2026-07-11T20:03:41.609745686Z,1783800221609,2767,9,ok,
low-concurrency-20260711T195542.986124768Z,fair-c20,2026-07-11T20:03:41.638395087Z,1783800221638,2690,20,ok,
low-concurrency-20260711T195542.986124768Z,baseline-c20,2026-07-11T20:03:42.616728781Z,1783800222616,2745,23,ok,
low-concurrency-20260711T195542.986124768Z,fair-c20,2026-07-11T20:03:42.646371215Z,1783800222646,2689,17,ok,
low-concurrency-20260711T195542.986124768Z,baseline-c20,2026-07-11T20:03:43.61082773Z,1783800223610,2727,20,ok,
low-concurrency-20260711T195542.986124768Z,fair-c20,2026-07-11T20:03:43.642321415Z,1783800223642,2692,16,ok,
low-concurrency-20260711T195542.986124768Z,baseline-c20,2026-07-11T20:03:44.613620442Z,1783800224613,2800,16,ok,
low-concurrency-20260711T195542.986124768Z,fair-c20,2026-07-11T20:03:44.642877706Z,1783800224642,2681,23,ok,
low-concurrency-20260711T195542.986124768Z,baseline-c20,2026-07-11T20:03:45.61659968Z,1783800225616,2747,14,ok,
low-concurrency-20260711T195542.986124768Z,fair-c20,2026-07-11T20:03:45.6465605Z,1783800225646,2670,17,ok,
low-concurrency-20260711T195542.986124768Z,baseline-c20,2026-07-11T20:03:46.612009222Z,1783800226612,2754,14,ok,
low-concurrency-20260711T195542.986124768Z,fair-c20,2026-07-11T20:03:46.642959413Z,1783800226642,2719,14,ok,
low-concurrency-20260711T195542.986124768Z,baseline-c20,2026-07-11T20:03:47.61163093Z,1783800227611,2717,21,ok,
low-concurrency-20260711T195542.986124768Z,fair-c20,2026-07-11T20:03:47.641058699Z,1783800227641,2672,23,ok,
low-concurrency-20260711T195542.986124768Z,baseline-c20,2026-07-11T20:03:48.610202719Z,1783800228610,2703,14,ok,
low-concurrency-20260711T195542.986124768Z,fair-c20,2026-07-11T20:03:48.641344743Z,1783800228641,2707,17,ok,
low-concurrency-20260711T195542.986124768Z,baseline-c20,2026-07-11T20:03:49.613023917Z,1783800229613,2793,20,ok,
low-concurrency-20260711T195542.986124768Z,fair-c20,2026-07-11T20:03:49.648394967Z,1783800229648,2649,18,ok,
low-concurrency-20260711T195542.986124768Z,baseline-c20,2026-07-11T20:03:50.611766572Z,1783800230611,2694,15,ok,
low-concurrency-20260711T195542.986124768Z,fair-c20,2026-07-11T20:03:50.646108764Z,1783800230646,2651,20,ok,
low-concurrency-20260711T195542.986124768Z,baseline-c20,2026-07-11T20:03:51.61051359Z,1783800231610,2672,15,ok,
low-concurrency-20260711T195542.986124768Z,fair-c20,2026-07-11T20:03:51.640946738Z,1783800231640,2651,24,ok,
low-concurrency-20260711T195542.986124768Z,baseline-c20,2026-07-11T20:03:52.61313375Z,1783800232613,2705,19,ok,
low-concurrency-20260711T195542.986124768Z,fair-c20,2026-07-11T20:03:52.645307227Z,1783800232645,2629,17,ok,
low-concurrency-20260711T195542.986124768Z,baseline-c20,2026-07-11T20:03:53.614531721Z,1783800233614,2668,17,ok,
low-concurrency-20260711T195542.986124768Z,fair-c20,2026-07-11T20:03:53.644262164Z,1783800233644,2625,17,ok,
low-concurrency-20260711T195542.986124768Z,baseline-c20,2026-07-11T20:03:54.610067192Z,1783800234610,2655,17,ok,
low-concurrency-20260711T195542.986124768Z,fair-c20,2026-07-11T20:03:54.638976827Z,1783800234638,2626,19,ok,
low-concurrency-20260711T195542.986124768Z,baseline-c20,2026-07-11T20:03:55.660891447Z,1783800235660,2699,16,ok,
low-concurrency-20260711T195542.986124768Z,fair-c20,2026-07-11T20:03:55.695314451Z,1783800235695,2600,13,ok,
low-concurrency-20260711T195542.986124768Z,baseline-c20,2026-07-11T20:03:56.616862099Z,1783800236616,2622,21,ok,
low-concurrency-20260711T195542.986124768Z,fair-c20,2026-07-11T20:03:56.646787963Z,1783800236646,2625,17,ok,
low-concurrency-20260711T195542.986124768Z,baseline-c20,2026-07-11T20:03:57.626342548Z,1783800237626,2643,12,ok,
low-concurrency-20260711T195542.986124768Z,fair-c20,2026-07-11T20:03:57.657735411Z,1783800237657,2647,19,ok,
low-concurrency-20260711T195542.986124768Z,baseline-c20,2026-07-11T20:03:58.615454168Z,1783800238615,2622,21,ok,
low-concurrency-20260711T195542.986124768Z,fair-c20,2026-07-11T20:03:58.654822047Z,1783800238654,2591,16,ok,
low-concurrency-20260711T195542.986124768Z,baseline-c20,2026-07-11T20:03:59.614895302Z,1783800239614,2655,15,ok,
low-concurrency-20260711T195542.986124768Z,fair-c20,2026-07-11T20:03:59.647140747Z,1783800239647,2643,7,ok,
low-concurrency-20260711T195542.986124768Z,baseline-c20,2026-07-11T20:04:00.615700722Z,1783800240615,2647,16,ok,
low-concurrency-20260711T195542.986124768Z,fair-c20,2026-07-11T20:04:00.65356759Z,1783800240653,2595,15,ok,
low-concurrency-20260711T195542.986124768Z,baseline-c20,2026-07-11T20:04:01.618876554Z,1783800241618,2635,14,ok,
low-concurrency-20260711T195542.986124768Z,fair-c20,2026-07-11T20:04:01.653269162Z,1783800241653,2577,15,ok,
low-concurrency-20260711T195542.986124768Z,baseline-c20,2026-07-11T20:04:02.611027748Z,1783800242611,2603,20,ok,
low-concurrency-20260711T195542.986124768Z,fair-c20,2026-07-11T20:04:02.643619201Z,1783800242643,2599,15,ok,
low-concurrency-20260711T195542.986124768Z,baseline-c20,2026-07-11T20:04:03.615494539Z,1783800243615,2670,11,ok,
low-concurrency-20260711T195542.986124768Z,fair-c20,2026-07-11T20:04:03.654014652Z,1783800243654,2606,14,ok,
low-concurrency-20260711T195542.986124768Z,baseline-c20,2026-07-11T20:04:04.626249492Z,1783800244626,2602,18,ok,
low-concurrency-20260711T195542.986124768Z,fair-c20,2026-07-11T20:04:04.656977746Z,1783800244656,2648,19,ok,
low-concurrency-20260711T195542.986124768Z,baseline-c20,2026-07-11T20:04:05.61531868Z,1783800245615,2653,16,ok,
low-concurrency-20260711T195542.986124768Z,fair-c20,2026-07-11T20:04:05.645060658Z,1783800245645,2585,17,ok,
low-concurrency-20260711T195542.986124768Z,baseline-c20,2026-07-11T20:04:06.610007524Z,1783800246610,2564,17,ok,
low-concurrency-20260711T195542.986124768Z,fair-c20,2026-07-11T20:04:06.64567582Z,1783800246645,2545,20,ok,
low-concurrency-20260711T195542.986124768Z,baseline-c20,2026-07-11T20:04:07.608534296Z,1783800247608,2577,20,ok,
low-concurrency-20260711T195542.986124768Z,fair-c20,2026-07-11T20:04:07.644360296Z,1783800247644,2561,16,ok,
low-concurrency-20260711T195542.986124768Z,baseline-c20,2026-07-11T20:04:08.61096445Z,1783800248610,2573,14,ok,
low-concurrency-20260711T195542.986124768Z,fair-c20,2026-07-11T20:04:08.64526052Z,1783800248645,2539,18,ok,
low-concurrency-20260711T195542.986124768Z,baseline-c20,2026-07-11T20:04:09.610308973Z,1783800249610,2550,15,ok,
low-concurrency-20260711T195542.986124768Z,fair-c20,2026-07-11T20:04:09.639923191Z,1783800249639,2551,19,ok,
low-concurrency-20260711T195542.986124768Z,baseline-c20,2026-07-11T20:04:10.615876249Z,1783800250615,2556,15,ok,
low-concurrency-20260711T195542.986124768Z,fair-c20,2026-07-11T20:04:10.648079456Z,1783800250648,2519,22,ok,
low-concurrency-20260711T195542.986124768Z,baseline-c20,2026-07-11T20:04:11.613957472Z,1783800251613,2543,13,ok,
low-concurrency-20260711T195542.986124768Z,fair-c20,2026-07-11T20:04:11.646980592Z,1783800251646,2515,16,ok,
low-concurrency-20260711T195542.986124768Z,baseline-c20,2026-07-11T20:04:12.616330106Z,1783800252616,2543,13,ok,
low-concurrency-20260711T195542.986124768Z,fair-c20,2026-07-11T20:04:12.646904396Z,1783800252646,2515,16,ok,
low-concurrency-20260711T195542.986124768Z,baseline-c20,2026-07-11T20:04:13.619012936Z,1783800253619,2575,18,ok,
low-concurrency-20260711T195542.986124768Z,fair-c20,2026-07-11T20:04:13.654898472Z,1783800253654,2519,16,ok,
low-concurrency-20260711T195542.986124768Z,baseline-c20,2026-07-11T20:04:14.613786134Z,1783800254613,2593,14,ok,
low-concurrency-20260711T195542.986124768Z,fair-c20,2026-07-11T20:04:14.644410686Z,1783800254644,2481,13,ok,
low-concurrency-20260711T195542.986124768Z,baseline-c20,2026-07-11T20:04:15.61511984Z,1783800255615,2506,20,ok,
low-concurrency-20260711T195542.986124768Z,fair-c20,2026-07-11T20:04:15.645390435Z,1783800255645,2538,10,ok,
low-concurrency-20260711T195542.986124768Z,baseline-c20,2026-07-11T20:04:16.615511195Z,1783800256615,2528,18,ok,
low-concurrency-20260711T195542.986124768Z,fair-c20,2026-07-11T20:04:16.642149895Z,1783800256642,2468,18,ok,
low-concurrency-20260711T195542.986124768Z,baseline-c20,2026-07-11T20:04:17.615666642Z,1783800257615,2526,17,ok,
low-concurrency-20260711T195542.986124768Z,fair-c20,2026-07-11T20:04:17.64274555Z,1783800257642,2497,17,ok,
low-concurrency-20260711T195542.986124768Z,baseline-c20,2026-07-11T20:04:18.617055625Z,1783800258617,2561,22,ok,
low-concurrency-20260711T195542.986124768Z,fair-c20,2026-07-11T20:04:18.647651662Z,1783800258647,2472,17,ok,
low-concurrency-20260711T195542.986124768Z,baseline-c20,2026-07-11T20:04:19.617888859Z,1783800259617,2493,15,ok,
low-concurrency-20260711T195542.986124768Z,fair-c20,2026-07-11T20:04:19.648983756Z,1783800259648,2480,11,ok,
low-concurrency-20260711T195542.986124768Z,baseline-c20,2026-07-11T20:04:20.615979712Z,1783800260615,2515,15,ok,
low-concurrency-20260711T195542.986124768Z,fair-c20,2026-07-11T20:04:20.648203598Z,1783800260648,2447,20,ok,
low-concurrency-20260711T195542.986124768Z,baseline-c20,2026-07-11T20:04:21.616259119Z,1783800261616,2496,17,ok,
low-concurrency-20260711T195542.986124768Z,fair-c20,2026-07-11T20:04:21.643944633Z,1783800261643,2540,15,ok,
low-concurrency-20260711T195542.986124768Z,baseline-c20,2026-07-11T20:04:22.611477524Z,1783800262611,2468,17,ok,
low-concurrency-20260711T195542.986124768Z,fair-c20,2026-07-11T20:04:22.645780861Z,1783800262645,2459,17,ok,
low-concurrency-20260711T195542.986124768Z,baseline-c20,2026-07-11T20:04:23.619704433Z,1783800263619,2516,19,ok,
low-concurrency-20260711T195542.986124768Z,fair-c20,2026-07-11T20:04:23.651136295Z,1783800263651,2459,16,ok,
low-concurrency-20260711T195542.986124768Z,baseline-c20,2026-07-11T20:04:24.608096769Z,1783800264608,2463,18,ok,
low-concurrency-20260711T195542.986124768Z,fair-c20,2026-07-11T20:04:24.636592959Z,1783800264636,2438,13,ok,
low-concurrency-20260711T195542.986124768Z,baseline-c20,2026-07-11T20:04:25.60895333Z,1783800265608,2489,19,ok,
low-concurrency-20260711T195542.986124768Z,fair-c20,2026-07-11T20:04:25.640330603Z,1783800265640,2446,15,ok,
low-concurrency-20260711T195542.986124768Z,baseline-c20,2026-07-11T20:04:26.610589093Z,1783800266610,2510,14,ok,
low-concurrency-20260711T195542.986124768Z,fair-c20,2026-07-11T20:04:26.643407839Z,1783800266643,2443,16,ok,
low-concurrency-20260711T195542.986124768Z,baseline-c20,2026-07-11T20:04:27.611254761Z,1783800267611,2468,16,ok,
low-concurrency-20260711T195542.986124768Z,fair-c20,2026-07-11T20:04:27.643769472Z,1783800267643,2551,13,ok,
low-concurrency-20260711T195542.986124768Z,baseline-c20,2026-07-11T20:04:28.607424033Z,1783800268607,2419,17,ok,
low-concurrency-20260711T195542.986124768Z,fair-c20,2026-07-11T20:04:28.639048633Z,1783800268639,2397,22,ok,
low-concurrency-20260711T195542.986124768Z,baseline-c20,2026-07-11T20:04:29.610741605Z,1783800269610,2477,16,ok,
low-concurrency-20260711T195542.986124768Z,fair-c20,2026-07-11T20:04:29.643445439Z,1783800269643,2413,14,ok,
low-concurrency-20260711T195542.986124768Z,baseline-c20,2026-07-11T20:04:30.614847018Z,1783800270614,2412,13,ok,
low-concurrency-20260711T195542.986124768Z,fair-c20,2026-07-11T20:04:30.65265271Z,1783800270652,2397,18,ok,
low-concurrency-20260711T195542.986124768Z,baseline-c20,2026-07-11T20:04:31.615736893Z,1783800271615,2475,14,ok,
low-concurrency-20260711T195542.986124768Z,fair-c20,2026-07-11T20:04:31.646378478Z,1783800271646,2434,18,ok,
low-concurrency-20260711T195542.986124768Z,baseline-c20,2026-07-11T20:04:32.644166567Z,1783800272644,2394,14,ok,
low-concurrency-20260711T195542.986124768Z,fair-c20,2026-07-11T20:04:32.767680593Z,1783800272767,2388,15,ok,
low-concurrency-20260711T195542.986124768Z,baseline-c20,2026-07-11T20:04:33.645116278Z,1783800273645,2398,20,ok,
low-concurrency-20260711T195542.986124768Z,fair-c20,2026-07-11T20:04:33.712916449Z,1783800273712,2366,21,ok,
low-concurrency-20260711T195542.986124768Z,baseline-c20,2026-07-11T20:04:34.609183232Z,1783800274609,2402,18,ok,
low-concurrency-20260711T195542.986124768Z,fair-c20,2026-07-11T20:04:34.640178627Z,1783800274640,2376,17,ok,
low-concurrency-20260711T195542.986124768Z,baseline-c20,2026-07-11T20:04:35.615382667Z,1783800275615,2470,15,ok,
low-concurrency-20260711T195542.986124768Z,fair-c20,2026-07-11T20:04:35.643762326Z,1783800275643,2410,16,ok,
low-concurrency-20260711T195542.986124768Z,baseline-c20,2026-07-11T20:04:36.607284112Z,1783800276607,2408,15,ok,
low-concurrency-20260711T195542.986124768Z,fair-c20,2026-07-11T20:04:36.638154098Z,1783800276638,2370,16,ok,
low-concurrency-20260711T195542.986124768Z,baseline-c20,2026-07-11T20:04:37.610580799Z,1783800277610,2385,20,ok,
low-concurrency-20260711T195542.986124768Z,fair-c20,2026-07-11T20:04:37.644806465Z,1783800277644,2355,18,ok,
low-concurrency-20260711T195542.986124768Z,baseline-c20,2026-07-11T20:04:38.614222277Z,1783800278614,2369,16,ok,
low-concurrency-20260711T195542.986124768Z,fair-c20,2026-07-11T20:04:38.644242197Z,1783800278644,2371,15,ok,
low-concurrency-20260711T195542.986124768Z,baseline-c20,2026-07-11T20:04:39.609306198Z,1783800279609,2400,11,ok,
low-concurrency-20260711T195542.986124768Z,fair-c20,2026-07-11T20:04:39.640187555Z,1783800279640,2380,16,ok,
low-concurrency-20260711T195542.986124768Z,baseline-c20,2026-07-11T20:04:40.611270682Z,1783800280611,2375,22,ok,
low-concurrency-20260711T195542.986124768Z,fair-c20,2026-07-11T20:04:40.641091378Z,1783800280641,2335,22,ok,
low-concurrency-20260711T195542.986124768Z,baseline-c20,2026-07-11T20:04:41.616678565Z,1783800281616,2434,18,ok,
low-concurrency-20260711T195542.986124768Z,fair-c20,2026-07-11T20:04:41.645686114Z,1783800281645,2320,23,ok,
low-concurrency-20260711T195542.986124768Z,baseline-c20,2026-07-11T20:04:42.617373458Z,1783800282617,2340,20,ok,
low-concurrency-20260711T195542.986124768Z,fair-c20,2026-07-11T20:04:42.646419335Z,1783800282646,2329,22,ok,
low-concurrency-20260711T195542.986124768Z,baseline-c20,2026-07-11T20:04:43.615272554Z,1783800283615,2374,18,ok,
low-concurrency-20260711T195542.986124768Z,fair-c20,2026-07-11T20:04:43.665733409Z,1783800283665,2299,20,ok,
low-concurrency-20260711T195542.986124768Z,baseline-c20,2026-07-11T20:04:44.614612987Z,1783800284614,2365,18,ok,
low-concurrency-20260711T195542.986124768Z,fair-c20,2026-07-11T20:04:44.646664871Z,1783800284646,2338,22,ok,
low-concurrency-20260711T195542.986124768Z,baseline-c20,2026-07-11T20:04:45.614759925Z,1783800285614,2312,11,ok,
low-concurrency-20260711T195542.986124768Z,fair-c20,2026-07-11T20:04:45.644720803Z,1783800285644,2297,17,ok,
low-concurrency-20260711T195542.986124768Z,baseline-c20,2026-07-11T20:04:46.615314879Z,1783800286615,2339,19,ok,
low-concurrency-20260711T195542.986124768Z,fair-c20,2026-07-11T20:04:46.642766398Z,1783800286642,2303,18,ok,
low-concurrency-20260711T195542.986124768Z,baseline-c20,2026-07-11T20:04:47.608584377Z,1783800287608,2369,7,ok,
low-concurrency-20260711T195542.986124768Z,fair-c20,2026-07-11T20:04:47.637130938Z,1783800287637,2308,15,ok,
low-concurrency-20260711T195542.986124768Z,baseline-c20,2026-07-11T20:04:48.615352294Z,1783800288615,2303,28,ok,
low-concurrency-20260711T195542.986124768Z,fair-c20,2026-07-11T20:04:48.643636234Z,1783800288643,2337,17,ok,
low-concurrency-20260711T195542.986124768Z,baseline-c20,2026-07-11T20:04:49.615641346Z,1783800289615,2334,19,ok,
low-concurrency-20260711T195542.986124768Z,fair-c20,2026-07-11T20:04:49.649482095Z,1783800289649,2301,16,ok,
low-concurrency-20260711T195542.986124768Z,baseline-c20,2026-07-11T20:04:50.610429852Z,1783800290610,2300,15,ok,
low-concurrency-20260711T195542.986124768Z,fair-c20,2026-07-11T20:04:50.643133404Z,1783800290643,2256,13,ok,
low-concurrency-20260711T195542.986124768Z,baseline-c20,2026-07-11T20:04:51.615501135Z,1783800291615,2318,13,ok,
low-concurrency-20260711T195542.986124768Z,fair-c20,2026-07-11T20:04:51.643745911Z,1783800291643,2265,15,ok,
low-concurrency-20260711T195542.986124768Z,baseline-c20,2026-07-11T20:04:52.608727095Z,1783800292608,2284,9,ok,
low-concurrency-20260711T195542.986124768Z,fair-c20,2026-07-11T20:04:52.635317627Z,1783800292635,2301,19,ok,
low-concurrency-20260711T195542.986124768Z,baseline-c20,2026-07-11T20:04:53.608941541Z,1783800293608,2300,16,ok,
low-concurrency-20260711T195542.986124768Z,fair-c20,2026-07-11T20:04:53.637895193Z,1783800293637,2256,16,ok,
low-concurrency-20260711T195542.986124768Z,baseline-c20,2026-07-11T20:04:54.615276496Z,1783800294615,2288,13,ok,
low-concurrency-20260711T195542.986124768Z,fair-c20,2026-07-11T20:04:54.649191366Z,1783800294649,2265,15,ok,
low-concurrency-20260711T195542.986124768Z,baseline-c20,2026-07-11T20:04:55.612479194Z,1783800295612,2296,16,ok,
low-concurrency-20260711T195542.986124768Z,fair-c20,2026-07-11T20:04:55.64324523Z,1783800295643,2272,15,ok,
low-concurrency-20260711T195542.986124768Z,baseline-c20,2026-07-11T20:04:56.611682647Z,1783800296611,2271,13,ok,
low-concurrency-20260711T195542.986124768Z,fair-c20,2026-07-11T20:04:56.642953117Z,1783800296642,2217,14,ok,
low-concurrency-20260711T195542.986124768Z,baseline-c20,2026-07-11T20:04:57.612343159Z,1783800297612,2274,15,ok,
low-concurrency-20260711T195542.986124768Z,fair-c20,2026-07-11T20:04:57.646597118Z,1783800297646,2234,16,ok,
low-concurrency-20260711T195542.986124768Z,baseline-c20,2026-07-11T20:04:58.613128866Z,1783800298613,2236,13,ok,
low-concurrency-20260711T195542.986124768Z,fair-c20,2026-07-11T20:04:58.641344438Z,1783800298641,2217,14,ok,
low-concurrency-20260711T195542.986124768Z,baseline-c20,2026-07-11T20:04:59.613842707Z,1783800299613,2233,16,ok,
low-concurrency-20260711T195542.986124768Z,fair-c20,2026-07-11T20:04:59.640565099Z,1783800299640,2220,20,ok,
low-concurrency-20260711T195542.986124768Z,baseline-c20,2026-07-11T20:05:00.610665562Z,1783800300610,2230,13,ok,
low-concurrency-20260711T195542.986124768Z,fair-c20,2026-07-11T20:05:00.643876236Z,1783800300643,2274,12,ok,
low-concurrency-20260711T195542.986124768Z,baseline-c20,2026-07-11T20:05:01.610193495Z,1783800301610,2268,12,ok,
low-concurrency-20260711T195542.986124768Z,fair-c20,2026-07-11T20:05:01.636556972Z,1783800301636,2184,20,ok,
low-concurrency-20260711T195542.986124768Z,baseline-c20,2026-07-11T20:05:02.606726226Z,1783800302606,2214,16,ok,
low-concurrency-20260711T195542.986124768Z,fair-c20,2026-07-11T20:05:02.648449261Z,1783800302648,2201,19,ok,
low-concurrency-20260711T195542.986124768Z,baseline-c20,2026-07-11T20:05:03.61298478Z,1783800303612,2236,13,ok,
low-concurrency-20260711T195542.986124768Z,fair-c20,2026-07-11T20:05:03.64693091Z,1783800303646,2267,18,ok,
low-concurrency-20260711T195542.986124768Z,baseline-c20,2026-07-11T20:05:04.61174042Z,1783800304611,2272,17,ok,
low-concurrency-20260711T195542.986124768Z,fair-c20,2026-07-11T20:05:04.648052195Z,1783800304648,2167,15,ok,
low-concurrency-20260711T195542.986124768Z,baseline-c20,2026-07-11T20:05:05.620034189Z,1783800305620,2246,12,ok,
low-concurrency-20260711T195542.986124768Z,fair-c20,2026-07-11T20:05:05.649732311Z,1783800305649,2168,14,ok,
low-concurrency-20260711T195542.986124768Z,baseline-c20,2026-07-11T20:05:06.616456558Z,1783800306616,2224,22,ok,
low-concurrency-20260711T195542.986124768Z,fair-c20,2026-07-11T20:05:06.651217848Z,1783800306651,2206,13,ok,
low-concurrency-20260711T195542.986124768Z,baseline-c20,2026-07-11T20:05:07.609615402Z,1783800307609,2213,20,ok,
low-concurrency-20260711T195542.986124768Z,fair-c20,2026-07-11T20:05:07.640257197Z,1783800307640,2137,20,ok,
low-concurrency-20260711T195542.986124768Z,baseline-c20,2026-07-11T20:05:08.608886164Z,1783800308608,2232,19,ok,
low-concurrency-20260711T195542.986124768Z,fair-c20,2026-07-11T20:05:08.649331304Z,1783800308649,2149,18,ok,
low-concurrency-20260711T195542.986124768Z,baseline-c20,2026-07-11T20:05:09.614366732Z,1783800309614,2166,20,ok,
low-concurrency-20260711T195542.986124768Z,fair-c20,2026-07-11T20:05:09.64671393Z,1783800309646,2204,18,ok,
low-concurrency-20260711T195542.986124768Z,baseline-c20,2026-07-11T20:05:10.616430328Z,1783800310616,2147,24,ok,
low-concurrency-20260711T195542.986124768Z,fair-c20,2026-07-11T20:05:10.648592148Z,1783800310648,2155,17,ok,
low-concurrency-20260711T195542.986124768Z,baseline-c20,2026-07-11T20:05:11.614363593Z,1783800311614,2145,20,ok,
low-concurrency-20260711T195542.986124768Z,fair-c20,2026-07-11T20:05:11.642515164Z,1783800311642,2180,16,ok,
low-concurrency-20260711T195542.986124768Z,baseline-c20,2026-07-11T20:05:12.61081843Z,1783800312610,2177,20,ok,
low-concurrency-20260711T195542.986124768Z,fair-c20,2026-07-11T20:05:12.645024127Z,1783800312645,2151,23,ok,
low-concurrency-20260711T195542.986124768Z,baseline-c20,2026-07-11T20:05:13.609551828Z,1783800313609,2152,18,ok,
low-concurrency-20260711T195542.986124768Z,fair-c20,2026-07-11T20:05:13.638601578Z,1783800313638,2115,21,ok,
low-concurrency-20260711T195542.986124768Z,baseline-c20,2026-07-11T20:05:14.618640138Z,1783800314618,2152,18,ok,
low-concurrency-20260711T195542.986124768Z,fair-c20,2026-07-11T20:05:14.649131322Z,1783800314649,2126,16,ok,
low-concurrency-20260711T195542.986124768Z,baseline-c20,2026-07-11T20:05:15.616645215Z,1783800315616,2163,22,ok,
low-concurrency-20260711T195542.986124768Z,fair-c20,2026-07-11T20:05:15.650393143Z,1783800315650,2121,17,ok,
low-concurrency-20260711T195542.986124768Z,baseline-c20,2026-07-11T20:05:16.610660612Z,1783800316610,2123,18,ok,
low-concurrency-20260711T195542.986124768Z,fair-c20,2026-07-11T20:05:16.650556908Z,1783800316650,2095,23,ok,
low-concurrency-20260711T195542.986124768Z,baseline-c20,2026-07-11T20:05:17.619132598Z,1783800317619,2145,16,ok,
low-concurrency-20260711T195542.986124768Z,fair-c20,2026-07-11T20:05:17.654507072Z,1783800317654,2107,19,ok,
low-concurrency-20260711T195542.986124768Z,baseline-c20,2026-07-11T20:05:18.617382995Z,1783800318617,2126,13,ok,
low-concurrency-20260711T195542.986124768Z,fair-c20,2026-07-11T20:05:18.647109746Z,1783800318647,2175,25,ok,
low-concurrency-20260711T195542.986124768Z,baseline-c20,2026-07-11T20:05:19.609823822Z,1783800319609,2109,14,ok,
low-concurrency-20260711T195542.986124768Z,fair-c20,2026-07-11T20:05:19.641818572Z,1783800319641,2082,16,ok,
low-concurrency-20260711T195542.986124768Z,baseline-c20,2026-07-11T20:05:20.609167566Z,1783800320609,2123,18,ok,
low-concurrency-20260711T195542.986124768Z,fair-c20,2026-07-11T20:05:20.648319732Z,1783800320648,2089,16,ok,
low-concurrency-20260711T195542.986124768Z,baseline-c20,2026-07-11T20:05:21.614022379Z,1783800321614,2135,13,ok,
low-concurrency-20260711T195542.986124768Z,fair-c20,2026-07-11T20:05:21.643526089Z,1783800321643,2091,19,ok,
low-concurrency-20260711T195542.986124768Z,baseline-c20,2026-07-11T20:05:22.611517167Z,1783800322611,2084,14,ok,
low-concurrency-20260711T195542.986124768Z,fair-c20,2026-07-11T20:05:22.641079751Z,1783800322641,2084,19,ok,
low-concurrency-20260711T195542.986124768Z,baseline-c20,2026-07-11T20:05:23.611367973Z,1783800323611,2103,10,ok,
low-concurrency-20260711T195542.986124768Z,fair-c20,2026-07-11T20:05:23.641884765Z,1783800323641,2119,12,ok,
low-concurrency-20260711T195542.986124768Z,baseline-c20,2026-07-11T20:05:24.614791381Z,1783800324614,2126,12,ok,
low-concurrency-20260711T195542.986124768Z,fair-c20,2026-07-11T20:05:24.64510826Z,1783800324645,2047,22,ok,
low-concurrency-20260711T195542.986124768Z,baseline-c20,2026-07-11T20:05:25.610522943Z,1783800325610,2076,10,ok,
low-concurrency-20260711T195542.986124768Z,fair-c20,2026-07-11T20:05:25.640376972Z,1783800325640,2076,16,ok,
low-concurrency-20260711T195542.986124768Z,baseline-c20,2026-07-11T20:05:26.610766229Z,1783800326610,2082,14,ok,
low-concurrency-20260711T195542.986124768Z,fair-c20,2026-07-11T20:05:26.645313423Z,1783800326645,2020,17,ok,
low-concurrency-20260711T195542.986124768Z,baseline-c20,2026-07-11T20:05:27.616960309Z,1783800327616,2050,21,ok,
low-concurrency-20260711T195542.986124768Z,fair-c20,2026-07-11T20:05:27.652044624Z,1783800327652,2018,19,ok,
low-concurrency-20260711T195542.986124768Z,baseline-c20,2026-07-11T20:05:28.616154207Z,1783800328616,2123,14,ok,
low-concurrency-20260711T195542.986124768Z,fair-c20,2026-07-11T20:05:28.644553953Z,1783800328644,2035,17,ok,
low-concurrency-20260711T195542.986124768Z,baseline-c20,2026-07-11T20:05:29.614988211Z,1783800329614,2070,11,ok,
low-concurrency-20260711T195542.986124768Z,fair-c20,2026-07-11T20:05:29.647328203Z,1783800329647,2040,16,ok,
low-concurrency-20260711T195542.986124768Z,baseline-c20,2026-07-11T20:05:30.614589098Z,1783800330614,2050,19,ok,
low-concurrency-20260711T195542.986124768Z,fair-c20,2026-07-11T20:05:30.645255185Z,1783800330645,2034,17,ok,
low-concurrency-20260711T195542.986124768Z,baseline-c20,2026-07-11T20:05:31.617879095Z,1783800331617,2045,16,ok,
low-concurrency-20260711T195542.986124768Z,fair-c20,2026-07-11T20:05:31.647744238Z,1783800331647,2005,14,ok,
low-concurrency-20260711T195542.986124768Z,baseline-c20,2026-07-11T20:05:32.615595188Z,1783800332615,2063,16,ok,
low-concurrency-20260711T195542.986124768Z,fair-c20,2026-07-11T20:05:32.643747267Z,1783800332643,1995,19,ok,
low-concurrency-20260711T195542.986124768Z,baseline-c20,2026-07-11T20:05:33.609654206Z,1783800333609,2037,23,ok,
low-concurrency-20260711T195542.986124768Z,fair-c20,2026-07-11T20:05:33.652366463Z,1783800333652,2014,13,ok,
low-concurrency-20260711T195542.986124768Z,baseline-c20,2026-07-11T20:05:34.613418127Z,1783800334613,2017,22,ok,
low-concurrency-20260711T195542.986124768Z,fair-c20,2026-07-11T20:05:34.640785049Z,1783800334640,1995,19,ok,
low-concurrency-20260711T195542.986124768Z,baseline-c20,2026-07-11T20:05:35.619441046Z,1783800335619,2018,10,ok,
low-concurrency-20260711T195542.986124768Z,fair-c20,2026-07-11T20:05:35.650107761Z,1783800335650,1984,17,ok,
low-concurrency-20260711T195542.986124768Z,baseline-c20,2026-07-11T20:05:36.608399788Z,1783800336608,1999,15,ok,
low-concurrency-20260711T195542.986124768Z,fair-c20,2026-07-11T20:05:36.639301442Z,1783800336639,1984,17,ok,
low-concurrency-20260711T195542.986124768Z,baseline-c20,2026-07-11T20:05:37.614418705Z,1783800337614,2051,14,ok,
low-concurrency-20260711T195542.986124768Z,fair-c20,2026-07-11T20:05:37.642794602Z,1783800337642,1994,17,ok,
low-concurrency-20260711T195542.986124768Z,baseline-c20,2026-07-11T20:05:38.615199453Z,1783800338615,2050,12,ok,
low-concurrency-20260711T195542.986124768Z,fair-c20,2026-07-11T20:05:38.644151193Z,1783800338644,2003,17,ok,
low-concurrency-20260711T195542.986124768Z,baseline-c20,2026-07-11T20:05:39.613038863Z,1783800339613,1998,19,ok,
low-concurrency-20260711T195542.986124768Z,fair-c20,2026-07-11T20:05:39.644934419Z,1783800339644,1960,21,ok,
low-concurrency-20260711T195542.986124768Z,baseline-c20,2026-07-11T20:05:40.61512717Z,1783800340615,1987,15,ok,
low-concurrency-20260711T195542.986124768Z,fair-c20,2026-07-11T20:05:40.64287809Z,1783800340642,1960,17,ok,
low-concurrency-20260711T195542.986124768Z,baseline-c20,2026-07-11T20:05:41.614825544Z,1783800341614,1982,15,ok,
low-concurrency-20260711T195542.986124768Z,fair-c20,2026-07-11T20:05:41.645613244Z,1783800341645,1927,21,ok,
low-concurrency-20260711T195542.986124768Z,baseline-c20,2026-07-11T20:05:42.612132839Z,1783800342612,1994,12,ok,
low-concurrency-20260711T195542.986124768Z,fair-c20,2026-07-11T20:05:42.644510401Z,1783800342644,1923,18,ok,
low-concurrency-20260711T195542.986124768Z,baseline-c20,2026-07-11T20:05:43.614641742Z,1783800343614,1960,20,ok,
low-concurrency-20260711T195542.986124768Z,fair-c20,2026-07-11T20:05:43.645586822Z,1783800343645,1927,21,ok,
low-concurrency-20260711T195542.986124768Z,baseline-c20,2026-07-11T20:05:44.615309992Z,1783800344615,1959,19,ok,
low-concurrency-20260711T195542.986124768Z,fair-c20,2026-07-11T20:05:44.643653713Z,1783800344643,1957,22,ok,
low-concurrency-20260711T195542.986124768Z,baseline-c20,2026-07-11T20:05:45.616124746Z,1783800345616,1992,14,ok,
low-concurrency-20260711T195542.986124768Z,fair-c20,2026-07-11T20:05:45.646097584Z,1783800345646,1973,23,ok,
low-concurrency-20260711T195542.986124768Z,baseline-c20,2026-07-11T20:05:46.61047823Z,1783800346610,1952,13,ok,
low-concurrency-20260711T195542.986124768Z,fair-c20,2026-07-11T20:05:46.638881062Z,1783800346638,1904,14,ok,
low-concurrency-20260711T195542.986124768Z,baseline-c20,2026-07-11T20:05:47.614381737Z,1783800347614,1929,16,ok,
low-concurrency-20260711T195542.986124768Z,fair-c20,2026-07-11T20:05:47.642066323Z,1783800347642,1922,13,ok,
low-concurrency-20260711T195542.986124768Z,baseline-c20,2026-07-11T20:05:48.61021769Z,1783800348610,1965,11,ok,
low-concurrency-20260711T195542.986124768Z,fair-c20,2026-07-11T20:05:48.63926402Z,1783800348639,1889,18,ok,
low-concurrency-20260711T195542.986124768Z,baseline-c20,2026-07-11T20:05:49.614458754Z,1783800349614,1929,16,ok,
low-concurrency-20260711T195542.986124768Z,fair-c20,2026-07-11T20:05:49.642721293Z,1783800349642,1889,16,ok,
low-concurrency-20260711T195542.986124768Z,baseline-c20,2026-07-11T20:05:50.61554751Z,1783800350615,1976,20,ok,
low-concurrency-20260711T195542.986124768Z,fair-c20,2026-07-11T20:05:50.643187801Z,1783800350643,1889,18,ok,
low-concurrency-20260711T195542.986124768Z,baseline-c20,2026-07-11T20:05:51.609037297Z,1783800351609,1934,16,ok,
low-concurrency-20260711T195542.986124768Z,fair-c20,2026-07-11T20:05:51.637894886Z,1783800351637,1951,22,ok,
low-concurrency-20260711T195542.986124768Z,baseline-c20,2026-07-11T20:05:52.615995983Z,1783800352615,1921,22,ok,
low-concurrency-20260711T195542.986124768Z,fair-c20,2026-07-11T20:05:52.648244603Z,1783800352648,1911,21,ok,
low-concurrency-20260711T195542.986124768Z,baseline-c20,2026-07-11T20:05:53.608570291Z,1783800353608,1915,16,ok,
low-concurrency-20260711T195542.986124768Z,fair-c20,2026-07-11T20:05:53.642938806Z,1783800353642,1888,14,ok,
low-concurrency-20260711T195542.986124768Z,baseline-c20,2026-07-11T20:05:54.61292806Z,1783800354612,1942,19,ok,
low-concurrency-20260711T195542.986124768Z,fair-c20,2026-07-11T20:05:54.642897958Z,1783800354642,1862,17,ok,
low-concurrency-20260711T195542.986124768Z,baseline-c20,2026-07-11T20:05:55.610807784Z,1783800355610,1871,13,ok,
low-concurrency-20260711T195542.986124768Z,fair-c20,2026-07-11T20:05:55.644936118Z,1783800355644,1864,19,ok,
low-concurrency-20260711T195542.986124768Z,baseline-c20,2026-07-11T20:05:56.614340388Z,1783800356614,1895,18,ok,
low-concurrency-20260711T195542.986124768Z,fair-c20,2026-07-11T20:05:56.640191188Z,1783800356640,1837,20,ok,
low-concurrency-20260711T195542.986124768Z,baseline-c20,2026-07-11T20:05:57.614415098Z,1783800357614,1882,20,ok,
low-concurrency-20260711T195542.986124768Z,fair-c20,2026-07-11T20:05:57.646304105Z,1783800357646,1840,19,ok,
low-concurrency-20260711T195542.986124768Z,baseline-c20,2026-07-11T20:05:58.61301175Z,1783800358613,1899,16,ok,
low-concurrency-20260711T195542.986124768Z,fair-c20,2026-07-11T20:05:58.640715322Z,1783800358640,1847,15,ok,
low-concurrency-20260711T195542.986124768Z,baseline-c20,2026-07-11T20:05:59.614868199Z,1783800359614,1883,11,ok,
low-concurrency-20260711T195542.986124768Z,fair-c20,2026-07-11T20:05:59.645292624Z,1783800359645,1816,23,ok,
low-concurrency-20260711T195542.986124768Z,baseline-c20,2026-07-11T20:06:00.6153317Z,1783800360615,1863,12,ok,
low-concurrency-20260711T195542.986124768Z,fair-c20,2026-07-11T20:06:00.644603692Z,1783800360644,1818,17,ok,
low-concurrency-20260711T195542.986124768Z,baseline-c20,2026-07-11T20:06:01.610541302Z,1783800361610,1854,14,ok,
low-concurrency-20260711T195542.986124768Z,fair-c20,2026-07-11T20:06:01.639939679Z,1783800361639,1905,20,ok,
low-concurrency-20260711T195542.986124768Z,baseline-c20,2026-07-11T20:06:02.610045863Z,1783800362610,1885,20,ok,
low-concurrency-20260711T195542.986124768Z,fair-c20,2026-07-11T20:06:02.637500431Z,1783800362637,1866,23,ok,
low-concurrency-20260711T195542.986124768Z,baseline-c20,2026-07-11T20:06:03.616197013Z,1783800363616,1868,18,ok,
low-concurrency-20260711T195542.986124768Z,fair-c20,2026-07-11T20:06:03.644562713Z,1783800363644,1903,17,ok,
low-concurrency-20260711T195542.986124768Z,baseline-c20,2026-07-11T20:06:04.611087544Z,1783800364611,1824,17,ok,
low-concurrency-20260711T195542.986124768Z,fair-c20,2026-07-11T20:06:04.643222086Z,1783800364643,1857,20,ok,
low-concurrency-20260711T195542.986124768Z,baseline-c20,2026-07-11T20:06:05.609454333Z,1783800365609,1823,12,ok,
low-concurrency-20260711T195542.986124768Z,fair-c20,2026-07-11T20:06:05.641011653Z,1783800365641,1836,15,ok,
low-concurrency-20260711T195542.986124768Z,baseline-c20,2026-07-11T20:06:06.610479712Z,1783800366610,1896,11,ok,
low-concurrency-20260711T195542.986124768Z,fair-c20,2026-07-11T20:06:06.643612482Z,1783800366643,1771,17,ok,
low-concurrency-20260711T195542.986124768Z,baseline-c20,2026-07-11T20:06:07.615817261Z,1783800367615,1846,16,ok,
low-concurrency-20260711T195542.986124768Z,fair-c20,2026-07-11T20:06:07.647140868Z,1783800367647,1759,21,ok,
low-concurrency-20260711T195542.986124768Z,baseline-c20,2026-07-11T20:06:08.608186224Z,1783800368608,1816,19,ok,
low-concurrency-20260711T195542.986124768Z,fair-c20,2026-07-11T20:06:08.642556287Z,1783800368642,1785,10,ok,
low-concurrency-20260711T195542.986124768Z,baseline-c20,2026-07-11T20:06:09.614589079Z,1783800369614,1799,15,ok,
low-concurrency-20260711T195542.986124768Z,fair-c20,2026-07-11T20:06:09.644857376Z,1783800369644,1776,14,ok,
low-concurrency-20260711T195542.986124768Z,baseline-c20,2026-07-11T20:06:10.614243863Z,1783800370614,1853,8,ok,
low-concurrency-20260711T195542.986124768Z,fair-c20,2026-07-11T20:06:10.648313656Z,1783800370648,1748,17,ok,
low-concurrency-20260711T195542.986124768Z,baseline-c20,2026-07-11T20:06:11.616798001Z,1783800371616,1778,24,ok,
low-concurrency-20260711T195542.986124768Z,fair-c20,2026-07-11T20:06:11.648134381Z,1783800371648,1777,19,ok,
low-concurrency-20260711T195542.986124768Z,baseline-c20,2026-07-11T20:06:12.612048612Z,1783800372612,1808,15,ok,
low-concurrency-20260711T195542.986124768Z,fair-c20,2026-07-11T20:06:12.644186159Z,1783800372644,1773,21,ok,
low-concurrency-20260711T195542.986124768Z,baseline-c20,2026-07-11T20:06:13.615726182Z,1783800373615,1788,18,ok,
low-concurrency-20260711T195542.986124768Z,fair-c20,2026-07-11T20:06:13.643293026Z,1783800373643,1735,19,ok,
low-concurrency-20260711T195542.986124768Z,baseline-c20,2026-07-11T20:06:14.616528602Z,1783800374616,1825,20,ok,
low-concurrency-20260711T195542.986124768Z,fair-c20,2026-07-11T20:06:14.652446064Z,1783800374652,1743,14,ok,
low-concurrency-20260711T195542.986124768Z,baseline-c20,2026-07-11T20:06:15.61551136Z,1783800375615,1757,16,ok,
low-concurrency-20260711T195542.986124768Z,fair-c20,2026-07-11T20:06:15.644490926Z,1783800375644,1721,20,ok,
low-concurrency-20260711T195542.986124768Z,baseline-c20,2026-07-11T20:06:16.610151087Z,1783800376610,1775,14,ok,
low-concurrency-20260711T195542.986124768Z,fair-c20,2026-07-11T20:06:16.643413743Z,1783800376643,1719,18,ok,
low-concurrency-20260711T195542.986124768Z,baseline-c20,2026-07-11T20:06:17.616599669Z,1783800377616,1797,20,ok,
low-concurrency-20260711T195542.986124768Z,fair-c20,2026-07-11T20:06:17.645819552Z,1783800377645,1701,19,ok,
low-concurrency-20260711T195542.986124768Z,baseline-c20,2026-07-11T20:06:18.611977149Z,1783800378611,1745,16,ok,
low-concurrency-20260711T195542.986124768Z,fair-c20,2026-07-11T20:06:18.64478321Z,1783800378644,1726,17,ok,
low-concurrency-20260711T195542.986124768Z,baseline-c20,2026-07-11T20:06:19.616390006Z,1783800379616,1746,13,ok,
low-concurrency-20260711T195542.986124768Z,fair-c20,2026-07-11T20:06:19.646208816Z,1783800379646,1686,18,ok,
low-concurrency-20260711T195542.986124768Z,baseline-c20,2026-07-11T20:06:20.611746018Z,1783800380611,1723,15,ok,
low-concurrency-20260711T195542.986124768Z,fair-c20,2026-07-11T20:06:20.643688353Z,1783800380643,1703,17,ok,
low-concurrency-20260711T195542.986124768Z,baseline-c20,2026-07-11T20:06:21.619067703Z,1783800381619,1748,13,ok,
low-concurrency-20260711T195542.986124768Z,fair-c20,2026-07-11T20:06:21.649272838Z,1783800381649,1702,17,ok,
low-concurrency-20260711T195542.986124768Z,baseline-c20,2026-07-11T20:06:22.611073447Z,1783800382611,1704,16,ok,
low-concurrency-20260711T195542.986124768Z,fair-c20,2026-07-11T20:06:22.643880293Z,1783800382643,1691,17,ok,
low-concurrency-20260711T195542.986124768Z,baseline-c20,2026-07-11T20:06:23.615800509Z,1783800383615,1725,17,ok,
low-concurrency-20260711T195542.986124768Z,fair-c20,2026-07-11T20:06:23.647230248Z,1783800383647,1699,19,ok,
low-concurrency-20260711T195542.986124768Z,baseline-c20,2026-07-11T20:06:24.617599747Z,1783800384617,1766,18,ok,
low-concurrency-20260711T195542.986124768Z,fair-c20,2026-07-11T20:06:24.646031166Z,1783800384646,1657,16,ok,
low-concurrency-20260711T195542.986124768Z,baseline-c20,2026-07-11T20:06:25.620200403Z,1783800385620,1725,17,ok,
low-concurrency-20260711T195542.986124768Z,fair-c20,2026-07-11T20:06:25.652317321Z,1783800385652,1667,16,ok,
low-concurrency-20260711T195542.986124768Z,baseline-c20,2026-07-11T20:06:26.615996019Z,1783800386615,1702,15,ok,
low-concurrency-20260711T195542.986124768Z,fair-c20,2026-07-11T20:06:26.654839151Z,1783800386654,1663,15,ok,
low-concurrency-20260711T195542.986124768Z,baseline-c20,2026-07-11T20:06:27.618450589Z,1783800387618,1704,16,ok,
low-concurrency-20260711T195542.986124768Z,fair-c20,2026-07-11T20:06:27.648347955Z,1783800387648,1643,12,ok,
low-concurrency-20260711T195542.986124768Z,baseline-c20,2026-07-11T20:06:28.610580083Z,1783800388610,1683,14,ok,
low-concurrency-20260711T195542.986124768Z,fair-c20,2026-07-11T20:06:28.644005574Z,1783800388644,1642,15,ok,
low-concurrency-20260711T195542.986124768Z,baseline-c20,2026-07-11T20:06:29.613166583Z,1783800389613,1684,19,ok,
low-concurrency-20260711T195542.986124768Z,fair-c20,2026-07-11T20:06:29.645104248Z,1783800389645,1649,13,ok,
low-concurrency-20260711T195542.986124768Z,baseline-c20,2026-07-11T20:06:30.617922062Z,1783800390617,1728,14,ok,
low-concurrency-20260711T195542.986124768Z,fair-c20,2026-07-11T20:06:30.652742595Z,1783800390652,1626,11,ok,
low-concurrency-20260711T195542.986124768Z,baseline-c20,2026-07-11T20:06:31.614198687Z,1783800391614,1663,17,ok,
low-concurrency-20260711T195542.986124768Z,fair-c20,2026-07-11T20:06:31.641465491Z,1783800391641,1659,17,ok,
low-concurrency-20260711T195542.986124768Z,baseline-c20,2026-07-11T20:06:32.616612235Z,1783800392616,1704,14,ok,
low-concurrency-20260711T195542.986124768Z,fair-c20,2026-07-11T20:06:32.649914113Z,1783800392649,1703,14,ok,
low-concurrency-20260711T195542.986124768Z,baseline-c20,2026-07-11T20:06:33.61399689Z,1783800393613,1665,19,ok,
low-concurrency-20260711T195542.986124768Z,fair-c20,2026-07-11T20:06:33.647128605Z,1783800393647,1620,14,ok,
low-concurrency-20260711T195542.986124768Z,baseline-c20,2026-07-11T20:06:34.610233687Z,1783800394610,1636,20,ok,
low-concurrency-20260711T195542.986124768Z,fair-c20,2026-07-11T20:06:34.643820631Z,1783800394643,1599,15,ok,
low-concurrency-20260711T195542.986124768Z,baseline-c20,2026-07-11T20:06:35.621715882Z,1783800395621,1623,19,ok,
low-concurrency-20260711T195542.986124768Z,fair-c20,2026-07-11T20:06:35.651707303Z,1783800395651,1630,14,ok,
low-concurrency-20260711T195542.986124768Z,baseline-c20,2026-07-11T20:06:36.618849522Z,1783800396618,1642,15,ok,
low-concurrency-20260711T195542.986124768Z,fair-c20,2026-07-11T20:06:36.647091615Z,1783800396647,1595,13,ok,
low-concurrency-20260711T195542.986124768Z,baseline-c20,2026-07-11T20:06:37.61612717Z,1783800397616,1647,19,ok,
low-concurrency-20260711T195542.986124768Z,fair-c20,2026-07-11T20:06:37.643360207Z,1783800397643,1617,12,ok,
low-concurrency-20260711T195542.986124768Z,baseline-c20,2026-07-11T20:06:38.613170264Z,1783800398613,1732,15,ok,
low-concurrency-20260711T195542.986124768Z,fair-c20,2026-07-11T20:06:38.640056156Z,1783800398640,1570,17,ok,
low-concurrency-20260711T195542.986124768Z,baseline-c20,2026-07-11T20:06:39.609662484Z,1783800399609,1690,19,ok,
low-concurrency-20260711T195542.986124768Z,fair-c20,2026-07-11T20:06:39.641617078Z,1783800399641,1579,16,ok,
low-concurrency-20260711T195542.986124768Z,baseline-c20,2026-07-11T20:06:40.611068323Z,1783800400611,1632,20,ok,
low-concurrency-20260711T195542.986124768Z,fair-c20,2026-07-11T20:06:40.639957358Z,1783800400639,1625,20,ok,
low-concurrency-20260711T195542.986124768Z,baseline-c20,2026-07-11T20:06:41.615802569Z,1783800401615,1592,18,ok,
low-concurrency-20260711T195542.986124768Z,fair-c20,2026-07-11T20:06:41.650830695Z,1783800401650,1579,16,ok,
low-concurrency-20260711T195542.986124768Z,baseline-c20,2026-07-11T20:06:42.609646391Z,1783800402609,1581,20,ok,
low-concurrency-20260711T195542.986124768Z,fair-c20,2026-07-11T20:06:42.644948639Z,1783800402644,1630,15,ok,
low-concurrency-20260711T195542.986124768Z,baseline-c20,2026-07-11T20:06:43.609201075Z,1783800403609,1605,21,ok,
low-concurrency-20260711T195542.986124768Z,fair-c20,2026-07-11T20:06:43.644546144Z,1783800403644,1568,15,ok,
low-concurrency-20260711T195542.986124768Z,baseline-c20,2026-07-11T20:06:44.611133069Z,1783800404611,1633,13,ok,
low-concurrency-20260711T195542.986124768Z,fair-c20,2026-07-11T20:06:44.643283968Z,1783800404643,1533,15,ok,
low-concurrency-20260711T195542.986124768Z,baseline-c20,2026-07-11T20:06:45.611869527Z,1783800405611,1579,14,ok,
low-concurrency-20260711T195542.986124768Z,fair-c20,2026-07-11T20:06:45.641636193Z,1783800405641,1535,19,ok,
low-concurrency-20260711T195542.986124768Z,baseline-c20,2026-07-11T20:06:46.61263228Z,1783800406612,1563,21,ok,
low-concurrency-20260711T195542.986124768Z,fair-c20,2026-07-11T20:06:46.642834628Z,1783800406642,1543,11,ok,
low-concurrency-20260711T195542.986124768Z,baseline-c20,2026-07-11T20:06:47.620424783Z,1783800407620,1620,18,ok,
low-concurrency-20260711T195542.986124768Z,fair-c20,2026-07-11T20:06:47.654270678Z,1783800407654,1528,12,ok,
low-concurrency-20260711T195542.986124768Z,baseline-c20,2026-07-11T20:06:48.610615571Z,1783800408610,1569,15,ok,
low-concurrency-20260711T195542.986124768Z,fair-c20,2026-07-11T20:06:48.643531065Z,1783800408643,1529,12,ok,
low-concurrency-20260711T195542.986124768Z,baseline-c20,2026-07-11T20:06:49.610399918Z,1783800409610,1571,10,ok,
low-concurrency-20260711T195542.986124768Z,fair-c20,2026-07-11T20:06:49.641848625Z,1783800409641,1528,19,ok,
low-concurrency-20260711T195542.986124768Z,baseline-c20,2026-07-11T20:06:50.611525527Z,1783800410611,1550,22,ok,
low-concurrency-20260711T195542.986124768Z,fair-c20,2026-07-11T20:06:50.641614299Z,1783800410641,1533,15,ok,
low-concurrency-20260711T195542.986124768Z,baseline-c20,2026-07-11T20:06:51.615825945Z,1783800411615,1524,18,ok,
low-concurrency-20260711T195542.986124768Z,fair-c20,2026-07-11T20:06:51.649350273Z,1783800411649,1493,15,ok,
low-concurrency-20260711T195542.986124768Z,baseline-c20,2026-07-11T20:06:52.619431604Z,1783800412619,1535,16,ok,
low-concurrency-20260711T195542.986124768Z,fair-c20,2026-07-11T20:06:52.653378441Z,1783800412653,1553,16,ok,
low-concurrency-20260711T195542.986124768Z,baseline-c20,2026-07-11T20:06:53.609437973Z,1783800413609,1535,20,ok,
low-concurrency-20260711T195542.986124768Z,fair-c20,2026-07-11T20:06:53.63954016Z,1783800413639,1540,14,ok,
low-concurrency-20260711T195542.986124768Z,baseline-c20,2026-07-11T20:06:54.61800412Z,1783800414618,1538,15,ok,
low-concurrency-20260711T195542.986124768Z,fair-c20,2026-07-11T20:06:54.651575245Z,1783800414651,1481,19,ok,
low-concurrency-20260711T195542.986124768Z,baseline-c20,2026-07-11T20:06:55.613008256Z,1783800415613,1496,15,ok,
low-concurrency-20260711T195542.986124768Z,fair-c20,2026-07-11T20:06:55.65063732Z,1783800415650,1461,19,ok,
low-concurrency-20260711T195542.986124768Z,baseline-c20,2026-07-11T20:06:56.617457731Z,1783800416617,1554,15,ok,
low-concurrency-20260711T195542.986124768Z,fair-c20,2026-07-11T20:06:56.650321791Z,1783800416650,1456,21,ok,
low-concurrency-20260711T195542.986124768Z,baseline-c20,2026-07-11T20:06:57.616139195Z,1783800417616,1502,16,ok,
low-concurrency-20260711T195542.986124768Z,fair-c20,2026-07-11T20:06:57.647582908Z,1783800417647,1540,18,ok,
low-concurrency-20260711T195542.986124768Z,baseline-c20,2026-07-11T20:06:58.613514638Z,1783800418613,1522,19,ok,
low-concurrency-20260711T195542.986124768Z,fair-c20,2026-07-11T20:06:58.642039768Z,1783800418642,1465,20,ok,
low-concurrency-20260711T195542.986124768Z,baseline-c20,2026-07-11T20:06:59.614041234Z,1783800419614,1488,19,ok,
low-concurrency-20260711T195542.986124768Z,fair-c20,2026-07-11T20:06:59.642875344Z,1783800419642,1443,23,ok,
low-concurrency-20260711T195542.986124768Z,baseline-c20,2026-07-11T20:07:00.612159561Z,1783800420612,1573,21,ok,
low-concurrency-20260711T195542.986124768Z,fair-c20,2026-07-11T20:07:00.646774647Z,1783800420646,1440,20,ok,
low-concurrency-20260711T195542.986124768Z,baseline-c20,2026-07-11T20:07:01.608342418Z,1783800421608,1477,14,ok,
low-concurrency-20260711T195542.986124768Z,fair-c20,2026-07-11T20:07:01.643180208Z,1783800421643,1482,16,ok,
low-concurrency-20260711T195542.986124768Z,baseline-c20,2026-07-11T20:07:02.609599266Z,1783800422609,1560,19,ok,
low-concurrency-20260711T195542.986124768Z,fair-c20,2026-07-11T20:07:02.638802556Z,1783800422638,1446,16,ok,
low-concurrency-20260711T195542.986124768Z,baseline-c20,2026-07-11T20:07:03.610528503Z,1783800423610,1457,10,ok,
low-concurrency-20260711T195542.986124768Z,fair-c20,2026-07-11T20:07:03.644497011Z,1783800423644,1417,19,ok,
low-concurrency-20260711T195542.986124768Z,baseline-c20,2026-07-11T20:07:04.617125021Z,1783800424617,1459,15,ok,
low-concurrency-20260711T195542.986124768Z,fair-c20,2026-07-11T20:07:04.645880414Z,1783800424645,1468,17,ok,
low-concurrency-20260711T195542.986124768Z,baseline-c20,2026-07-11T20:07:05.610131007Z,1783800425610,1487,12,ok,
low-concurrency-20260711T195542.986124768Z,fair-c20,2026-07-11T20:07:05.641326068Z,1783800425641,1403,21,ok,
low-concurrency-20260711T195542.986124768Z,baseline-c20,2026-07-11T20:07:06.608586067Z,1783800426608,1461,13,ok,
low-concurrency-20260711T195542.986124768Z,fair-c20,2026-07-11T20:07:06.639182431Z,1783800426639,1458,17,ok,
low-concurrency-20260711T195542.986124768Z,baseline-c20,2026-07-11T20:07:07.611646496Z,1783800427611,1447,13,ok,
low-concurrency-20260711T195542.986124768Z,fair-c20,2026-07-11T20:07:07.639688755Z,1783800427639,1378,14,ok,
low-concurrency-20260711T195542.986124768Z,baseline-c20,2026-07-11T20:07:08.612070957Z,1783800428612,1447,18,ok,
low-concurrency-20260711T195542.986124768Z,fair-c20,2026-07-11T20:07:08.643674512Z,1783800428643,1402,17,ok,
low-concurrency-20260711T195542.986124768Z,baseline-c20,2026-07-11T20:07:09.61782449Z,1783800429617,1474,15,ok,
low-concurrency-20260711T195542.986124768Z,fair-c20,2026-07-11T20:07:09.651261108Z,1783800429651,1365,14,ok,
low-concurrency-20260711T195542.986124768Z,baseline-c20,2026-07-11T20:07:10.617111259Z,1783800430617,1426,15,ok,
low-concurrency-20260711T195542.986124768Z,fair-c20,2026-07-11T20:07:10.650371994Z,1783800430650,1389,22,ok,
low-concurrency-20260711T195542.986124768Z,baseline-c20,2026-07-11T20:07:11.610734394Z,1783800431610,1411,14,ok,
low-concurrency-20260711T195542.986124768Z,fair-c20,2026-07-11T20:07:11.639465306Z,1783800431639,1353,21,ok,
low-concurrency-20260711T195542.986124768Z,baseline-c20,2026-07-11T20:07:12.615005708Z,1783800432615,1412,16,ok,
low-concurrency-20260711T195542.986124768Z,fair-c20,2026-07-11T20:07:12.646863783Z,1783800432646,1381,14,ok,
low-concurrency-20260711T195542.986124768Z,baseline-c20,2026-07-11T20:07:13.611133147Z,1783800433611,1450,22,ok,
low-concurrency-20260711T195542.986124768Z,fair-c20,2026-07-11T20:07:13.640219548Z,1783800433640,1367,12,ok,
low-concurrency-20260711T195542.986124768Z,baseline-c20,2026-07-11T20:07:14.615647846Z,1783800434615,1418,22,ok,
low-concurrency-20260711T195542.986124768Z,fair-c20,2026-07-11T20:07:14.649505868Z,1783800434649,1350,12,ok,
low-concurrency-20260711T195542.986124768Z,baseline-c20,2026-07-11T20:07:15.612127906Z,1783800435612,1396,20,ok,
low-concurrency-20260711T195542.986124768Z,fair-c20,2026-07-11T20:07:15.643567467Z,1783800435643,1356,17,ok,
low-concurrency-20260711T195542.986124768Z,baseline-c20,2026-07-11T20:07:16.619240825Z,1783800436619,1438,12,ok,
low-concurrency-20260711T195542.986124768Z,fair-c20,2026-07-11T20:07:16.65098364Z,1783800436650,1326,17,ok,
low-concurrency-20260711T195542.986124768Z,baseline-c20,2026-07-11T20:07:17.609870371Z,1783800437609,1364,17,ok,
low-concurrency-20260711T195542.986124768Z,fair-c20,2026-07-11T20:07:17.641568602Z,1783800437641,1336,18,ok,
low-concurrency-20260711T195542.986124768Z,baseline-c20,2026-07-11T20:07:18.612009653Z,1783800438612,1385,19,ok,
low-concurrency-20260711T195542.986124768Z,fair-c20,2026-07-11T20:07:18.651432167Z,1783800438651,1366,18,ok,
low-concurrency-20260711T195542.986124768Z,baseline-c20,2026-07-11T20:07:19.614747166Z,1783800439614,1414,15,ok,
low-concurrency-20260711T195542.986124768Z,fair-c20,2026-07-11T20:07:19.643593305Z,1783800439643,1388,19,ok,
low-concurrency-20260711T195542.986124768Z,baseline-c20,2026-07-11T20:07:20.613705881Z,1783800440613,1357,14,ok,
low-concurrency-20260711T195542.986124768Z,fair-c20,2026-07-11T20:07:20.64382715Z,1783800440643,1289,14,ok,
low-concurrency-20260711T195542.986124768Z,baseline-c20,2026-07-11T20:07:21.617327486Z,1783800441617,1366,17,ok,
low-concurrency-20260711T195542.986124768Z,fair-c20,2026-07-11T20:07:21.65040089Z,1783800441650,1359,22,ok,
low-concurrency-20260711T195542.986124768Z,baseline-c20,2026-07-11T20:07:22.616926613Z,1783800442616,1376,17,ok,
low-concurrency-20260711T195542.986124768Z,fair-c20,2026-07-11T20:07:22.649189418Z,1783800442649,1326,21,ok,
low-concurrency-20260711T195542.986124768Z,baseline-c20,2026-07-11T20:07:23.612768999Z,1783800443612,1349,19,ok,
low-concurrency-20260711T195542.986124768Z,fair-c20,2026-07-11T20:07:23.64219556Z,1783800443642,1317,20,ok,
low-concurrency-20260711T195542.986124768Z,baseline-c20,2026-07-11T20:07:24.618786708Z,1783800444618,1330,16,ok,
low-concurrency-20260711T195542.986124768Z,fair-c20,2026-07-11T20:07:24.649503166Z,1783800444649,1262,17,ok,
low-concurrency-20260711T195542.986124768Z,baseline-c20,2026-07-11T20:07:25.61290607Z,1783800445612,1372,17,ok,
low-concurrency-20260711T195542.986124768Z,fair-c20,2026-07-11T20:07:25.643515316Z,1783800445643,1278,20,ok,
low-concurrency-20260711T195542.986124768Z,baseline-c20,2026-07-11T20:07:26.611512405Z,1783800446611,1338,17,ok,
low-concurrency-20260711T195542.986124768Z,fair-c20,2026-07-11T20:07:26.638935588Z,1783800446638,1259,15,ok,
low-concurrency-20260711T195542.986124768Z,baseline-c20,2026-07-11T20:07:27.611304335Z,1783800447611,1367,18,ok,
low-concurrency-20260711T195542.986124768Z,fair-c20,2026-07-11T20:07:27.640359578Z,1783800447640,1275,14,ok,
low-concurrency-20260711T195542.986124768Z,baseline-c20,2026-07-11T20:07:28.616339388Z,1783800448616,1383,18,ok,
low-concurrency-20260711T195542.986124768Z,fair-c20,2026-07-11T20:07:28.647603389Z,1783800448647,1274,19,ok,
low-concurrency-20260711T195542.986124768Z,baseline-c20,2026-07-11T20:07:29.611895919Z,1783800449611,1321,15,ok,
low-concurrency-20260711T195542.986124768Z,fair-c20,2026-07-11T20:07:29.643720169Z,1783800449643,1243,17,ok,
low-concurrency-20260711T195542.986124768Z,baseline-c20,2026-07-11T20:07:30.617021397Z,1783800450617,1281,14,ok,
low-concurrency-20260711T195542.986124768Z,fair-c20,2026-07-11T20:07:30.644873952Z,1783800450644,1275,17,ok,
low-concurrency-20260711T195542.986124768Z,baseline-c20,2026-07-11T20:07:31.612086088Z,1783800451612,1281,14,ok,
low-concurrency-20260711T195542.986124768Z,fair-c20,2026-07-11T20:07:31.645524239Z,1783800451645,1234,17,ok,
low-concurrency-20260711T195542.986124768Z,baseline-c20,2026-07-11T20:07:32.610354035Z,1783800452610,1292,20,ok,
low-concurrency-20260711T195542.986124768Z,fair-c20,2026-07-11T20:07:32.6416574Z,1783800452641,1283,14,ok,
low-concurrency-20260711T195542.986124768Z,baseline-c20,2026-07-11T20:07:33.610519107Z,1783800453610,1281,14,ok,
low-concurrency-20260711T195542.986124768Z,fair-c20,2026-07-11T20:07:33.64388437Z,1783800453643,1256,21,ok,
low-concurrency-20260711T195542.986124768Z,baseline-c20,2026-07-11T20:07:34.610418177Z,1783800454610,1309,21,ok,
low-concurrency-20260711T195542.986124768Z,fair-c20,2026-07-11T20:07:34.64018593Z,1783800454640,1227,16,ok,
low-concurrency-20260711T195542.986124768Z,baseline-c20,2026-07-11T20:07:35.609303638Z,1783800455609,1350,15,ok,
low-concurrency-20260711T195542.986124768Z,fair-c20,2026-07-11T20:07:35.638481877Z,1783800455638,1243,16,ok,
low-concurrency-20260711T195542.986124768Z,baseline-c20,2026-07-11T20:07:36.61246715Z,1783800456612,1284,17,ok,
low-concurrency-20260711T195542.986124768Z,fair-c20,2026-07-11T20:07:36.641798874Z,1783800456641,1204,12,ok,
low-concurrency-20260711T195542.986124768Z,baseline-c20,2026-07-11T20:07:37.609811728Z,1783800457609,1307,14,ok,
low-concurrency-20260711T195542.986124768Z,fair-c20,2026-07-11T20:07:37.638224957Z,1783800457638,1199,18,ok,
low-concurrency-20260711T195542.986124768Z,baseline-c20,2026-07-11T20:07:38.613188934Z,1783800458613,1243,17,ok,
low-concurrency-20260711T195542.986124768Z,fair-c20,2026-07-11T20:07:38.642593775Z,1783800458642,1194,20,ok,
low-concurrency-20260711T195542.986124768Z,baseline-c20,2026-07-11T20:07:39.615563623Z,1783800459615,1236,15,ok,
low-concurrency-20260711T195542.986124768Z,fair-c20,2026-07-11T20:07:39.644539518Z,1783800459644,1192,20,ok,
low-concurrency-20260711T195542.986124768Z,baseline-c20,2026-07-11T20:07:40.609920313Z,1783800460609,1226,15,ok,
low-concurrency-20260711T195542.986124768Z,fair-c20,2026-07-11T20:07:40.640782811Z,1783800460640,1145,17,ok,
low-concurrency-20260711T195542.986124768Z,baseline-c20,2026-07-11T20:07:41.613620979Z,1783800461613,1256,16,ok,
low-concurrency-20260711T195542.986124768Z,fair-c20,2026-07-11T20:07:41.646992639Z,1783800461646,1207,12,ok,
low-concurrency-20260711T195542.986124768Z,baseline-c20,2026-07-11T20:07:42.616468022Z,1783800462616,1233,16,ok,
low-concurrency-20260711T195542.986124768Z,fair-c20,2026-07-11T20:07:42.646536434Z,1783800462646,1146,19,ok,
low-concurrency-20260711T195542.986124768Z,baseline-c20,2026-07-11T20:07:43.610512469Z,1783800463610,1231,14,ok,
low-concurrency-20260711T195542.986124768Z,fair-c20,2026-07-11T20:07:43.642994511Z,1783800463642,1150,16,ok,
low-concurrency-20260711T195542.986124768Z,baseline-c20,2026-07-11T20:07:44.609605372Z,1783800464609,1206,19,ok,
low-concurrency-20260711T195542.986124768Z,fair-c20,2026-07-11T20:07:44.640011655Z,1783800464640,1144,13,ok,
low-concurrency-20260711T195542.986124768Z,baseline-c20,2026-07-11T20:07:45.610391213Z,1783800465610,1179,18,ok,
low-concurrency-20260711T195542.986124768Z,fair-c20,2026-07-11T20:07:45.637682892Z,1783800465637,1153,19,ok,
low-concurrency-20260711T195542.986124768Z,baseline-c20,2026-07-11T20:07:46.61411335Z,1783800466614,1169,15,ok,
low-concurrency-20260711T195542.986124768Z,fair-c20,2026-07-11T20:07:46.647556204Z,1783800466647,1122,22,ok,
low-concurrency-20260711T195542.986124768Z,baseline-c20,2026-07-11T20:07:47.615736918Z,1783800467615,1236,15,ok,
low-concurrency-20260711T195542.986124768Z,fair-c20,2026-07-11T20:07:47.647493292Z,1783800467647,1128,19,ok,
low-concurrency-20260711T195542.986124768Z,baseline-c20,2026-07-11T20:07:48.60900817Z,1783800468609,1216,18,ok,
low-concurrency-20260711T195542.986124768Z,fair-c20,2026-07-11T20:07:48.638757031Z,1783800468638,1121,16,ok,
low-concurrency-20260711T195542.986124768Z,baseline-c20,2026-07-11T20:07:49.616372564Z,1783800469616,1180,17,ok,
low-concurrency-20260711T195542.986124768Z,fair-c20,2026-07-11T20:07:49.647423505Z,1783800469647,1086,19,ok,
low-concurrency-20260711T195542.986124768Z,baseline-c20,2026-07-11T20:07:50.616629158Z,1783800470616,1137,16,ok,
low-concurrency-20260711T195542.986124768Z,fair-c20,2026-07-11T20:07:50.646410963Z,1783800470646,1108,9,ok,
low-concurrency-20260711T195542.986124768Z,baseline-c20,2026-07-11T20:07:51.610024143Z,1783800471610,1143,14,ok,
low-concurrency-20260711T195542.986124768Z,fair-c20,2026-07-11T20:07:51.641380692Z,1783800471641,1066,16,ok,
low-concurrency-20260711T195542.986124768Z,baseline-c20,2026-07-11T20:07:52.618090454Z,1783800472618,1118,14,ok,
low-concurrency-20260711T195542.986124768Z,fair-c20,2026-07-11T20:07:52.646564801Z,1783800472646,1057,17,ok,
low-concurrency-20260711T195542.986124768Z,baseline-c20,2026-07-11T20:07:53.617188403Z,1783800473617,1134,20,ok,
low-concurrency-20260711T195542.986124768Z,fair-c20,2026-07-11T20:07:53.649979074Z,1783800473649,1069,19,ok,
low-concurrency-20260711T195542.986124768Z,baseline-c20,2026-07-11T20:07:54.615509814Z,1783800474615,1152,17,ok,
low-concurrency-20260711T195542.986124768Z,fair-c20,2026-07-11T20:07:54.646848194Z,1783800474646,1057,16,ok,
low-concurrency-20260711T195542.986124768Z,baseline-c20,2026-07-11T20:07:55.613073824Z,1783800475613,1120,16,ok,
low-concurrency-20260711T195542.986124768Z,fair-c20,2026-07-11T20:07:55.639595453Z,1783800475639,1029,17,ok,
low-concurrency-20260711T195542.986124768Z,baseline-c20,2026-07-11T20:07:56.615613242Z,1783800476615,1095,17,ok,
low-concurrency-20260711T195542.986124768Z,fair-c20,2026-07-11T20:07:56.646461075Z,1783800476646,1042,17,ok,
low-concurrency-20260711T195542.986124768Z,baseline-c20,2026-07-11T20:07:57.610350679Z,1783800477610,1094,18,ok,
low-concurrency-20260711T195542.986124768Z,fair-c20,2026-07-11T20:07:57.639331366Z,1783800477639,1074,15,ok,
low-concurrency-20260711T195542.986124768Z,baseline-c20,2026-07-11T20:07:58.610731095Z,1783800478610,1068,18,ok,
low-concurrency-20260711T195542.986124768Z,fair-c20,2026-07-11T20:07:58.640061525Z,1783800478640,1007,19,ok,
low-concurrency-20260711T195542.986124768Z,baseline-c20,2026-07-11T20:07:59.609965156Z,1783800479609,1089,16,ok,
low-concurrency-20260711T195542.986124768Z,fair-c20,2026-07-11T20:07:59.639324042Z,1783800479639,1033,20,ok,
low-concurrency-20260711T195542.986124768Z,baseline-c20,2026-07-11T20:08:00.618904192Z,1783800480618,1049,18,ok,
low-concurrency-20260711T195542.986124768Z,fair-c20,2026-07-11T20:08:00.64994894Z,1783800480649,1068,18,ok,
low-concurrency-20260711T195542.986124768Z,baseline-c20,2026-07-11T20:08:01.612065712Z,1783800481612,1077,14,ok,
low-concurrency-20260711T195542.986124768Z,fair-c20,2026-07-11T20:08:01.641666035Z,1783800481641,1005,18,ok,
low-concurrency-20260711T195542.986124768Z,baseline-c20,2026-07-11T20:08:02.610220027Z,1783800482610,1055,21,ok,
low-concurrency-20260711T195542.986124768Z,fair-c20,2026-07-11T20:08:02.642604136Z,1783800482642,999,19,ok,
low-concurrency-20260711T195542.986124768Z,baseline-c20,2026-07-11T20:08:03.612477442Z,1783800483612,1097,18,ok,
low-concurrency-20260711T195542.986124768Z,fair-c20,2026-07-11T20:08:03.643809127Z,1783800483643,984,19,ok,
low-concurrency-20260711T195542.986124768Z,baseline-c20,2026-07-11T20:08:04.611455003Z,1783800484611,1031,23,ok,
low-concurrency-20260711T195542.986124768Z,fair-c20,2026-07-11T20:08:04.641106159Z,1783800484641,971,18,ok,
low-concurrency-20260711T195542.986124768Z,baseline-c20,2026-07-11T20:08:05.609516685Z,1783800485609,1010,17,ok,
low-concurrency-20260711T195542.986124768Z,fair-c20,2026-07-11T20:08:05.641762807Z,1783800485641,999,16,ok,
low-concurrency-20260711T195542.986124768Z,baseline-c20,2026-07-11T20:08:06.609743614Z,1783800486609,1015,11,ok,
low-concurrency-20260711T195542.986124768Z,fair-c20,2026-07-11T20:08:06.638406709Z,1783800486638,969,14,ok,
low-concurrency-20260711T195542.986124768Z,baseline-c20,2026-07-11T20:08:07.607776747Z,1783800487607,1021,17,ok,
low-concurrency-20260711T195542.986124768Z,fair-c20,2026-07-11T20:08:07.63789938Z,1783800487637,979,17,ok,
low-concurrency-20260711T195542.986124768Z,baseline-c20,2026-07-11T20:08:08.60841083Z,1783800488608,1000,15,ok,
low-concurrency-20260711T195542.986124768Z,fair-c20,2026-07-11T20:08:08.634457007Z,1783800488634,945,18,ok,
low-concurrency-20260711T195542.986124768Z,baseline-c20,2026-07-11T20:08:09.610085444Z,1783800489610,1026,23,ok,
low-concurrency-20260711T195542.986124768Z,fair-c20,2026-07-11T20:08:09.639842986Z,1783800489639,933,16,ok,
low-concurrency-20260711T195542.986124768Z,baseline-c20,2026-07-11T20:08:10.614478724Z,1783800490614,997,21,ok,
low-concurrency-20260711T195542.986124768Z,fair-c20,2026-07-11T20:08:10.642031219Z,1783800490642,932,15,ok,
low-concurrency-20260711T195542.986124768Z,baseline-c20,2026-07-11T20:08:11.609803752Z,1783800491609,980,19,ok,
low-concurrency-20260711T195542.986124768Z,fair-c20,2026-07-11T20:08:11.63915161Z,1783800491639,939,18,ok,
low-concurrency-20260711T195542.986124768Z,baseline-c20,2026-07-11T20:08:12.61080176Z,1783800492610,994,17,ok,
low-concurrency-20260711T195542.986124768Z,fair-c20,2026-07-11T20:08:12.643269409Z,1783800492643,924,15,ok,
low-concurrency-20260711T195542.986124768Z,baseline-c20,2026-07-11T20:08:13.616650824Z,1783800493616,968,20,ok,
low-concurrency-20260711T195542.986124768Z,fair-c20,2026-07-11T20:08:13.648377688Z,1783800493648,920,17,ok,
low-concurrency-20260711T195542.986124768Z,baseline-c20,2026-07-11T20:08:14.616328278Z,1783800494616,941,14,ok,
low-concurrency-20260711T195542.986124768Z,fair-c20,2026-07-11T20:08:14.6420006Z,1783800494642,886,20,ok,
low-concurrency-20260711T195542.986124768Z,baseline-c20,2026-07-11T20:08:15.613409059Z,1783800495613,942,15,ok,
low-concurrency-20260711T195542.986124768Z,fair-c20,2026-07-11T20:08:15.648648543Z,1783800495648,913,18,ok,
low-concurrency-20260711T195542.986124768Z,baseline-c20,2026-07-11T20:08:16.615234791Z,1783800496615,930,19,ok,
low-concurrency-20260711T195542.986124768Z,fair-c20,2026-07-11T20:08:16.650034545Z,1783800496650,869,17,ok,
low-concurrency-20260711T195542.986124768Z,baseline-c20,2026-07-11T20:08:17.614966312Z,1783800497614,1020,17,ok,
low-concurrency-20260711T195542.986124768Z,fair-c20,2026-07-11T20:08:17.646859681Z,1783800497646,906,17,ok,
low-concurrency-20260711T195542.986124768Z,baseline-c20,2026-07-11T20:08:18.609693599Z,1783800498609,958,19,ok,
low-concurrency-20260711T195542.986124768Z,fair-c20,2026-07-11T20:08:18.642142343Z,1783800498642,860,14,ok,
low-concurrency-20260711T195542.986124768Z,baseline-c20,2026-07-11T20:08:19.609867143Z,1783800499609,929,20,ok,
low-concurrency-20260711T195542.986124768Z,fair-c20,2026-07-11T20:08:19.638903114Z,1783800499638,877,19,ok,
low-concurrency-20260711T195542.986124768Z,baseline-c20,2026-07-11T20:08:20.616303347Z,1783800500616,920,16,ok,
low-concurrency-20260711T195542.986124768Z,fair-c20,2026-07-11T20:08:20.652683778Z,1783800500652,840,21,ok,
low-concurrency-20260711T195542.986124768Z,baseline-c20,2026-07-11T20:08:21.616575401Z,1783800501616,890,17,ok,
low-concurrency-20260711T195542.986124768Z,fair-c20,2026-07-11T20:08:21.64455809Z,1783800501644,863,16,ok,
low-concurrency-20260711T195542.986124768Z,baseline-c20,2026-07-11T20:08:22.608291968Z,1783800502608,908,18,ok,
low-concurrency-20260711T195542.986124768Z,fair-c20,2026-07-11T20:08:22.635407409Z,1783800502635,804,12,ok,
low-concurrency-20260711T195542.986124768Z,baseline-c20,2026-07-11T20:08:23.609116122Z,1783800503609,931,20,ok,
low-concurrency-20260711T195542.986124768Z,fair-c20,2026-07-11T20:08:23.643361602Z,1783800503643,824,16,ok,
low-concurrency-20260711T195542.986124768Z,baseline-c20,2026-07-11T20:08:24.610295402Z,1783800504610,871,16,ok,
low-concurrency-20260711T195542.986124768Z,fair-c20,2026-07-11T20:08:24.643244504Z,1783800504643,824,16,ok,
low-concurrency-20260711T195542.986124768Z,baseline-c20,2026-07-11T20:08:25.610353241Z,1783800505610,882,15,ok,
low-concurrency-20260711T195542.986124768Z,fair-c20,2026-07-11T20:08:25.642920174Z,1783800505642,819,13,ok,
low-concurrency-20260711T195542.986124768Z,baseline-c20,2026-07-11T20:08:26.615152249Z,1783800506615,857,17,ok,
low-concurrency-20260711T195542.986124768Z,fair-c20,2026-07-11T20:08:26.644954735Z,1783800506644,792,18,ok,
low-concurrency-20260711T195542.986124768Z,baseline-c20,2026-07-11T20:08:27.615382757Z,1783800507615,868,17,ok,
low-concurrency-20260711T195542.986124768Z,fair-c20,2026-07-11T20:08:27.648925209Z,1783800507648,763,18,ok,
low-concurrency-20260711T195542.986124768Z,baseline-c20,2026-07-11T20:08:28.609831217Z,1783800508609,823,17,ok,
low-concurrency-20260711T195542.986124768Z,fair-c20,2026-07-11T20:08:28.638193669Z,1783800508638,766,22,ok,
low-concurrency-20260711T195542.986124768Z,baseline-c20,2026-07-11T20:08:29.610248446Z,1783800509610,843,16,ok,
low-concurrency-20260711T195542.986124768Z,fair-c20,2026-07-11T20:08:29.639751232Z,1783800509639,779,18,ok,
low-concurrency-20260711T195542.986124768Z,baseline-c20,2026-07-11T20:08:30.612730926Z,1783800510612,831,19,ok,
low-concurrency-20260711T195542.986124768Z,fair-c20,2026-07-11T20:08:30.645368331Z,1783800510645,760,20,ok,
low-concurrency-20260711T195542.986124768Z,baseline-c20,2026-07-11T20:08:31.613858032Z,1783800511613,875,18,ok,
low-concurrency-20260711T195542.986124768Z,fair-c20,2026-07-11T20:08:31.645142018Z,1783800511645,738,14,ok,
low-concurrency-20260711T195542.986124768Z,baseline-c20,2026-07-11T20:08:32.609707814Z,1783800512609,784,12,ok,
low-concurrency-20260711T195542.986124768Z,fair-c20,2026-07-11T20:08:32.775819816Z,1783800512775,762,16,ok,
low-concurrency-20260711T195542.986124768Z,baseline-c20,2026-07-11T20:08:33.612341252Z,1783800513612,794,15,ok,
low-concurrency-20260711T195542.986124768Z,fair-c20,2026-07-11T20:08:33.642464102Z,1783800513642,806,24,ok,
low-concurrency-20260711T195542.986124768Z,baseline-c20,2026-07-11T20:08:34.616446131Z,1783800514616,799,16,ok,
low-concurrency-20260711T195542.986124768Z,fair-c20,2026-07-11T20:08:34.647402254Z,1783800514647,719,15,ok,
low-concurrency-20260711T195542.986124768Z,baseline-c20,2026-07-11T20:08:35.616869506Z,1783800515616,796,14,ok,
low-concurrency-20260711T195542.986124768Z,fair-c20,2026-07-11T20:08:35.646005391Z,1783800515646,751,17,ok,
low-concurrency-20260711T195542.986124768Z,baseline-c20,2026-07-11T20:08:36.609829733Z,1783800516609,809,15,ok,
low-concurrency-20260711T195542.986124768Z,fair-c20,2026-07-11T20:08:36.641107077Z,1783800516641,709,18,ok,
low-concurrency-20260711T195542.986124768Z,baseline-c20,2026-07-11T20:08:37.615634988Z,1783800517615,767,18,ok,
low-concurrency-20260711T195542.986124768Z,fair-c20,2026-07-11T20:08:37.648357484Z,1783800517648,716,17,ok,
low-concurrency-20260711T195542.986124768Z,baseline-c20,2026-07-11T20:08:38.617677555Z,1783800518617,738,15,ok,
low-concurrency-20260711T195542.986124768Z,fair-c20,2026-07-11T20:08:38.646494828Z,1783800518646,701,18,ok,
low-concurrency-20260711T195542.986124768Z,baseline-c20,2026-07-11T20:08:39.614333811Z,1783800519614,738,13,ok,
low-concurrency-20260711T195542.986124768Z,fair-c20,2026-07-11T20:08:39.645494835Z,1783800519645,705,18,ok,
low-concurrency-20260711T195542.986124768Z,baseline-c20,2026-07-11T20:08:40.614753369Z,1783800520614,762,13,ok,
low-concurrency-20260711T195542.986124768Z,fair-c20,2026-07-11T20:08:40.643863806Z,1783800520643,686,17,ok,
low-concurrency-20260711T195542.986124768Z,baseline-c20,2026-07-11T20:08:41.617636802Z,1783800521617,748,9,ok,
low-concurrency-20260711T195542.986124768Z,fair-c20,2026-07-11T20:08:41.646977043Z,1783800521646,752,16,ok,
low-concurrency-20260711T195542.986124768Z,baseline-c20,2026-07-11T20:08:42.611423592Z,1783800522611,748,20,ok,
low-concurrency-20260711T195542.986124768Z,fair-c20,2026-07-11T20:08:42.645362169Z,1783800522645,679,16,ok,
low-concurrency-20260711T195542.986124768Z,baseline-c20,2026-07-11T20:08:43.61610096Z,1783800523616,721,14,ok,
low-concurrency-20260711T195542.986124768Z,fair-c20,2026-07-11T20:08:43.648286571Z,1783800523648,683,15,ok,
low-concurrency-20260711T195542.986124768Z,baseline-c20,2026-07-11T20:08:44.60968696Z,1783800524609,734,14,ok,
low-concurrency-20260711T195542.986124768Z,fair-c20,2026-07-11T20:08:44.638202877Z,1783800524638,647,12,ok,
low-concurrency-20260711T195542.986124768Z,baseline-c20,2026-07-11T20:08:45.608737228Z,1783800525608,719,14,ok,
low-concurrency-20260711T195542.986124768Z,fair-c20,2026-07-11T20:08:45.639258023Z,1783800525639,650,21,ok,
low-concurrency-20260711T195542.986124768Z,baseline-c20,2026-07-11T20:08:46.611105773Z,1783800526611,724,14,ok,
low-concurrency-20260711T195542.986124768Z,fair-c20,2026-07-11T20:08:46.641307364Z,1783800526641,622,18,ok,
low-concurrency-20260711T195542.986124768Z,baseline-c20,2026-07-11T20:08:47.617730017Z,1783800527617,724,17,ok,
low-concurrency-20260711T195542.986124768Z,fair-c20,2026-07-11T20:08:47.659998227Z,1783800527659,614,18,ok,
low-concurrency-20260711T195542.986124768Z,baseline-c20,2026-07-11T20:08:48.610829678Z,1783800528610,697,15,ok,
low-concurrency-20260711T195542.986124768Z,fair-c20,2026-07-11T20:08:48.640969796Z,1783800528640,623,23,ok,
low-concurrency-20260711T195542.986124768Z,baseline-c20,2026-07-11T20:08:49.609061962Z,1783800529609,653,19,ok,
low-concurrency-20260711T195542.986124768Z,fair-c20,2026-07-11T20:08:49.638053071Z,1783800529638,618,17,ok,
low-concurrency-20260711T195542.986124768Z,baseline-c20,2026-07-11T20:08:50.617586378Z,1783800530617,649,14,ok,
low-concurrency-20260711T195542.986124768Z,fair-c20,2026-07-11T20:08:50.645191228Z,1783800530645,649,19,ok,
low-concurrency-20260711T195542.986124768Z,baseline-c20,2026-07-11T20:08:51.609961557Z,1783800531609,654,19,ok,
low-concurrency-20260711T195542.986124768Z,fair-c20,2026-07-11T20:08:51.640176096Z,1783800531640,598,19,ok,
low-concurrency-20260711T195542.986124768Z,baseline-c20,2026-07-11T20:08:52.620322785Z,1783800532620,660,13,ok,
low-concurrency-20260711T195542.986124768Z,fair-c20,2026-07-11T20:08:52.65042785Z,1783800532650,589,22,ok,
low-concurrency-20260711T195542.986124768Z,baseline-c20,2026-07-11T20:08:53.61253023Z,1783800533612,668,16,ok,
low-concurrency-20260711T195542.986124768Z,fair-c20,2026-07-11T20:08:53.644413544Z,1783800533644,563,18,ok,
low-concurrency-20260711T195542.986124768Z,baseline-c20,2026-07-11T20:08:54.613018957Z,1783800534613,641,16,ok,
low-concurrency-20260711T195542.986124768Z,fair-c20,2026-07-11T20:08:54.644352114Z,1783800534644,588,12,ok,
low-concurrency-20260711T195542.986124768Z,baseline-c20,2026-07-11T20:08:55.608531584Z,1783800535608,605,19,ok,
low-concurrency-20260711T195542.986124768Z,fair-c20,2026-07-11T20:08:55.639145769Z,1783800535639,577,17,ok,
low-concurrency-20260711T195542.986124768Z,baseline-c20,2026-07-11T20:08:56.610194721Z,1783800536610,620,21,ok,
low-concurrency-20260711T195542.986124768Z,fair-c20,2026-07-11T20:08:56.63919143Z,1783800536639,519,19,ok,
low-concurrency-20260711T195542.986124768Z,baseline-c20,2026-07-11T20:08:57.614493624Z,1783800537614,579,22,ok,
low-concurrency-20260711T195542.986124768Z,fair-c20,2026-07-11T20:08:57.645904831Z,1783800537645,519,19,ok,
low-concurrency-20260711T195542.986124768Z,baseline-c20,2026-07-11T20:08:58.615873037Z,1783800538615,585,23,ok,
low-concurrency-20260711T195542.986124768Z,fair-c20,2026-07-11T20:08:58.646296103Z,1783800538646,533,22,ok,
low-concurrency-20260711T195542.986124768Z,baseline-c20,2026-07-11T20:08:59.615582808Z,1783800539615,597,16,ok,
low-concurrency-20260711T195542.986124768Z,fair-c20,2026-07-11T20:08:59.786838729Z,1783800539786,538,15,ok,
low-concurrency-20260711T195542.986124768Z,baseline-c20,2026-07-11T20:09:00.610025565Z,1783800540610,585,15,ok,
low-concurrency-20260711T195542.986124768Z,fair-c20,2026-07-11T20:09:00.63907058Z,1783800540639,519,19,ok,
low-concurrency-20260711T195542.986124768Z,baseline-c20,2026-07-11T20:09:01.614900531Z,1783800541614,589,16,ok,
low-concurrency-20260711T195542.986124768Z,fair-c20,2026-07-11T20:09:01.646383699Z,1783800541646,517,17,ok,
low-concurrency-20260711T195542.986124768Z,baseline-c20,2026-07-11T20:09:02.610492781Z,1783800542610,584,20,ok,
low-concurrency-20260711T195542.986124768Z,fair-c20,2026-07-11T20:09:02.642955095Z,1783800542642,511,13,ok,
low-concurrency-20260711T195542.986124768Z,baseline-c20,2026-07-11T20:09:03.613861957Z,1783800543613,528,14,ok,
low-concurrency-20260711T195542.986124768Z,fair-c20,2026-07-11T20:09:03.642192651Z,1783800543642,479,18,ok,
low-concurrency-20260711T195542.986124768Z,baseline-c20,2026-07-11T20:09:04.61006912Z,1783800544610,560,16,ok,
low-concurrency-20260711T195542.986124768Z,fair-c20,2026-07-11T20:09:04.635814829Z,1783800544635,500,17,ok,
low-concurrency-20260711T195542.986124768Z,baseline-c20,2026-07-11T20:09:05.609475052Z,1783800545609,532,24,ok,
low-concurrency-20260711T195542.986124768Z,fair-c20,2026-07-11T20:09:05.637618374Z,1783800545637,469,19,ok,
low-concurrency-20260711T195542.986124768Z,baseline-c20,2026-07-11T20:09:06.611681558Z,1783800546611,547,15,ok,
low-concurrency-20260711T195542.986124768Z,fair-c20,2026-07-11T20:09:06.639509655Z,1783800546639,475,19,ok,
low-concurrency-20260711T195542.986124768Z,baseline-c20,2026-07-11T20:09:07.608924548Z,1783800547608,524,13,ok,
low-concurrency-20260711T195542.986124768Z,fair-c20,2026-07-11T20:09:07.636900768Z,1783800547636,468,14,ok,
low-concurrency-20260711T195542.986124768Z,baseline-c20,2026-07-11T20:09:08.615641822Z,1783800548615,502,17,ok,
low-concurrency-20260711T195542.986124768Z,fair-c20,2026-07-11T20:09:08.644166206Z,1783800548644,468,17,ok,
low-concurrency-20260711T195542.986124768Z,baseline-c20,2026-07-11T20:09:09.612679344Z,1783800549612,500,22,ok,
low-concurrency-20260711T195542.986124768Z,fair-c20,2026-07-11T20:09:09.645030273Z,1783800549645,418,12,ok,
low-concurrency-20260711T195542.986124768Z,baseline-c20,2026-07-11T20:09:10.615013373Z,1783800550615,496,16,ok,
low-concurrency-20260711T195542.986124768Z,fair-c20,2026-07-11T20:09:10.64503133Z,1783800550645,419,13,ok,
low-concurrency-20260711T195542.986124768Z,baseline-c20,2026-07-11T20:09:11.619267946Z,1783800551619,477,18,ok,
low-concurrency-20260711T195542.986124768Z,fair-c20,2026-07-11T20:09:11.655054176Z,1783800551655,419,13,ok,
low-concurrency-20260711T195542.986124768Z,baseline-c20,2026-07-11T20:09:12.612140668Z,1783800552612,493,16,ok,
low-concurrency-20260711T195542.986124768Z,fair-c20,2026-07-11T20:09:12.642938266Z,1783800552642,442,21,ok,
low-concurrency-20260711T195542.986124768Z,baseline-c20,2026-07-11T20:09:13.627377664Z,1783800553627,492,16,ok,
low-concurrency-20260711T195542.986124768Z,fair-c20,2026-07-11T20:09:13.658903332Z,1783800553658,414,11,ok,
low-concurrency-20260711T195542.986124768Z,baseline-c20,2026-07-11T20:09:14.615677896Z,1783800554615,474,14,ok,
low-concurrency-20260711T195542.986124768Z,fair-c20,2026-07-11T20:09:14.648460233Z,1783800554648,411,11,ok,
low-concurrency-20260711T195542.986124768Z,baseline-c20,2026-07-11T20:09:15.609118643Z,1783800555609,445,17,ok,
low-concurrency-20260711T195542.986124768Z,fair-c20,2026-07-11T20:09:15.647138794Z,1783800555647,399,18,ok,
low-concurrency-20260711T195542.986124768Z,baseline-c20,2026-07-11T20:09:16.608949515Z,1783800556608,467,15,ok,
low-concurrency-20260711T195542.986124768Z,fair-c20,2026-07-11T20:09:16.63604292Z,1783800556636,384,14,ok,
low-concurrency-20260711T195542.986124768Z,baseline-c20,2026-07-11T20:09:17.610197436Z,1783800557610,448,17,ok,
low-concurrency-20260711T195542.986124768Z,fair-c20,2026-07-11T20:09:17.640318455Z,1783800557640,357,15,ok,
low-concurrency-20260711T195542.986124768Z,baseline-c20,2026-07-11T20:09:18.612764674Z,1783800558612,393,18,ok,
low-concurrency-20260711T195542.986124768Z,fair-c20,2026-07-11T20:09:18.641999424Z,1783800558641,382,20,ok,
low-concurrency-20260711T195542.986124768Z,baseline-c20,2026-07-11T20:09:19.610450726Z,1783800559610,421,13,ok,
low-concurrency-20260711T195542.986124768Z,fair-c20,2026-07-11T20:09:19.644882572Z,1783800559644,454,10,ok,
low-concurrency-20260711T195542.986124768Z,baseline-c20,2026-07-11T20:09:20.610175075Z,1783800560610,451,14,ok,
low-concurrency-20260711T195542.986124768Z,fair-c20,2026-07-11T20:09:20.6436688Z,1783800560643,332,23,ok,
low-concurrency-20260711T195542.986124768Z,baseline-c20,2026-07-11T20:09:21.609097597Z,1783800561609,421,15,ok,
low-concurrency-20260711T195542.986124768Z,fair-c20,2026-07-11T20:09:21.642798514Z,1783800561642,330,25,ok,
low-concurrency-20260711T195542.986124768Z,baseline-c20,2026-07-11T20:09:22.615783812Z,1783800562615,385,15,ok,
low-concurrency-20260711T195542.986124768Z,fair-c20,2026-07-11T20:09:22.644193223Z,1783800562644,346,11,ok,
low-concurrency-20260711T195542.986124768Z,baseline-c20,2026-07-11T20:09:23.612290438Z,1783800563612,395,11,ok,
low-concurrency-20260711T195542.986124768Z,fair-c20,2026-07-11T20:09:23.639760465Z,1783800563639,338,12,ok,
low-concurrency-20260711T195542.986124768Z,baseline-c20,2026-07-11T20:09:24.609968279Z,1783800564609,399,13,ok,
low-concurrency-20260711T195542.986124768Z,fair-c20,2026-07-11T20:09:24.638112059Z,1783800564638,310,22,ok,
low-concurrency-20260711T195542.986124768Z,baseline-c20,2026-07-11T20:09:25.615469886Z,1783800565615,362,17,ok,
low-concurrency-20260711T195542.986124768Z,fair-c20,2026-07-11T20:09:25.643426392Z,1783800565643,296,16,ok,
low-concurrency-20260711T195542.986124768Z,baseline-c20,2026-07-11T20:09:26.614563446Z,1783800566614,362,16,ok,
low-concurrency-20260711T195542.986124768Z,fair-c20,2026-07-11T20:09:26.646733212Z,1783800566646,269,23,ok,
low-concurrency-20260711T195542.986124768Z,baseline-c20,2026-07-11T20:09:27.61588087Z,1783800567615,362,20,ok,
low-concurrency-20260711T195542.986124768Z,fair-c20,2026-07-11T20:09:27.647760978Z,1783800567647,322,17,ok,
low-concurrency-20260711T195542.986124768Z,baseline-c20,2026-07-11T20:09:28.609988869Z,1783800568609,329,17,ok,
low-concurrency-20260711T195542.986124768Z,fair-c20,2026-07-11T20:09:28.641480491Z,1783800568641,257,19,ok,
low-concurrency-20260711T195542.986124768Z,baseline-c20,2026-07-11T20:09:29.609434704Z,1783800569609,329,17,ok,
low-concurrency-20260711T195542.986124768Z,fair-c20,2026-07-11T20:09:29.637385467Z,1783800569637,317,18,ok,
low-concurrency-20260711T195542.986124768Z,baseline-c20,2026-07-11T20:09:30.610593555Z,1783800570610,339,15,ok,
low-concurrency-20260711T195542.986124768Z,fair-c20,2026-07-11T20:09:30.644159324Z,1783800570644,305,14,ok,
low-concurrency-20260711T195542.986124768Z,baseline-c20,2026-07-11T20:09:31.615741058Z,1783800571615,291,16,ok,
low-concurrency-20260711T195542.986124768Z,fair-c20,2026-07-11T20:09:31.643710491Z,1783800571643,269,12,ok,
low-concurrency-20260711T195542.986124768Z,baseline-c20,2026-07-11T20:09:32.615062487Z,1783800572615,291,16,ok,
low-concurrency-20260711T195542.986124768Z,fair-c20,2026-07-11T20:09:32.64714831Z,1783800572647,256,19,ok,
low-concurrency-20260711T195542.986124768Z,baseline-c20,2026-07-11T20:09:33.616415586Z,1783800573616,291,16,ok,
low-concurrency-20260711T195542.986124768Z,fair-c20,2026-07-11T20:09:33.64582364Z,1783800573645,276,14,ok,
low-concurrency-20260711T195542.986124768Z,baseline-c20,2026-07-11T20:09:34.610003134Z,1783800574610,295,18,ok,
low-concurrency-20260711T195542.986124768Z,fair-c20,2026-07-11T20:09:34.64065817Z,1783800574640,211,23,ok,
low-concurrency-20260711T195542.986124768Z,baseline-c20,2026-07-11T20:09:35.617996169Z,1783800575617,302,15,ok,
low-concurrency-20260711T195542.986124768Z,fair-c20,2026-07-11T20:09:35.64857361Z,1783800575648,213,17,ok,
low-concurrency-20260711T195542.986124768Z,baseline-c20,2026-07-11T20:09:36.60991572Z,1783800576609,254,17,ok,
low-concurrency-20260711T195542.986124768Z,fair-c20,2026-07-11T20:09:36.64217602Z,1783800576642,226,19,ok,
low-concurrency-20260711T195542.986124768Z,baseline-c20,2026-07-11T20:09:37.617279357Z,1783800577617,270,18,ok,
low-concurrency-20260711T195542.986124768Z,fair-c20,2026-07-11T20:09:37.645957285Z,1783800577645,260,19,ok,
low-concurrency-20260711T195542.986124768Z,baseline-c20,2026-07-11T20:09:38.609466544Z,1783800578609,253,19,ok,
low-concurrency-20260711T195542.986124768Z,fair-c20,2026-07-11T20:09:38.644059491Z,1783800578644,233,17,ok,
low-concurrency-20260711T195542.986124768Z,baseline-c20,2026-07-11T20:09:39.608784196Z,1783800579608,253,19,ok,
low-concurrency-20260711T195542.986124768Z,fair-c20,2026-07-11T20:09:39.635747071Z,1783800579635,171,19,ok,
low-concurrency-20260711T195542.986124768Z,baseline-c20,2026-07-11T20:09:40.611241735Z,1783800580611,282,16,ok,
low-concurrency-20260711T195542.986124768Z,fair-c20,2026-07-11T20:09:40.646161977Z,1783800580646,201,27,ok,
low-concurrency-20260711T195542.986124768Z,baseline-c20,2026-07-11T20:09:41.615263911Z,1783800581615,231,17,ok,
low-concurrency-20260711T195542.986124768Z,fair-c20,2026-07-11T20:09:41.646564416Z,1783800581646,198,14,ok,
low-concurrency-20260711T195542.986124768Z,baseline-c20,2026-07-11T20:09:42.615439695Z,1783800582615,234,17,ok,
low-concurrency-20260711T195542.986124768Z,fair-c20,2026-07-11T20:09:42.656494256Z,1783800582656,150,21,ok,
low-concurrency-20260711T195542.986124768Z,baseline-c20,2026-07-11T20:09:43.616279353Z,1783800583616,205,14,ok,
low-concurrency-20260711T195542.986124768Z,fair-c20,2026-07-11T20:09:43.644990234Z,1783800583644,153,18,ok,
low-concurrency-20260711T195542.986124768Z,baseline-c20,2026-07-11T20:09:44.617576396Z,1783800584617,230,15,ok,
low-concurrency-20260711T195542.986124768Z,fair-c20,2026-07-11T20:09:44.649142342Z,1783800584649,142,16,ok,
low-concurrency-20260711T195542.986124768Z,baseline-c20,2026-07-11T20:09:45.617589189Z,1783800585617,191,16,ok,
low-concurrency-20260711T195542.986124768Z,fair-c20,2026-07-11T20:09:45.644787949Z,1783800585644,155,20,ok,
low-concurrency-20260711T195542.986124768Z,baseline-c20,2026-07-11T20:09:46.616433091Z,1783800586616,229,17,ok,
low-concurrency-20260711T195542.986124768Z,fair-c20,2026-07-11T20:09:46.644300314Z,1783800586644,98,16,ok,
low-concurrency-20260711T195542.986124768Z,baseline-c20,2026-07-11T20:09:47.614766877Z,1783800587614,167,17,ok,
low-concurrency-20260711T195542.986124768Z,fair-c20,2026-07-11T20:09:47.653877724Z,1783800587653,148,16,ok,
low-concurrency-20260711T195542.986124768Z,baseline-c20,2026-07-11T20:09:48.60992199Z,1783800588609,176,14,ok,
low-concurrency-20260711T195542.986124768Z,fair-c20,2026-07-11T20:09:48.641185614Z,1783800588641,121,16,ok,
low-concurrency-20260711T195542.986124768Z,baseline-c20,2026-07-11T20:09:49.610139762Z,1783800589610,183,19,ok,
low-concurrency-20260711T195542.986124768Z,fair-c20,2026-07-11T20:09:49.639463619Z,1783800589639,95,16,ok,
low-concurrency-20260711T195542.986124768Z,baseline-c20,2026-07-11T20:09:50.611048261Z,1783800590611,158,18,ok,
low-concurrency-20260711T195542.986124768Z,fair-c20,2026-07-11T20:09:50.637972718Z,1783800590637,65,17,ok,
low-concurrency-20260711T195542.986124768Z,baseline-c20,2026-07-11T20:09:51.608323477Z,1783800591608,173,16,ok,
low-concurrency-20260711T195542.986124768Z,fair-c20,2026-07-11T20:09:51.638175095Z,1783800591638,124,15,ok,
low-concurrency-20260711T195542.986124768Z,baseline-c20,2026-07-11T20:09:52.614661494Z,1783800592614,212,18,ok,
low-concurrency-20260711T195542.986124768Z,fair-c20,2026-07-11T20:09:52.790566046Z,1783800592790,52,21,ok,
low-concurrency-20260711T195542.986124768Z,baseline-c20,2026-07-11T20:09:53.612721696Z,1783800593612,128,15,ok,
low-concurrency-20260711T195542.986124768Z,fair-c20,2026-07-11T20:09:53.640275786Z,1783800593640,49,20,ok,
low-concurrency-20260711T195542.986124768Z,baseline-c20,2026-07-11T20:09:54.616361868Z,1783800594616,128,15,ok,
low-concurrency-20260711T195542.986124768Z,fair-c20,2026-07-11T20:09:54.647255249Z,1783800594647,42,21,ok,
low-concurrency-20260711T195542.986124768Z,baseline-c20,2026-07-11T20:09:55.617651438Z,1783800595617,146,14,ok,
low-concurrency-20260711T195542.986124768Z,fair-c20,2026-07-11T20:09:55.651514967Z,1783800595651,50,21,ok,
low-concurrency-20260711T195542.986124768Z,baseline-c20,2026-07-11T20:09:56.610153992Z,1783800596610,88,16,ok,
low-concurrency-20260711T195542.986124768Z,fair-c20,2026-07-11T20:09:56.638795685Z,1783800596638,98,14,ok,
low-concurrency-20260711T195542.986124768Z,baseline-c20,2026-07-11T20:09:57.615467055Z,1783800597615,120,17,ok,
low-concurrency-20260711T195542.986124768Z,fair-c20,2026-07-11T20:09:57.645072201Z,1783800597645,41,21,ok,
low-concurrency-20260711T195542.986124768Z,baseline-c20,2026-07-11T20:09:58.617433668Z,1783800598617,92,17,ok,
low-concurrency-20260711T195542.986124768Z,fair-c20,2026-07-11T20:09:58.647134886Z,1783800598647,88,16,ok,
low-concurrency-20260711T195542.986124768Z,baseline-c20,2026-07-11T20:09:59.611219423Z,1783800599611,113,17,ok,
low-concurrency-20260711T195542.986124768Z,fair-c20,2026-07-11T20:09:59.640359841Z,1783800599640,0,14,ok,
low-concurrency-20260711T195542.986124768Z,baseline-c20,2026-07-11T20:10:00.608688057Z,1783800600608,63,16,ok,
low-concurrency-20260711T195542.986124768Z,fair-c20,2026-07-11T20:10:00.641984283Z,1783800600641,0,14,ok,
low-concurrency-20260711T195542.986124768Z,baseline-c20,2026-07-11T20:10:01.610069761Z,1783800601610,140,15,ok,
low-concurrency-20260711T195542.986124768Z,fair-c20,2026-07-11T20:10:01.639117625Z,1783800601639,7,17,ok,
low-concurrency-20260711T195542.986124768Z,baseline-c20,2026-07-11T20:10:02.608215284Z,1783800602608,86,15,ok,
low-concurrency-20260711T195542.986124768Z,fair-c20,2026-07-11T20:10:02.638728681Z,1783800602638,9,17,ok,
low-concurrency-20260711T195542.986124768Z,baseline-c20,2026-07-11T20:10:03.610319672Z,1783800603610,57,20,ok,
low-concurrency-20260711T195542.986124768Z,fair-c20,2026-07-11T20:10:03.638944436Z,1783800603638,45,21,ok,
low-concurrency-20260711T195542.986124768Z,baseline-c20,2026-07-11T20:10:04.609597332Z,1783800604609,64,18,ok,
low-concurrency-20260711T195542.986124768Z,fair-c20,2026-07-11T20:10:04.640422998Z,1783800604640,7,1,ok,
low-concurrency-20260711T195542.986124768Z,baseline-c20,2026-07-11T20:10:05.610888866Z,1783800605610,38,20,ok,
low-concurrency-20260711T195542.986124768Z,fair-c20,2026-07-11T20:10:05.642933798Z,1783800605642,0,0,ok,
low-concurrency-20260711T195542.986124768Z,baseline-c20,2026-07-11T20:10:06.615377432Z,1783800606615,44,24,ok,
low-concurrency-20260711T195542.986124768Z,fair-c20,2026-07-11T20:10:06.646551901Z,1783800606646,0,0,ok,
low-concurrency-20260711T195542.986124768Z,baseline-c20,2026-07-11T20:10:07.615433093Z,1783800607615,14,20,ok,
low-concurrency-20260711T195542.986124768Z,fair-c20,2026-07-11T20:10:07.647615962Z,1783800607647,0,0,ok,
low-concurrency-20260711T195542.986124768Z,baseline-c20,2026-07-11T20:10:08.610238064Z,1783800608610,0,11,ok,
low-concurrency-20260711T195542.986124768Z,fair-c20,2026-07-11T20:10:08.645607893Z,1783800608645,0,7,ok,
low-concurrency-20260711T195542.986124768Z,baseline-c20,2026-07-11T20:10:09.615195274Z,1783800609615,0,10,ok,
low-concurrency-20260711T195542.986124768Z,fair-c20,2026-07-11T20:10:09.643112035Z,1783800609643,0,0,ok,
low-concurrency-20260711T195542.986124768Z,baseline-c20,2026-07-11T20:10:10.612580117Z,1783800610612,13,9,ok,
low-concurrency-20260711T195542.986124768Z,fair-c20,2026-07-11T20:10:10.640997919Z,1783800610640,0,0,ok,
low-concurrency-20260711T195542.986124768Z,baseline-c20,2026-07-11T20:10:11.609831354Z,1783800611609,0,3,ok,
low-concurrency-20260711T195542.986124768Z,fair-c20,2026-07-11T20:10:11.641230522Z,1783800611641,0,0,ok,
low-concurrency-20260711T195542.986124768Z,baseline-c20,2026-07-11T20:10:12.611377234Z,1783800612611,0,0,ok,
low-concurrency-20260711T195542.986124768Z,fair-c20,2026-07-11T20:10:12.647314104Z,1783800612647,0,0,ok,
low-concurrency-20260711T195542.986124768Z,baseline-c20,2026-07-11T20:10:13.616149988Z,1783800613616,3,11,ok,
low-concurrency-20260711T195542.986124768Z,fair-c20,2026-07-11T20:10:13.647170092Z,1783800613647,0,0,ok,
low-concurrency-20260711T195542.986124768Z,baseline-c20,2026-07-11T20:10:14.611495394Z,1783800614611,0,0,ok,
low-concurrency-20260711T195542.986124768Z,fair-c20,2026-07-11T20:10:14.643663861Z,1783800614643,0,0,ok,
low-concurrency-20260711T195542.986124768Z,baseline-c20,2026-07-11T20:10:15.619961094Z,1783800615619,0,8,ok,
low-concurrency-20260711T195542.986124768Z,fair-c20,2026-07-11T20:10:15.661912911Z,1783800615661,0,0,ok,
low-concurrency-20260711T195542.986124768Z,baseline-c20,2026-07-11T20:10:16.611410661Z,1783800616611,0,0,ok,
low-concurrency-20260711T195542.986124768Z,fair-c20,2026-07-11T20:10:16.644933568Z,1783800616644,0,0,ok,
low-concurrency-20260711T195542.986124768Z,baseline-c20,2026-07-11T20:10:17.61035974Z,1783800617610,0,8,ok,
low-concurrency-20260711T195542.986124768Z,fair-c20,2026-07-11T20:10:17.707974582Z,1783800617707,0,0,ok,
