experiment_id,scenario,sampled_at,sampled_at_ms,elapsed_ms,elapsed_source,approximate_visible,approximate_not_visible,sample_status,sample_error
reaction-20260710T141732.186490574Z,baseline-c100,2026-07-10T14:18:06.224Z,1783693086224,-169,first_a_sqs_sent_timestamp,0,0,ok,
reaction-20260710T141732.186490574Z,fair-c100,2026-07-10T14:18:06.377Z,1783693086377,82,first_a_sqs_sent_timestamp,0,21,ok,
reaction-20260710T141732.186490574Z,baseline-c100,2026-07-10T14:18:07.218Z,1783693087218,825,first_a_sqs_sent_timestamp,0,0,ok,
reaction-20260710T141732.186490574Z,fair-c100,2026-07-10T14:18:07.246Z,1783693087246,951,first_a_sqs_sent_timestamp,69,36,ok,
reaction-20260710T141732.186490574Z,baseline-c100,2026-07-10T14:18:08.217Z,1783693088217,1824,first_a_sqs_sent_timestamp,0,10,ok,
reaction-20260710T141732.186490574Z,fair-c100,2026-07-10T14:18:08.246Z,1783693088246,1951,first_a_sqs_sent_timestamp,0,0,ok,
reaction-20260710T141732.186490574Z,baseline-c100,2026-07-10T14:18:09.236Z,1783693089236,2843,first_a_sqs_sent_timestamp,0,0,ok,
reaction-20260710T141732.186490574Z,fair-c100,2026-07-10T14:18:09.289Z,1783693089289,2994,first_a_sqs_sent_timestamp,10875,66,ok,
reaction-20260710T141732.186490574Z,baseline-c100,2026-07-10T14:18:10.219Z,1783693090219,3826,first_a_sqs_sent_timestamp,3362,30,ok,
reaction-20260710T141732.186490574Z,fair-c100,2026-07-10T14:18:10.251Z,1783693090251,3956,first_a_sqs_sent_timestamp,2106,73,ok,
reaction-20260710T141732.186490574Z,baseline-c100,2026-07-10T14:18:11.217Z,1783693091217,4824,first_a_sqs_sent_timestamp,9997,15,ok,
reaction-20260710T141732.186490574Z,fair-c100,2026-07-10T14:18:11.244Z,1783693091244,4949,first_a_sqs_sent_timestamp,15135,71,ok,
reaction-20260710T141732.186490574Z,baseline-c100,2026-07-10T14:18:12.228Z,1783693092228,5835,first_a_sqs_sent_timestamp,16430,65,ok,
reaction-20260710T141732.186490574Z,fair-c100,2026-07-10T14:18:12.274Z,1783693092274,5979,first_a_sqs_sent_timestamp,79,37,ok,
reaction-20260710T141732.186490574Z,baseline-c100,2026-07-10T14:18:13.216Z,1783693093216,6823,first_a_sqs_sent_timestamp,8366,32,ok,
reaction-20260710T141732.186490574Z,fair-c100,2026-07-10T14:18:13.244Z,1783693093244,6949,first_a_sqs_sent_timestamp,8588,64,ok,
reaction-20260710T141732.186490574Z,baseline-c100,2026-07-10T14:18:14.216Z,1783693094216,7823,first_a_sqs_sent_timestamp,12381,62,ok,
reaction-20260710T141732.186490574Z,fair-c100,2026-07-10T14:18:14.243Z,1783693094243,7948,first_a_sqs_sent_timestamp,6551,27,ok,
reaction-20260710T141732.186490574Z,baseline-c100,2026-07-10T14:18:15.217Z,1783693095217,8824,first_a_sqs_sent_timestamp,1776,29,ok,
reaction-20260710T141732.186490574Z,fair-c100,2026-07-10T14:18:15.246Z,1783693095246,8951,first_a_sqs_sent_timestamp,19079,74,ok,
reaction-20260710T141732.186490574Z,baseline-c100,2026-07-10T14:18:16.215Z,1783693096215,9822,first_a_sqs_sent_timestamp,11728,62,ok,
reaction-20260710T141732.186490574Z,fair-c100,2026-07-10T14:18:16.242Z,1783693096242,9947,first_a_sqs_sent_timestamp,29794,66,ok,
reaction-20260710T141732.186490574Z,baseline-c100,2026-07-10T14:18:17.215Z,1783693097215,10822,first_a_sqs_sent_timestamp,24911,59,ok,
reaction-20260710T141732.186490574Z,fair-c100,2026-07-10T14:18:17.243Z,1783693097243,10948,first_a_sqs_sent_timestamp,13145,31,ok,
reaction-20260710T141732.186490574Z,baseline-c100,2026-07-10T14:18:18.219Z,1783693098219,11826,first_a_sqs_sent_timestamp,14914,44,ok,
reaction-20260710T141732.186490574Z,fair-c100,2026-07-10T14:18:18.249Z,1783693098249,11954,first_a_sqs_sent_timestamp,21599,54,ok,
reaction-20260710T141732.186490574Z,baseline-c100,2026-07-10T14:18:19.218Z,1783693099218,12825,first_a_sqs_sent_timestamp,25495,57,ok,
reaction-20260710T141732.186490574Z,fair-c100,2026-07-10T14:18:19.248Z,1783693099248,12953,first_a_sqs_sent_timestamp,29736,81,ok,
reaction-20260710T141732.186490574Z,baseline-c100,2026-07-10T14:18:20.217Z,1783693100217,13824,first_a_sqs_sent_timestamp,18339,84,ok,
reaction-20260710T141732.186490574Z,fair-c100,2026-07-10T14:18:20.247Z,1783693100247,13952,first_a_sqs_sent_timestamp,28124,71,ok,
reaction-20260710T141732.186490574Z,baseline-c100,2026-07-10T14:18:21.257Z,1783693101257,14864,first_a_sqs_sent_timestamp,29705,79,ok,
reaction-20260710T141732.186490574Z,fair-c100,2026-07-10T14:18:21.285Z,1783693101285,14990,first_a_sqs_sent_timestamp,0,0,ok,
reaction-20260710T141732.186490574Z,baseline-c100,2026-07-10T14:18:22.215Z,1783693102215,15822,first_a_sqs_sent_timestamp,27785,69,ok,
reaction-20260710T141732.186490574Z,fair-c100,2026-07-10T14:18:22.243Z,1783693102243,15948,first_a_sqs_sent_timestamp,29665,105,ok,
reaction-20260710T141732.186490574Z,baseline-c100,2026-07-10T14:18:23.218Z,1783693103218,16825,first_a_sqs_sent_timestamp,29676,84,ok,
reaction-20260710T141732.186490574Z,fair-c100,2026-07-10T14:18:23.247Z,1783693103247,16952,first_a_sqs_sent_timestamp,28103,69,ok,
reaction-20260710T141732.186490574Z,baseline-c100,2026-07-10T14:18:24.213Z,1783693104213,17820,first_a_sqs_sent_timestamp,18956,83,ok,
reaction-20260710T141732.186490574Z,fair-c100,2026-07-10T14:18:24.242Z,1783693104242,17947,first_a_sqs_sent_timestamp,29634,87,ok,
reaction-20260710T141732.186490574Z,baseline-c100,2026-07-10T14:18:25.217Z,1783693105217,18824,first_a_sqs_sent_timestamp,29604,81,ok,
reaction-20260710T141732.186490574Z,fair-c100,2026-07-10T14:18:25.244Z,1783693105244,18949,first_a_sqs_sent_timestamp,29699,82,ok,
reaction-20260710T141732.186490574Z,baseline-c100,2026-07-10T14:18:26.221Z,1783693106221,19828,first_a_sqs_sent_timestamp,29529,95,ok,
reaction-20260710T141732.186490574Z,fair-c100,2026-07-10T14:18:26.252Z,1783693106252,19957,first_a_sqs_sent_timestamp,29576,88,ok,
reaction-20260710T141732.186490574Z,baseline-c100,2026-07-10T14:18:27.216Z,1783693107216,20823,first_a_sqs_sent_timestamp,29484,90,ok,
reaction-20260710T141732.186490574Z,fair-c100,2026-07-10T14:18:27.245Z,1783693107245,20950,first_a_sqs_sent_timestamp,25731,80,ok,
reaction-20260710T141732.186490574Z,baseline-c100,2026-07-10T14:18:28.215Z,1783693108215,21822,first_a_sqs_sent_timestamp,29563,103,ok,
reaction-20260710T141732.186490574Z,fair-c100,2026-07-10T14:18:28.242Z,1783693108242,21947,first_a_sqs_sent_timestamp,29700,67,ok,
reaction-20260710T141732.186490574Z,baseline-c100,2026-07-10T14:18:29.216Z,1783693109216,22823,first_a_sqs_sent_timestamp,29459,98,ok,
reaction-20260710T141732.186490574Z,fair-c100,2026-07-10T14:18:29.242Z,1783693109242,22947,first_a_sqs_sent_timestamp,29368,85,ok,
reaction-20260710T141732.186490574Z,baseline-c100,2026-07-10T14:18:30.215Z,1783693110215,23822,first_a_sqs_sent_timestamp,29503,96,ok,
reaction-20260710T141732.186490574Z,fair-c100,2026-07-10T14:18:30.24Z,1783693110240,23945,first_a_sqs_sent_timestamp,29522,81,ok,
reaction-20260710T141732.186490574Z,baseline-c100,2026-07-10T14:18:31.213Z,1783693111213,24820,first_a_sqs_sent_timestamp,29736,72,ok,
reaction-20260710T141732.186490574Z,fair-c100,2026-07-10T14:18:31.24Z,1783693111240,24945,first_a_sqs_sent_timestamp,29568,73,ok,
reaction-20260710T141732.186490574Z,baseline-c100,2026-07-10T14:18:32.215Z,1783693112215,25822,first_a_sqs_sent_timestamp,29510,96,ok,
reaction-20260710T141732.186490574Z,fair-c100,2026-07-10T14:18:32.243Z,1783693112243,25948,first_a_sqs_sent_timestamp,29387,98,ok,
reaction-20260710T141732.186490574Z,baseline-c100,2026-07-10T14:18:33.214Z,1783693113214,26821,first_a_sqs_sent_timestamp,29558,85,ok,
reaction-20260710T141732.186490574Z,fair-c100,2026-07-10T14:18:33.24Z,1783693113240,26945,first_a_sqs_sent_timestamp,29360,87,ok,
reaction-20260710T141732.186490574Z,baseline-c100,2026-07-10T14:18:34.214Z,1783693114214,27821,first_a_sqs_sent_timestamp,29338,80,ok,
reaction-20260710T141732.186490574Z,fair-c100,2026-07-10T14:18:34.243Z,1783693114243,27948,first_a_sqs_sent_timestamp,29432,87,ok,
reaction-20260710T141732.186490574Z,baseline-c100,2026-07-10T14:18:35.218Z,1783693115218,28825,first_a_sqs_sent_timestamp,29445,94,ok,
reaction-20260710T141732.186490574Z,fair-c100,2026-07-10T14:18:35.245Z,1783693115245,28950,first_a_sqs_sent_timestamp,29380,101,ok,
reaction-20260710T141732.186490574Z,baseline-c100,2026-07-10T14:18:36.215Z,1783693116215,29822,first_a_sqs_sent_timestamp,29169,89,ok,
reaction-20260710T141732.186490574Z,fair-c100,2026-07-10T14:18:36.243Z,1783693116243,29948,first_a_sqs_sent_timestamp,29233,86,ok,
reaction-20260710T141732.186490574Z,baseline-c100,2026-07-10T14:18:37.223Z,1783693117223,30830,first_a_sqs_sent_timestamp,29327,85,ok,
reaction-20260710T141732.186490574Z,fair-c100,2026-07-10T14:18:37.251Z,1783693117251,30956,first_a_sqs_sent_timestamp,29507,76,ok,
reaction-20260710T141732.186490574Z,baseline-c100,2026-07-10T14:18:38.217Z,1783693118217,31824,first_a_sqs_sent_timestamp,29301,101,ok,
reaction-20260710T141732.186490574Z,fair-c100,2026-07-10T14:18:38.245Z,1783693118245,31950,first_a_sqs_sent_timestamp,29095,82,ok,
reaction-20260710T141732.186490574Z,baseline-c100,2026-07-10T14:18:39.215Z,1783693119215,32822,first_a_sqs_sent_timestamp,29397,80,ok,
reaction-20260710T141732.186490574Z,fair-c100,2026-07-10T14:18:39.296Z,1783693119296,33001,first_a_sqs_sent_timestamp,29366,78,ok,
reaction-20260710T141732.186490574Z,baseline-c100,2026-07-10T14:18:40.213Z,1783693120213,33820,first_a_sqs_sent_timestamp,29240,90,ok,
reaction-20260710T141732.186490574Z,fair-c100,2026-07-10T14:18:40.24Z,1783693120240,33945,first_a_sqs_sent_timestamp,29064,92,ok,
reaction-20260710T141732.186490574Z,baseline-c100,2026-07-10T14:18:41.217Z,1783693121217,34824,first_a_sqs_sent_timestamp,29139,108,ok,
reaction-20260710T141732.186490574Z,fair-c100,2026-07-10T14:18:41.25Z,1783693121250,34955,first_a_sqs_sent_timestamp,29146,97,ok,
reaction-20260710T141732.186490574Z,baseline-c100,2026-07-10T14:18:42.213Z,1783693122213,35820,first_a_sqs_sent_timestamp,29011,100,ok,
reaction-20260710T141732.186490574Z,fair-c100,2026-07-10T14:18:42.245Z,1783693122245,35950,first_a_sqs_sent_timestamp,29295,86,ok,
reaction-20260710T141732.186490574Z,baseline-c100,2026-07-10T14:18:43.216Z,1783693123216,36823,first_a_sqs_sent_timestamp,28954,99,ok,
reaction-20260710T141732.186490574Z,fair-c100,2026-07-10T14:18:43.248Z,1783693123248,36953,first_a_sqs_sent_timestamp,29132,86,ok,
reaction-20260710T141732.186490574Z,baseline-c100,2026-07-10T14:18:44.218Z,1783693124218,37825,first_a_sqs_sent_timestamp,29028,89,ok,
reaction-20260710T141732.186490574Z,fair-c100,2026-07-10T14:18:44.248Z,1783693124248,37953,first_a_sqs_sent_timestamp,28978,94,ok,
reaction-20260710T141732.186490574Z,baseline-c100,2026-07-10T14:18:45.219Z,1783693125219,38826,first_a_sqs_sent_timestamp,28984,92,ok,
reaction-20260710T141732.186490574Z,fair-c100,2026-07-10T14:18:45.247Z,1783693125247,38952,first_a_sqs_sent_timestamp,28918,92,ok,
reaction-20260710T141732.186490574Z,baseline-c100,2026-07-10T14:18:46.215Z,1783693126215,39822,first_a_sqs_sent_timestamp,29055,91,ok,
reaction-20260710T141732.186490574Z,fair-c100,2026-07-10T14:18:46.24Z,1783693126240,39945,first_a_sqs_sent_timestamp,28864,106,ok,
reaction-20260710T141732.186490574Z,baseline-c100,2026-07-10T14:18:47.217Z,1783693127217,40824,first_a_sqs_sent_timestamp,29198,91,ok,
reaction-20260710T141732.186490574Z,fair-c100,2026-07-10T14:18:47.245Z,1783693127245,40950,first_a_sqs_sent_timestamp,29000,66,ok,
reaction-20260710T141732.186490574Z,baseline-c100,2026-07-10T14:18:48.213Z,1783693128213,41820,first_a_sqs_sent_timestamp,28817,99,ok,
reaction-20260710T141732.186490574Z,fair-c100,2026-07-10T14:18:48.24Z,1783693128240,41945,first_a_sqs_sent_timestamp,28791,115,ok,
reaction-20260710T141732.186490574Z,baseline-c100,2026-07-10T14:18:49.225Z,1783693129225,42832,first_a_sqs_sent_timestamp,28873,85,ok,
reaction-20260710T141732.186490574Z,fair-c100,2026-07-10T14:18:49.251Z,1783693129251,42956,first_a_sqs_sent_timestamp,28883,80,ok,
reaction-20260710T141732.186490574Z,baseline-c100,2026-07-10T14:18:50.238Z,1783693130238,43845,first_a_sqs_sent_timestamp,28759,107,ok,
reaction-20260710T141732.186490574Z,fair-c100,2026-07-10T14:18:50.269Z,1783693130269,43974,first_a_sqs_sent_timestamp,29111,76,ok,
reaction-20260710T141732.186490574Z,baseline-c100,2026-07-10T14:18:51.214Z,1783693131214,44821,first_a_sqs_sent_timestamp,28782,110,ok,
reaction-20260710T141732.186490574Z,fair-c100,2026-07-10T14:18:51.243Z,1783693131243,44948,first_a_sqs_sent_timestamp,28887,81,ok,
reaction-20260710T141732.186490574Z,baseline-c100,2026-07-10T14:18:52.217Z,1783693132217,45824,first_a_sqs_sent_timestamp,28737,89,ok,
reaction-20260710T141732.186490574Z,fair-c100,2026-07-10T14:18:52.244Z,1783693132244,45949,first_a_sqs_sent_timestamp,28549,92,ok,
reaction-20260710T141732.186490574Z,baseline-c100,2026-07-10T14:18:53.216Z,1783693133216,46823,first_a_sqs_sent_timestamp,28604,98,ok,
reaction-20260710T141732.186490574Z,fair-c100,2026-07-10T14:18:53.245Z,1783693133245,46950,first_a_sqs_sent_timestamp,28818,87,ok,
reaction-20260710T141732.186490574Z,baseline-c100,2026-07-10T14:18:54.214Z,1783693134214,47821,first_a_sqs_sent_timestamp,28775,81,ok,
reaction-20260710T141732.186490574Z,fair-c100,2026-07-10T14:18:54.241Z,1783693134241,47946,first_a_sqs_sent_timestamp,28627,105,ok,
reaction-20260710T141732.186490574Z,baseline-c100,2026-07-10T14:18:55.217Z,1783693135217,48824,first_a_sqs_sent_timestamp,28612,91,ok,
reaction-20260710T141732.186490574Z,fair-c100,2026-07-10T14:18:55.244Z,1783693135244,48949,first_a_sqs_sent_timestamp,28591,101,ok,
reaction-20260710T141732.186490574Z,baseline-c100,2026-07-10T14:18:56.216Z,1783693136216,49823,first_a_sqs_sent_timestamp,28573,99,ok,
reaction-20260710T141732.186490574Z,fair-c100,2026-07-10T14:18:56.244Z,1783693136244,49949,first_a_sqs_sent_timestamp,28755,89,ok,
reaction-20260710T141732.186490574Z,baseline-c100,2026-07-10T14:18:57.215Z,1783693137215,50822,first_a_sqs_sent_timestamp,28604,98,ok,
reaction-20260710T141732.186490574Z,fair-c100,2026-07-10T14:18:57.244Z,1783693137244,50949,first_a_sqs_sent_timestamp,28529,93,ok,
reaction-20260710T141732.186490574Z,baseline-c100,2026-07-10T14:18:58.215Z,1783693138215,51822,first_a_sqs_sent_timestamp,28718,67,ok,
reaction-20260710T141732.186490574Z,fair-c100,2026-07-10T14:18:58.244Z,1783693138244,51949,first_a_sqs_sent_timestamp,28470,77,ok,
reaction-20260710T141732.186490574Z,baseline-c100,2026-07-10T14:18:59.217Z,1783693139217,52824,first_a_sqs_sent_timestamp,28794,95,ok,
reaction-20260710T141732.186490574Z,fair-c100,2026-07-10T14:18:59.245Z,1783693139245,52950,first_a_sqs_sent_timestamp,28471,88,ok,
reaction-20260710T141732.186490574Z,baseline-c100,2026-07-10T14:19:00.227Z,1783693140227,53834,first_a_sqs_sent_timestamp,28424,83,ok,
reaction-20260710T141732.186490574Z,fair-c100,2026-07-10T14:19:00.255Z,1783693140255,53960,first_a_sqs_sent_timestamp,28431,94,ok,
reaction-20260710T141732.186490574Z,baseline-c100,2026-07-10T14:19:01.215Z,1783693141215,54822,first_a_sqs_sent_timestamp,28475,78,ok,
reaction-20260710T141732.186490574Z,fair-c100,2026-07-10T14:19:01.247Z,1783693141247,54952,first_a_sqs_sent_timestamp,28431,75,ok,
reaction-20260710T141732.186490574Z,baseline-c100,2026-07-10T14:19:02.215Z,1783693142215,55822,first_a_sqs_sent_timestamp,28601,86,ok,
reaction-20260710T141732.186490574Z,fair-c100,2026-07-10T14:19:02.245Z,1783693142245,55950,first_a_sqs_sent_timestamp,28340,108,ok,
reaction-20260710T141732.186490574Z,baseline-c100,2026-07-10T14:19:03.215Z,1783693143215,56822,first_a_sqs_sent_timestamp,28502,80,ok,
reaction-20260710T141732.186490574Z,fair-c100,2026-07-10T14:19:03.242Z,1783693143242,56947,first_a_sqs_sent_timestamp,28565,79,ok,
reaction-20260710T141732.186490574Z,baseline-c100,2026-07-10T14:19:04.215Z,1783693144215,57822,first_a_sqs_sent_timestamp,28379,92,ok,
reaction-20260710T141732.186490574Z,fair-c100,2026-07-10T14:19:04.242Z,1783693144242,57947,first_a_sqs_sent_timestamp,28468,86,ok,
reaction-20260710T141732.186490574Z,baseline-c100,2026-07-10T14:19:05.216Z,1783693145216,58823,first_a_sqs_sent_timestamp,28290,91,ok,
reaction-20260710T141732.186490574Z,fair-c100,2026-07-10T14:19:05.244Z,1783693145244,58949,first_a_sqs_sent_timestamp,28311,87,ok,
reaction-20260710T141732.186490574Z,baseline-c100,2026-07-10T14:19:06.217Z,1783693146217,59824,first_a_sqs_sent_timestamp,28624,87,ok,
reaction-20260710T141732.186490574Z,fair-c100,2026-07-10T14:19:06.246Z,1783693146246,59951,first_a_sqs_sent_timestamp,28272,102,ok,
reaction-20260710T141732.186490574Z,baseline-c100,2026-07-10T14:19:07.215Z,1783693147215,60822,first_a_sqs_sent_timestamp,28106,92,ok,
reaction-20260710T141732.186490574Z,fair-c100,2026-07-10T14:19:07.245Z,1783693147245,60950,first_a_sqs_sent_timestamp,28290,85,ok,
reaction-20260710T141732.186490574Z,baseline-c100,2026-07-10T14:19:08.216Z,1783693148216,61823,first_a_sqs_sent_timestamp,28166,83,ok,
reaction-20260710T141732.186490574Z,fair-c100,2026-07-10T14:19:08.242Z,1783693148242,61947,first_a_sqs_sent_timestamp,28074,110,ok,
reaction-20260710T141732.186490574Z,baseline-c100,2026-07-10T14:19:09.218Z,1783693149218,62825,first_a_sqs_sent_timestamp,28230,77,ok,
reaction-20260710T141732.186490574Z,fair-c100,2026-07-10T14:19:09.245Z,1783693149245,62950,first_a_sqs_sent_timestamp,28165,73,ok,
reaction-20260710T141732.186490574Z,baseline-c100,2026-07-10T14:19:10.215Z,1783693150215,63822,first_a_sqs_sent_timestamp,28234,91,ok,
reaction-20260710T141732.186490574Z,fair-c100,2026-07-10T14:19:10.243Z,1783693150243,63948,first_a_sqs_sent_timestamp,28125,68,ok,
reaction-20260710T141732.186490574Z,baseline-c100,2026-07-10T14:19:11.216Z,1783693151216,64823,first_a_sqs_sent_timestamp,28154,94,ok,
reaction-20260710T141732.186490574Z,fair-c100,2026-07-10T14:19:11.244Z,1783693151244,64949,first_a_sqs_sent_timestamp,28038,91,ok,
reaction-20260710T141732.186490574Z,baseline-c100,2026-07-10T14:19:12.215Z,1783693152215,65822,first_a_sqs_sent_timestamp,28083,90,ok,
reaction-20260710T141732.186490574Z,fair-c100,2026-07-10T14:19:12.242Z,1783693152242,65947,first_a_sqs_sent_timestamp,28121,72,ok,
reaction-20260710T141732.186490574Z,baseline-c100,2026-07-10T14:19:13.214Z,1783693153214,66821,first_a_sqs_sent_timestamp,28157,91,ok,
reaction-20260710T141732.186490574Z,fair-c100,2026-07-10T14:19:13.241Z,1783693153241,66946,first_a_sqs_sent_timestamp,27927,86,ok,
reaction-20260710T141732.186490574Z,baseline-c100,2026-07-10T14:19:14.217Z,1783693154217,67824,first_a_sqs_sent_timestamp,27908,95,ok,
reaction-20260710T141732.186490574Z,fair-c100,2026-07-10T14:19:14.246Z,1783693154246,67951,first_a_sqs_sent_timestamp,27902,91,ok,
reaction-20260710T141732.186490574Z,baseline-c100,2026-07-10T14:19:15.216Z,1783693155216,68823,first_a_sqs_sent_timestamp,27954,84,ok,
reaction-20260710T141732.186490574Z,fair-c100,2026-07-10T14:19:15.243Z,1783693155243,68948,first_a_sqs_sent_timestamp,28051,84,ok,
reaction-20260710T141732.186490574Z,baseline-c100,2026-07-10T14:19:16.216Z,1783693156216,69823,first_a_sqs_sent_timestamp,27997,96,ok,
reaction-20260710T141732.186490574Z,fair-c100,2026-07-10T14:19:16.247Z,1783693156247,69952,first_a_sqs_sent_timestamp,28227,91,ok,
reaction-20260710T141732.186490574Z,baseline-c100,2026-07-10T14:19:17.218Z,1783693157218,70825,first_a_sqs_sent_timestamp,27866,88,ok,
reaction-20260710T141732.186490574Z,fair-c100,2026-07-10T14:19:17.25Z,1783693157250,70955,first_a_sqs_sent_timestamp,28004,69,ok,
reaction-20260710T141732.186490574Z,baseline-c100,2026-07-10T14:19:18.22Z,1783693158220,71827,first_a_sqs_sent_timestamp,27783,91,ok,
reaction-20260710T141732.186490574Z,fair-c100,2026-07-10T14:19:18.25Z,1783693158250,71955,first_a_sqs_sent_timestamp,28005,89,ok,
reaction-20260710T141732.186490574Z,baseline-c100,2026-07-10T14:19:19.221Z,1783693159221,72828,first_a_sqs_sent_timestamp,28043,88,ok,
reaction-20260710T141732.186490574Z,fair-c100,2026-07-10T14:19:19.252Z,1783693159252,72957,first_a_sqs_sent_timestamp,28045,88,ok,
reaction-20260710T141732.186490574Z,baseline-c100,2026-07-10T14:19:20.215Z,1783693160215,73822,first_a_sqs_sent_timestamp,27747,107,ok,
reaction-20260710T141732.186490574Z,fair-c100,2026-07-10T14:19:20.244Z,1783693160244,73949,first_a_sqs_sent_timestamp,27739,95,ok,
reaction-20260710T141732.186490574Z,baseline-c100,2026-07-10T14:19:21.213Z,1783693161213,74820,first_a_sqs_sent_timestamp,27667,106,ok,
reaction-20260710T141732.186490574Z,fair-c100,2026-07-10T14:19:21.244Z,1783693161244,74949,first_a_sqs_sent_timestamp,27820,96,ok,
reaction-20260710T141732.186490574Z,baseline-c100,2026-07-10T14:19:22.227Z,1783693162227,75834,first_a_sqs_sent_timestamp,27759,83,ok,
reaction-20260710T141732.186490574Z,fair-c100,2026-07-10T14:19:22.275Z,1783693162275,75980,first_a_sqs_sent_timestamp,27926,84,ok,
reaction-20260710T141732.186490574Z,baseline-c100,2026-07-10T14:19:23.219Z,1783693163219,76826,first_a_sqs_sent_timestamp,27532,86,ok,
reaction-20260710T141732.186490574Z,fair-c100,2026-07-10T14:19:23.249Z,1783693163249,76954,first_a_sqs_sent_timestamp,27626,100,ok,
reaction-20260710T141732.186490574Z,baseline-c100,2026-07-10T14:19:24.216Z,1783693164216,77823,first_a_sqs_sent_timestamp,27546,91,ok,
reaction-20260710T141732.186490574Z,fair-c100,2026-07-10T14:19:24.244Z,1783693164244,77949,first_a_sqs_sent_timestamp,27552,86,ok,
reaction-20260710T141732.186490574Z,baseline-c100,2026-07-10T14:19:25.222Z,1783693165222,78829,first_a_sqs_sent_timestamp,27797,85,ok,
reaction-20260710T141732.186490574Z,fair-c100,2026-07-10T14:19:25.252Z,1783693165252,78957,first_a_sqs_sent_timestamp,27537,91,ok,
reaction-20260710T141732.186490574Z,baseline-c100,2026-07-10T14:19:26.225Z,1783693166225,79832,first_a_sqs_sent_timestamp,27617,92,ok,
reaction-20260710T141732.186490574Z,fair-c100,2026-07-10T14:19:26.253Z,1783693166253,79958,first_a_sqs_sent_timestamp,27493,78,ok,
reaction-20260710T141732.186490574Z,baseline-c100,2026-07-10T14:19:27.225Z,1783693167225,80832,first_a_sqs_sent_timestamp,27571,76,ok,
reaction-20260710T141732.186490574Z,fair-c100,2026-07-10T14:19:27.251Z,1783693167251,80956,first_a_sqs_sent_timestamp,27540,94,ok,
reaction-20260710T141732.186490574Z,baseline-c100,2026-07-10T14:19:28.215Z,1783693168215,81822,first_a_sqs_sent_timestamp,27548,79,ok,
reaction-20260710T141732.186490574Z,fair-c100,2026-07-10T14:19:28.242Z,1783693168242,81947,first_a_sqs_sent_timestamp,27484,85,ok,
reaction-20260710T141732.186490574Z,baseline-c100,2026-07-10T14:19:29.22Z,1783693169220,82827,first_a_sqs_sent_timestamp,27464,88,ok,
reaction-20260710T141732.186490574Z,fair-c100,2026-07-10T14:19:29.249Z,1783693169249,82954,first_a_sqs_sent_timestamp,27370,75,ok,
reaction-20260710T141732.186490574Z,baseline-c100,2026-07-10T14:19:30.217Z,1783693170217,83824,first_a_sqs_sent_timestamp,27393,77,ok,
reaction-20260710T141732.186490574Z,fair-c100,2026-07-10T14:19:30.245Z,1783693170245,83950,first_a_sqs_sent_timestamp,27782,97,ok,
reaction-20260710T141732.186490574Z,baseline-c100,2026-07-10T14:19:31.229Z,1783693171229,84836,first_a_sqs_sent_timestamp,27466,82,ok,
reaction-20260710T141732.186490574Z,fair-c100,2026-07-10T14:19:31.258Z,1783693171258,84963,first_a_sqs_sent_timestamp,27333,76,ok,
reaction-20260710T141732.186490574Z,baseline-c100,2026-07-10T14:19:32.215Z,1783693172215,85822,first_a_sqs_sent_timestamp,27373,54,ok,
reaction-20260710T141732.186490574Z,fair-c100,2026-07-10T14:19:32.243Z,1783693172243,85948,first_a_sqs_sent_timestamp,27488,82,ok,
reaction-20260710T141732.186490574Z,baseline-c100,2026-07-10T14:19:33.216Z,1783693173216,86823,first_a_sqs_sent_timestamp,27368,84,ok,
reaction-20260710T141732.186490574Z,fair-c100,2026-07-10T14:19:33.243Z,1783693173243,86948,first_a_sqs_sent_timestamp,27401,77,ok,
reaction-20260710T141732.186490574Z,baseline-c100,2026-07-10T14:19:34.216Z,1783693174216,87823,first_a_sqs_sent_timestamp,27393,77,ok,
reaction-20260710T141732.186490574Z,fair-c100,2026-07-10T14:19:34.244Z,1783693174244,87949,first_a_sqs_sent_timestamp,27424,102,ok,
reaction-20260710T141732.186490574Z,baseline-c100,2026-07-10T14:19:35.219Z,1783693175219,88826,first_a_sqs_sent_timestamp,27283,86,ok,
reaction-20260710T141732.186490574Z,fair-c100,2026-07-10T14:19:35.249Z,1783693175249,88954,first_a_sqs_sent_timestamp,27317,73,ok,
reaction-20260710T141732.186490574Z,baseline-c100,2026-07-10T14:19:36.215Z,1783693176215,89822,first_a_sqs_sent_timestamp,27438,87,ok,
reaction-20260710T141732.186490574Z,fair-c100,2026-07-10T14:19:36.243Z,1783693176243,89948,first_a_sqs_sent_timestamp,27321,90,ok,
reaction-20260710T141732.186490574Z,baseline-c100,2026-07-10T14:19:37.216Z,1783693177216,90823,first_a_sqs_sent_timestamp,27398,98,ok,
reaction-20260710T141732.186490574Z,fair-c100,2026-07-10T14:19:37.244Z,1783693177244,90949,first_a_sqs_sent_timestamp,27300,91,ok,
reaction-20260710T141732.186490574Z,baseline-c100,2026-07-10T14:19:38.217Z,1783693178217,91824,first_a_sqs_sent_timestamp,27110,101,ok,
reaction-20260710T141732.186490574Z,fair-c100,2026-07-10T14:19:38.245Z,1783693178245,91950,first_a_sqs_sent_timestamp,27456,71,ok,
reaction-20260710T141732.186490574Z,baseline-c100,2026-07-10T14:19:39.215Z,1783693179215,92822,first_a_sqs_sent_timestamp,27212,73,ok,
reaction-20260710T141732.186490574Z,fair-c100,2026-07-10T14:19:39.241Z,1783693179241,92946,first_a_sqs_sent_timestamp,26992,97,ok,
reaction-20260710T141732.186490574Z,baseline-c100,2026-07-10T14:19:40.218Z,1783693180218,93825,first_a_sqs_sent_timestamp,27031,83,ok,
reaction-20260710T141732.186490574Z,fair-c100,2026-07-10T14:19:40.247Z,1783693180247,93952,first_a_sqs_sent_timestamp,27157,86,ok,
reaction-20260710T141732.186490574Z,baseline-c100,2026-07-10T14:19:41.216Z,1783693181216,94823,first_a_sqs_sent_timestamp,27093,95,ok,
reaction-20260710T141732.186490574Z,fair-c100,2026-07-10T14:19:41.245Z,1783693181245,94950,first_a_sqs_sent_timestamp,27085,75,ok,
reaction-20260710T141732.186490574Z,baseline-c100,2026-07-10T14:19:42.215Z,1783693182215,95822,first_a_sqs_sent_timestamp,26933,90,ok,
reaction-20260710T141732.186490574Z,fair-c100,2026-07-10T14:19:42.244Z,1783693182244,95949,first_a_sqs_sent_timestamp,27074,103,ok,
reaction-20260710T141732.186490574Z,baseline-c100,2026-07-10T14:19:43.224Z,1783693183224,96831,first_a_sqs_sent_timestamp,27226,77,ok,
reaction-20260710T141732.186490574Z,fair-c100,2026-07-10T14:19:43.256Z,1783693183256,96961,first_a_sqs_sent_timestamp,26940,78,ok,
reaction-20260710T141732.186490574Z,baseline-c100,2026-07-10T14:19:44.221Z,1783693184221,97828,first_a_sqs_sent_timestamp,27340,107,ok,
reaction-20260710T141732.186490574Z,fair-c100,2026-07-10T14:19:44.25Z,1783693184250,97955,first_a_sqs_sent_timestamp,26915,96,ok,
reaction-20260710T141732.186490574Z,baseline-c100,2026-07-10T14:19:45.217Z,1783693185217,98824,first_a_sqs_sent_timestamp,26933,90,ok,
reaction-20260710T141732.186490574Z,fair-c100,2026-07-10T14:19:45.244Z,1783693185244,98949,first_a_sqs_sent_timestamp,26831,94,ok,
reaction-20260710T141732.186490574Z,baseline-c100,2026-07-10T14:19:46.227Z,1783693186227,99834,first_a_sqs_sent_timestamp,27135,95,ok,
reaction-20260710T141732.186490574Z,fair-c100,2026-07-10T14:19:46.255Z,1783693186255,99960,first_a_sqs_sent_timestamp,26948,94,ok,
reaction-20260710T141732.186490574Z,baseline-c100,2026-07-10T14:19:47.216Z,1783693187216,100823,first_a_sqs_sent_timestamp,26753,85,ok,
reaction-20260710T141732.186490574Z,fair-c100,2026-07-10T14:19:47.245Z,1783693187245,100950,first_a_sqs_sent_timestamp,26950,90,ok,
reaction-20260710T141732.186490574Z,baseline-c100,2026-07-10T14:19:48.215Z,1783693188215,101822,first_a_sqs_sent_timestamp,26987,87,ok,
reaction-20260710T141732.186490574Z,fair-c100,2026-07-10T14:19:48.243Z,1783693188243,101948,first_a_sqs_sent_timestamp,27104,89,ok,
reaction-20260710T141732.186490574Z,baseline-c100,2026-07-10T14:19:49.214Z,1783693189214,102821,first_a_sqs_sent_timestamp,27168,96,ok,
reaction-20260710T141732.186490574Z,fair-c100,2026-07-10T14:19:49.243Z,1783693189243,102948,first_a_sqs_sent_timestamp,26745,71,ok,
reaction-20260710T141732.186490574Z,baseline-c100,2026-07-10T14:19:50.219Z,1783693190219,103826,first_a_sqs_sent_timestamp,26687,90,ok,
reaction-20260710T141732.186490574Z,fair-c100,2026-07-10T14:19:50.247Z,1783693190247,103952,first_a_sqs_sent_timestamp,26674,88,ok,
reaction-20260710T141732.186490574Z,baseline-c100,2026-07-10T14:19:51.217Z,1783693191217,104824,first_a_sqs_sent_timestamp,26775,95,ok,
reaction-20260710T141732.186490574Z,fair-c100,2026-07-10T14:19:51.246Z,1783693191246,104951,first_a_sqs_sent_timestamp,26641,88,ok,
reaction-20260710T141732.186490574Z,baseline-c100,2026-07-10T14:19:52.216Z,1783693192216,105823,first_a_sqs_sent_timestamp,26734,93,ok,
reaction-20260710T141732.186490574Z,fair-c100,2026-07-10T14:19:52.245Z,1783693192245,105950,first_a_sqs_sent_timestamp,26697,80,ok,
reaction-20260710T141732.186490574Z,baseline-c100,2026-07-10T14:19:53.216Z,1783693193216,106823,first_a_sqs_sent_timestamp,26753,85,ok,
reaction-20260710T141732.186490574Z,fair-c100,2026-07-10T14:19:53.245Z,1783693193245,106950,first_a_sqs_sent_timestamp,26558,103,ok,
reaction-20260710T141732.186490574Z,baseline-c100,2026-07-10T14:19:54.216Z,1783693194216,107823,first_a_sqs_sent_timestamp,26642,99,ok,
reaction-20260710T141732.186490574Z,fair-c100,2026-07-10T14:19:54.247Z,1783693194247,107952,first_a_sqs_sent_timestamp,26548,87,ok,
reaction-20260710T141732.186490574Z,baseline-c100,2026-07-10T14:19:55.215Z,1783693195215,108822,first_a_sqs_sent_timestamp,26515,100,ok,
reaction-20260710T141732.186490574Z,fair-c100,2026-07-10T14:19:55.243Z,1783693195243,108948,first_a_sqs_sent_timestamp,26576,92,ok,
reaction-20260710T141732.186490574Z,baseline-c100,2026-07-10T14:19:56.215Z,1783693196215,109822,first_a_sqs_sent_timestamp,26477,94,ok,
reaction-20260710T141732.186490574Z,fair-c100,2026-07-10T14:19:56.242Z,1783693196242,109947,first_a_sqs_sent_timestamp,26591,103,ok,
reaction-20260710T141732.186490574Z,baseline-c100,2026-07-10T14:19:57.216Z,1783693197216,110823,first_a_sqs_sent_timestamp,26477,94,ok,
reaction-20260710T141732.186490574Z,fair-c100,2026-07-10T14:19:57.247Z,1783693197247,110952,first_a_sqs_sent_timestamp,26366,83,ok,
reaction-20260710T141732.186490574Z,baseline-c100,2026-07-10T14:19:58.22Z,1783693198220,111827,first_a_sqs_sent_timestamp,26417,89,ok,
reaction-20260710T141732.186490574Z,fair-c100,2026-07-10T14:19:58.249Z,1783693198249,111954,first_a_sqs_sent_timestamp,26735,85,ok,
reaction-20260710T141732.186490574Z,baseline-c100,2026-07-10T14:19:59.215Z,1783693199215,112822,first_a_sqs_sent_timestamp,26445,94,ok,
reaction-20260710T141732.186490574Z,fair-c100,2026-07-10T14:19:59.242Z,1783693199242,112947,first_a_sqs_sent_timestamp,26366,83,ok,
reaction-20260710T141732.186490574Z,baseline-c100,2026-07-10T14:20:00.217Z,1783693200217,113824,first_a_sqs_sent_timestamp,26550,94,ok,
reaction-20260710T141732.186490574Z,fair-c100,2026-07-10T14:20:00.246Z,1783693200246,113951,first_a_sqs_sent_timestamp,26462,88,ok,
reaction-20260710T141732.186490574Z,baseline-c100,2026-07-10T14:20:01.217Z,1783693201217,114824,first_a_sqs_sent_timestamp,26552,82,ok,
reaction-20260710T141732.186490574Z,fair-c100,2026-07-10T14:20:01.244Z,1783693201244,114949,first_a_sqs_sent_timestamp,26860,94,ok,
reaction-20260710T141732.186490574Z,baseline-c100,2026-07-10T14:20:02.219Z,1783693202219,115826,first_a_sqs_sent_timestamp,26578,90,ok,
reaction-20260710T141732.186490574Z,fair-c100,2026-07-10T14:20:02.247Z,1783693202247,115952,first_a_sqs_sent_timestamp,26276,89,ok,
reaction-20260710T141732.186490574Z,baseline-c100,2026-07-10T14:20:03.216Z,1783693203216,116823,first_a_sqs_sent_timestamp,26317,91,ok,
reaction-20260710T141732.186490574Z,fair-c100,2026-07-10T14:20:03.246Z,1783693203246,116951,first_a_sqs_sent_timestamp,26762,81,ok,
reaction-20260710T141732.186490574Z,baseline-c100,2026-07-10T14:20:04.216Z,1783693204216,117823,first_a_sqs_sent_timestamp,26336,84,ok,
reaction-20260710T141732.186490574Z,fair-c100,2026-07-10T14:20:04.244Z,1783693204244,117949,first_a_sqs_sent_timestamp,26240,101,ok,
reaction-20260710T141732.186490574Z,baseline-c100,2026-07-10T14:20:05.216Z,1783693205216,118823,first_a_sqs_sent_timestamp,26181,92,ok,
reaction-20260710T141732.186490574Z,fair-c100,2026-07-10T14:20:05.245Z,1783693205245,118950,first_a_sqs_sent_timestamp,26257,84,ok,
reaction-20260710T141732.186490574Z,baseline-c100,2026-07-10T14:20:06.215Z,1783693206215,119822,first_a_sqs_sent_timestamp,26357,85,ok,
reaction-20260710T141732.186490574Z,fair-c100,2026-07-10T14:20:06.244Z,1783693206244,119949,first_a_sqs_sent_timestamp,26501,88,ok,
reaction-20260710T141732.186490574Z,baseline-c100,2026-07-10T14:20:07.233Z,1783693207233,120840,first_a_sqs_sent_timestamp,26167,87,ok,
reaction-20260710T141732.186490574Z,fair-c100,2026-07-10T14:20:07.265Z,1783693207265,120970,first_a_sqs_sent_timestamp,26126,94,ok,
reaction-20260710T141732.186490574Z,baseline-c100,2026-07-10T14:20:08.216Z,1783693208216,121823,first_a_sqs_sent_timestamp,26152,91,ok,
reaction-20260710T141732.186490574Z,fair-c100,2026-07-10T14:20:08.244Z,1783693208244,121949,first_a_sqs_sent_timestamp,26119,86,ok,
reaction-20260710T141732.186490574Z,baseline-c100,2026-07-10T14:20:09.247Z,1783693209247,122854,first_a_sqs_sent_timestamp,26225,87,ok,
reaction-20260710T141732.186490574Z,fair-c100,2026-07-10T14:20:09.276Z,1783693209276,122981,first_a_sqs_sent_timestamp,26132,100,ok,
reaction-20260710T141732.186490574Z,baseline-c100,2026-07-10T14:20:10.218Z,1783693210218,123825,first_a_sqs_sent_timestamp,26676,85,ok,
reaction-20260710T141732.186490574Z,fair-c100,2026-07-10T14:20:10.245Z,1783693210245,123950,first_a_sqs_sent_timestamp,25916,72,ok,
reaction-20260710T141732.186490574Z,baseline-c100,2026-07-10T14:20:11.214Z,1783693211214,124821,first_a_sqs_sent_timestamp,25914,95,ok,
reaction-20260710T141732.186490574Z,fair-c100,2026-07-10T14:20:11.242Z,1783693211242,124947,first_a_sqs_sent_timestamp,25950,93,ok,
reaction-20260710T141732.186490574Z,baseline-c100,2026-07-10T14:20:12.214Z,1783693212214,125821,first_a_sqs_sent_timestamp,25928,98,ok,
reaction-20260710T141732.186490574Z,fair-c100,2026-07-10T14:20:12.241Z,1783693212241,125946,first_a_sqs_sent_timestamp,26098,94,ok,
reaction-20260710T141732.186490574Z,baseline-c100,2026-07-10T14:20:13.214Z,1783693213214,126821,first_a_sqs_sent_timestamp,26048,92,ok,
reaction-20260710T141732.186490574Z,fair-c100,2026-07-10T14:20:13.242Z,1783693213242,126947,first_a_sqs_sent_timestamp,26271,105,ok,
reaction-20260710T141732.186490574Z,baseline-c100,2026-07-10T14:20:14.215Z,1783693214215,127822,first_a_sqs_sent_timestamp,25941,102,ok,
reaction-20260710T141732.186490574Z,fair-c100,2026-07-10T14:20:14.242Z,1783693214242,127947,first_a_sqs_sent_timestamp,25931,103,ok,
reaction-20260710T141732.186490574Z,baseline-c100,2026-07-10T14:20:15.218Z,1783693215218,128825,first_a_sqs_sent_timestamp,26104,90,ok,
reaction-20260710T141732.186490574Z,fair-c100,2026-07-10T14:20:15.243Z,1783693215243,128948,first_a_sqs_sent_timestamp,26095,65,ok,
reaction-20260710T141732.186490574Z,baseline-c100,2026-07-10T14:20:16.221Z,1783693216221,129828,first_a_sqs_sent_timestamp,25927,100,ok,
reaction-20260710T141732.186490574Z,fair-c100,2026-07-10T14:20:16.25Z,1783693216250,129955,first_a_sqs_sent_timestamp,26008,82,ok,
reaction-20260710T141732.186490574Z,baseline-c100,2026-07-10T14:20:17.215Z,1783693217215,130822,first_a_sqs_sent_timestamp,25974,95,ok,
reaction-20260710T141732.186490574Z,fair-c100,2026-07-10T14:20:17.242Z,1783693217242,130947,first_a_sqs_sent_timestamp,25727,81,ok,
reaction-20260710T141732.186490574Z,baseline-c100,2026-07-10T14:20:18.216Z,1783693218216,131823,first_a_sqs_sent_timestamp,25726,102,ok,
reaction-20260710T141732.186490574Z,fair-c100,2026-07-10T14:20:18.244Z,1783693218244,131949,first_a_sqs_sent_timestamp,25853,86,ok,
reaction-20260710T141732.186490574Z,baseline-c100,2026-07-10T14:20:19.215Z,1783693219215,132822,first_a_sqs_sent_timestamp,25690,96,ok,
reaction-20260710T141732.186490574Z,fair-c100,2026-07-10T14:20:19.239Z,1783693219239,132944,first_a_sqs_sent_timestamp,25721,83,ok,
reaction-20260710T141732.186490574Z,baseline-c100,2026-07-10T14:20:20.214Z,1783693220214,133821,first_a_sqs_sent_timestamp,25681,88,ok,
reaction-20260710T141732.186490574Z,fair-c100,2026-07-10T14:20:20.241Z,1783693220241,133946,first_a_sqs_sent_timestamp,25838,74,ok,
reaction-20260710T141732.186490574Z,baseline-c100,2026-07-10T14:20:21.216Z,1783693221216,134823,first_a_sqs_sent_timestamp,25877,102,ok,
reaction-20260710T141732.186490574Z,fair-c100,2026-07-10T14:20:21.243Z,1783693221243,134948,first_a_sqs_sent_timestamp,25681,98,ok,
reaction-20260710T141732.186490574Z,baseline-c100,2026-07-10T14:20:22.222Z,1783693222222,135829,first_a_sqs_sent_timestamp,26247,88,ok,
reaction-20260710T141732.186490574Z,fair-c100,2026-07-10T14:20:22.25Z,1783693222250,135955,first_a_sqs_sent_timestamp,25783,95,ok,
reaction-20260710T141732.186490574Z,baseline-c100,2026-07-10T14:20:23.217Z,1783693223217,136824,first_a_sqs_sent_timestamp,25726,102,ok,
reaction-20260710T141732.186490574Z,fair-c100,2026-07-10T14:20:23.246Z,1783693223246,136951,first_a_sqs_sent_timestamp,25662,85,ok,
reaction-20260710T141732.186490574Z,baseline-c100,2026-07-10T14:20:24.216Z,1783693224216,137823,first_a_sqs_sent_timestamp,25913,84,ok,
reaction-20260710T141732.186490574Z,fair-c100,2026-07-10T14:20:24.243Z,1783693224243,137948,first_a_sqs_sent_timestamp,25574,77,ok,
reaction-20260710T141732.186490574Z,baseline-c100,2026-07-10T14:20:25.222Z,1783693225222,138829,first_a_sqs_sent_timestamp,25614,99,ok,
reaction-20260710T141732.186490574Z,fair-c100,2026-07-10T14:20:25.25Z,1783693225250,138955,first_a_sqs_sent_timestamp,25525,77,ok,
reaction-20260710T141732.186490574Z,baseline-c100,2026-07-10T14:20:26.215Z,1783693226215,139822,first_a_sqs_sent_timestamp,25577,96,ok,
reaction-20260710T141732.186490574Z,fair-c100,2026-07-10T14:20:26.244Z,1783693226244,139949,first_a_sqs_sent_timestamp,25554,95,ok,
reaction-20260710T141732.186490574Z,baseline-c100,2026-07-10T14:20:27.22Z,1783693227220,140827,first_a_sqs_sent_timestamp,25596,96,ok,
reaction-20260710T141732.186490574Z,fair-c100,2026-07-10T14:20:27.249Z,1783693227249,140954,first_a_sqs_sent_timestamp,25559,87,ok,
reaction-20260710T141732.186490574Z,baseline-c100,2026-07-10T14:20:28.213Z,1783693228213,141820,first_a_sqs_sent_timestamp,25403,84,ok,
reaction-20260710T141732.186490574Z,fair-c100,2026-07-10T14:20:28.242Z,1783693228242,141947,first_a_sqs_sent_timestamp,25486,83,ok,
reaction-20260710T141732.186490574Z,baseline-c100,2026-07-10T14:20:29.215Z,1783693229215,142822,first_a_sqs_sent_timestamp,25413,86,ok,
reaction-20260710T141732.186490574Z,fair-c100,2026-07-10T14:20:29.243Z,1783693229243,142948,first_a_sqs_sent_timestamp,25446,80,ok,
reaction-20260710T141732.186490574Z,baseline-c100,2026-07-10T14:20:30.215Z,1783693230215,143822,first_a_sqs_sent_timestamp,25549,88,ok,
reaction-20260710T141732.186490574Z,fair-c100,2026-07-10T14:20:30.242Z,1783693230242,143947,first_a_sqs_sent_timestamp,25637,81,ok,
reaction-20260710T141732.186490574Z,baseline-c100,2026-07-10T14:20:31.217Z,1783693231217,144824,first_a_sqs_sent_timestamp,25393,83,ok,
reaction-20260710T141732.186490574Z,fair-c100,2026-07-10T14:20:31.247Z,1783693231247,144952,first_a_sqs_sent_timestamp,25395,87,ok,
reaction-20260710T141732.186490574Z,baseline-c100,2026-07-10T14:20:32.215Z,1783693232215,145822,first_a_sqs_sent_timestamp,25370,92,ok,
reaction-20260710T141732.186490574Z,fair-c100,2026-07-10T14:20:32.24Z,1783693232240,145945,first_a_sqs_sent_timestamp,25253,89,ok,
reaction-20260710T141732.186490574Z,baseline-c100,2026-07-10T14:20:33.215Z,1783693233215,146822,first_a_sqs_sent_timestamp,25284,86,ok,
reaction-20260710T141732.186490574Z,fair-c100,2026-07-10T14:20:33.242Z,1783693233242,146947,first_a_sqs_sent_timestamp,25379,88,ok,
reaction-20260710T141732.186490574Z,baseline-c100,2026-07-10T14:20:34.217Z,1783693234217,147824,first_a_sqs_sent_timestamp,25227,93,ok,
reaction-20260710T141732.186490574Z,fair-c100,2026-07-10T14:20:34.243Z,1783693234243,147948,first_a_sqs_sent_timestamp,25192,85,ok,
reaction-20260710T141732.186490574Z,baseline-c100,2026-07-10T14:20:35.216Z,1783693235216,148823,first_a_sqs_sent_timestamp,25377,96,ok,
reaction-20260710T141732.186490574Z,fair-c100,2026-07-10T14:20:35.251Z,1783693235251,148956,first_a_sqs_sent_timestamp,25462,79,ok,
reaction-20260710T141732.186490574Z,baseline-c100,2026-07-10T14:20:36.215Z,1783693236215,149822,first_a_sqs_sent_timestamp,25255,79,ok,
reaction-20260710T141732.186490574Z,fair-c100,2026-07-10T14:20:36.243Z,1783693236243,149948,first_a_sqs_sent_timestamp,25158,93,ok,
reaction-20260710T141732.186490574Z,baseline-c100,2026-07-10T14:20:37.214Z,1783693237214,150821,first_a_sqs_sent_timestamp,25445,96,ok,
reaction-20260710T141732.186490574Z,fair-c100,2026-07-10T14:20:37.241Z,1783693237241,150946,first_a_sqs_sent_timestamp,25193,90,ok,
reaction-20260710T141732.186490574Z,baseline-c100,2026-07-10T14:20:38.214Z,1783693238214,151821,first_a_sqs_sent_timestamp,25066,93,ok,
reaction-20260710T141732.186490574Z,fair-c100,2026-07-10T14:20:38.241Z,1783693238241,151946,first_a_sqs_sent_timestamp,25046,92,ok,
reaction-20260710T141732.186490574Z,baseline-c100,2026-07-10T14:20:39.215Z,1783693239215,152822,first_a_sqs_sent_timestamp,25125,105,ok,
reaction-20260710T141732.186490574Z,fair-c100,2026-07-10T14:20:39.242Z,1783693239242,152947,first_a_sqs_sent_timestamp,25106,91,ok,
reaction-20260710T141732.186490574Z,baseline-c100,2026-07-10T14:20:40.214Z,1783693240214,153821,first_a_sqs_sent_timestamp,25105,81,ok,
reaction-20260710T141732.186490574Z,fair-c100,2026-07-10T14:20:40.243Z,1783693240243,153948,first_a_sqs_sent_timestamp,25373,86,ok,
reaction-20260710T141732.186490574Z,baseline-c100,2026-07-10T14:20:41.215Z,1783693241215,154822,first_a_sqs_sent_timestamp,24945,87,ok,
reaction-20260710T141732.186490574Z,fair-c100,2026-07-10T14:20:41.243Z,1783693241243,154948,first_a_sqs_sent_timestamp,25183,91,ok,
reaction-20260710T141732.186490574Z,baseline-c100,2026-07-10T14:20:42.216Z,1783693242216,155823,first_a_sqs_sent_timestamp,25062,99,ok,
reaction-20260710T141732.186490574Z,fair-c100,2026-07-10T14:20:42.243Z,1783693242243,155948,first_a_sqs_sent_timestamp,25338,81,ok,
reaction-20260710T141732.186490574Z,baseline-c100,2026-07-10T14:20:43.22Z,1783693243220,156827,first_a_sqs_sent_timestamp,24958,96,ok,
reaction-20260710T141732.186490574Z,fair-c100,2026-07-10T14:20:43.249Z,1783693243249,156954,first_a_sqs_sent_timestamp,24968,97,ok,
reaction-20260710T141732.186490574Z,baseline-c100,2026-07-10T14:20:44.217Z,1783693244217,157824,first_a_sqs_sent_timestamp,25003,93,ok,
reaction-20260710T141732.186490574Z,fair-c100,2026-07-10T14:20:44.245Z,1783693244245,157950,first_a_sqs_sent_timestamp,24987,75,ok,
reaction-20260710T141732.186490574Z,baseline-c100,2026-07-10T14:20:45.216Z,1783693245216,158823,first_a_sqs_sent_timestamp,25084,94,ok,
reaction-20260710T141732.186490574Z,fair-c100,2026-07-10T14:20:45.243Z,1783693245243,158948,first_a_sqs_sent_timestamp,24946,91,ok,
reaction-20260710T141732.186490574Z,baseline-c100,2026-07-10T14:20:46.215Z,1783693246215,159822,first_a_sqs_sent_timestamp,24861,92,ok,
reaction-20260710T141732.186490574Z,fair-c100,2026-07-10T14:20:46.245Z,1783693246245,159950,first_a_sqs_sent_timestamp,24865,82,ok,
reaction-20260710T141732.186490574Z,baseline-c100,2026-07-10T14:20:47.216Z,1783693247216,160823,first_a_sqs_sent_timestamp,25269,82,ok,
reaction-20260710T141732.186490574Z,fair-c100,2026-07-10T14:20:47.242Z,1783693247242,160947,first_a_sqs_sent_timestamp,24759,83,ok,
reaction-20260710T141732.186490574Z,baseline-c100,2026-07-10T14:20:48.215Z,1783693248215,161822,first_a_sqs_sent_timestamp,25060,86,ok,
reaction-20260710T141732.186490574Z,fair-c100,2026-07-10T14:20:48.242Z,1783693248242,161947,first_a_sqs_sent_timestamp,24989,75,ok,
reaction-20260710T141732.186490574Z,baseline-c100,2026-07-10T14:20:49.215Z,1783693249215,162822,first_a_sqs_sent_timestamp,24821,96,ok,
reaction-20260710T141732.186490574Z,fair-c100,2026-07-10T14:20:49.243Z,1783693249243,162948,first_a_sqs_sent_timestamp,24859,84,ok,
reaction-20260710T141732.186490574Z,baseline-c100,2026-07-10T14:20:50.216Z,1783693250216,163823,first_a_sqs_sent_timestamp,24616,87,ok,
reaction-20260710T141732.186490574Z,fair-c100,2026-07-10T14:20:50.246Z,1783693250246,163951,first_a_sqs_sent_timestamp,24863,85,ok,
reaction-20260710T141732.186490574Z,baseline-c100,2026-07-10T14:20:51.221Z,1783693251221,164828,first_a_sqs_sent_timestamp,24615,70,ok,
reaction-20260710T141732.186490574Z,fair-c100,2026-07-10T14:20:51.249Z,1783693251249,164954,first_a_sqs_sent_timestamp,24865,79,ok,
reaction-20260710T141732.186490574Z,baseline-c100,2026-07-10T14:20:52.218Z,1783693252218,165825,first_a_sqs_sent_timestamp,24762,98,ok,
reaction-20260710T141732.186490574Z,fair-c100,2026-07-10T14:20:52.247Z,1783693252247,165952,first_a_sqs_sent_timestamp,24578,82,ok,
reaction-20260710T141732.186490574Z,baseline-c100,2026-07-10T14:20:53.216Z,1783693253216,166823,first_a_sqs_sent_timestamp,24941,93,ok,
reaction-20260710T141732.186490574Z,fair-c100,2026-07-10T14:20:53.246Z,1783693253246,166951,first_a_sqs_sent_timestamp,24759,83,ok,
reaction-20260710T141732.186490574Z,baseline-c100,2026-07-10T14:20:54.215Z,1783693254215,167822,first_a_sqs_sent_timestamp,24493,85,ok,
reaction-20260710T141732.186490574Z,fair-c100,2026-07-10T14:20:54.241Z,1783693254241,167946,first_a_sqs_sent_timestamp,24589,94,ok,
reaction-20260710T141732.186490574Z,baseline-c100,2026-07-10T14:20:55.215Z,1783693255215,168822,first_a_sqs_sent_timestamp,24708,99,ok,
reaction-20260710T141732.186490574Z,fair-c100,2026-07-10T14:20:55.243Z,1783693255243,168948,first_a_sqs_sent_timestamp,24578,82,ok,
reaction-20260710T141732.186490574Z,baseline-c100,2026-07-10T14:20:56.215Z,1783693256215,169822,first_a_sqs_sent_timestamp,24603,92,ok,
reaction-20260710T141732.186490574Z,fair-c100,2026-07-10T14:20:56.249Z,1783693256249,169954,first_a_sqs_sent_timestamp,25264,78,ok,
reaction-20260710T141732.186490574Z,baseline-c100,2026-07-10T14:20:57.219Z,1783693257219,170826,first_a_sqs_sent_timestamp,24568,58,ok,
reaction-20260710T141732.186490574Z,fair-c100,2026-07-10T14:20:57.247Z,1783693257247,170952,first_a_sqs_sent_timestamp,24464,70,ok,
reaction-20260710T141732.186490574Z,baseline-c100,2026-07-10T14:20:58.223Z,1783693258223,171830,first_a_sqs_sent_timestamp,24620,78,ok,
reaction-20260710T141732.186490574Z,fair-c100,2026-07-10T14:20:58.255Z,1783693258255,171960,first_a_sqs_sent_timestamp,24737,78,ok,
reaction-20260710T141732.186490574Z,baseline-c100,2026-07-10T14:20:59.216Z,1783693259216,172823,first_a_sqs_sent_timestamp,24581,100,ok,
reaction-20260710T141732.186490574Z,fair-c100,2026-07-10T14:20:59.245Z,1783693259245,172950,first_a_sqs_sent_timestamp,24361,94,ok,
reaction-20260710T141732.186490574Z,baseline-c100,2026-07-10T14:21:00.214Z,1783693260214,173821,first_a_sqs_sent_timestamp,24370,80,ok,
reaction-20260710T141732.186490574Z,fair-c100,2026-07-10T14:21:00.244Z,1783693260244,173949,first_a_sqs_sent_timestamp,24476,91,ok,
reaction-20260710T141732.186490574Z,baseline-c100,2026-07-10T14:21:01.215Z,1783693261215,174822,first_a_sqs_sent_timestamp,24519,87,ok,
reaction-20260710T141732.186490574Z,fair-c100,2026-07-10T14:21:01.243Z,1783693261243,174948,first_a_sqs_sent_timestamp,24285,86,ok,
reaction-20260710T141732.186490574Z,baseline-c100,2026-07-10T14:21:02.214Z,1783693262214,175821,first_a_sqs_sent_timestamp,24430,79,ok,
reaction-20260710T141732.186490574Z,fair-c100,2026-07-10T14:21:02.242Z,1783693262242,175947,first_a_sqs_sent_timestamp,24285,86,ok,
reaction-20260710T141732.186490574Z,baseline-c100,2026-07-10T14:21:03.215Z,1783693263215,176822,first_a_sqs_sent_timestamp,24408,94,ok,
reaction-20260710T141732.186490574Z,fair-c100,2026-07-10T14:21:03.239Z,1783693263239,176944,first_a_sqs_sent_timestamp,24218,101,ok,
reaction-20260710T141732.186490574Z,baseline-c100,2026-07-10T14:21:04.217Z,1783693264217,177824,first_a_sqs_sent_timestamp,24317,92,ok,
reaction-20260710T141732.186490574Z,fair-c100,2026-07-10T14:21:04.247Z,1783693264247,177952,first_a_sqs_sent_timestamp,24512,95,ok,
reaction-20260710T141732.186490574Z,baseline-c100,2026-07-10T14:21:05.219Z,1783693265219,178826,first_a_sqs_sent_timestamp,24217,88,ok,
reaction-20260710T141732.186490574Z,fair-c100,2026-07-10T14:21:05.249Z,1783693265249,178954,first_a_sqs_sent_timestamp,24269,89,ok,
reaction-20260710T141732.186490574Z,baseline-c100,2026-07-10T14:21:06.218Z,1783693266218,179825,first_a_sqs_sent_timestamp,24113,99,ok,
reaction-20260710T141732.186490574Z,fair-c100,2026-07-10T14:21:06.245Z,1783693266245,179950,first_a_sqs_sent_timestamp,24429,87,ok,
reaction-20260710T141732.186490574Z,baseline-c100,2026-07-10T14:21:07.214Z,1783693267214,180821,first_a_sqs_sent_timestamp,24136,95,ok,
reaction-20260710T141732.186490574Z,fair-c100,2026-07-10T14:21:07.244Z,1783693267244,180949,first_a_sqs_sent_timestamp,24201,70,ok,
reaction-20260710T141732.186490574Z,baseline-c100,2026-07-10T14:21:08.214Z,1783693268214,181821,first_a_sqs_sent_timestamp,24270,90,ok,
reaction-20260710T141732.186490574Z,fair-c100,2026-07-10T14:21:08.243Z,1783693268243,181948,first_a_sqs_sent_timestamp,24173,92,ok,
reaction-20260710T141732.186490574Z,baseline-c100,2026-07-10T14:21:09.217Z,1783693269217,182824,first_a_sqs_sent_timestamp,24162,92,ok,
reaction-20260710T141732.186490574Z,fair-c100,2026-07-10T14:21:09.244Z,1783693269244,182949,first_a_sqs_sent_timestamp,24016,85,ok,
reaction-20260710T141732.186490574Z,baseline-c100,2026-07-10T14:21:10.216Z,1783693270216,183823,first_a_sqs_sent_timestamp,24107,89,ok,
reaction-20260710T141732.186490574Z,fair-c100,2026-07-10T14:21:10.242Z,1783693270242,183947,first_a_sqs_sent_timestamp,24031,83,ok,
reaction-20260710T141732.186490574Z,baseline-c100,2026-07-10T14:21:11.215Z,1783693271215,184822,first_a_sqs_sent_timestamp,23931,80,ok,
reaction-20260710T141732.186490574Z,fair-c100,2026-07-10T14:21:11.243Z,1783693271243,184948,first_a_sqs_sent_timestamp,24127,85,ok,
reaction-20260710T141732.186490574Z,baseline-c100,2026-07-10T14:21:12.217Z,1783693272217,185824,first_a_sqs_sent_timestamp,24101,94,ok,
reaction-20260710T141732.186490574Z,fair-c100,2026-07-10T14:21:12.276Z,1783693272276,185981,first_a_sqs_sent_timestamp,24123,90,ok,
reaction-20260710T141732.186490574Z,baseline-c100,2026-07-10T14:21:13.215Z,1783693273215,186822,first_a_sqs_sent_timestamp,23962,91,ok,
reaction-20260710T141732.186490574Z,fair-c100,2026-07-10T14:21:13.244Z,1783693273244,186949,first_a_sqs_sent_timestamp,24164,94,ok,
reaction-20260710T141732.186490574Z,baseline-c100,2026-07-10T14:21:14.215Z,1783693274215,187822,first_a_sqs_sent_timestamp,23900,82,ok,
reaction-20260710T141732.186490574Z,fair-c100,2026-07-10T14:21:14.243Z,1783693274243,187948,first_a_sqs_sent_timestamp,23921,89,ok,
reaction-20260710T141732.186490574Z,baseline-c100,2026-07-10T14:21:15.215Z,1783693275215,188822,first_a_sqs_sent_timestamp,23939,98,ok,
reaction-20260710T141732.186490574Z,fair-c100,2026-07-10T14:21:15.244Z,1783693275244,188949,first_a_sqs_sent_timestamp,23952,94,ok,
reaction-20260710T141732.186490574Z,baseline-c100,2026-07-10T14:21:16.214Z,1783693276214,189821,first_a_sqs_sent_timestamp,24161,91,ok,
reaction-20260710T141732.186490574Z,fair-c100,2026-07-10T14:21:16.242Z,1783693276242,189947,first_a_sqs_sent_timestamp,23878,91,ok,
reaction-20260710T141732.186490574Z,baseline-c100,2026-07-10T14:21:17.214Z,1783693277214,190821,first_a_sqs_sent_timestamp,23720,85,ok,
reaction-20260710T141732.186490574Z,fair-c100,2026-07-10T14:21:17.242Z,1783693277242,190947,first_a_sqs_sent_timestamp,23928,93,ok,
reaction-20260710T141732.186490574Z,baseline-c100,2026-07-10T14:21:18.217Z,1783693278217,191824,first_a_sqs_sent_timestamp,23861,91,ok,
reaction-20260710T141732.186490574Z,fair-c100,2026-07-10T14:21:18.245Z,1783693278245,191950,first_a_sqs_sent_timestamp,24052,93,ok,
reaction-20260710T141732.186490574Z,baseline-c100,2026-07-10T14:21:19.216Z,1783693279216,192823,first_a_sqs_sent_timestamp,23920,105,ok,
reaction-20260710T141732.186490574Z,fair-c100,2026-07-10T14:21:19.243Z,1783693279243,192948,first_a_sqs_sent_timestamp,23764,91,ok,
reaction-20260710T141732.186490574Z,baseline-c100,2026-07-10T14:21:20.243Z,1783693280243,193850,first_a_sqs_sent_timestamp,23676,99,ok,
reaction-20260710T141732.186490574Z,fair-c100,2026-07-10T14:21:20.269Z,1783693280269,193974,first_a_sqs_sent_timestamp,23808,81,ok,
reaction-20260710T141732.186490574Z,baseline-c100,2026-07-10T14:21:21.216Z,1783693281216,194823,first_a_sqs_sent_timestamp,23614,95,ok,
reaction-20260710T141732.186490574Z,fair-c100,2026-07-10T14:21:21.25Z,1783693281250,194955,first_a_sqs_sent_timestamp,23854,97,ok,
reaction-20260710T141732.186490574Z,baseline-c100,2026-07-10T14:21:22.215Z,1783693282215,195822,first_a_sqs_sent_timestamp,23923,99,ok,
reaction-20260710T141732.186490574Z,fair-c100,2026-07-10T14:21:22.242Z,1783693282242,195947,first_a_sqs_sent_timestamp,23891,106,ok,
reaction-20260710T141732.186490574Z,baseline-c100,2026-07-10T14:21:23.215Z,1783693283215,196822,first_a_sqs_sent_timestamp,23870,98,ok,
reaction-20260710T141732.186490574Z,fair-c100,2026-07-10T14:21:23.242Z,1783693283242,196947,first_a_sqs_sent_timestamp,23597,99,ok,
reaction-20260710T141732.186490574Z,baseline-c100,2026-07-10T14:21:24.223Z,1783693284223,197830,first_a_sqs_sent_timestamp,23761,81,ok,
reaction-20260710T141732.186490574Z,fair-c100,2026-07-10T14:21:24.277Z,1783693284277,197982,first_a_sqs_sent_timestamp,23695,84,ok,
reaction-20260710T141732.186490574Z,baseline-c100,2026-07-10T14:21:25.217Z,1783693285217,198824,first_a_sqs_sent_timestamp,23637,80,ok,
reaction-20260710T141732.186490574Z,fair-c100,2026-07-10T14:21:25.247Z,1783693285247,198952,first_a_sqs_sent_timestamp,23565,93,ok,
reaction-20260710T141732.186490574Z,baseline-c100,2026-07-10T14:21:26.216Z,1783693286216,199823,first_a_sqs_sent_timestamp,23519,91,ok,
reaction-20260710T141732.186490574Z,fair-c100,2026-07-10T14:21:26.242Z,1783693286242,199947,first_a_sqs_sent_timestamp,23405,84,ok,
reaction-20260710T141732.186490574Z,baseline-c100,2026-07-10T14:21:27.216Z,1783693287216,200823,first_a_sqs_sent_timestamp,23449,105,ok,
reaction-20260710T141732.186490574Z,fair-c100,2026-07-10T14:21:27.249Z,1783693287249,200954,first_a_sqs_sent_timestamp,23504,97,ok,
reaction-20260710T141732.186490574Z,baseline-c100,2026-07-10T14:21:28.215Z,1783693288215,201822,first_a_sqs_sent_timestamp,23452,93,ok,
reaction-20260710T141732.186490574Z,fair-c100,2026-07-10T14:21:28.242Z,1783693288242,201947,first_a_sqs_sent_timestamp,23490,90,ok,
reaction-20260710T141732.186490574Z,baseline-c100,2026-07-10T14:21:29.216Z,1783693289216,202823,first_a_sqs_sent_timestamp,23455,97,ok,
reaction-20260710T141732.186490574Z,fair-c100,2026-07-10T14:21:29.243Z,1783693289243,202948,first_a_sqs_sent_timestamp,23274,90,ok,
reaction-20260710T141732.186490574Z,baseline-c100,2026-07-10T14:21:30.215Z,1783693290215,203822,first_a_sqs_sent_timestamp,23393,97,ok,
reaction-20260710T141732.186490574Z,fair-c100,2026-07-10T14:21:30.244Z,1783693290244,203949,first_a_sqs_sent_timestamp,23433,87,ok,
reaction-20260710T141732.186490574Z,baseline-c100,2026-07-10T14:21:31.217Z,1783693291217,204824,first_a_sqs_sent_timestamp,23334,106,ok,
reaction-20260710T141732.186490574Z,fair-c100,2026-07-10T14:21:31.244Z,1783693291244,204949,first_a_sqs_sent_timestamp,23659,107,ok,
reaction-20260710T141732.186490574Z,baseline-c100,2026-07-10T14:21:32.216Z,1783693292216,205823,first_a_sqs_sent_timestamp,23511,104,ok,
reaction-20260710T141732.186490574Z,fair-c100,2026-07-10T14:21:32.242Z,1783693292242,205947,first_a_sqs_sent_timestamp,23180,78,ok,
reaction-20260710T141732.186490574Z,baseline-c100,2026-07-10T14:21:33.214Z,1783693293214,206821,first_a_sqs_sent_timestamp,23121,98,ok,
reaction-20260710T141732.186490574Z,fair-c100,2026-07-10T14:21:33.241Z,1783693293241,206946,first_a_sqs_sent_timestamp,23465,77,ok,
reaction-20260710T141732.186490574Z,baseline-c100,2026-07-10T14:21:34.23Z,1783693294230,207837,first_a_sqs_sent_timestamp,23393,101,ok,
reaction-20260710T141732.186490574Z,fair-c100,2026-07-10T14:21:34.258Z,1783693294258,207963,first_a_sqs_sent_timestamp,23200,93,ok,
reaction-20260710T141732.186490574Z,baseline-c100,2026-07-10T14:21:35.216Z,1783693295216,208823,first_a_sqs_sent_timestamp,23324,92,ok,
reaction-20260710T141732.186490574Z,fair-c100,2026-07-10T14:21:35.242Z,1783693295242,208947,first_a_sqs_sent_timestamp,23141,81,ok,
reaction-20260710T141732.186490574Z,baseline-c100,2026-07-10T14:21:36.215Z,1783693296215,209822,first_a_sqs_sent_timestamp,23325,94,ok,
reaction-20260710T141732.186490574Z,fair-c100,2026-07-10T14:21:36.243Z,1783693296243,209948,first_a_sqs_sent_timestamp,23128,98,ok,
reaction-20260710T141732.186490574Z,baseline-c100,2026-07-10T14:21:37.218Z,1783693297218,210825,first_a_sqs_sent_timestamp,23150,101,ok,
reaction-20260710T141732.186490574Z,fair-c100,2026-07-10T14:21:37.249Z,1783693297249,210954,first_a_sqs_sent_timestamp,23112,79,ok,
reaction-20260710T141732.186490574Z,baseline-c100,2026-07-10T14:21:38.217Z,1783693298217,211824,first_a_sqs_sent_timestamp,23157,90,ok,
reaction-20260710T141732.186490574Z,fair-c100,2026-07-10T14:21:38.247Z,1783693298247,211952,first_a_sqs_sent_timestamp,23211,90,ok,
reaction-20260710T141732.186490574Z,baseline-c100,2026-07-10T14:21:39.215Z,1783693299215,212822,first_a_sqs_sent_timestamp,23013,81,ok,
reaction-20260710T141732.186490574Z,fair-c100,2026-07-10T14:21:39.245Z,1783693299245,212950,first_a_sqs_sent_timestamp,23057,91,ok,
reaction-20260710T141732.186490574Z,baseline-c100,2026-07-10T14:21:40.218Z,1783693300218,213825,first_a_sqs_sent_timestamp,23025,77,ok,
reaction-20260710T141732.186490574Z,fair-c100,2026-07-10T14:21:40.247Z,1783693300247,213952,first_a_sqs_sent_timestamp,23275,79,ok,
reaction-20260710T141732.186490574Z,baseline-c100,2026-07-10T14:21:41.216Z,1783693301216,214823,first_a_sqs_sent_timestamp,22983,85,ok,
reaction-20260710T141732.186490574Z,fair-c100,2026-07-10T14:21:41.243Z,1783693301243,214948,first_a_sqs_sent_timestamp,22938,105,ok,
reaction-20260710T141732.186490574Z,baseline-c100,2026-07-10T14:21:42.218Z,1783693302218,215825,first_a_sqs_sent_timestamp,23068,98,ok,
reaction-20260710T141732.186490574Z,fair-c100,2026-07-10T14:21:42.247Z,1783693302247,215952,first_a_sqs_sent_timestamp,23282,93,ok,
reaction-20260710T141732.186490574Z,baseline-c100,2026-07-10T14:21:43.215Z,1783693303215,216822,first_a_sqs_sent_timestamp,22946,84,ok,
reaction-20260710T141732.186490574Z,fair-c100,2026-07-10T14:21:43.241Z,1783693303241,216946,first_a_sqs_sent_timestamp,23123,79,ok,
reaction-20260710T141732.186490574Z,baseline-c100,2026-07-10T14:21:44.216Z,1783693304216,217823,first_a_sqs_sent_timestamp,23081,93,ok,
reaction-20260710T141732.186490574Z,fair-c100,2026-07-10T14:21:44.244Z,1783693304244,217949,first_a_sqs_sent_timestamp,23148,77,ok,
reaction-20260710T141732.186490574Z,baseline-c100,2026-07-10T14:21:45.215Z,1783693305215,218822,first_a_sqs_sent_timestamp,22961,91,ok,
reaction-20260710T141732.186490574Z,fair-c100,2026-07-10T14:21:45.243Z,1783693305243,218948,first_a_sqs_sent_timestamp,22872,100,ok,
reaction-20260710T141732.186490574Z,baseline-c100,2026-07-10T14:21:46.217Z,1783693306217,219824,first_a_sqs_sent_timestamp,23071,74,ok,
reaction-20260710T141732.186490574Z,fair-c100,2026-07-10T14:21:46.248Z,1783693306248,219953,first_a_sqs_sent_timestamp,22802,95,ok,
reaction-20260710T141732.186490574Z,baseline-c100,2026-07-10T14:21:47.216Z,1783693307216,220823,first_a_sqs_sent_timestamp,22897,86,ok,
reaction-20260710T141732.186490574Z,fair-c100,2026-07-10T14:21:47.246Z,1783693307246,220951,first_a_sqs_sent_timestamp,22827,92,ok,
reaction-20260710T141732.186490574Z,baseline-c100,2026-07-10T14:21:48.217Z,1783693308217,221824,first_a_sqs_sent_timestamp,22807,90,ok,
reaction-20260710T141732.186490574Z,fair-c100,2026-07-10T14:21:48.245Z,1783693308245,221950,first_a_sqs_sent_timestamp,22707,89,ok,
reaction-20260710T141732.186490574Z,baseline-c100,2026-07-10T14:21:49.218Z,1783693309218,222825,first_a_sqs_sent_timestamp,22788,98,ok,
reaction-20260710T141732.186490574Z,fair-c100,2026-07-10T14:21:49.245Z,1783693309245,222950,first_a_sqs_sent_timestamp,22763,81,ok,
reaction-20260710T141732.186490574Z,baseline-c100,2026-07-10T14:21:50.215Z,1783693310215,223822,first_a_sqs_sent_timestamp,22661,87,ok,
reaction-20260710T141732.186490574Z,fair-c100,2026-07-10T14:21:50.244Z,1783693310244,223949,first_a_sqs_sent_timestamp,22884,92,ok,
reaction-20260710T141732.186490574Z,baseline-c100,2026-07-10T14:21:51.213Z,1783693311213,224820,first_a_sqs_sent_timestamp,22600,77,ok,
reaction-20260710T141732.186490574Z,fair-c100,2026-07-10T14:21:51.246Z,1783693311246,224951,first_a_sqs_sent_timestamp,23023,71,ok,
reaction-20260710T141732.186490574Z,baseline-c100,2026-07-10T14:21:52.216Z,1783693312216,225823,first_a_sqs_sent_timestamp,22755,86,ok,
reaction-20260710T141732.186490574Z,fair-c100,2026-07-10T14:21:52.246Z,1783693312246,225951,first_a_sqs_sent_timestamp,22868,100,ok,
reaction-20260710T141732.186490574Z,baseline-c100,2026-07-10T14:21:53.216Z,1783693313216,226823,first_a_sqs_sent_timestamp,22696,82,ok,
reaction-20260710T141732.186490574Z,fair-c100,2026-07-10T14:21:53.243Z,1783693313243,226948,first_a_sqs_sent_timestamp,22724,88,ok,
reaction-20260710T141732.186490574Z,baseline-c100,2026-07-10T14:21:54.217Z,1783693314217,227824,first_a_sqs_sent_timestamp,22532,91,ok,
reaction-20260710T141732.186490574Z,fair-c100,2026-07-10T14:21:54.245Z,1783693314245,227950,first_a_sqs_sent_timestamp,22585,91,ok,
reaction-20260710T141732.186490574Z,baseline-c100,2026-07-10T14:21:55.216Z,1783693315216,228823,first_a_sqs_sent_timestamp,22560,92,ok,
reaction-20260710T141732.186490574Z,fair-c100,2026-07-10T14:21:55.242Z,1783693315242,228947,first_a_sqs_sent_timestamp,22601,78,ok,
reaction-20260710T141732.186490574Z,baseline-c100,2026-07-10T14:21:56.215Z,1783693316215,229822,first_a_sqs_sent_timestamp,22611,78,ok,
reaction-20260710T141732.186490574Z,fair-c100,2026-07-10T14:21:56.242Z,1783693316242,229947,first_a_sqs_sent_timestamp,22740,83,ok,
reaction-20260710T141732.186490574Z,baseline-c100,2026-07-10T14:21:57.218Z,1783693317218,230825,first_a_sqs_sent_timestamp,22351,87,ok,
reaction-20260710T141732.186490574Z,fair-c100,2026-07-10T14:21:57.245Z,1783693317245,230950,first_a_sqs_sent_timestamp,22441,78,ok,
reaction-20260710T141732.186490574Z,baseline-c100,2026-07-10T14:21:58.214Z,1783693318214,231821,first_a_sqs_sent_timestamp,22468,89,ok,
reaction-20260710T141732.186490574Z,fair-c100,2026-07-10T14:21:58.243Z,1783693318243,231948,first_a_sqs_sent_timestamp,22401,85,ok,
reaction-20260710T141732.186490574Z,baseline-c100,2026-07-10T14:21:59.224Z,1783693319224,232831,first_a_sqs_sent_timestamp,22411,89,ok,
reaction-20260710T141732.186490574Z,fair-c100,2026-07-10T14:21:59.254Z,1783693319254,232959,first_a_sqs_sent_timestamp,22421,77,ok,
reaction-20260710T141732.186490574Z,baseline-c100,2026-07-10T14:22:00.216Z,1783693320216,233823,first_a_sqs_sent_timestamp,22416,94,ok,
reaction-20260710T141732.186490574Z,fair-c100,2026-07-10T14:22:00.242Z,1783693320242,233947,first_a_sqs_sent_timestamp,22334,88,ok,
reaction-20260710T141732.186490574Z,baseline-c100,2026-07-10T14:22:01.214Z,1783693321214,234821,first_a_sqs_sent_timestamp,22353,83,ok,
reaction-20260710T141732.186490574Z,fair-c100,2026-07-10T14:22:01.244Z,1783693321244,234949,first_a_sqs_sent_timestamp,22361,93,ok,
reaction-20260710T141732.186490574Z,baseline-c100,2026-07-10T14:22:02.215Z,1783693322215,235822,first_a_sqs_sent_timestamp,22240,82,ok,
reaction-20260710T141732.186490574Z,fair-c100,2026-07-10T14:22:02.247Z,1783693322247,235952,first_a_sqs_sent_timestamp,22334,88,ok,
reaction-20260710T141732.186490574Z,baseline-c100,2026-07-10T14:22:03.213Z,1783693323213,236820,first_a_sqs_sent_timestamp,22150,93,ok,
reaction-20260710T141732.186490574Z,fair-c100,2026-07-10T14:22:03.24Z,1783693323240,236945,first_a_sqs_sent_timestamp,22378,79,ok,
reaction-20260710T141732.186490574Z,baseline-c100,2026-07-10T14:22:04.216Z,1783693324216,237823,first_a_sqs_sent_timestamp,22264,110,ok,
reaction-20260710T141732.186490574Z,fair-c100,2026-07-10T14:22:04.246Z,1783693324246,237951,first_a_sqs_sent_timestamp,22160,100,ok,
reaction-20260710T141732.186490574Z,baseline-c100,2026-07-10T14:22:05.216Z,1783693325216,238823,first_a_sqs_sent_timestamp,22097,81,ok,
reaction-20260710T141732.186490574Z,fair-c100,2026-07-10T14:22:05.243Z,1783693325243,238948,first_a_sqs_sent_timestamp,22103,88,ok,
reaction-20260710T141732.186490574Z,baseline-c100,2026-07-10T14:22:06.22Z,1783693326220,239827,first_a_sqs_sent_timestamp,22407,92,ok,
reaction-20260710T141732.186490574Z,fair-c100,2026-07-10T14:22:06.247Z,1783693326247,239952,first_a_sqs_sent_timestamp,22048,86,ok,
reaction-20260710T141732.186490574Z,baseline-c100,2026-07-10T14:22:07.216Z,1783693327216,240823,first_a_sqs_sent_timestamp,22212,71,ok,
reaction-20260710T141732.186490574Z,fair-c100,2026-07-10T14:22:07.246Z,1783693327246,240951,first_a_sqs_sent_timestamp,22244,88,ok,
reaction-20260710T141732.186490574Z,baseline-c100,2026-07-10T14:22:08.216Z,1783693328216,241823,first_a_sqs_sent_timestamp,22383,84,ok,
reaction-20260710T141732.186490574Z,fair-c100,2026-07-10T14:22:08.25Z,1783693328250,241955,first_a_sqs_sent_timestamp,22113,94,ok,
reaction-20260710T141732.186490574Z,baseline-c100,2026-07-10T14:22:09.214Z,1783693329214,242821,first_a_sqs_sent_timestamp,21973,91,ok,
reaction-20260710T141732.186490574Z,fair-c100,2026-07-10T14:22:09.248Z,1783693329248,242953,first_a_sqs_sent_timestamp,22048,86,ok,
reaction-20260710T141732.186490574Z,baseline-c100,2026-07-10T14:22:10.215Z,1783693330215,243822,first_a_sqs_sent_timestamp,21933,105,ok,
reaction-20260710T141732.186490574Z,fair-c100,2026-07-10T14:22:10.243Z,1783693330243,243948,first_a_sqs_sent_timestamp,22182,106,ok,
reaction-20260710T141732.186490574Z,baseline-c100,2026-07-10T14:22:11.217Z,1783693331217,244824,first_a_sqs_sent_timestamp,21971,84,ok,
reaction-20260710T141732.186490574Z,fair-c100,2026-07-10T14:22:11.245Z,1783693331245,244950,first_a_sqs_sent_timestamp,22183,86,ok,
reaction-20260710T141732.186490574Z,baseline-c100,2026-07-10T14:22:12.221Z,1783693332221,245828,first_a_sqs_sent_timestamp,21978,93,ok,
reaction-20260710T141732.186490574Z,fair-c100,2026-07-10T14:22:12.249Z,1783693332249,245954,first_a_sqs_sent_timestamp,22134,83,ok,
reaction-20260710T141732.186490574Z,baseline-c100,2026-07-10T14:22:13.216Z,1783693333216,246823,first_a_sqs_sent_timestamp,22165,86,ok,
reaction-20260710T141732.186490574Z,fair-c100,2026-07-10T14:22:13.248Z,1783693333248,246953,first_a_sqs_sent_timestamp,21849,91,ok,
reaction-20260710T141732.186490574Z,baseline-c100,2026-07-10T14:22:14.225Z,1783693334225,247832,first_a_sqs_sent_timestamp,21971,88,ok,
reaction-20260710T141732.186490574Z,fair-c100,2026-07-10T14:22:14.254Z,1783693334254,247959,first_a_sqs_sent_timestamp,22038,88,ok,
reaction-20260710T141732.186490574Z,baseline-c100,2026-07-10T14:22:15.232Z,1783693335232,248839,first_a_sqs_sent_timestamp,21822,95,ok,
reaction-20260710T141732.186490574Z,fair-c100,2026-07-10T14:22:15.269Z,1783693335269,248974,first_a_sqs_sent_timestamp,21750,93,ok,
reaction-20260710T141732.186490574Z,baseline-c100,2026-07-10T14:22:16.215Z,1783693336215,249822,first_a_sqs_sent_timestamp,21765,87,ok,
reaction-20260710T141732.186490574Z,fair-c100,2026-07-10T14:22:16.245Z,1783693336245,249950,first_a_sqs_sent_timestamp,21777,100,ok,
reaction-20260710T141732.186490574Z,baseline-c100,2026-07-10T14:22:17.216Z,1783693337216,250823,first_a_sqs_sent_timestamp,21707,83,ok,
reaction-20260710T141732.186490574Z,fair-c100,2026-07-10T14:22:17.246Z,1783693337246,250951,first_a_sqs_sent_timestamp,22047,94,ok,
reaction-20260710T141732.186490574Z,baseline-c100,2026-07-10T14:22:18.216Z,1783693338216,251823,first_a_sqs_sent_timestamp,21754,78,ok,
reaction-20260710T141732.186490574Z,fair-c100,2026-07-10T14:22:18.244Z,1783693338244,251949,first_a_sqs_sent_timestamp,21939,76,ok,
reaction-20260710T141732.186490574Z,baseline-c100,2026-07-10T14:22:19.221Z,1783693339221,252828,first_a_sqs_sent_timestamp,21729,75,ok,
reaction-20260710T141732.186490574Z,fair-c100,2026-07-10T14:22:19.261Z,1783693339261,252966,first_a_sqs_sent_timestamp,21708,83,ok,
reaction-20260710T141732.186490574Z,baseline-c100,2026-07-10T14:22:20.215Z,1783693340215,253822,first_a_sqs_sent_timestamp,21816,93,ok,
reaction-20260710T141732.186490574Z,fair-c100,2026-07-10T14:22:20.246Z,1783693340246,253951,first_a_sqs_sent_timestamp,21627,91,ok,
reaction-20260710T141732.186490574Z,baseline-c100,2026-07-10T14:22:21.215Z,1783693341215,254822,first_a_sqs_sent_timestamp,21500,90,ok,
reaction-20260710T141732.186490574Z,fair-c100,2026-07-10T14:22:21.242Z,1783693341242,254947,first_a_sqs_sent_timestamp,21584,84,ok,
reaction-20260710T141732.186490574Z,baseline-c100,2026-07-10T14:22:22.216Z,1783693342216,255823,first_a_sqs_sent_timestamp,22263,83,ok,
reaction-20260710T141732.186490574Z,fair-c100,2026-07-10T14:22:22.244Z,1783693342244,255949,first_a_sqs_sent_timestamp,21738,89,ok,
reaction-20260710T141732.186490574Z,baseline-c100,2026-07-10T14:22:23.216Z,1783693343216,256823,first_a_sqs_sent_timestamp,21751,96,ok,
reaction-20260710T141732.186490574Z,fair-c100,2026-07-10T14:22:23.287Z,1783693343287,256992,first_a_sqs_sent_timestamp,21551,77,ok,
reaction-20260710T141732.186490574Z,baseline-c100,2026-07-10T14:22:24.222Z,1783693344222,257829,first_a_sqs_sent_timestamp,21760,76,ok,
reaction-20260710T141732.186490574Z,fair-c100,2026-07-10T14:22:24.252Z,1783693344252,257957,first_a_sqs_sent_timestamp,21626,85,ok,
reaction-20260710T141732.186490574Z,baseline-c100,2026-07-10T14:22:25.22Z,1783693345220,258827,first_a_sqs_sent_timestamp,21465,93,ok,
reaction-20260710T141732.186490574Z,fair-c100,2026-07-10T14:22:25.247Z,1783693345247,258952,first_a_sqs_sent_timestamp,21561,85,ok,
reaction-20260710T141732.186490574Z,baseline-c100,2026-07-10T14:22:26.231Z,1783693346231,259838,first_a_sqs_sent_timestamp,21516,98,ok,
reaction-20260710T141732.186490574Z,fair-c100,2026-07-10T14:22:26.258Z,1783693346258,259963,first_a_sqs_sent_timestamp,21417,85,ok,
reaction-20260710T141732.186490574Z,baseline-c100,2026-07-10T14:22:27.229Z,1783693347229,260836,first_a_sqs_sent_timestamp,21782,97,ok,
reaction-20260710T141732.186490574Z,fair-c100,2026-07-10T14:22:27.264Z,1783693347264,260969,first_a_sqs_sent_timestamp,21456,79,ok,
reaction-20260710T141732.186490574Z,baseline-c100,2026-07-10T14:22:28.219Z,1783693348219,261826,first_a_sqs_sent_timestamp,21511,97,ok,
reaction-20260710T141732.186490574Z,fair-c100,2026-07-10T14:22:28.247Z,1783693348247,261952,first_a_sqs_sent_timestamp,21573,95,ok,
reaction-20260710T141732.186490574Z,baseline-c100,2026-07-10T14:22:29.213Z,1783693349213,262820,first_a_sqs_sent_timestamp,21246,84,ok,
reaction-20260710T141732.186490574Z,fair-c100,2026-07-10T14:22:29.241Z,1783693349241,262946,first_a_sqs_sent_timestamp,21302,96,ok,
reaction-20260710T141732.186490574Z,baseline-c100,2026-07-10T14:22:30.216Z,1783693350216,263823,first_a_sqs_sent_timestamp,21324,108,ok,
reaction-20260710T141732.186490574Z,fair-c100,2026-07-10T14:22:30.244Z,1783693350244,263949,first_a_sqs_sent_timestamp,21615,95,ok,
reaction-20260710T141732.186490574Z,baseline-c100,2026-07-10T14:22:31.221Z,1783693351221,264828,first_a_sqs_sent_timestamp,21435,88,ok,
reaction-20260710T141732.186490574Z,fair-c100,2026-07-10T14:22:31.249Z,1783693351249,264954,first_a_sqs_sent_timestamp,21293,82,ok,
reaction-20260710T141732.186490574Z,baseline-c100,2026-07-10T14:22:32.216Z,1783693352216,265823,first_a_sqs_sent_timestamp,21175,84,ok,
reaction-20260710T141732.186490574Z,fair-c100,2026-07-10T14:22:32.245Z,1783693352245,265950,first_a_sqs_sent_timestamp,21140,88,ok,
reaction-20260710T141732.186490574Z,baseline-c100,2026-07-10T14:22:33.215Z,1783693353215,266822,first_a_sqs_sent_timestamp,21289,87,ok,
reaction-20260710T141732.186490574Z,fair-c100,2026-07-10T14:22:33.242Z,1783693353242,266947,first_a_sqs_sent_timestamp,21214,87,ok,
reaction-20260710T141732.186490574Z,baseline-c100,2026-07-10T14:22:34.218Z,1783693354218,267825,first_a_sqs_sent_timestamp,21287,96,ok,
reaction-20260710T141732.186490574Z,fair-c100,2026-07-10T14:22:34.245Z,1783693354245,267950,first_a_sqs_sent_timestamp,21123,84,ok,
reaction-20260710T141732.186490574Z,baseline-c100,2026-07-10T14:22:35.217Z,1783693355217,268824,first_a_sqs_sent_timestamp,21197,84,ok,
reaction-20260710T141732.186490574Z,fair-c100,2026-07-10T14:22:35.244Z,1783693355244,268949,first_a_sqs_sent_timestamp,21137,83,ok,
reaction-20260710T141732.186490574Z,baseline-c100,2026-07-10T14:22:36.216Z,1783693356216,269823,first_a_sqs_sent_timestamp,21097,87,ok,
reaction-20260710T141732.186490574Z,fair-c100,2026-07-10T14:22:36.244Z,1783693356244,269949,first_a_sqs_sent_timestamp,21070,90,ok,
reaction-20260710T141732.186490574Z,baseline-c100,2026-07-10T14:22:37.217Z,1783693357217,270824,first_a_sqs_sent_timestamp,21018,83,ok,
reaction-20260710T141732.186490574Z,fair-c100,2026-07-10T14:22:37.246Z,1783693357246,270951,first_a_sqs_sent_timestamp,21057,94,ok,
reaction-20260710T141732.186490574Z,baseline-c100,2026-07-10T14:22:38.215Z,1783693358215,271822,first_a_sqs_sent_timestamp,21048,87,ok,
reaction-20260710T141732.186490574Z,fair-c100,2026-07-10T14:22:38.242Z,1783693358242,271947,first_a_sqs_sent_timestamp,21353,91,ok,
reaction-20260710T141732.186490574Z,baseline-c100,2026-07-10T14:22:39.214Z,1783693359214,272821,first_a_sqs_sent_timestamp,21265,92,ok,
reaction-20260710T141732.186490574Z,fair-c100,2026-07-10T14:22:39.24Z,1783693359240,272945,first_a_sqs_sent_timestamp,20997,76,ok,
reaction-20260710T141732.186490574Z,baseline-c100,2026-07-10T14:22:40.215Z,1783693360215,273822,first_a_sqs_sent_timestamp,20991,93,ok,
reaction-20260710T141732.186490574Z,fair-c100,2026-07-10T14:22:40.243Z,1783693360243,273948,first_a_sqs_sent_timestamp,21113,109,ok,
reaction-20260710T141732.186490574Z,baseline-c100,2026-07-10T14:22:41.22Z,1783693361220,274827,first_a_sqs_sent_timestamp,21100,93,ok,
reaction-20260710T141732.186490574Z,fair-c100,2026-07-10T14:22:41.25Z,1783693361250,274955,first_a_sqs_sent_timestamp,20849,80,ok,
reaction-20260710T141732.186490574Z,baseline-c100,2026-07-10T14:22:42.214Z,1783693362214,275821,first_a_sqs_sent_timestamp,21477,86,ok,
reaction-20260710T141732.186490574Z,fair-c100,2026-07-10T14:22:42.242Z,1783693362242,275947,first_a_sqs_sent_timestamp,20801,99,ok,
reaction-20260710T141732.186490574Z,baseline-c100,2026-07-10T14:22:43.216Z,1783693363216,276823,first_a_sqs_sent_timestamp,20813,95,ok,
reaction-20260710T141732.186490574Z,fair-c100,2026-07-10T14:22:43.244Z,1783693363244,276949,first_a_sqs_sent_timestamp,20877,78,ok,
reaction-20260710T141732.186490574Z,baseline-c100,2026-07-10T14:22:44.214Z,1783693364214,277821,first_a_sqs_sent_timestamp,20770,88,ok,
reaction-20260710T141732.186490574Z,fair-c100,2026-07-10T14:22:44.241Z,1783693364241,277946,first_a_sqs_sent_timestamp,20970,79,ok,
reaction-20260710T141732.186490574Z,baseline-c100,2026-07-10T14:22:45.217Z,1783693365217,278824,first_a_sqs_sent_timestamp,20887,96,ok,
reaction-20260710T141732.186490574Z,fair-c100,2026-07-10T14:22:45.245Z,1783693365245,278950,first_a_sqs_sent_timestamp,21644,84,ok,
reaction-20260710T141732.186490574Z,baseline-c100,2026-07-10T14:22:46.215Z,1783693366215,279822,first_a_sqs_sent_timestamp,20791,89,ok,
reaction-20260710T141732.186490574Z,fair-c100,2026-07-10T14:22:46.244Z,1783693366244,279949,first_a_sqs_sent_timestamp,20707,83,ok,
reaction-20260710T141732.186490574Z,baseline-c100,2026-07-10T14:22:47.216Z,1783693367216,280823,first_a_sqs_sent_timestamp,20803,87,ok,
reaction-20260710T141732.186490574Z,fair-c100,2026-07-10T14:22:47.244Z,1783693367244,280949,first_a_sqs_sent_timestamp,20644,80,ok,
reaction-20260710T141732.186490574Z,baseline-c100,2026-07-10T14:22:48.216Z,1783693368216,281823,first_a_sqs_sent_timestamp,20567,99,ok,
reaction-20260710T141732.186490574Z,fair-c100,2026-07-10T14:22:48.245Z,1783693368245,281950,first_a_sqs_sent_timestamp,20697,106,ok,
reaction-20260710T141732.186490574Z,baseline-c100,2026-07-10T14:22:49.218Z,1783693369218,282825,first_a_sqs_sent_timestamp,20679,79,ok,
reaction-20260710T141732.186490574Z,fair-c100,2026-07-10T14:22:49.247Z,1783693369247,282952,first_a_sqs_sent_timestamp,20616,67,ok,
reaction-20260710T141732.186490574Z,baseline-c100,2026-07-10T14:22:50.216Z,1783693370216,283823,first_a_sqs_sent_timestamp,20746,81,ok,
reaction-20260710T141732.186490574Z,fair-c100,2026-07-10T14:22:50.246Z,1783693370246,283951,first_a_sqs_sent_timestamp,20666,78,ok,
reaction-20260710T141732.186490574Z,baseline-c100,2026-07-10T14:22:51.214Z,1783693371214,284821,first_a_sqs_sent_timestamp,20561,85,ok,
reaction-20260710T141732.186490574Z,fair-c100,2026-07-10T14:22:51.242Z,1783693371242,284947,first_a_sqs_sent_timestamp,20615,99,ok,
reaction-20260710T141732.186490574Z,baseline-c100,2026-07-10T14:22:52.219Z,1783693372219,285826,first_a_sqs_sent_timestamp,20703,79,ok,
reaction-20260710T141732.186490574Z,fair-c100,2026-07-10T14:22:52.256Z,1783693372256,285961,first_a_sqs_sent_timestamp,20682,90,ok,
reaction-20260710T141732.186490574Z,baseline-c100,2026-07-10T14:22:53.217Z,1783693373217,286824,first_a_sqs_sent_timestamp,20561,85,ok,
reaction-20260710T141732.186490574Z,fair-c100,2026-07-10T14:22:53.251Z,1783693373251,286956,first_a_sqs_sent_timestamp,20572,93,ok,
reaction-20260710T141732.186490574Z,baseline-c100,2026-07-10T14:22:54.216Z,1783693374216,287823,first_a_sqs_sent_timestamp,20495,100,ok,
reaction-20260710T141732.186490574Z,fair-c100,2026-07-10T14:22:54.245Z,1783693374245,287950,first_a_sqs_sent_timestamp,20386,101,ok,
reaction-20260710T141732.186490574Z,baseline-c100,2026-07-10T14:22:55.219Z,1783693375219,288826,first_a_sqs_sent_timestamp,20536,89,ok,
reaction-20260710T141732.186490574Z,fair-c100,2026-07-10T14:22:55.247Z,1783693375247,288952,first_a_sqs_sent_timestamp,20362,89,ok,
reaction-20260710T141732.186490574Z,baseline-c100,2026-07-10T14:22:56.217Z,1783693376217,289824,first_a_sqs_sent_timestamp,20325,105,ok,
reaction-20260710T141732.186490574Z,fair-c100,2026-07-10T14:22:56.247Z,1783693376247,289952,first_a_sqs_sent_timestamp,20503,90,ok,
reaction-20260710T141732.186490574Z,baseline-c100,2026-07-10T14:22:57.216Z,1783693377216,290823,first_a_sqs_sent_timestamp,20424,86,ok,
reaction-20260710T141732.186490574Z,fair-c100,2026-07-10T14:22:57.245Z,1783693377245,290950,first_a_sqs_sent_timestamp,20451,98,ok,
reaction-20260710T141732.186490574Z,baseline-c100,2026-07-10T14:22:58.217Z,1783693378217,291824,first_a_sqs_sent_timestamp,20695,95,ok,
reaction-20260710T141732.186490574Z,fair-c100,2026-07-10T14:22:58.246Z,1783693378246,291951,first_a_sqs_sent_timestamp,20405,91,ok,
reaction-20260710T141732.186490574Z,baseline-c100,2026-07-10T14:22:59.242Z,1783693379242,292849,first_a_sqs_sent_timestamp,20501,86,ok,
reaction-20260710T141732.186490574Z,fair-c100,2026-07-10T14:22:59.27Z,1783693379270,292975,first_a_sqs_sent_timestamp,20381,82,ok,
reaction-20260710T141732.186490574Z,baseline-c100,2026-07-10T14:23:00.216Z,1783693380216,293823,first_a_sqs_sent_timestamp,20317,89,ok,
reaction-20260710T141732.186490574Z,fair-c100,2026-07-10T14:23:00.245Z,1783693380245,293950,first_a_sqs_sent_timestamp,20497,91,ok,
reaction-20260710T141732.186490574Z,baseline-c100,2026-07-10T14:23:01.217Z,1783693381217,294824,first_a_sqs_sent_timestamp,20244,86,ok,
reaction-20260710T141732.186490574Z,fair-c100,2026-07-10T14:23:01.247Z,1783693381247,294952,first_a_sqs_sent_timestamp,20262,86,ok,
reaction-20260710T141732.186490574Z,baseline-c100,2026-07-10T14:23:02.227Z,1783693382227,295834,first_a_sqs_sent_timestamp,20242,93,ok,
reaction-20260710T141732.186490574Z,fair-c100,2026-07-10T14:23:02.255Z,1783693382255,295960,first_a_sqs_sent_timestamp,20112,103,ok,
reaction-20260710T141732.186490574Z,baseline-c100,2026-07-10T14:23:03.232Z,1783693383232,296839,first_a_sqs_sent_timestamp,20257,92,ok,
reaction-20260710T141732.186490574Z,fair-c100,2026-07-10T14:23:03.287Z,1783693383287,296992,first_a_sqs_sent_timestamp,20506,89,ok,
reaction-20260710T141732.186490574Z,baseline-c100,2026-07-10T14:23:04.217Z,1783693384217,297824,first_a_sqs_sent_timestamp,20156,81,ok,
reaction-20260710T141732.186490574Z,fair-c100,2026-07-10T14:23:04.285Z,1783693384285,297990,first_a_sqs_sent_timestamp,20227,102,ok,
reaction-20260710T141732.186490574Z,baseline-c100,2026-07-10T14:23:05.217Z,1783693385217,298824,first_a_sqs_sent_timestamp,20226,98,ok,
reaction-20260710T141732.186490574Z,fair-c100,2026-07-10T14:23:05.271Z,1783693385271,298976,first_a_sqs_sent_timestamp,20006,91,ok,
reaction-20260710T141732.186490574Z,baseline-c100,2026-07-10T14:23:06.222Z,1783693386222,299829,first_a_sqs_sent_timestamp,20031,85,ok,
reaction-20260710T141732.186490574Z,fair-c100,2026-07-10T14:23:06.25Z,1783693386250,299955,first_a_sqs_sent_timestamp,20172,84,ok,
reaction-20260710T141732.186490574Z,baseline-c100,2026-07-10T14:23:07.215Z,1783693387215,300822,first_a_sqs_sent_timestamp,20018,90,ok,
reaction-20260710T141732.186490574Z,fair-c100,2026-07-10T14:23:07.247Z,1783693387247,300952,first_a_sqs_sent_timestamp,19973,96,ok,
reaction-20260710T141732.186490574Z,baseline-c100,2026-07-10T14:23:08.215Z,1783693388215,301822,first_a_sqs_sent_timestamp,20105,98,ok,
reaction-20260710T141732.186490574Z,fair-c100,2026-07-10T14:23:08.242Z,1783693388242,301947,first_a_sqs_sent_timestamp,20285,89,ok,
reaction-20260710T141732.186490574Z,baseline-c100,2026-07-10T14:23:09.222Z,1783693389222,302829,first_a_sqs_sent_timestamp,20041,93,ok,
reaction-20260710T141732.186490574Z,fair-c100,2026-07-10T14:23:09.254Z,1783693389254,302959,first_a_sqs_sent_timestamp,20112,103,ok,
reaction-20260710T141732.186490574Z,baseline-c100,2026-07-10T14:23:10.215Z,1783693390215,303822,first_a_sqs_sent_timestamp,19869,78,ok,
reaction-20260710T141732.186490574Z,fair-c100,2026-07-10T14:23:10.242Z,1783693390242,303947,first_a_sqs_sent_timestamp,19933,96,ok,
reaction-20260710T141732.186490574Z,baseline-c100,2026-07-10T14:23:11.219Z,1783693391219,304826,first_a_sqs_sent_timestamp,19983,90,ok,
reaction-20260710T141732.186490574Z,fair-c100,2026-07-10T14:23:11.246Z,1783693391246,304951,first_a_sqs_sent_timestamp,19806,90,ok,
reaction-20260710T141732.186490574Z,baseline-c100,2026-07-10T14:23:12.216Z,1783693392216,305823,first_a_sqs_sent_timestamp,19965,97,ok,
reaction-20260710T141732.186490574Z,fair-c100,2026-07-10T14:23:12.246Z,1783693392246,305951,first_a_sqs_sent_timestamp,19907,106,ok,
reaction-20260710T141732.186490574Z,baseline-c100,2026-07-10T14:23:13.217Z,1783693393217,306824,first_a_sqs_sent_timestamp,19748,100,ok,
reaction-20260710T141732.186490574Z,fair-c100,2026-07-10T14:23:13.244Z,1783693393244,306949,first_a_sqs_sent_timestamp,19926,96,ok,
reaction-20260710T141732.186490574Z,baseline-c100,2026-07-10T14:23:14.223Z,1783693394223,307830,first_a_sqs_sent_timestamp,19814,95,ok,
reaction-20260710T141732.186490574Z,fair-c100,2026-07-10T14:23:14.249Z,1783693394249,307954,first_a_sqs_sent_timestamp,19721,92,ok,
reaction-20260710T141732.186490574Z,baseline-c100,2026-07-10T14:23:15.213Z,1783693395213,308820,first_a_sqs_sent_timestamp,19751,94,ok,
reaction-20260710T141732.186490574Z,fair-c100,2026-07-10T14:23:15.242Z,1783693395242,308947,first_a_sqs_sent_timestamp,19835,97,ok,
reaction-20260710T141732.186490574Z,baseline-c100,2026-07-10T14:23:16.216Z,1783693396216,309823,first_a_sqs_sent_timestamp,19741,106,ok,
reaction-20260710T141732.186490574Z,fair-c100,2026-07-10T14:23:16.245Z,1783693396245,309950,first_a_sqs_sent_timestamp,19670,105,ok,
reaction-20260710T141732.186490574Z,baseline-c100,2026-07-10T14:23:17.225Z,1783693397225,310832,first_a_sqs_sent_timestamp,19687,89,ok,
reaction-20260710T141732.186490574Z,fair-c100,2026-07-10T14:23:17.254Z,1783693397254,310959,first_a_sqs_sent_timestamp,19748,83,ok,
reaction-20260710T141732.186490574Z,baseline-c100,2026-07-10T14:23:18.218Z,1783693398218,311825,first_a_sqs_sent_timestamp,19616,104,ok,
reaction-20260710T141732.186490574Z,fair-c100,2026-07-10T14:23:18.245Z,1783693398245,311950,first_a_sqs_sent_timestamp,19651,100,ok,
reaction-20260710T141732.186490574Z,baseline-c100,2026-07-10T14:23:19.218Z,1783693399218,312825,first_a_sqs_sent_timestamp,19751,96,ok,
reaction-20260710T141732.186490574Z,fair-c100,2026-07-10T14:23:19.25Z,1783693399250,312955,first_a_sqs_sent_timestamp,19879,83,ok,
reaction-20260710T141732.186490574Z,baseline-c100,2026-07-10T14:23:20.215Z,1783693400215,313822,first_a_sqs_sent_timestamp,19647,92,ok,
reaction-20260710T141732.186490574Z,fair-c100,2026-07-10T14:23:20.242Z,1783693400242,313947,first_a_sqs_sent_timestamp,19533,105,ok,
reaction-20260710T141732.186490574Z,baseline-c100,2026-07-10T14:23:21.22Z,1783693401220,314827,first_a_sqs_sent_timestamp,19513,80,ok,
reaction-20260710T141732.186490574Z,fair-c100,2026-07-10T14:23:21.248Z,1783693401248,314953,first_a_sqs_sent_timestamp,19657,91,ok,
reaction-20260710T141732.186490574Z,baseline-c100,2026-07-10T14:23:22.215Z,1783693402215,315822,first_a_sqs_sent_timestamp,19496,98,ok,
reaction-20260710T141732.186490574Z,fair-c100,2026-07-10T14:23:22.244Z,1783693402244,315949,first_a_sqs_sent_timestamp,19892,96,ok,
reaction-20260710T141732.186490574Z,baseline-c100,2026-07-10T14:23:23.219Z,1783693403219,316826,first_a_sqs_sent_timestamp,19532,75,ok,
reaction-20260710T141732.186490574Z,fair-c100,2026-07-10T14:23:23.246Z,1783693403246,316951,first_a_sqs_sent_timestamp,19395,77,ok,
reaction-20260710T141732.186490574Z,baseline-c100,2026-07-10T14:23:24.215Z,1783693404215,317822,first_a_sqs_sent_timestamp,19460,93,ok,
reaction-20260710T141732.186490574Z,fair-c100,2026-07-10T14:23:24.243Z,1783693404243,317948,first_a_sqs_sent_timestamp,19447,101,ok,
reaction-20260710T141732.186490574Z,baseline-c100,2026-07-10T14:23:25.223Z,1783693405223,318830,first_a_sqs_sent_timestamp,19512,90,ok,
reaction-20260710T141732.186490574Z,fair-c100,2026-07-10T14:23:25.251Z,1783693405251,318956,first_a_sqs_sent_timestamp,19468,88,ok,
reaction-20260710T141732.186490574Z,baseline-c100,2026-07-10T14:23:26.215Z,1783693406215,319822,first_a_sqs_sent_timestamp,19450,76,ok,
reaction-20260710T141732.186490574Z,fair-c100,2026-07-10T14:23:26.242Z,1783693406242,319947,first_a_sqs_sent_timestamp,19460,101,ok,
reaction-20260710T141732.186490574Z,baseline-c100,2026-07-10T14:23:27.216Z,1783693407216,320823,first_a_sqs_sent_timestamp,19729,88,ok,
reaction-20260710T141732.186490574Z,fair-c100,2026-07-10T14:23:27.243Z,1783693407243,320948,first_a_sqs_sent_timestamp,19317,73,ok,
reaction-20260710T141732.186490574Z,baseline-c100,2026-07-10T14:23:28.216Z,1783693408216,321823,first_a_sqs_sent_timestamp,19649,74,ok,
reaction-20260710T141732.186490574Z,fair-c100,2026-07-10T14:23:28.243Z,1783693408243,321948,first_a_sqs_sent_timestamp,19419,106,ok,
reaction-20260710T141732.186490574Z,baseline-c100,2026-07-10T14:23:29.216Z,1783693409216,322823,first_a_sqs_sent_timestamp,19180,84,ok,
reaction-20260710T141732.186490574Z,fair-c100,2026-07-10T14:23:29.246Z,1783693409246,322951,first_a_sqs_sent_timestamp,19192,84,ok,
reaction-20260710T141732.186490574Z,baseline-c100,2026-07-10T14:23:30.218Z,1783693410218,323825,first_a_sqs_sent_timestamp,19348,96,ok,
reaction-20260710T141732.186490574Z,fair-c100,2026-07-10T14:23:30.245Z,1783693410245,323950,first_a_sqs_sent_timestamp,19157,83,ok,
reaction-20260710T141732.186490574Z,baseline-c100,2026-07-10T14:23:31.217Z,1783693411217,324824,first_a_sqs_sent_timestamp,19215,76,ok,
reaction-20260710T141732.186490574Z,fair-c100,2026-07-10T14:23:31.245Z,1783693411245,324950,first_a_sqs_sent_timestamp,19192,84,ok,
reaction-20260710T141732.186490574Z,baseline-c100,2026-07-10T14:23:32.216Z,1783693412216,325823,first_a_sqs_sent_timestamp,19233,86,ok,
reaction-20260710T141732.186490574Z,fair-c100,2026-07-10T14:23:32.243Z,1783693412243,325948,first_a_sqs_sent_timestamp,19157,83,ok,
reaction-20260710T141732.186490574Z,baseline-c100,2026-07-10T14:23:33.217Z,1783693413217,326824,first_a_sqs_sent_timestamp,19092,86,ok,
reaction-20260710T141732.186490574Z,fair-c100,2026-07-10T14:23:33.248Z,1783693413248,326953,first_a_sqs_sent_timestamp,19295,106,ok,
reaction-20260710T141732.186490574Z,baseline-c100,2026-07-10T14:23:34.217Z,1783693414217,327824,first_a_sqs_sent_timestamp,19178,81,ok,
reaction-20260710T141732.186490574Z,fair-c100,2026-07-10T14:23:34.246Z,1783693414246,327951,first_a_sqs_sent_timestamp,19157,83,ok,
reaction-20260710T141732.186490574Z,baseline-c100,2026-07-10T14:23:35.214Z,1783693415214,328821,first_a_sqs_sent_timestamp,19009,91,ok,
reaction-20260710T141732.186490574Z,fair-c100,2026-07-10T14:23:35.243Z,1783693415243,328948,first_a_sqs_sent_timestamp,19552,93,ok,
reaction-20260710T141732.186490574Z,baseline-c100,2026-07-10T14:23:36.215Z,1783693416215,329822,first_a_sqs_sent_timestamp,19287,93,ok,
reaction-20260710T141732.186490574Z,fair-c100,2026-07-10T14:23:36.242Z,1783693416242,329947,first_a_sqs_sent_timestamp,19346,74,ok,
reaction-20260710T141732.186490574Z,baseline-c100,2026-07-10T14:23:37.218Z,1783693417218,330825,first_a_sqs_sent_timestamp,18910,88,ok,
reaction-20260710T141732.186490574Z,fair-c100,2026-07-10T14:23:37.244Z,1783693417244,330949,first_a_sqs_sent_timestamp,19232,94,ok,
reaction-20260710T141732.186490574Z,baseline-c100,2026-07-10T14:23:38.215Z,1783693418215,331822,first_a_sqs_sent_timestamp,19065,90,ok,
reaction-20260710T141732.186490574Z,fair-c100,2026-07-10T14:23:38.243Z,1783693418243,331948,first_a_sqs_sent_timestamp,19055,87,ok,
reaction-20260710T141732.186490574Z,baseline-c100,2026-07-10T14:23:39.215Z,1783693419215,332822,first_a_sqs_sent_timestamp,19014,98,ok,
reaction-20260710T141732.186490574Z,fair-c100,2026-07-10T14:23:39.244Z,1783693419244,332949,first_a_sqs_sent_timestamp,18842,90,ok,
reaction-20260710T141732.186490574Z,baseline-c100,2026-07-10T14:23:40.217Z,1783693420217,333824,first_a_sqs_sent_timestamp,18860,84,ok,
reaction-20260710T141732.186490574Z,fair-c100,2026-07-10T14:23:40.247Z,1783693420247,333952,first_a_sqs_sent_timestamp,18859,84,ok,
reaction-20260710T141732.186490574Z,baseline-c100,2026-07-10T14:23:41.218Z,1783693421218,334825,first_a_sqs_sent_timestamp,18998,72,ok,
reaction-20260710T141732.186490574Z,fair-c100,2026-07-10T14:23:41.25Z,1783693421250,334955,first_a_sqs_sent_timestamp,18870,90,ok,
reaction-20260710T141732.186490574Z,baseline-c100,2026-07-10T14:23:42.218Z,1783693422218,335825,first_a_sqs_sent_timestamp,18886,89,ok,
reaction-20260710T141732.186490574Z,fair-c100,2026-07-10T14:23:42.245Z,1783693422245,335950,first_a_sqs_sent_timestamp,18914,87,ok,
reaction-20260710T141732.186490574Z,baseline-c100,2026-07-10T14:23:43.215Z,1783693423215,336822,first_a_sqs_sent_timestamp,18924,101,ok,
reaction-20260710T141732.186490574Z,fair-c100,2026-07-10T14:23:43.244Z,1783693423244,336949,first_a_sqs_sent_timestamp,18936,94,ok,
reaction-20260710T141732.186490574Z,baseline-c100,2026-07-10T14:23:44.217Z,1783693424217,337824,first_a_sqs_sent_timestamp,18864,66,ok,
reaction-20260710T141732.186490574Z,fair-c100,2026-07-10T14:23:44.25Z,1783693424250,337955,first_a_sqs_sent_timestamp,19190,92,ok,
reaction-20260710T141732.186490574Z,baseline-c100,2026-07-10T14:23:45.219Z,1783693425219,338826,first_a_sqs_sent_timestamp,18775,101,ok,
reaction-20260710T141732.186490574Z,fair-c100,2026-07-10T14:23:45.246Z,1783693425246,338951,first_a_sqs_sent_timestamp,18653,93,ok,
reaction-20260710T141732.186490574Z,baseline-c100,2026-07-10T14:23:46.226Z,1783693426226,339833,first_a_sqs_sent_timestamp,18613,85,ok,
reaction-20260710T141732.186490574Z,fair-c100,2026-07-10T14:23:46.26Z,1783693426260,339965,first_a_sqs_sent_timestamp,18601,96,ok,
reaction-20260710T141732.186490574Z,baseline-c100,2026-07-10T14:23:47.213Z,1783693427213,340820,first_a_sqs_sent_timestamp,18574,93,ok,
reaction-20260710T141732.186490574Z,fair-c100,2026-07-10T14:23:47.243Z,1783693427243,340948,first_a_sqs_sent_timestamp,18616,100,ok,
reaction-20260710T141732.186490574Z,baseline-c100,2026-07-10T14:23:48.216Z,1783693428216,341823,first_a_sqs_sent_timestamp,18601,103,ok,
reaction-20260710T141732.186490574Z,fair-c100,2026-07-10T14:23:48.242Z,1783693428242,341947,first_a_sqs_sent_timestamp,18664,90,ok,
reaction-20260710T141732.186490574Z,baseline-c100,2026-07-10T14:23:49.215Z,1783693429215,342822,first_a_sqs_sent_timestamp,18571,95,ok,
reaction-20260710T141732.186490574Z,fair-c100,2026-07-10T14:23:49.243Z,1783693429243,342948,first_a_sqs_sent_timestamp,18776,79,ok,
reaction-20260710T141732.186490574Z,baseline-c100,2026-07-10T14:23:50.22Z,1783693430220,343827,first_a_sqs_sent_timestamp,18486,100,ok,
reaction-20260710T141732.186490574Z,fair-c100,2026-07-10T14:23:50.248Z,1783693430248,343953,first_a_sqs_sent_timestamp,18609,97,ok,
reaction-20260710T141732.186490574Z,baseline-c100,2026-07-10T14:23:51.217Z,1783693431217,344824,first_a_sqs_sent_timestamp,18495,96,ok,
reaction-20260710T141732.186490574Z,fair-c100,2026-07-10T14:23:51.248Z,1783693431248,344953,first_a_sqs_sent_timestamp,18715,87,ok,
reaction-20260710T141732.186490574Z,baseline-c100,2026-07-10T14:23:52.216Z,1783693432216,345823,first_a_sqs_sent_timestamp,18343,83,ok,
reaction-20260710T141732.186490574Z,fair-c100,2026-07-10T14:23:52.243Z,1783693432243,345948,first_a_sqs_sent_timestamp,18515,88,ok,
reaction-20260710T141732.186490574Z,baseline-c100,2026-07-10T14:23:53.217Z,1783693433217,346824,first_a_sqs_sent_timestamp,18532,103,ok,
reaction-20260710T141732.186490574Z,fair-c100,2026-07-10T14:23:53.246Z,1783693433246,346951,first_a_sqs_sent_timestamp,18685,102,ok,
reaction-20260710T141732.186490574Z,baseline-c100,2026-07-10T14:23:54.218Z,1783693434218,347825,first_a_sqs_sent_timestamp,18804,97,ok,
reaction-20260710T141732.186490574Z,fair-c100,2026-07-10T14:23:54.246Z,1783693434246,347951,first_a_sqs_sent_timestamp,18319,97,ok,
reaction-20260710T141732.186490574Z,baseline-c100,2026-07-10T14:23:55.213Z,1783693435213,348820,first_a_sqs_sent_timestamp,18511,96,ok,
reaction-20260710T141732.186490574Z,fair-c100,2026-07-10T14:23:55.242Z,1783693435242,348947,first_a_sqs_sent_timestamp,18342,94,ok,
reaction-20260710T141732.186490574Z,baseline-c100,2026-07-10T14:23:56.217Z,1783693436217,349824,first_a_sqs_sent_timestamp,18329,94,ok,
reaction-20260710T141732.186490574Z,fair-c100,2026-07-10T14:23:56.243Z,1783693436243,349948,first_a_sqs_sent_timestamp,18395,97,ok,
reaction-20260710T141732.186490574Z,baseline-c100,2026-07-10T14:23:57.224Z,1783693437224,350831,first_a_sqs_sent_timestamp,18438,106,ok,
reaction-20260710T141732.186490574Z,fair-c100,2026-07-10T14:23:57.251Z,1783693437251,350956,first_a_sqs_sent_timestamp,18550,99,ok,
reaction-20260710T141732.186490574Z,baseline-c100,2026-07-10T14:23:58.216Z,1783693438216,351823,first_a_sqs_sent_timestamp,18296,85,ok,
reaction-20260710T141732.186490574Z,fair-c100,2026-07-10T14:23:58.241Z,1783693438241,351946,first_a_sqs_sent_timestamp,18575,78,ok,
reaction-20260710T141732.186490574Z,baseline-c100,2026-07-10T14:23:59.216Z,1783693439216,352823,first_a_sqs_sent_timestamp,18198,98,ok,
reaction-20260710T141732.186490574Z,fair-c100,2026-07-10T14:23:59.249Z,1783693439249,352954,first_a_sqs_sent_timestamp,18224,86,ok,
reaction-20260710T141732.186490574Z,baseline-c100,2026-07-10T14:24:00.216Z,1783693440216,353823,first_a_sqs_sent_timestamp,18457,86,ok,
reaction-20260710T141732.186490574Z,fair-c100,2026-07-10T14:24:00.246Z,1783693440246,353951,first_a_sqs_sent_timestamp,18492,90,ok,
reaction-20260710T141732.186490574Z,baseline-c100,2026-07-10T14:24:01.216Z,1783693441216,354823,first_a_sqs_sent_timestamp,18191,96,ok,
reaction-20260710T141732.186490574Z,fair-c100,2026-07-10T14:24:01.245Z,1783693441245,354950,first_a_sqs_sent_timestamp,18345,94,ok,
reaction-20260710T141732.186490574Z,baseline-c100,2026-07-10T14:24:02.218Z,1783693442218,355825,first_a_sqs_sent_timestamp,18278,98,ok,
reaction-20260710T141732.186490574Z,fair-c100,2026-07-10T14:24:02.246Z,1783693442246,355951,first_a_sqs_sent_timestamp,18098,85,ok,
reaction-20260710T141732.186490574Z,baseline-c100,2026-07-10T14:24:03.222Z,1783693443222,356829,first_a_sqs_sent_timestamp,18074,94,ok,
reaction-20260710T141732.186490574Z,fair-c100,2026-07-10T14:24:03.249Z,1783693443249,356954,first_a_sqs_sent_timestamp,18096,62,ok,
reaction-20260710T141732.186490574Z,baseline-c100,2026-07-10T14:24:04.215Z,1783693444215,357822,first_a_sqs_sent_timestamp,18097,97,ok,
reaction-20260710T141732.186490574Z,fair-c100,2026-07-10T14:24:04.244Z,1783693444244,357949,first_a_sqs_sent_timestamp,18073,67,ok,
reaction-20260710T141732.186490574Z,baseline-c100,2026-07-10T14:24:05.214Z,1783693445214,358821,first_a_sqs_sent_timestamp,17981,98,ok,
reaction-20260710T141732.186490574Z,fair-c100,2026-07-10T14:24:05.242Z,1783693445242,358947,first_a_sqs_sent_timestamp,18161,84,ok,
reaction-20260710T141732.186490574Z,baseline-c100,2026-07-10T14:24:06.214Z,1783693446214,359821,first_a_sqs_sent_timestamp,17977,91,ok,
reaction-20260710T141732.186490574Z,fair-c100,2026-07-10T14:24:06.241Z,1783693446241,359946,first_a_sqs_sent_timestamp,17881,87,ok,
reaction-20260710T141732.186490574Z,baseline-c100,2026-07-10T14:24:07.219Z,1783693447219,360826,first_a_sqs_sent_timestamp,18087,95,ok,
reaction-20260710T141732.186490574Z,fair-c100,2026-07-10T14:24:07.246Z,1783693447246,360951,first_a_sqs_sent_timestamp,17979,79,ok,
reaction-20260710T141732.186490574Z,baseline-c100,2026-07-10T14:24:08.214Z,1783693448214,361821,first_a_sqs_sent_timestamp,17876,88,ok,
reaction-20260710T141732.186490574Z,fair-c100,2026-07-10T14:24:08.241Z,1783693448241,361946,first_a_sqs_sent_timestamp,18184,81,ok,
reaction-20260710T141732.186490574Z,baseline-c100,2026-07-10T14:24:09.216Z,1783693449216,362823,first_a_sqs_sent_timestamp,18019,100,ok,
reaction-20260710T141732.186490574Z,fair-c100,2026-07-10T14:24:09.243Z,1783693449243,362948,first_a_sqs_sent_timestamp,17844,97,ok,
reaction-20260710T141732.186490574Z,baseline-c100,2026-07-10T14:24:10.215Z,1783693450215,363822,first_a_sqs_sent_timestamp,18096,96,ok,
reaction-20260710T141732.186490574Z,fair-c100,2026-07-10T14:24:10.243Z,1783693450243,363948,first_a_sqs_sent_timestamp,18053,94,ok,
reaction-20260710T141732.186490574Z,baseline-c100,2026-07-10T14:24:11.214Z,1783693451214,364821,first_a_sqs_sent_timestamp,17797,90,ok,
reaction-20260710T141732.186490574Z,fair-c100,2026-07-10T14:24:11.242Z,1783693451242,364947,first_a_sqs_sent_timestamp,17762,101,ok,
reaction-20260710T141732.186490574Z,baseline-c100,2026-07-10T14:24:12.216Z,1783693452216,365823,first_a_sqs_sent_timestamp,17750,97,ok,
reaction-20260710T141732.186490574Z,fair-c100,2026-07-10T14:24:12.242Z,1783693452242,365947,first_a_sqs_sent_timestamp,17845,106,ok,
reaction-20260710T141732.186490574Z,baseline-c100,2026-07-10T14:24:13.215Z,1783693453215,366822,first_a_sqs_sent_timestamp,17620,96,ok,
reaction-20260710T141732.186490574Z,fair-c100,2026-07-10T14:24:13.241Z,1783693453241,366946,first_a_sqs_sent_timestamp,17708,92,ok,
reaction-20260710T141732.186490574Z,baseline-c100,2026-07-10T14:24:14.217Z,1783693454217,367824,first_a_sqs_sent_timestamp,17909,95,ok,
reaction-20260710T141732.186490574Z,fair-c100,2026-07-10T14:24:14.249Z,1783693454249,367954,first_a_sqs_sent_timestamp,17787,91,ok,
reaction-20260710T141732.186490574Z,baseline-c100,2026-07-10T14:24:15.216Z,1783693455216,368823,first_a_sqs_sent_timestamp,17804,95,ok,
reaction-20260710T141732.186490574Z,fair-c100,2026-07-10T14:24:15.244Z,1783693455244,368949,first_a_sqs_sent_timestamp,17896,93,ok,
reaction-20260710T141732.186490574Z,baseline-c100,2026-07-10T14:24:16.216Z,1783693456216,369823,first_a_sqs_sent_timestamp,17608,104,ok,
reaction-20260710T141732.186490574Z,fair-c100,2026-07-10T14:24:16.243Z,1783693456243,369948,first_a_sqs_sent_timestamp,18060,93,ok,
reaction-20260710T141732.186490574Z,baseline-c100,2026-07-10T14:24:17.216Z,1783693457216,370823,first_a_sqs_sent_timestamp,17930,88,ok,
reaction-20260710T141732.186490574Z,fair-c100,2026-07-10T14:24:17.242Z,1783693457242,370947,first_a_sqs_sent_timestamp,17616,90,ok,
reaction-20260710T141732.186490574Z,baseline-c100,2026-07-10T14:24:18.214Z,1783693458214,371821,first_a_sqs_sent_timestamp,17572,107,ok,
reaction-20260710T141732.186490574Z,fair-c100,2026-07-10T14:24:18.241Z,1783693458241,371946,first_a_sqs_sent_timestamp,17686,95,ok,
reaction-20260710T141732.186490574Z,baseline-c100,2026-07-10T14:24:19.216Z,1783693459216,372823,first_a_sqs_sent_timestamp,17604,93,ok,
reaction-20260710T141732.186490574Z,fair-c100,2026-07-10T14:24:19.244Z,1783693459244,372949,first_a_sqs_sent_timestamp,17675,91,ok,
reaction-20260710T141732.186490574Z,baseline-c100,2026-07-10T14:24:20.217Z,1783693460217,373824,first_a_sqs_sent_timestamp,17409,85,ok,
reaction-20260710T141732.186490574Z,fair-c100,2026-07-10T14:24:20.246Z,1783693460246,373951,first_a_sqs_sent_timestamp,17719,95,ok,
reaction-20260710T141732.186490574Z,baseline-c100,2026-07-10T14:24:21.215Z,1783693461215,374822,first_a_sqs_sent_timestamp,17580,88,ok,
reaction-20260710T141732.186490574Z,fair-c100,2026-07-10T14:24:21.242Z,1783693461242,374947,first_a_sqs_sent_timestamp,17499,82,ok,
reaction-20260710T141732.186490574Z,baseline-c100,2026-07-10T14:24:22.216Z,1783693462216,375823,first_a_sqs_sent_timestamp,17633,89,ok,
reaction-20260710T141732.186490574Z,fair-c100,2026-07-10T14:24:22.25Z,1783693462250,375955,first_a_sqs_sent_timestamp,17388,100,ok,
reaction-20260710T141732.186490574Z,baseline-c100,2026-07-10T14:24:23.222Z,1783693463222,376829,first_a_sqs_sent_timestamp,17334,103,ok,
reaction-20260710T141732.186490574Z,fair-c100,2026-07-10T14:24:23.255Z,1783693463255,376960,first_a_sqs_sent_timestamp,17378,93,ok,
reaction-20260710T141732.186490574Z,baseline-c100,2026-07-10T14:24:24.218Z,1783693464218,377825,first_a_sqs_sent_timestamp,17623,79,ok,
reaction-20260710T141732.186490574Z,fair-c100,2026-07-10T14:24:24.246Z,1783693464246,377951,first_a_sqs_sent_timestamp,17381,88,ok,
reaction-20260710T141732.186490574Z,baseline-c100,2026-07-10T14:24:25.215Z,1783693465215,378822,first_a_sqs_sent_timestamp,17271,82,ok,
reaction-20260710T141732.186490574Z,fair-c100,2026-07-10T14:24:25.244Z,1783693465244,378949,first_a_sqs_sent_timestamp,17378,79,ok,
reaction-20260710T141732.186490574Z,baseline-c100,2026-07-10T14:24:26.216Z,1783693466216,379823,first_a_sqs_sent_timestamp,17282,78,ok,
reaction-20260710T141732.186490574Z,fair-c100,2026-07-10T14:24:26.243Z,1783693466243,379948,first_a_sqs_sent_timestamp,17301,90,ok,
reaction-20260710T141732.186490574Z,baseline-c100,2026-07-10T14:24:27.215Z,1783693467215,380822,first_a_sqs_sent_timestamp,17218,109,ok,
reaction-20260710T141732.186490574Z,fair-c100,2026-07-10T14:24:27.246Z,1783693467246,380951,first_a_sqs_sent_timestamp,17439,83,ok,
reaction-20260710T141732.186490574Z,baseline-c100,2026-07-10T14:24:28.214Z,1783693468214,381821,first_a_sqs_sent_timestamp,17245,87,ok,
reaction-20260710T141732.186490574Z,fair-c100,2026-07-10T14:24:28.239Z,1783693468239,381944,first_a_sqs_sent_timestamp,17212,91,ok,
reaction-20260710T141732.186490574Z,baseline-c100,2026-07-10T14:24:29.217Z,1783693469217,382824,first_a_sqs_sent_timestamp,17170,96,ok,
reaction-20260710T141732.186490574Z,fair-c100,2026-07-10T14:24:29.244Z,1783693469244,382949,first_a_sqs_sent_timestamp,17144,94,ok,
reaction-20260710T141732.186490574Z,baseline-c100,2026-07-10T14:24:30.221Z,1783693470221,383828,first_a_sqs_sent_timestamp,17254,101,ok,
reaction-20260710T141732.186490574Z,fair-c100,2026-07-10T14:24:30.262Z,1783693470262,383967,first_a_sqs_sent_timestamp,17229,83,ok,
reaction-20260710T141732.186490574Z,baseline-c100,2026-07-10T14:24:31.219Z,1783693471219,384826,first_a_sqs_sent_timestamp,17269,77,ok,
reaction-20260710T141732.186490574Z,fair-c100,2026-07-10T14:24:31.245Z,1783693471245,384950,first_a_sqs_sent_timestamp,17055,87,ok,
reaction-20260710T141732.186490574Z,baseline-c100,2026-07-10T14:24:32.214Z,1783693472214,385821,first_a_sqs_sent_timestamp,16934,94,ok,
reaction-20260710T141732.186490574Z,fair-c100,2026-07-10T14:24:32.246Z,1783693472246,385951,first_a_sqs_sent_timestamp,17262,85,ok,
reaction-20260710T141732.186490574Z,baseline-c100,2026-07-10T14:24:33.216Z,1783693473216,386823,first_a_sqs_sent_timestamp,17216,81,ok,
reaction-20260710T141732.186490574Z,fair-c100,2026-07-10T14:24:33.244Z,1783693473244,386949,first_a_sqs_sent_timestamp,17060,85,ok,
reaction-20260710T141732.186490574Z,baseline-c100,2026-07-10T14:24:34.215Z,1783693474215,387822,first_a_sqs_sent_timestamp,16986,74,ok,
reaction-20260710T141732.186490574Z,fair-c100,2026-07-10T14:24:34.246Z,1783693474246,387951,first_a_sqs_sent_timestamp,17213,87,ok,
reaction-20260710T141732.186490574Z,baseline-c100,2026-07-10T14:24:35.215Z,1783693475215,388822,first_a_sqs_sent_timestamp,17269,82,ok,
reaction-20260710T141732.186490574Z,fair-c100,2026-07-10T14:24:35.244Z,1783693475244,388949,first_a_sqs_sent_timestamp,16992,77,ok,
reaction-20260710T141732.186490574Z,baseline-c100,2026-07-10T14:24:36.217Z,1783693476217,389824,first_a_sqs_sent_timestamp,17054,88,ok,
reaction-20260710T141732.186490574Z,fair-c100,2026-07-10T14:24:36.249Z,1783693476249,389954,first_a_sqs_sent_timestamp,16977,83,ok,
reaction-20260710T141732.186490574Z,baseline-c100,2026-07-10T14:24:37.215Z,1783693477215,390822,first_a_sqs_sent_timestamp,16797,97,ok,
reaction-20260710T141732.186490574Z,fair-c100,2026-07-10T14:24:37.243Z,1783693477243,390948,first_a_sqs_sent_timestamp,17329,95,ok,
reaction-20260710T141732.186490574Z,baseline-c100,2026-07-10T14:24:38.217Z,1783693478217,391824,first_a_sqs_sent_timestamp,17034,116,ok,
reaction-20260710T141732.186490574Z,fair-c100,2026-07-10T14:24:38.245Z,1783693478245,391950,first_a_sqs_sent_timestamp,16814,82,ok,
reaction-20260710T141732.186490574Z,baseline-c100,2026-07-10T14:24:39.216Z,1783693479216,392823,first_a_sqs_sent_timestamp,16879,89,ok,
reaction-20260710T141732.186490574Z,fair-c100,2026-07-10T14:24:39.24Z,1783693479240,392945,first_a_sqs_sent_timestamp,16814,82,ok,
reaction-20260710T141732.186490574Z,baseline-c100,2026-07-10T14:24:40.225Z,1783693480225,393832,first_a_sqs_sent_timestamp,16756,79,ok,
reaction-20260710T141732.186490574Z,fair-c100,2026-07-10T14:24:40.258Z,1783693480258,393963,first_a_sqs_sent_timestamp,16952,90,ok,
reaction-20260710T141732.186490574Z,baseline-c100,2026-07-10T14:24:41.215Z,1783693481215,394822,first_a_sqs_sent_timestamp,16689,100,ok,
reaction-20260710T141732.186490574Z,fair-c100,2026-07-10T14:24:41.242Z,1783693481242,394947,first_a_sqs_sent_timestamp,16741,82,ok,
reaction-20260710T141732.186490574Z,baseline-c100,2026-07-10T14:24:42.213Z,1783693482213,395820,first_a_sqs_sent_timestamp,16971,76,ok,
reaction-20260710T141732.186490574Z,fair-c100,2026-07-10T14:24:42.245Z,1783693482245,395950,first_a_sqs_sent_timestamp,16990,79,ok,
reaction-20260710T141732.186490574Z,baseline-c100,2026-07-10T14:24:43.216Z,1783693483216,396823,first_a_sqs_sent_timestamp,16879,84,ok,
reaction-20260710T141732.186490574Z,fair-c100,2026-07-10T14:24:43.244Z,1783693483244,396949,first_a_sqs_sent_timestamp,16715,90,ok,
reaction-20260710T141732.186490574Z,baseline-c100,2026-07-10T14:24:44.215Z,1783693484215,397822,first_a_sqs_sent_timestamp,16629,91,ok,
reaction-20260710T141732.186490574Z,fair-c100,2026-07-10T14:24:44.247Z,1783693484247,397952,first_a_sqs_sent_timestamp,16570,93,ok,
reaction-20260710T141732.186490574Z,baseline-c100,2026-07-10T14:24:45.215Z,1783693485215,398822,first_a_sqs_sent_timestamp,16852,102,ok,
reaction-20260710T141732.186490574Z,fair-c100,2026-07-10T14:24:45.243Z,1783693485243,398948,first_a_sqs_sent_timestamp,16667,88,ok,
reaction-20260710T141732.186490574Z,baseline-c100,2026-07-10T14:24:46.217Z,1783693486217,399824,first_a_sqs_sent_timestamp,16720,113,ok,
reaction-20260710T141732.186490574Z,fair-c100,2026-07-10T14:24:46.246Z,1783693486246,399951,first_a_sqs_sent_timestamp,16849,95,ok,
reaction-20260710T141732.186490574Z,baseline-c100,2026-07-10T14:24:47.219Z,1783693487219,400826,first_a_sqs_sent_timestamp,16511,94,ok,
reaction-20260710T141732.186490574Z,fair-c100,2026-07-10T14:24:47.251Z,1783693487251,400956,first_a_sqs_sent_timestamp,16632,91,ok,
reaction-20260710T141732.186490574Z,baseline-c100,2026-07-10T14:24:48.216Z,1783693488216,401823,first_a_sqs_sent_timestamp,16525,97,ok,
reaction-20260710T141732.186490574Z,fair-c100,2026-07-10T14:24:48.244Z,1783693488244,401949,first_a_sqs_sent_timestamp,16860,104,ok,
reaction-20260710T141732.186490574Z,baseline-c100,2026-07-10T14:24:49.239Z,1783693489239,402846,first_a_sqs_sent_timestamp,16746,82,ok,
reaction-20260710T141732.186490574Z,fair-c100,2026-07-10T14:24:49.282Z,1783693489282,402987,first_a_sqs_sent_timestamp,16497,72,ok,
reaction-20260710T141732.186490574Z,baseline-c100,2026-07-10T14:24:50.217Z,1783693490217,403824,first_a_sqs_sent_timestamp,16413,95,ok,
reaction-20260710T141732.186490574Z,fair-c100,2026-07-10T14:24:50.245Z,1783693490245,403950,first_a_sqs_sent_timestamp,16520,91,ok,
reaction-20260710T141732.186490574Z,baseline-c100,2026-07-10T14:24:51.218Z,1783693491218,404825,first_a_sqs_sent_timestamp,16547,78,ok,
reaction-20260710T141732.186490574Z,fair-c100,2026-07-10T14:24:51.246Z,1783693491246,404951,first_a_sqs_sent_timestamp,16543,84,ok,
reaction-20260710T141732.186490574Z,baseline-c100,2026-07-10T14:24:52.222Z,1783693492222,405829,first_a_sqs_sent_timestamp,16263,79,ok,
reaction-20260710T141732.186490574Z,fair-c100,2026-07-10T14:24:52.249Z,1783693492249,405954,first_a_sqs_sent_timestamp,16592,95,ok,
reaction-20260710T141732.186490574Z,baseline-c100,2026-07-10T14:24:53.217Z,1783693493217,406824,first_a_sqs_sent_timestamp,16289,95,ok,
reaction-20260710T141732.186490574Z,fair-c100,2026-07-10T14:24:53.246Z,1783693493246,406951,first_a_sqs_sent_timestamp,16374,88,ok,
reaction-20260710T141732.186490574Z,baseline-c100,2026-07-10T14:24:54.216Z,1783693494216,407823,first_a_sqs_sent_timestamp,16431,91,ok,
reaction-20260710T141732.186490574Z,fair-c100,2026-07-10T14:24:54.244Z,1783693494244,407949,first_a_sqs_sent_timestamp,16308,90,ok,
reaction-20260710T141732.186490574Z,baseline-c100,2026-07-10T14:24:55.218Z,1783693495218,408825,first_a_sqs_sent_timestamp,16323,94,ok,
reaction-20260710T141732.186490574Z,fair-c100,2026-07-10T14:24:55.245Z,1783693495245,408950,first_a_sqs_sent_timestamp,16327,90,ok,
reaction-20260710T141732.186490574Z,baseline-c100,2026-07-10T14:24:56.214Z,1783693496214,409821,first_a_sqs_sent_timestamp,16348,87,ok,
reaction-20260710T141732.186490574Z,fair-c100,2026-07-10T14:24:56.244Z,1783693496244,409949,first_a_sqs_sent_timestamp,16336,94,ok,
reaction-20260710T141732.186490574Z,baseline-c100,2026-07-10T14:24:57.215Z,1783693497215,410822,first_a_sqs_sent_timestamp,16090,82,ok,
reaction-20260710T141732.186490574Z,fair-c100,2026-07-10T14:24:57.243Z,1783693497243,410948,first_a_sqs_sent_timestamp,16366,86,ok,
reaction-20260710T141732.186490574Z,baseline-c100,2026-07-10T14:24:58.217Z,1783693498217,411824,first_a_sqs_sent_timestamp,16316,107,ok,
reaction-20260710T141732.186490574Z,fair-c100,2026-07-10T14:24:58.243Z,1783693498243,411948,first_a_sqs_sent_timestamp,16121,102,ok,
reaction-20260710T141732.186490574Z,baseline-c100,2026-07-10T14:24:59.216Z,1783693499216,412823,first_a_sqs_sent_timestamp,16208,81,ok,
reaction-20260710T141732.186490574Z,fair-c100,2026-07-10T14:24:59.248Z,1783693499248,412953,first_a_sqs_sent_timestamp,16385,87,ok,
reaction-20260710T141732.186490574Z,baseline-c100,2026-07-10T14:25:00.219Z,1783693500219,413826,first_a_sqs_sent_timestamp,16083,82,ok,
reaction-20260710T141732.186490574Z,fair-c100,2026-07-10T14:25:00.247Z,1783693500247,413952,first_a_sqs_sent_timestamp,16184,90,ok,
reaction-20260710T141732.186490574Z,baseline-c100,2026-07-10T14:25:01.22Z,1783693501220,414827,first_a_sqs_sent_timestamp,16145,80,ok,
reaction-20260710T141732.186490574Z,fair-c100,2026-07-10T14:25:01.248Z,1783693501248,414953,first_a_sqs_sent_timestamp,16122,108,ok,
reaction-20260710T141732.186490574Z,baseline-c100,2026-07-10T14:25:02.218Z,1783693502218,415825,first_a_sqs_sent_timestamp,16064,97,ok,
reaction-20260710T141732.186490574Z,fair-c100,2026-07-10T14:25:02.248Z,1783693502248,415953,first_a_sqs_sent_timestamp,16187,87,ok,
reaction-20260710T141732.186490574Z,baseline-c100,2026-07-10T14:25:03.222Z,1783693503222,416829,first_a_sqs_sent_timestamp,16092,109,ok,
reaction-20260710T141732.186490574Z,fair-c100,2026-07-10T14:25:03.249Z,1783693503249,416954,first_a_sqs_sent_timestamp,16254,91,ok,
reaction-20260710T141732.186490574Z,baseline-c100,2026-07-10T14:25:04.215Z,1783693504215,417822,first_a_sqs_sent_timestamp,16162,118,ok,
reaction-20260710T141732.186490574Z,fair-c100,2026-07-10T14:25:04.249Z,1783693504249,417954,first_a_sqs_sent_timestamp,16098,105,ok,
reaction-20260710T141732.186490574Z,baseline-c100,2026-07-10T14:25:05.215Z,1783693505215,418822,first_a_sqs_sent_timestamp,15971,85,ok,
reaction-20260710T141732.186490574Z,fair-c100,2026-07-10T14:25:05.244Z,1783693505244,418949,first_a_sqs_sent_timestamp,15984,86,ok,
reaction-20260710T141732.186490574Z,baseline-c100,2026-07-10T14:25:06.219Z,1783693506219,419826,first_a_sqs_sent_timestamp,15897,99,ok,
reaction-20260710T141732.186490574Z,fair-c100,2026-07-10T14:25:06.246Z,1783693506246,419951,first_a_sqs_sent_timestamp,15996,97,ok,
reaction-20260710T141732.186490574Z,baseline-c100,2026-07-10T14:25:07.216Z,1783693507216,420823,first_a_sqs_sent_timestamp,15826,83,ok,
reaction-20260710T141732.186490574Z,fair-c100,2026-07-10T14:25:07.243Z,1783693507243,420948,first_a_sqs_sent_timestamp,15955,98,ok,
reaction-20260710T141732.186490574Z,baseline-c100,2026-07-10T14:25:08.216Z,1783693508216,421823,first_a_sqs_sent_timestamp,15804,100,ok,
reaction-20260710T141732.186490574Z,fair-c100,2026-07-10T14:25:08.242Z,1783693508242,421947,first_a_sqs_sent_timestamp,15889,105,ok,
reaction-20260710T141732.186490574Z,baseline-c100,2026-07-10T14:25:09.217Z,1783693509217,422824,first_a_sqs_sent_timestamp,15951,94,ok,
reaction-20260710T141732.186490574Z,fair-c100,2026-07-10T14:25:09.246Z,1783693509246,422951,first_a_sqs_sent_timestamp,16012,111,ok,
reaction-20260710T141732.186490574Z,baseline-c100,2026-07-10T14:25:10.221Z,1783693510221,423828,first_a_sqs_sent_timestamp,15730,92,ok,
reaction-20260710T141732.186490574Z,fair-c100,2026-07-10T14:25:10.25Z,1783693510250,423955,first_a_sqs_sent_timestamp,15944,86,ok,
reaction-20260710T141732.186490574Z,baseline-c100,2026-07-10T14:25:11.217Z,1783693511217,424824,first_a_sqs_sent_timestamp,15659,85,ok,
reaction-20260710T141732.186490574Z,fair-c100,2026-07-10T14:25:11.245Z,1783693511245,424950,first_a_sqs_sent_timestamp,15845,99,ok,
reaction-20260710T141732.186490574Z,baseline-c100,2026-07-10T14:25:12.215Z,1783693512215,425822,first_a_sqs_sent_timestamp,15702,88,ok,
reaction-20260710T141732.186490574Z,fair-c100,2026-07-10T14:25:12.241Z,1783693512241,425946,first_a_sqs_sent_timestamp,15696,90,ok,
reaction-20260710T141732.186490574Z,baseline-c100,2026-07-10T14:25:13.213Z,1783693513213,426820,first_a_sqs_sent_timestamp,15780,96,ok,
reaction-20260710T141732.186490574Z,fair-c100,2026-07-10T14:25:13.239Z,1783693513239,426944,first_a_sqs_sent_timestamp,15685,89,ok,
reaction-20260710T141732.186490574Z,baseline-c100,2026-07-10T14:25:14.213Z,1783693514213,427820,first_a_sqs_sent_timestamp,15599,92,ok,
reaction-20260710T141732.186490574Z,fair-c100,2026-07-10T14:25:14.239Z,1783693514239,427944,first_a_sqs_sent_timestamp,15548,94,ok,
reaction-20260710T141732.186490574Z,baseline-c100,2026-07-10T14:25:15.216Z,1783693515216,428823,first_a_sqs_sent_timestamp,15681,97,ok,
reaction-20260710T141732.186490574Z,fair-c100,2026-07-10T14:25:15.245Z,1783693515245,428950,first_a_sqs_sent_timestamp,15666,97,ok,
reaction-20260710T141732.186490574Z,baseline-c100,2026-07-10T14:25:16.219Z,1783693516219,429826,first_a_sqs_sent_timestamp,15687,86,ok,
reaction-20260710T141732.186490574Z,fair-c100,2026-07-10T14:25:16.245Z,1783693516245,429950,first_a_sqs_sent_timestamp,15609,88,ok,
reaction-20260710T141732.186490574Z,baseline-c100,2026-07-10T14:25:17.217Z,1783693517217,430824,first_a_sqs_sent_timestamp,15410,98,ok,
reaction-20260710T141732.186490574Z,fair-c100,2026-07-10T14:25:17.244Z,1783693517244,430949,first_a_sqs_sent_timestamp,15815,95,ok,
reaction-20260710T141732.186490574Z,baseline-c100,2026-07-10T14:25:18.217Z,1783693518217,431824,first_a_sqs_sent_timestamp,15588,104,ok,
reaction-20260710T141732.186490574Z,fair-c100,2026-07-10T14:25:18.245Z,1783693518245,431950,first_a_sqs_sent_timestamp,15562,95,ok,
reaction-20260710T141732.186490574Z,baseline-c100,2026-07-10T14:25:19.224Z,1783693519224,432831,first_a_sqs_sent_timestamp,15520,95,ok,
reaction-20260710T141732.186490574Z,fair-c100,2026-07-10T14:25:19.253Z,1783693519253,432958,first_a_sqs_sent_timestamp,15588,85,ok,
reaction-20260710T141732.186490574Z,baseline-c100,2026-07-10T14:25:20.215Z,1783693520215,433822,first_a_sqs_sent_timestamp,15341,94,ok,
reaction-20260710T141732.186490574Z,fair-c100,2026-07-10T14:25:20.243Z,1783693520243,433948,first_a_sqs_sent_timestamp,15574,92,ok,
reaction-20260710T141732.186490574Z,baseline-c100,2026-07-10T14:25:21.216Z,1783693521216,434823,first_a_sqs_sent_timestamp,15476,85,ok,
reaction-20260710T141732.186490574Z,fair-c100,2026-07-10T14:25:21.244Z,1783693521244,434949,first_a_sqs_sent_timestamp,15504,88,ok,
reaction-20260710T141732.186490574Z,baseline-c100,2026-07-10T14:25:22.217Z,1783693522217,435824,first_a_sqs_sent_timestamp,15408,86,ok,
reaction-20260710T141732.186490574Z,fair-c100,2026-07-10T14:25:22.244Z,1783693522244,435949,first_a_sqs_sent_timestamp,15345,87,ok,
reaction-20260710T141732.186490574Z,baseline-c100,2026-07-10T14:25:23.215Z,1783693523215,436822,first_a_sqs_sent_timestamp,15237,73,ok,
reaction-20260710T141732.186490574Z,fair-c100,2026-07-10T14:25:23.244Z,1783693523244,436949,first_a_sqs_sent_timestamp,15273,96,ok,
reaction-20260710T141732.186490574Z,baseline-c100,2026-07-10T14:25:24.215Z,1783693524215,437822,first_a_sqs_sent_timestamp,15462,85,ok,
reaction-20260710T141732.186490574Z,fair-c100,2026-07-10T14:25:24.243Z,1783693524243,437948,first_a_sqs_sent_timestamp,15296,94,ok,
reaction-20260710T141732.186490574Z,baseline-c100,2026-07-10T14:25:25.216Z,1783693525216,438823,first_a_sqs_sent_timestamp,15287,98,ok,
reaction-20260710T141732.186490574Z,fair-c100,2026-07-10T14:25:25.252Z,1783693525252,438957,first_a_sqs_sent_timestamp,15276,97,ok,
reaction-20260710T141732.186490574Z,baseline-c100,2026-07-10T14:25:26.218Z,1783693526218,439825,first_a_sqs_sent_timestamp,15061,91,ok,
reaction-20260710T141732.186490574Z,fair-c100,2026-07-10T14:25:26.251Z,1783693526251,439956,first_a_sqs_sent_timestamp,15147,97,ok,
reaction-20260710T141732.186490574Z,baseline-c100,2026-07-10T14:25:27.215Z,1783693527215,440822,first_a_sqs_sent_timestamp,15210,107,ok,
reaction-20260710T141732.186490574Z,fair-c100,2026-07-10T14:25:27.241Z,1783693527241,440946,first_a_sqs_sent_timestamp,15070,72,ok,
reaction-20260710T141732.186490574Z,baseline-c100,2026-07-10T14:25:28.219Z,1783693528219,441826,first_a_sqs_sent_timestamp,15443,88,ok,
reaction-20260710T141732.186490574Z,fair-c100,2026-07-10T14:25:28.246Z,1783693528246,441951,first_a_sqs_sent_timestamp,15219,89,ok,
reaction-20260710T141732.186490574Z,baseline-c100,2026-07-10T14:25:29.216Z,1783693529216,442823,first_a_sqs_sent_timestamp,15125,89,ok,
reaction-20260710T141732.186490574Z,fair-c100,2026-07-10T14:25:29.243Z,1783693529243,442948,first_a_sqs_sent_timestamp,15335,99,ok,
reaction-20260710T141732.186490574Z,baseline-c100,2026-07-10T14:25:30.213Z,1783693530213,443820,first_a_sqs_sent_timestamp,14953,92,ok,
reaction-20260710T141732.186490574Z,fair-c100,2026-07-10T14:25:30.238Z,1783693530238,443943,first_a_sqs_sent_timestamp,14970,80,ok,
reaction-20260710T141732.186490574Z,baseline-c100,2026-07-10T14:25:31.216Z,1783693531216,444823,first_a_sqs_sent_timestamp,15032,85,ok,
reaction-20260710T141732.186490574Z,fair-c100,2026-07-10T14:25:31.244Z,1783693531244,444949,first_a_sqs_sent_timestamp,14912,100,ok,
reaction-20260710T141732.186490574Z,baseline-c100,2026-07-10T14:25:32.214Z,1783693532214,445821,first_a_sqs_sent_timestamp,15135,78,ok,
reaction-20260710T141732.186490574Z,fair-c100,2026-07-10T14:25:32.246Z,1783693532246,445951,first_a_sqs_sent_timestamp,15107,91,ok,
reaction-20260710T141732.186490574Z,baseline-c100,2026-07-10T14:25:33.214Z,1783693533214,446821,first_a_sqs_sent_timestamp,14953,92,ok,
reaction-20260710T141732.186490574Z,fair-c100,2026-07-10T14:25:33.24Z,1783693533240,446945,first_a_sqs_sent_timestamp,15020,92,ok,
reaction-20260710T141732.186490574Z,baseline-c100,2026-07-10T14:25:34.224Z,1783693534224,447831,first_a_sqs_sent_timestamp,15167,105,ok,
reaction-20260710T141732.186490574Z,fair-c100,2026-07-10T14:25:34.251Z,1783693534251,447956,first_a_sqs_sent_timestamp,15083,87,ok,
reaction-20260710T141732.186490574Z,baseline-c100,2026-07-10T14:25:35.25Z,1783693535250,448857,first_a_sqs_sent_timestamp,14968,93,ok,
reaction-20260710T141732.186490574Z,fair-c100,2026-07-10T14:25:35.276Z,1783693535276,448981,first_a_sqs_sent_timestamp,14885,88,ok,
reaction-20260710T141732.186490574Z,baseline-c100,2026-07-10T14:25:36.216Z,1783693536216,449823,first_a_sqs_sent_timestamp,15007,85,ok,
reaction-20260710T141732.186490574Z,fair-c100,2026-07-10T14:25:36.243Z,1783693536243,449948,first_a_sqs_sent_timestamp,15141,100,ok,
reaction-20260710T141732.186490574Z,baseline-c100,2026-07-10T14:25:37.214Z,1783693537214,450821,first_a_sqs_sent_timestamp,14705,91,ok,
reaction-20260710T141732.186490574Z,fair-c100,2026-07-10T14:25:37.241Z,1783693537241,450946,first_a_sqs_sent_timestamp,14791,84,ok,
reaction-20260710T141732.186490574Z,baseline-c100,2026-07-10T14:25:38.216Z,1783693538216,451823,first_a_sqs_sent_timestamp,14736,89,ok,
reaction-20260710T141732.186490574Z,fair-c100,2026-07-10T14:25:38.243Z,1783693538243,451948,first_a_sqs_sent_timestamp,14644,93,ok,
reaction-20260710T141732.186490574Z,baseline-c100,2026-07-10T14:25:39.217Z,1783693539217,452824,first_a_sqs_sent_timestamp,14930,89,ok,
reaction-20260710T141732.186490574Z,fair-c100,2026-07-10T14:25:39.243Z,1783693539243,452948,first_a_sqs_sent_timestamp,14721,94,ok,
reaction-20260710T141732.186490574Z,baseline-c100,2026-07-10T14:25:40.215Z,1783693540215,453822,first_a_sqs_sent_timestamp,15025,79,ok,
reaction-20260710T141732.186490574Z,fair-c100,2026-07-10T14:25:40.244Z,1783693540244,453949,first_a_sqs_sent_timestamp,14676,92,ok,
reaction-20260710T141732.186490574Z,baseline-c100,2026-07-10T14:25:41.214Z,1783693541214,454821,first_a_sqs_sent_timestamp,14733,86,ok,
reaction-20260710T141732.186490574Z,fair-c100,2026-07-10T14:25:41.241Z,1783693541241,454946,first_a_sqs_sent_timestamp,14789,98,ok,
reaction-20260710T141732.186490574Z,baseline-c100,2026-07-10T14:25:42.216Z,1783693542216,455823,first_a_sqs_sent_timestamp,14649,94,ok,
reaction-20260710T141732.186490574Z,fair-c100,2026-07-10T14:25:42.243Z,1783693542243,455948,first_a_sqs_sent_timestamp,14925,91,ok,
reaction-20260710T141732.186490574Z,baseline-c100,2026-07-10T14:25:43.216Z,1783693543216,456823,first_a_sqs_sent_timestamp,14478,100,ok,
reaction-20260710T141732.186490574Z,fair-c100,2026-07-10T14:25:43.246Z,1783693543246,456951,first_a_sqs_sent_timestamp,14567,94,ok,
reaction-20260710T141732.186490574Z,baseline-c100,2026-07-10T14:25:44.215Z,1783693544215,457822,first_a_sqs_sent_timestamp,14522,93,ok,
reaction-20260710T141732.186490574Z,fair-c100,2026-07-10T14:25:44.244Z,1783693544244,457949,first_a_sqs_sent_timestamp,14727,85,ok,
reaction-20260710T141732.186490574Z,baseline-c100,2026-07-10T14:25:45.217Z,1783693545217,458824,first_a_sqs_sent_timestamp,14513,106,ok,
reaction-20260710T141732.186490574Z,fair-c100,2026-07-10T14:25:45.244Z,1783693545244,458949,first_a_sqs_sent_timestamp,14425,96,ok,
reaction-20260710T141732.186490574Z,baseline-c100,2026-07-10T14:25:46.216Z,1783693546216,459823,first_a_sqs_sent_timestamp,14482,93,ok,
reaction-20260710T141732.186490574Z,fair-c100,2026-07-10T14:25:46.244Z,1783693546244,459949,first_a_sqs_sent_timestamp,14866,94,ok,
reaction-20260710T141732.186490574Z,baseline-c100,2026-07-10T14:25:47.217Z,1783693547217,460824,first_a_sqs_sent_timestamp,14592,98,ok,
reaction-20260710T141732.186490574Z,fair-c100,2026-07-10T14:25:47.245Z,1783693547245,460950,first_a_sqs_sent_timestamp,14480,87,ok,
reaction-20260710T141732.186490574Z,baseline-c100,2026-07-10T14:25:48.222Z,1783693548222,461829,first_a_sqs_sent_timestamp,14790,92,ok,
reaction-20260710T141732.186490574Z,fair-c100,2026-07-10T14:25:48.25Z,1783693548250,461955,first_a_sqs_sent_timestamp,14611,98,ok,
reaction-20260710T141732.186490574Z,baseline-c100,2026-07-10T14:25:49.216Z,1783693549216,462823,first_a_sqs_sent_timestamp,14453,93,ok,
reaction-20260710T141732.186490574Z,fair-c100,2026-07-10T14:25:49.244Z,1783693549244,462949,first_a_sqs_sent_timestamp,14335,96,ok,
reaction-20260710T141732.186490574Z,baseline-c100,2026-07-10T14:25:50.215Z,1783693550215,463822,first_a_sqs_sent_timestamp,14253,106,ok,
reaction-20260710T141732.186490574Z,fair-c100,2026-07-10T14:25:50.244Z,1783693550244,463949,first_a_sqs_sent_timestamp,14549,90,ok,
reaction-20260710T141732.186490574Z,baseline-c100,2026-07-10T14:25:51.216Z,1783693551216,464823,first_a_sqs_sent_timestamp,14791,89,ok,
reaction-20260710T141732.186490574Z,fair-c100,2026-07-10T14:25:51.243Z,1783693551243,464948,first_a_sqs_sent_timestamp,14256,93,ok,
reaction-20260710T141732.186490574Z,baseline-c100,2026-07-10T14:25:52.216Z,1783693552216,465823,first_a_sqs_sent_timestamp,14254,76,ok,
reaction-20260710T141732.186490574Z,fair-c100,2026-07-10T14:25:52.246Z,1783693552246,465951,first_a_sqs_sent_timestamp,14681,86,ok,
reaction-20260710T141732.186490574Z,baseline-c100,2026-07-10T14:25:53.215Z,1783693553215,466822,first_a_sqs_sent_timestamp,14199,96,ok,
reaction-20260710T141732.186490574Z,fair-c100,2026-07-10T14:25:53.242Z,1783693553242,466947,first_a_sqs_sent_timestamp,14170,98,ok,
reaction-20260710T141732.186490574Z,baseline-c100,2026-07-10T14:25:54.214Z,1783693554214,467821,first_a_sqs_sent_timestamp,14219,95,ok,
reaction-20260710T141732.186490574Z,fair-c100,2026-07-10T14:25:54.244Z,1783693554244,467949,first_a_sqs_sent_timestamp,14170,98,ok,
reaction-20260710T141732.186490574Z,baseline-c100,2026-07-10T14:25:55.215Z,1783693555215,468822,first_a_sqs_sent_timestamp,14142,104,ok,
reaction-20260710T141732.186490574Z,fair-c100,2026-07-10T14:25:55.243Z,1783693555243,468948,first_a_sqs_sent_timestamp,14239,85,ok,
reaction-20260710T141732.186490574Z,baseline-c100,2026-07-10T14:25:56.239Z,1783693556239,469846,first_a_sqs_sent_timestamp,14150,95,ok,
reaction-20260710T141732.186490574Z,fair-c100,2026-07-10T14:25:56.266Z,1783693556266,469971,first_a_sqs_sent_timestamp,14229,83,ok,
reaction-20260710T141732.186490574Z,baseline-c100,2026-07-10T14:25:57.213Z,1783693557213,470820,first_a_sqs_sent_timestamp,14152,92,ok,
reaction-20260710T141732.186490574Z,fair-c100,2026-07-10T14:25:57.24Z,1783693557240,470945,first_a_sqs_sent_timestamp,14358,88,ok,
reaction-20260710T141732.186490574Z,baseline-c100,2026-07-10T14:25:58.213Z,1783693558213,471820,first_a_sqs_sent_timestamp,14276,86,ok,
reaction-20260710T141732.186490574Z,fair-c100,2026-07-10T14:25:58.239Z,1783693558239,471944,first_a_sqs_sent_timestamp,14196,94,ok,
reaction-20260710T141732.186490574Z,baseline-c100,2026-07-10T14:25:59.216Z,1783693559216,472823,first_a_sqs_sent_timestamp,14240,102,ok,
reaction-20260710T141732.186490574Z,fair-c100,2026-07-10T14:25:59.244Z,1783693559244,472949,first_a_sqs_sent_timestamp,14240,93,ok,
reaction-20260710T141732.186490574Z,baseline-c100,2026-07-10T14:26:00.217Z,1783693560217,473824,first_a_sqs_sent_timestamp,14161,98,ok,
reaction-20260710T141732.186490574Z,fair-c100,2026-07-10T14:26:00.244Z,1783693560244,473949,first_a_sqs_sent_timestamp,14096,89,ok,
reaction-20260710T141732.186490574Z,baseline-c100,2026-07-10T14:26:01.213Z,1783693561213,474820,first_a_sqs_sent_timestamp,13960,90,ok,
reaction-20260710T141732.186490574Z,fair-c100,2026-07-10T14:26:01.24Z,1783693561240,474945,first_a_sqs_sent_timestamp,13933,98,ok,
reaction-20260710T141732.186490574Z,baseline-c100,2026-07-10T14:26:02.214Z,1783693562214,475821,first_a_sqs_sent_timestamp,13868,90,ok,
reaction-20260710T141732.186490574Z,fair-c100,2026-07-10T14:26:02.244Z,1783693562244,475949,first_a_sqs_sent_timestamp,14293,108,ok,
reaction-20260710T141732.186490574Z,baseline-c100,2026-07-10T14:26:03.217Z,1783693563217,476824,first_a_sqs_sent_timestamp,13941,86,ok,
reaction-20260710T141732.186490574Z,fair-c100,2026-07-10T14:26:03.245Z,1783693563245,476950,first_a_sqs_sent_timestamp,13907,96,ok,
reaction-20260710T141732.186490574Z,baseline-c100,2026-07-10T14:26:04.216Z,1783693564216,477823,first_a_sqs_sent_timestamp,14027,90,ok,
reaction-20260710T141732.186490574Z,fair-c100,2026-07-10T14:26:04.245Z,1783693564245,477950,first_a_sqs_sent_timestamp,13901,94,ok,
reaction-20260710T141732.186490574Z,baseline-c100,2026-07-10T14:26:05.216Z,1783693565216,478823,first_a_sqs_sent_timestamp,13831,89,ok,
reaction-20260710T141732.186490574Z,fair-c100,2026-07-10T14:26:05.244Z,1783693565244,478949,first_a_sqs_sent_timestamp,13806,105,ok,
reaction-20260710T141732.186490574Z,baseline-c100,2026-07-10T14:26:06.214Z,1783693566214,479821,first_a_sqs_sent_timestamp,13855,97,ok,
reaction-20260710T141732.186490574Z,fair-c100,2026-07-10T14:26:06.24Z,1783693566240,479945,first_a_sqs_sent_timestamp,13742,81,ok,
reaction-20260710T141732.186490574Z,baseline-c100,2026-07-10T14:26:07.215Z,1783693567215,480822,first_a_sqs_sent_timestamp,13719,103,ok,
reaction-20260710T141732.186490574Z,fair-c100,2026-07-10T14:26:07.242Z,1783693567242,480947,first_a_sqs_sent_timestamp,13883,85,ok,
reaction-20260710T141732.186490574Z,baseline-c100,2026-07-10T14:26:08.216Z,1783693568216,481823,first_a_sqs_sent_timestamp,14025,101,ok,
reaction-20260710T141732.186490574Z,fair-c100,2026-07-10T14:26:08.246Z,1783693568246,481951,first_a_sqs_sent_timestamp,13640,84,ok,
reaction-20260710T141732.186490574Z,baseline-c100,2026-07-10T14:26:09.216Z,1783693569216,482823,first_a_sqs_sent_timestamp,13896,86,ok,
reaction-20260710T141732.186490574Z,fair-c100,2026-07-10T14:26:09.245Z,1783693569245,482950,first_a_sqs_sent_timestamp,13744,93,ok,
reaction-20260710T141732.186490574Z,baseline-c100,2026-07-10T14:26:10.218Z,1783693570218,483825,first_a_sqs_sent_timestamp,13706,95,ok,
reaction-20260710T141732.186490574Z,fair-c100,2026-07-10T14:26:10.244Z,1783693570244,483949,first_a_sqs_sent_timestamp,13704,103,ok,
reaction-20260710T141732.186490574Z,baseline-c100,2026-07-10T14:26:11.217Z,1783693571217,484824,first_a_sqs_sent_timestamp,13669,91,ok,
reaction-20260710T141732.186490574Z,fair-c100,2026-07-10T14:26:11.244Z,1783693571244,484949,first_a_sqs_sent_timestamp,13568,89,ok,
reaction-20260710T141732.186490574Z,baseline-c100,2026-07-10T14:26:12.213Z,1783693572213,485820,first_a_sqs_sent_timestamp,13499,91,ok,
reaction-20260710T141732.186490574Z,fair-c100,2026-07-10T14:26:12.241Z,1783693572241,485946,first_a_sqs_sent_timestamp,13490,99,ok,
reaction-20260710T141732.186490574Z,baseline-c100,2026-07-10T14:26:13.225Z,1783693573225,486832,first_a_sqs_sent_timestamp,13670,97,ok,
reaction-20260710T141732.186490574Z,fair-c100,2026-07-10T14:26:13.255Z,1783693573255,486960,first_a_sqs_sent_timestamp,13640,84,ok,
reaction-20260710T141732.186490574Z,baseline-c100,2026-07-10T14:26:14.215Z,1783693574215,487822,first_a_sqs_sent_timestamp,13545,92,ok,
reaction-20260710T141732.186490574Z,fair-c100,2026-07-10T14:26:14.242Z,1783693574242,487947,first_a_sqs_sent_timestamp,13436,93,ok,
reaction-20260710T141732.186490574Z,baseline-c100,2026-07-10T14:26:15.215Z,1783693575215,488822,first_a_sqs_sent_timestamp,13579,82,ok,
reaction-20260710T141732.186490574Z,fair-c100,2026-07-10T14:26:15.241Z,1783693575241,488946,first_a_sqs_sent_timestamp,13469,89,ok,
reaction-20260710T141732.186490574Z,baseline-c100,2026-07-10T14:26:16.214Z,1783693576214,489821,first_a_sqs_sent_timestamp,13453,89,ok,
reaction-20260710T141732.186490574Z,fair-c100,2026-07-10T14:26:16.243Z,1783693576243,489948,first_a_sqs_sent_timestamp,13609,88,ok,
reaction-20260710T141732.186490574Z,baseline-c100,2026-07-10T14:26:17.216Z,1783693577216,490823,first_a_sqs_sent_timestamp,13352,96,ok,
reaction-20260710T141732.186490574Z,fair-c100,2026-07-10T14:26:17.244Z,1783693577244,490949,first_a_sqs_sent_timestamp,13511,102,ok,
reaction-20260710T141732.186490574Z,baseline-c100,2026-07-10T14:26:18.221Z,1783693578221,491828,first_a_sqs_sent_timestamp,13434,103,ok,
reaction-20260710T141732.186490574Z,fair-c100,2026-07-10T14:26:18.286Z,1783693578286,491991,first_a_sqs_sent_timestamp,13431,99,ok,
reaction-20260710T141732.186490574Z,baseline-c100,2026-07-10T14:26:19.216Z,1783693579216,492823,first_a_sqs_sent_timestamp,13377,89,ok,
reaction-20260710T141732.186490574Z,fair-c100,2026-07-10T14:26:19.246Z,1783693579246,492951,first_a_sqs_sent_timestamp,13584,84,ok,
reaction-20260710T141732.186490574Z,baseline-c100,2026-07-10T14:26:20.219Z,1783693580219,493826,first_a_sqs_sent_timestamp,13528,97,ok,
reaction-20260710T141732.186490574Z,fair-c100,2026-07-10T14:26:20.247Z,1783693580247,493952,first_a_sqs_sent_timestamp,13324,89,ok,
reaction-20260710T141732.186490574Z,baseline-c100,2026-07-10T14:26:21.218Z,1783693581218,494825,first_a_sqs_sent_timestamp,13234,105,ok,
reaction-20260710T141732.186490574Z,fair-c100,2026-07-10T14:26:21.248Z,1783693581248,494953,first_a_sqs_sent_timestamp,13637,90,ok,
reaction-20260710T141732.186490574Z,baseline-c100,2026-07-10T14:26:22.216Z,1783693582216,495823,first_a_sqs_sent_timestamp,13790,95,ok,
reaction-20260710T141732.186490574Z,fair-c100,2026-07-10T14:26:22.243Z,1783693582243,495948,first_a_sqs_sent_timestamp,13096,96,ok,
reaction-20260710T141732.186490574Z,baseline-c100,2026-07-10T14:26:23.214Z,1783693583214,496821,first_a_sqs_sent_timestamp,13616,94,ok,
reaction-20260710T141732.186490574Z,fair-c100,2026-07-10T14:26:23.245Z,1783693583245,496950,first_a_sqs_sent_timestamp,13248,100,ok,
reaction-20260710T141732.186490574Z,baseline-c100,2026-07-10T14:26:24.216Z,1783693584216,497823,first_a_sqs_sent_timestamp,13341,86,ok,
reaction-20260710T141732.186490574Z,fair-c100,2026-07-10T14:26:24.243Z,1783693584243,497948,first_a_sqs_sent_timestamp,13190,85,ok,
reaction-20260710T141732.186490574Z,baseline-c100,2026-07-10T14:26:25.216Z,1783693585216,498823,first_a_sqs_sent_timestamp,13061,85,ok,
reaction-20260710T141732.186490574Z,fair-c100,2026-07-10T14:26:25.246Z,1783693585246,498951,first_a_sqs_sent_timestamp,13337,94,ok,
reaction-20260710T141732.186490574Z,baseline-c100,2026-07-10T14:26:26.219Z,1783693586219,499826,first_a_sqs_sent_timestamp,13179,88,ok,
reaction-20260710T141732.186490574Z,fair-c100,2026-07-10T14:26:26.249Z,1783693586249,499954,first_a_sqs_sent_timestamp,13096,96,ok,
reaction-20260710T141732.186490574Z,baseline-c100,2026-07-10T14:26:27.214Z,1783693587214,500821,first_a_sqs_sent_timestamp,13005,88,ok,
reaction-20260710T141732.186490574Z,fair-c100,2026-07-10T14:26:27.246Z,1783693587246,500951,first_a_sqs_sent_timestamp,13002,91,ok,
reaction-20260710T141732.186490574Z,baseline-c100,2026-07-10T14:26:28.218Z,1783693588218,501825,first_a_sqs_sent_timestamp,13255,88,ok,
reaction-20260710T141732.186490574Z,fair-c100,2026-07-10T14:26:28.25Z,1783693588250,501955,first_a_sqs_sent_timestamp,13415,99,ok,
reaction-20260710T141732.186490574Z,baseline-c100,2026-07-10T14:26:29.215Z,1783693589215,502822,first_a_sqs_sent_timestamp,13093,89,ok,
reaction-20260710T141732.186490574Z,fair-c100,2026-07-10T14:26:29.242Z,1783693589242,502947,first_a_sqs_sent_timestamp,13036,96,ok,
reaction-20260710T141732.186490574Z,baseline-c100,2026-07-10T14:26:30.217Z,1783693590217,503824,first_a_sqs_sent_timestamp,12987,95,ok,
reaction-20260710T141732.186490574Z,fair-c100,2026-07-10T14:26:30.243Z,1783693590243,503948,first_a_sqs_sent_timestamp,12890,102,ok,
reaction-20260710T141732.186490574Z,baseline-c100,2026-07-10T14:26:31.213Z,1783693591213,504820,first_a_sqs_sent_timestamp,12818,91,ok,
reaction-20260710T141732.186490574Z,fair-c100,2026-07-10T14:26:31.242Z,1783693591242,504947,first_a_sqs_sent_timestamp,12923,104,ok,
reaction-20260710T141732.186490574Z,baseline-c100,2026-07-10T14:26:32.216Z,1783693592216,505823,first_a_sqs_sent_timestamp,12907,96,ok,
reaction-20260710T141732.186490574Z,fair-c100,2026-07-10T14:26:32.245Z,1783693592245,505950,first_a_sqs_sent_timestamp,13123,105,ok,
reaction-20260710T141732.186490574Z,baseline-c100,2026-07-10T14:26:33.229Z,1783693593229,506836,first_a_sqs_sent_timestamp,12927,92,ok,
reaction-20260710T141732.186490574Z,fair-c100,2026-07-10T14:26:33.263Z,1783693593263,506968,first_a_sqs_sent_timestamp,12932,96,ok,
reaction-20260710T141732.186490574Z,baseline-c100,2026-07-10T14:26:34.217Z,1783693594217,507824,first_a_sqs_sent_timestamp,12943,90,ok,
reaction-20260710T141732.186490574Z,fair-c100,2026-07-10T14:26:34.244Z,1783693594244,507949,first_a_sqs_sent_timestamp,12675,84,ok,
reaction-20260710T141732.186490574Z,baseline-c100,2026-07-10T14:26:35.215Z,1783693595215,508822,first_a_sqs_sent_timestamp,12650,84,ok,
reaction-20260710T141732.186490574Z,fair-c100,2026-07-10T14:26:35.247Z,1783693595247,508952,first_a_sqs_sent_timestamp,12962,82,ok,
reaction-20260710T141732.186490574Z,baseline-c100,2026-07-10T14:26:36.217Z,1783693596217,509824,first_a_sqs_sent_timestamp,13147,84,ok,
reaction-20260710T141732.186490574Z,fair-c100,2026-07-10T14:26:36.26Z,1783693596260,509965,first_a_sqs_sent_timestamp,12657,86,ok,
reaction-20260710T141732.186490574Z,baseline-c100,2026-07-10T14:26:37.222Z,1783693597222,510829,first_a_sqs_sent_timestamp,12676,95,ok,
reaction-20260710T141732.186490574Z,fair-c100,2026-07-10T14:26:37.258Z,1783693597258,510963,first_a_sqs_sent_timestamp,12708,85,ok,
reaction-20260710T141732.186490574Z,baseline-c100,2026-07-10T14:26:38.217Z,1783693598217,511824,first_a_sqs_sent_timestamp,12674,91,ok,
reaction-20260710T141732.186490574Z,fair-c100,2026-07-10T14:26:38.244Z,1783693598244,511949,first_a_sqs_sent_timestamp,12782,89,ok,
reaction-20260710T141732.186490574Z,baseline-c100,2026-07-10T14:26:39.215Z,1783693599215,512822,first_a_sqs_sent_timestamp,12729,84,ok,
reaction-20260710T141732.186490574Z,fair-c100,2026-07-10T14:26:39.289Z,1783693599289,512994,first_a_sqs_sent_timestamp,12590,79,ok,
reaction-20260710T141732.186490574Z,baseline-c100,2026-07-10T14:26:40.217Z,1783693600217,513824,first_a_sqs_sent_timestamp,12486,81,ok,
reaction-20260710T141732.186490574Z,fair-c100,2026-07-10T14:26:40.245Z,1783693600245,513950,first_a_sqs_sent_timestamp,12601,87,ok,
reaction-20260710T141732.186490574Z,baseline-c100,2026-07-10T14:26:41.215Z,1783693601215,514822,first_a_sqs_sent_timestamp,12695,99,ok,
reaction-20260710T141732.186490574Z,fair-c100,2026-07-10T14:26:41.244Z,1783693601244,514949,first_a_sqs_sent_timestamp,12571,85,ok,
reaction-20260710T141732.186490574Z,baseline-c100,2026-07-10T14:26:42.217Z,1783693602217,515824,first_a_sqs_sent_timestamp,12605,93,ok,
reaction-20260710T141732.186490574Z,fair-c100,2026-07-10T14:26:42.247Z,1783693602247,515952,first_a_sqs_sent_timestamp,12488,103,ok,
reaction-20260710T141732.186490574Z,baseline-c100,2026-07-10T14:26:43.222Z,1783693603222,516829,first_a_sqs_sent_timestamp,12547,80,ok,
reaction-20260710T141732.186490574Z,fair-c100,2026-07-10T14:26:43.25Z,1783693603250,516955,first_a_sqs_sent_timestamp,13009,100,ok,
reaction-20260710T141732.186490574Z,baseline-c100,2026-07-10T14:26:44.222Z,1783693604222,517829,first_a_sqs_sent_timestamp,12658,93,ok,
reaction-20260710T141732.186490574Z,fair-c100,2026-07-10T14:26:44.25Z,1783693604250,517955,first_a_sqs_sent_timestamp,12588,84,ok,
reaction-20260710T141732.186490574Z,baseline-c100,2026-07-10T14:26:45.214Z,1783693605214,518821,first_a_sqs_sent_timestamp,12406,84,ok,
reaction-20260710T141732.186490574Z,fair-c100,2026-07-10T14:26:45.24Z,1783693605240,518945,first_a_sqs_sent_timestamp,12399,83,ok,
reaction-20260710T141732.186490574Z,baseline-c100,2026-07-10T14:26:46.214Z,1783693606214,519821,first_a_sqs_sent_timestamp,12364,85,ok,
reaction-20260710T141732.186490574Z,fair-c100,2026-07-10T14:26:46.24Z,1783693606240,519945,first_a_sqs_sent_timestamp,12298,97,ok,
reaction-20260710T141732.186490574Z,baseline-c100,2026-07-10T14:26:47.216Z,1783693607216,520823,first_a_sqs_sent_timestamp,12386,83,ok,
reaction-20260710T141732.186490574Z,fair-c100,2026-07-10T14:26:47.245Z,1783693607245,520950,first_a_sqs_sent_timestamp,12377,79,ok,
reaction-20260710T141732.186490574Z,baseline-c100,2026-07-10T14:26:48.216Z,1783693608216,521823,first_a_sqs_sent_timestamp,12378,84,ok,
reaction-20260710T141732.186490574Z,fair-c100,2026-07-10T14:26:48.242Z,1783693608242,521947,first_a_sqs_sent_timestamp,12341,98,ok,
reaction-20260710T141732.186490574Z,baseline-c100,2026-07-10T14:26:49.214Z,1783693609214,522821,first_a_sqs_sent_timestamp,12534,83,ok,
reaction-20260710T141732.186490574Z,fair-c100,2026-07-10T14:26:49.24Z,1783693609240,522945,first_a_sqs_sent_timestamp,12363,84,ok,
reaction-20260710T141732.186490574Z,baseline-c100,2026-07-10T14:26:50.214Z,1783693610214,523821,first_a_sqs_sent_timestamp,12151,91,ok,
reaction-20260710T141732.186490574Z,fair-c100,2026-07-10T14:26:50.242Z,1783693610242,523947,first_a_sqs_sent_timestamp,12576,94,ok,
reaction-20260710T141732.186490574Z,baseline-c100,2026-07-10T14:26:51.214Z,1783693611214,524821,first_a_sqs_sent_timestamp,12192,90,ok,
reaction-20260710T141732.186490574Z,fair-c100,2026-07-10T14:26:51.242Z,1783693611242,524947,first_a_sqs_sent_timestamp,12188,81,ok,
reaction-20260710T141732.186490574Z,baseline-c100,2026-07-10T14:26:52.215Z,1783693612215,525822,first_a_sqs_sent_timestamp,12599,100,ok,
reaction-20260710T141732.186490574Z,fair-c100,2026-07-10T14:26:52.244Z,1783693612244,525949,first_a_sqs_sent_timestamp,12213,90,ok,
reaction-20260710T141732.186490574Z,baseline-c100,2026-07-10T14:26:53.238Z,1783693613238,526845,first_a_sqs_sent_timestamp,12308,92,ok,
reaction-20260710T141732.186490574Z,fair-c100,2026-07-10T14:26:53.265Z,1783693613265,526970,first_a_sqs_sent_timestamp,12408,99,ok,
reaction-20260710T141732.186490574Z,baseline-c100,2026-07-10T14:26:54.215Z,1783693614215,527822,first_a_sqs_sent_timestamp,12159,87,ok,
reaction-20260710T141732.186490574Z,fair-c100,2026-07-10T14:26:54.241Z,1783693614241,527946,first_a_sqs_sent_timestamp,12013,109,ok,
reaction-20260710T141732.186490574Z,baseline-c100,2026-07-10T14:26:55.215Z,1783693615215,528822,first_a_sqs_sent_timestamp,12140,85,ok,
reaction-20260710T141732.186490574Z,fair-c100,2026-07-10T14:26:55.244Z,1783693615244,528949,first_a_sqs_sent_timestamp,12076,86,ok,
reaction-20260710T141732.186490574Z,baseline-c100,2026-07-10T14:26:56.215Z,1783693616215,529822,first_a_sqs_sent_timestamp,11968,105,ok,
reaction-20260710T141732.186490574Z,fair-c100,2026-07-10T14:26:56.244Z,1783693616244,529949,first_a_sqs_sent_timestamp,11975,108,ok,
reaction-20260710T141732.186490574Z,baseline-c100,2026-07-10T14:26:57.217Z,1783693617217,530824,first_a_sqs_sent_timestamp,11968,105,ok,
reaction-20260710T141732.186490574Z,fair-c100,2026-07-10T14:26:57.245Z,1783693617245,530950,first_a_sqs_sent_timestamp,11973,87,ok,
reaction-20260710T141732.186490574Z,baseline-c100,2026-07-10T14:26:58.215Z,1783693618215,531822,first_a_sqs_sent_timestamp,11999,80,ok,
reaction-20260710T141732.186490574Z,fair-c100,2026-07-10T14:26:58.244Z,1783693618244,531949,first_a_sqs_sent_timestamp,11989,79,ok,
reaction-20260710T141732.186490574Z,baseline-c100,2026-07-10T14:26:59.216Z,1783693619216,532823,first_a_sqs_sent_timestamp,12171,80,ok,
reaction-20260710T141732.186490574Z,fair-c100,2026-07-10T14:26:59.246Z,1783693619246,532951,first_a_sqs_sent_timestamp,12140,97,ok,
reaction-20260710T141732.186490574Z,baseline-c100,2026-07-10T14:27:00.217Z,1783693620217,533824,first_a_sqs_sent_timestamp,12107,76,ok,
reaction-20260710T141732.186490574Z,fair-c100,2026-07-10T14:27:00.244Z,1783693620244,533949,first_a_sqs_sent_timestamp,12073,109,ok,
reaction-20260710T141732.186490574Z,baseline-c100,2026-07-10T14:27:01.213Z,1783693621213,534820,first_a_sqs_sent_timestamp,11809,93,ok,
reaction-20260710T141732.186490574Z,fair-c100,2026-07-10T14:27:01.239Z,1783693621239,534944,first_a_sqs_sent_timestamp,11852,92,ok,
reaction-20260710T141732.186490574Z,baseline-c100,2026-07-10T14:27:02.216Z,1783693622216,535823,first_a_sqs_sent_timestamp,11833,110,ok,
reaction-20260710T141732.186490574Z,fair-c100,2026-07-10T14:27:02.246Z,1783693622246,535951,first_a_sqs_sent_timestamp,11809,86,ok,
reaction-20260710T141732.186490574Z,baseline-c100,2026-07-10T14:27:03.216Z,1783693623216,536823,first_a_sqs_sent_timestamp,11721,96,ok,
reaction-20260710T141732.186490574Z,fair-c100,2026-07-10T14:27:03.245Z,1783693623245,536950,first_a_sqs_sent_timestamp,11834,84,ok,
reaction-20260710T141732.186490574Z,baseline-c100,2026-07-10T14:27:04.214Z,1783693624214,537821,first_a_sqs_sent_timestamp,11750,109,ok,
reaction-20260710T141732.186490574Z,fair-c100,2026-07-10T14:27:04.24Z,1783693624240,537945,first_a_sqs_sent_timestamp,11753,95,ok,
reaction-20260710T141732.186490574Z,baseline-c100,2026-07-10T14:27:05.215Z,1783693625215,538822,first_a_sqs_sent_timestamp,11757,85,ok,
reaction-20260710T141732.186490574Z,fair-c100,2026-07-10T14:27:05.243Z,1783693625243,538948,first_a_sqs_sent_timestamp,11874,90,ok,
reaction-20260710T141732.186490574Z,baseline-c100,2026-07-10T14:27:06.214Z,1783693626214,539821,first_a_sqs_sent_timestamp,11580,107,ok,
reaction-20260710T141732.186490574Z,fair-c100,2026-07-10T14:27:06.24Z,1783693626240,539945,first_a_sqs_sent_timestamp,11548,94,ok,
reaction-20260710T141732.186490574Z,baseline-c100,2026-07-10T14:27:07.215Z,1783693627215,540822,first_a_sqs_sent_timestamp,11773,77,ok,
reaction-20260710T141732.186490574Z,fair-c100,2026-07-10T14:27:07.243Z,1783693627243,540948,first_a_sqs_sent_timestamp,11965,101,ok,
reaction-20260710T141732.186490574Z,baseline-c100,2026-07-10T14:27:08.218Z,1783693628218,541825,first_a_sqs_sent_timestamp,11553,98,ok,
reaction-20260710T141732.186490574Z,fair-c100,2026-07-10T14:27:08.246Z,1783693628246,541951,first_a_sqs_sent_timestamp,11687,87,ok,
reaction-20260710T141732.186490574Z,baseline-c100,2026-07-10T14:27:09.218Z,1783693629218,542825,first_a_sqs_sent_timestamp,11618,103,ok,
reaction-20260710T141732.186490574Z,fair-c100,2026-07-10T14:27:09.246Z,1783693629246,542951,first_a_sqs_sent_timestamp,11638,69,ok,
reaction-20260710T141732.186490574Z,baseline-c100,2026-07-10T14:27:10.216Z,1783693630216,543823,first_a_sqs_sent_timestamp,11670,93,ok,
reaction-20260710T141732.186490574Z,fair-c100,2026-07-10T14:27:10.245Z,1783693630245,543950,first_a_sqs_sent_timestamp,11668,86,ok,
reaction-20260710T141732.186490574Z,baseline-c100,2026-07-10T14:27:11.215Z,1783693631215,544822,first_a_sqs_sent_timestamp,11386,101,ok,
reaction-20260710T141732.186490574Z,fair-c100,2026-07-10T14:27:11.243Z,1783693631243,544948,first_a_sqs_sent_timestamp,11506,84,ok,
reaction-20260710T141732.186490574Z,baseline-c100,2026-07-10T14:27:12.216Z,1783693632216,545823,first_a_sqs_sent_timestamp,11553,98,ok,
reaction-20260710T141732.186490574Z,fair-c100,2026-07-10T14:27:12.242Z,1783693632242,545947,first_a_sqs_sent_timestamp,11440,87,ok,
reaction-20260710T141732.186490574Z,baseline-c100,2026-07-10T14:27:13.215Z,1783693633215,546822,first_a_sqs_sent_timestamp,11767,105,ok,
reaction-20260710T141732.186490574Z,fair-c100,2026-07-10T14:27:13.247Z,1783693633247,546952,first_a_sqs_sent_timestamp,11779,76,ok,
reaction-20260710T141732.186490574Z,baseline-c100,2026-07-10T14:27:14.218Z,1783693634218,547825,first_a_sqs_sent_timestamp,11728,96,ok,
reaction-20260710T141732.186490574Z,fair-c100,2026-07-10T14:27:14.246Z,1783693634246,547951,first_a_sqs_sent_timestamp,11453,83,ok,
reaction-20260710T141732.186490574Z,baseline-c100,2026-07-10T14:27:15.214Z,1783693635214,548821,first_a_sqs_sent_timestamp,11280,89,ok,
reaction-20260710T141732.186490574Z,fair-c100,2026-07-10T14:27:15.242Z,1783693635242,548947,first_a_sqs_sent_timestamp,11426,102,ok,
reaction-20260710T141732.186490574Z,baseline-c100,2026-07-10T14:27:16.214Z,1783693636214,549821,first_a_sqs_sent_timestamp,11260,81,ok,
reaction-20260710T141732.186490574Z,fair-c100,2026-07-10T14:27:16.254Z,1783693636254,549959,first_a_sqs_sent_timestamp,11548,87,ok,
reaction-20260710T141732.186490574Z,baseline-c100,2026-07-10T14:27:17.215Z,1783693637215,550822,first_a_sqs_sent_timestamp,11337,86,ok,
reaction-20260710T141732.186490574Z,fair-c100,2026-07-10T14:27:17.241Z,1783693637241,550946,first_a_sqs_sent_timestamp,11684,103,ok,
reaction-20260710T141732.186490574Z,baseline-c100,2026-07-10T14:27:18.219Z,1783693638219,551826,first_a_sqs_sent_timestamp,11277,80,ok,
reaction-20260710T141732.186490574Z,fair-c100,2026-07-10T14:27:18.267Z,1783693638267,551972,first_a_sqs_sent_timestamp,11438,94,ok,
reaction-20260710T141732.186490574Z,baseline-c100,2026-07-10T14:27:19.229Z,1783693639229,552836,first_a_sqs_sent_timestamp,11278,72,ok,
reaction-20260710T141732.186490574Z,fair-c100,2026-07-10T14:27:19.26Z,1783693639260,552965,first_a_sqs_sent_timestamp,11153,100,ok,
reaction-20260710T141732.186490574Z,baseline-c100,2026-07-10T14:27:20.216Z,1783693640216,553823,first_a_sqs_sent_timestamp,11781,103,ok,
reaction-20260710T141732.186490574Z,fair-c100,2026-07-10T14:27:20.247Z,1783693640247,553952,first_a_sqs_sent_timestamp,11303,91,ok,
reaction-20260710T141732.186490574Z,baseline-c100,2026-07-10T14:27:21.214Z,1783693641214,554821,first_a_sqs_sent_timestamp,11250,96,ok,
reaction-20260710T141732.186490574Z,fair-c100,2026-07-10T14:27:21.241Z,1783693641241,554946,first_a_sqs_sent_timestamp,11148,95,ok,
reaction-20260710T141732.186490574Z,baseline-c100,2026-07-10T14:27:22.215Z,1783693642215,555822,first_a_sqs_sent_timestamp,11299,93,ok,
reaction-20260710T141732.186490574Z,fair-c100,2026-07-10T14:27:22.253Z,1783693642253,555958,first_a_sqs_sent_timestamp,11236,100,ok,
reaction-20260710T141732.186490574Z,baseline-c100,2026-07-10T14:27:23.215Z,1783693643215,556822,first_a_sqs_sent_timestamp,11230,102,ok,
reaction-20260710T141732.186490574Z,fair-c100,2026-07-10T14:27:23.243Z,1783693643243,556948,first_a_sqs_sent_timestamp,11220,91,ok,
reaction-20260710T141732.186490574Z,baseline-c100,2026-07-10T14:27:24.215Z,1783693644215,557822,first_a_sqs_sent_timestamp,11140,92,ok,
reaction-20260710T141732.186490574Z,fair-c100,2026-07-10T14:27:24.241Z,1783693644241,557946,first_a_sqs_sent_timestamp,11129,92,ok,
reaction-20260710T141732.186490574Z,baseline-c100,2026-07-10T14:27:25.219Z,1783693645219,558826,first_a_sqs_sent_timestamp,11154,76,ok,
reaction-20260710T141732.186490574Z,fair-c100,2026-07-10T14:27:25.247Z,1783693645247,558952,first_a_sqs_sent_timestamp,11022,89,ok,
reaction-20260710T141732.186490574Z,baseline-c100,2026-07-10T14:27:26.215Z,1783693646215,559822,first_a_sqs_sent_timestamp,11297,71,ok,
reaction-20260710T141732.186490574Z,fair-c100,2026-07-10T14:27:26.243Z,1783693646243,559948,first_a_sqs_sent_timestamp,10984,84,ok,
reaction-20260710T141732.186490574Z,baseline-c100,2026-07-10T14:27:27.215Z,1783693647215,560822,first_a_sqs_sent_timestamp,11053,102,ok,
reaction-20260710T141732.186490574Z,fair-c100,2026-07-10T14:27:27.243Z,1783693647243,560948,first_a_sqs_sent_timestamp,11124,90,ok,
reaction-20260710T141732.186490574Z,baseline-c100,2026-07-10T14:27:28.217Z,1783693648217,561824,first_a_sqs_sent_timestamp,10945,83,ok,
reaction-20260710T141732.186490574Z,fair-c100,2026-07-10T14:27:28.244Z,1783693648244,561949,first_a_sqs_sent_timestamp,11084,91,ok,
reaction-20260710T141732.186490574Z,baseline-c100,2026-07-10T14:27:29.266Z,1783693649266,562873,first_a_sqs_sent_timestamp,10884,95,ok,
reaction-20260710T141732.186490574Z,fair-c100,2026-07-10T14:27:29.324Z,1783693649324,563029,first_a_sqs_sent_timestamp,11031,77,ok,
reaction-20260710T141732.186490574Z,baseline-c100,2026-07-10T14:27:30.215Z,1783693650215,563822,first_a_sqs_sent_timestamp,10945,94,ok,
reaction-20260710T141732.186490574Z,fair-c100,2026-07-10T14:27:30.243Z,1783693650243,563948,first_a_sqs_sent_timestamp,10808,92,ok,
reaction-20260710T141732.186490574Z,baseline-c100,2026-07-10T14:27:31.217Z,1783693651217,564824,first_a_sqs_sent_timestamp,10813,83,ok,
reaction-20260710T141732.186490574Z,fair-c100,2026-07-10T14:27:31.246Z,1783693651246,564951,first_a_sqs_sent_timestamp,10925,91,ok,
reaction-20260710T141732.186490574Z,baseline-c100,2026-07-10T14:27:32.216Z,1783693652216,565823,first_a_sqs_sent_timestamp,10733,85,ok,
reaction-20260710T141732.186490574Z,fair-c100,2026-07-10T14:27:32.245Z,1783693652245,565950,first_a_sqs_sent_timestamp,10835,81,ok,
reaction-20260710T141732.186490574Z,baseline-c100,2026-07-10T14:27:33.215Z,1783693653215,566822,first_a_sqs_sent_timestamp,10771,95,ok,
reaction-20260710T141732.186490574Z,fair-c100,2026-07-10T14:27:33.246Z,1783693653246,566951,first_a_sqs_sent_timestamp,10762,87,ok,
reaction-20260710T141732.186490574Z,baseline-c100,2026-07-10T14:27:34.231Z,1783693654231,567838,first_a_sqs_sent_timestamp,10880,97,ok,
reaction-20260710T141732.186490574Z,fair-c100,2026-07-10T14:27:34.259Z,1783693654259,567964,first_a_sqs_sent_timestamp,10636,94,ok,
reaction-20260710T141732.186490574Z,baseline-c100,2026-07-10T14:27:35.216Z,1783693655216,568823,first_a_sqs_sent_timestamp,10675,91,ok,
reaction-20260710T141732.186490574Z,fair-c100,2026-07-10T14:27:35.245Z,1783693655245,568950,first_a_sqs_sent_timestamp,10683,78,ok,
reaction-20260710T141732.186490574Z,baseline-c100,2026-07-10T14:27:36.215Z,1783693656215,569822,first_a_sqs_sent_timestamp,10512,93,ok,
reaction-20260710T141732.186490574Z,fair-c100,2026-07-10T14:27:36.244Z,1783693656244,569949,first_a_sqs_sent_timestamp,11003,86,ok,
reaction-20260710T141732.186490574Z,baseline-c100,2026-07-10T14:27:37.216Z,1783693657216,570823,first_a_sqs_sent_timestamp,10611,79,ok,
reaction-20260710T141732.186490574Z,fair-c100,2026-07-10T14:27:37.242Z,1783693657242,570947,first_a_sqs_sent_timestamp,10531,96,ok,
reaction-20260710T141732.186490574Z,baseline-c100,2026-07-10T14:27:38.216Z,1783693658216,571823,first_a_sqs_sent_timestamp,10692,94,ok,
reaction-20260710T141732.186490574Z,fair-c100,2026-07-10T14:27:38.243Z,1783693658243,571948,first_a_sqs_sent_timestamp,10572,85,ok,
reaction-20260710T141732.186490574Z,baseline-c100,2026-07-10T14:27:39.216Z,1783693659216,572823,first_a_sqs_sent_timestamp,10471,98,ok,
reaction-20260710T141732.186490574Z,fair-c100,2026-07-10T14:27:39.244Z,1783693659244,572949,first_a_sqs_sent_timestamp,10533,83,ok,
reaction-20260710T141732.186490574Z,baseline-c100,2026-07-10T14:27:40.216Z,1783693660216,573823,first_a_sqs_sent_timestamp,10483,91,ok,
reaction-20260710T141732.186490574Z,fair-c100,2026-07-10T14:27:40.244Z,1783693660244,573949,first_a_sqs_sent_timestamp,10559,89,ok,
reaction-20260710T141732.186490574Z,baseline-c100,2026-07-10T14:27:41.214Z,1783693661214,574821,first_a_sqs_sent_timestamp,10402,91,ok,
reaction-20260710T141732.186490574Z,fair-c100,2026-07-10T14:27:41.241Z,1783693661241,574946,first_a_sqs_sent_timestamp,10673,106,ok,
reaction-20260710T141732.186490574Z,baseline-c100,2026-07-10T14:27:42.216Z,1783693662216,575823,first_a_sqs_sent_timestamp,10508,87,ok,
reaction-20260710T141732.186490574Z,fair-c100,2026-07-10T14:27:42.244Z,1783693662244,575949,first_a_sqs_sent_timestamp,10523,86,ok,
reaction-20260710T141732.186490574Z,baseline-c100,2026-07-10T14:27:43.216Z,1783693663216,576823,first_a_sqs_sent_timestamp,10537,100,ok,
reaction-20260710T141732.186490574Z,fair-c100,2026-07-10T14:27:43.245Z,1783693663245,576950,first_a_sqs_sent_timestamp,10329,81,ok,
reaction-20260710T141732.186490574Z,baseline-c100,2026-07-10T14:27:44.214Z,1783693664214,577821,first_a_sqs_sent_timestamp,10685,97,ok,
reaction-20260710T141732.186490574Z,fair-c100,2026-07-10T14:27:44.243Z,1783693664243,577948,first_a_sqs_sent_timestamp,10433,86,ok,
reaction-20260710T141732.186490574Z,baseline-c100,2026-07-10T14:27:45.242Z,1783693665242,578849,first_a_sqs_sent_timestamp,10298,101,ok,
reaction-20260710T141732.186490574Z,fair-c100,2026-07-10T14:27:45.269Z,1783693665269,578974,first_a_sqs_sent_timestamp,10612,102,ok,
reaction-20260710T141732.186490574Z,baseline-c100,2026-07-10T14:27:46.215Z,1783693666215,579822,first_a_sqs_sent_timestamp,10636,84,ok,
reaction-20260710T141732.186490574Z,fair-c100,2026-07-10T14:27:46.244Z,1783693666244,579949,first_a_sqs_sent_timestamp,10229,92,ok,
reaction-20260710T141732.186490574Z,baseline-c100,2026-07-10T14:27:47.216Z,1783693667216,580823,first_a_sqs_sent_timestamp,10303,79,ok,
reaction-20260710T141732.186490574Z,fair-c100,2026-07-10T14:27:47.244Z,1783693667244,580949,first_a_sqs_sent_timestamp,10329,81,ok,
reaction-20260710T141732.186490574Z,baseline-c100,2026-07-10T14:27:48.215Z,1783693668215,581822,first_a_sqs_sent_timestamp,10134,92,ok,
reaction-20260710T141732.186490574Z,fair-c100,2026-07-10T14:27:48.244Z,1783693668244,581949,first_a_sqs_sent_timestamp,10428,94,ok,
reaction-20260710T141732.186490574Z,baseline-c100,2026-07-10T14:27:49.218Z,1783693669218,582825,first_a_sqs_sent_timestamp,10375,92,ok,
reaction-20260710T141732.186490574Z,fair-c100,2026-07-10T14:27:49.248Z,1783693669248,582953,first_a_sqs_sent_timestamp,10108,96,ok,
reaction-20260710T141732.186490574Z,baseline-c100,2026-07-10T14:27:50.218Z,1783693670218,583825,first_a_sqs_sent_timestamp,10208,102,ok,
reaction-20260710T141732.186490574Z,fair-c100,2026-07-10T14:27:50.247Z,1783693670247,583952,first_a_sqs_sent_timestamp,10028,92,ok,
reaction-20260710T141732.186490574Z,baseline-c100,2026-07-10T14:27:51.217Z,1783693671217,584824,first_a_sqs_sent_timestamp,10050,100,ok,
reaction-20260710T141732.186490574Z,fair-c100,2026-07-10T14:27:51.245Z,1783693671245,584950,first_a_sqs_sent_timestamp,10091,88,ok,
reaction-20260710T141732.186490574Z,baseline-c100,2026-07-10T14:27:52.217Z,1783693672217,585824,first_a_sqs_sent_timestamp,10220,80,ok,
reaction-20260710T141732.186490574Z,fair-c100,2026-07-10T14:27:52.245Z,1783693672245,585950,first_a_sqs_sent_timestamp,10299,89,ok,
reaction-20260710T141732.186490574Z,baseline-c100,2026-07-10T14:27:53.214Z,1783693673214,586821,first_a_sqs_sent_timestamp,10063,85,ok,
reaction-20260710T141732.186490574Z,fair-c100,2026-07-10T14:27:53.242Z,1783693673242,586947,first_a_sqs_sent_timestamp,10037,99,ok,
reaction-20260710T141732.186490574Z,baseline-c100,2026-07-10T14:27:54.215Z,1783693674215,587822,first_a_sqs_sent_timestamp,10192,100,ok,
reaction-20260710T141732.186490574Z,fair-c100,2026-07-10T14:27:54.244Z,1783693674244,587949,first_a_sqs_sent_timestamp,10113,90,ok,
reaction-20260710T141732.186490574Z,baseline-c100,2026-07-10T14:27:55.217Z,1783693675217,588824,first_a_sqs_sent_timestamp,10058,96,ok,
reaction-20260710T141732.186490574Z,fair-c100,2026-07-10T14:27:55.246Z,1783693675246,588951,first_a_sqs_sent_timestamp,10058,106,ok,
reaction-20260710T141732.186490574Z,baseline-c100,2026-07-10T14:27:56.218Z,1783693676218,589825,first_a_sqs_sent_timestamp,10159,97,ok,
reaction-20260710T141732.186490574Z,fair-c100,2026-07-10T14:27:56.245Z,1783693676245,589950,first_a_sqs_sent_timestamp,9853,90,ok,
reaction-20260710T141732.186490574Z,baseline-c100,2026-07-10T14:27:57.216Z,1783693677216,590823,first_a_sqs_sent_timestamp,10131,92,ok,
reaction-20260710T141732.186490574Z,fair-c100,2026-07-10T14:27:57.245Z,1783693677245,590950,first_a_sqs_sent_timestamp,10084,94,ok,
reaction-20260710T141732.186490574Z,baseline-c100,2026-07-10T14:27:58.216Z,1783693678216,591823,first_a_sqs_sent_timestamp,9992,96,ok,
reaction-20260710T141732.186490574Z,fair-c100,2026-07-10T14:27:58.25Z,1783693678250,591955,first_a_sqs_sent_timestamp,9790,99,ok,
reaction-20260710T141732.186490574Z,baseline-c100,2026-07-10T14:27:59.217Z,1783693679217,592824,first_a_sqs_sent_timestamp,9845,93,ok,
reaction-20260710T141732.186490574Z,fair-c100,2026-07-10T14:27:59.248Z,1783693679248,592953,first_a_sqs_sent_timestamp,9853,90,ok,
reaction-20260710T141732.186490574Z,baseline-c100,2026-07-10T14:28:00.218Z,1783693680218,593825,first_a_sqs_sent_timestamp,9785,97,ok,
reaction-20260710T141732.186490574Z,fair-c100,2026-07-10T14:28:00.245Z,1783693680245,593950,first_a_sqs_sent_timestamp,9858,96,ok,
reaction-20260710T141732.186490574Z,baseline-c100,2026-07-10T14:28:01.216Z,1783693681216,594823,first_a_sqs_sent_timestamp,9699,95,ok,
reaction-20260710T141732.186490574Z,fair-c100,2026-07-10T14:28:01.246Z,1783693681246,594951,first_a_sqs_sent_timestamp,10390,101,ok,
reaction-20260710T141732.186490574Z,baseline-c100,2026-07-10T14:28:02.215Z,1783693682215,595822,first_a_sqs_sent_timestamp,9698,88,ok,
reaction-20260710T141732.186490574Z,fair-c100,2026-07-10T14:28:02.244Z,1783693682244,595949,first_a_sqs_sent_timestamp,9894,85,ok,
reaction-20260710T141732.186490574Z,baseline-c100,2026-07-10T14:28:03.215Z,1783693683215,596822,first_a_sqs_sent_timestamp,9679,88,ok,
reaction-20260710T141732.186490574Z,fair-c100,2026-07-10T14:28:03.242Z,1783693683242,596947,first_a_sqs_sent_timestamp,9768,75,ok,
reaction-20260710T141732.186490574Z,baseline-c100,2026-07-10T14:28:04.215Z,1783693684215,597822,first_a_sqs_sent_timestamp,9659,99,ok,
reaction-20260710T141732.186490574Z,fair-c100,2026-07-10T14:28:04.246Z,1783693684246,597951,first_a_sqs_sent_timestamp,9620,84,ok,
reaction-20260710T141732.186490574Z,baseline-c100,2026-07-10T14:28:05.213Z,1783693685213,598820,first_a_sqs_sent_timestamp,9679,97,ok,
reaction-20260710T141732.186490574Z,fair-c100,2026-07-10T14:28:05.242Z,1783693685242,598947,first_a_sqs_sent_timestamp,9832,85,ok,
reaction-20260710T141732.186490574Z,baseline-c100,2026-07-10T14:28:06.215Z,1783693686215,599822,first_a_sqs_sent_timestamp,9716,96,ok,
reaction-20260710T141732.186490574Z,fair-c100,2026-07-10T14:28:06.242Z,1783693686242,599947,first_a_sqs_sent_timestamp,9513,90,ok,
reaction-20260710T141732.186490574Z,baseline-c100,2026-07-10T14:28:07.215Z,1783693687215,600822,first_a_sqs_sent_timestamp,9419,95,ok,
reaction-20260710T141732.186490574Z,fair-c100,2026-07-10T14:28:07.242Z,1783693687242,600947,first_a_sqs_sent_timestamp,9665,98,ok,
reaction-20260710T141732.186490574Z,baseline-c100,2026-07-10T14:28:08.217Z,1783693688217,601824,first_a_sqs_sent_timestamp,9695,97,ok,
reaction-20260710T141732.186490574Z,fair-c100,2026-07-10T14:28:08.245Z,1783693688245,601950,first_a_sqs_sent_timestamp,9630,82,ok,
reaction-20260710T141732.186490574Z,baseline-c100,2026-07-10T14:28:09.216Z,1783693689216,602823,first_a_sqs_sent_timestamp,9680,88,ok,
reaction-20260710T141732.186490574Z,fair-c100,2026-07-10T14:28:09.244Z,1783693689244,602949,first_a_sqs_sent_timestamp,9449,82,ok,
reaction-20260710T141732.186490574Z,baseline-c100,2026-07-10T14:28:10.215Z,1783693690215,603822,first_a_sqs_sent_timestamp,9313,103,ok,
reaction-20260710T141732.186490574Z,fair-c100,2026-07-10T14:28:10.242Z,1783693690242,603947,first_a_sqs_sent_timestamp,9473,85,ok,
reaction-20260710T141732.186490574Z,baseline-c100,2026-07-10T14:28:11.215Z,1783693691215,604822,first_a_sqs_sent_timestamp,9419,95,ok,
reaction-20260710T141732.186490574Z,fair-c100,2026-07-10T14:28:11.247Z,1783693691247,604952,first_a_sqs_sent_timestamp,9334,93,ok,
reaction-20260710T141732.186490574Z,baseline-c100,2026-07-10T14:28:12.217Z,1783693692217,605824,first_a_sqs_sent_timestamp,9350,86,ok,
reaction-20260710T141732.186490574Z,fair-c100,2026-07-10T14:28:12.245Z,1783693692245,605950,first_a_sqs_sent_timestamp,9401,95,ok,
reaction-20260710T141732.186490574Z,baseline-c100,2026-07-10T14:28:13.222Z,1783693693222,606829,first_a_sqs_sent_timestamp,9305,93,ok,
reaction-20260710T141732.186490574Z,fair-c100,2026-07-10T14:28:13.251Z,1783693693251,606956,first_a_sqs_sent_timestamp,9314,97,ok,
reaction-20260710T141732.186490574Z,baseline-c100,2026-07-10T14:28:14.244Z,1783693694244,607851,first_a_sqs_sent_timestamp,9412,82,ok,
reaction-20260710T141732.186490574Z,fair-c100,2026-07-10T14:28:14.272Z,1783693694272,607977,first_a_sqs_sent_timestamp,9391,81,ok,
reaction-20260710T141732.186490574Z,baseline-c100,2026-07-10T14:28:15.215Z,1783693695215,608822,first_a_sqs_sent_timestamp,9320,100,ok,
reaction-20260710T141732.186490574Z,fair-c100,2026-07-10T14:28:15.242Z,1783693695242,608947,first_a_sqs_sent_timestamp,9134,91,ok,
reaction-20260710T141732.186490574Z,baseline-c100,2026-07-10T14:28:16.217Z,1783693696217,609824,first_a_sqs_sent_timestamp,9009,86,ok,
reaction-20260710T141732.186490574Z,fair-c100,2026-07-10T14:28:16.247Z,1783693696247,609952,first_a_sqs_sent_timestamp,9375,100,ok,
reaction-20260710T141732.186490574Z,baseline-c100,2026-07-10T14:28:17.215Z,1783693697215,610822,first_a_sqs_sent_timestamp,9046,88,ok,
reaction-20260710T141732.186490574Z,fair-c100,2026-07-10T14:28:17.244Z,1783693697244,610949,first_a_sqs_sent_timestamp,9070,89,ok,
reaction-20260710T141732.186490574Z,baseline-c100,2026-07-10T14:28:18.228Z,1783693698228,611835,first_a_sqs_sent_timestamp,9285,88,ok,
reaction-20260710T141732.186490574Z,fair-c100,2026-07-10T14:28:18.269Z,1783693698269,611974,first_a_sqs_sent_timestamp,9096,92,ok,
reaction-20260710T141732.186490574Z,baseline-c100,2026-07-10T14:28:19.213Z,1783693699213,612820,first_a_sqs_sent_timestamp,8969,82,ok,
reaction-20260710T141732.186490574Z,fair-c100,2026-07-10T14:28:19.289Z,1783693699289,612994,first_a_sqs_sent_timestamp,9030,78,ok,
reaction-20260710T141732.186490574Z,baseline-c100,2026-07-10T14:28:20.213Z,1783693700213,613820,first_a_sqs_sent_timestamp,9176,85,ok,
reaction-20260710T141732.186490574Z,fair-c100,2026-07-10T14:28:20.241Z,1783693700241,613946,first_a_sqs_sent_timestamp,9070,89,ok,
reaction-20260710T141732.186490574Z,baseline-c100,2026-07-10T14:28:21.214Z,1783693701214,614821,first_a_sqs_sent_timestamp,9134,91,ok,
reaction-20260710T141732.186490574Z,fair-c100,2026-07-10T14:28:21.24Z,1783693701240,614945,first_a_sqs_sent_timestamp,9224,84,ok,
reaction-20260710T141732.186490574Z,baseline-c100,2026-07-10T14:28:22.216Z,1783693702216,615823,first_a_sqs_sent_timestamp,8890,108,ok,
reaction-20260710T141732.186490574Z,fair-c100,2026-07-10T14:28:22.243Z,1783693702243,615948,first_a_sqs_sent_timestamp,9022,84,ok,
reaction-20260710T141732.186490574Z,baseline-c100,2026-07-10T14:28:23.214Z,1783693703214,616821,first_a_sqs_sent_timestamp,8759,100,ok,
reaction-20260710T141732.186490574Z,fair-c100,2026-07-10T14:28:23.242Z,1783693703242,616947,first_a_sqs_sent_timestamp,8783,80,ok,
reaction-20260710T141732.186490574Z,baseline-c100,2026-07-10T14:28:24.383Z,1783693704383,617990,first_a_sqs_sent_timestamp,8803,102,ok,
reaction-20260710T141732.186490574Z,fair-c100,2026-07-10T14:28:24.415Z,1783693704415,618120,first_a_sqs_sent_timestamp,8842,82,ok,
reaction-20260710T141732.186490574Z,baseline-c100,2026-07-10T14:28:25.219Z,1783693705219,618826,first_a_sqs_sent_timestamp,8645,97,ok,
reaction-20260710T141732.186490574Z,fair-c100,2026-07-10T14:28:25.246Z,1783693705246,618951,first_a_sqs_sent_timestamp,8732,83,ok,
reaction-20260710T141732.186490574Z,baseline-c100,2026-07-10T14:28:26.232Z,1783693706232,619839,first_a_sqs_sent_timestamp,8757,101,ok,
reaction-20260710T141732.186490574Z,fair-c100,2026-07-10T14:28:26.264Z,1783693706264,619969,first_a_sqs_sent_timestamp,8732,83,ok,
reaction-20260710T141732.186490574Z,baseline-c100,2026-07-10T14:28:27.221Z,1783693707221,620828,first_a_sqs_sent_timestamp,8614,96,ok,
reaction-20260710T141732.186490574Z,fair-c100,2026-07-10T14:28:27.25Z,1783693707250,620955,first_a_sqs_sent_timestamp,8616,94,ok,
reaction-20260710T141732.186490574Z,baseline-c100,2026-07-10T14:28:28.219Z,1783693708219,621826,first_a_sqs_sent_timestamp,8621,87,ok,
reaction-20260710T141732.186490574Z,fair-c100,2026-07-10T14:28:28.253Z,1783693708253,621958,first_a_sqs_sent_timestamp,8824,78,ok,
reaction-20260710T141732.186490574Z,baseline-c100,2026-07-10T14:28:29.216Z,1783693709216,622823,first_a_sqs_sent_timestamp,8449,87,ok,
reaction-20260710T141732.186490574Z,fair-c100,2026-07-10T14:28:29.246Z,1783693709246,622951,first_a_sqs_sent_timestamp,8672,95,ok,
reaction-20260710T141732.186490574Z,baseline-c100,2026-07-10T14:28:30.215Z,1783693710215,623822,first_a_sqs_sent_timestamp,8434,85,ok,
reaction-20260710T141732.186490574Z,fair-c100,2026-07-10T14:28:30.245Z,1783693710245,623950,first_a_sqs_sent_timestamp,8604,92,ok,
reaction-20260710T141732.186490574Z,baseline-c100,2026-07-10T14:28:31.215Z,1783693711215,624822,first_a_sqs_sent_timestamp,8663,96,ok,
reaction-20260710T141732.186490574Z,fair-c100,2026-07-10T14:28:31.245Z,1783693711245,624950,first_a_sqs_sent_timestamp,8430,86,ok,
reaction-20260710T141732.186490574Z,baseline-c100,2026-07-10T14:28:32.221Z,1783693712221,625828,first_a_sqs_sent_timestamp,8452,84,ok,
reaction-20260710T141732.186490574Z,fair-c100,2026-07-10T14:28:32.248Z,1783693712248,625953,first_a_sqs_sent_timestamp,8713,79,ok,
reaction-20260710T141732.186490574Z,baseline-c100,2026-07-10T14:28:33.216Z,1783693713216,626823,first_a_sqs_sent_timestamp,8363,82,ok,
reaction-20260710T141732.186490574Z,fair-c100,2026-07-10T14:28:33.245Z,1783693713245,626950,first_a_sqs_sent_timestamp,8480,95,ok,
reaction-20260710T141732.186490574Z,baseline-c100,2026-07-10T14:28:34.216Z,1783693714216,627823,first_a_sqs_sent_timestamp,8515,102,ok,
reaction-20260710T141732.186490574Z,fair-c100,2026-07-10T14:28:34.243Z,1783693714243,627948,first_a_sqs_sent_timestamp,8321,90,ok,
reaction-20260710T141732.186490574Z,baseline-c100,2026-07-10T14:28:35.216Z,1783693715216,628823,first_a_sqs_sent_timestamp,8475,94,ok,
reaction-20260710T141732.186490574Z,fair-c100,2026-07-10T14:28:35.244Z,1783693715244,628949,first_a_sqs_sent_timestamp,8494,72,ok,
reaction-20260710T141732.186490574Z,baseline-c100,2026-07-10T14:28:36.219Z,1783693716219,629826,first_a_sqs_sent_timestamp,8328,91,ok,
reaction-20260710T141732.186490574Z,fair-c100,2026-07-10T14:28:36.246Z,1783693716246,629951,first_a_sqs_sent_timestamp,8260,97,ok,
reaction-20260710T141732.186490574Z,baseline-c100,2026-07-10T14:28:37.216Z,1783693717216,630823,first_a_sqs_sent_timestamp,8167,99,ok,
reaction-20260710T141732.186490574Z,fair-c100,2026-07-10T14:28:37.246Z,1783693717246,630951,first_a_sqs_sent_timestamp,8166,88,ok,
reaction-20260710T141732.186490574Z,baseline-c100,2026-07-10T14:28:38.216Z,1783693718216,631823,first_a_sqs_sent_timestamp,8333,98,ok,
reaction-20260710T141732.186490574Z,fair-c100,2026-07-10T14:28:38.242Z,1783693718242,631947,first_a_sqs_sent_timestamp,8120,91,ok,
reaction-20260710T141732.186490574Z,baseline-c100,2026-07-10T14:28:39.221Z,1783693719221,632828,first_a_sqs_sent_timestamp,8117,85,ok,
reaction-20260710T141732.186490574Z,fair-c100,2026-07-10T14:28:39.251Z,1783693719251,632956,first_a_sqs_sent_timestamp,8154,88,ok,
reaction-20260710T141732.186490574Z,baseline-c100,2026-07-10T14:28:40.217Z,1783693720217,633824,first_a_sqs_sent_timestamp,8014,102,ok,
reaction-20260710T141732.186490574Z,fair-c100,2026-07-10T14:28:40.248Z,1783693720248,633953,first_a_sqs_sent_timestamp,8202,91,ok,
reaction-20260710T141732.186490574Z,baseline-c100,2026-07-10T14:28:41.215Z,1783693721215,634822,first_a_sqs_sent_timestamp,8046,101,ok,
reaction-20260710T141732.186490574Z,fair-c100,2026-07-10T14:28:41.241Z,1783693721241,634946,first_a_sqs_sent_timestamp,7948,88,ok,
reaction-20260710T141732.186490574Z,baseline-c100,2026-07-10T14:28:42.216Z,1783693722216,635823,first_a_sqs_sent_timestamp,7888,92,ok,
reaction-20260710T141732.186490574Z,fair-c100,2026-07-10T14:28:42.251Z,1783693722251,635956,first_a_sqs_sent_timestamp,8316,89,ok,
reaction-20260710T141732.186490574Z,baseline-c100,2026-07-10T14:28:43.215Z,1783693723215,636822,first_a_sqs_sent_timestamp,8538,95,ok,
reaction-20260710T141732.186490574Z,fair-c100,2026-07-10T14:28:43.246Z,1783693723246,636951,first_a_sqs_sent_timestamp,8035,94,ok,
reaction-20260710T141732.186490574Z,baseline-c100,2026-07-10T14:28:44.215Z,1783693724215,637822,first_a_sqs_sent_timestamp,7964,89,ok,
reaction-20260710T141732.186490574Z,fair-c100,2026-07-10T14:28:44.245Z,1783693724245,637950,first_a_sqs_sent_timestamp,8057,85,ok,
reaction-20260710T141732.186490574Z,baseline-c100,2026-07-10T14:28:45.213Z,1783693725213,638820,first_a_sqs_sent_timestamp,7709,96,ok,
reaction-20260710T141732.186490574Z,fair-c100,2026-07-10T14:28:45.241Z,1783693725241,638946,first_a_sqs_sent_timestamp,7896,91,ok,
reaction-20260710T141732.186490574Z,baseline-c100,2026-07-10T14:28:46.215Z,1783693726215,639822,first_a_sqs_sent_timestamp,7846,95,ok,
reaction-20260710T141732.186490574Z,fair-c100,2026-07-10T14:28:46.241Z,1783693726241,639946,first_a_sqs_sent_timestamp,7953,92,ok,
reaction-20260710T141732.186490574Z,baseline-c100,2026-07-10T14:28:47.216Z,1783693727216,640823,first_a_sqs_sent_timestamp,7654,104,ok,
reaction-20260710T141732.186490574Z,fair-c100,2026-07-10T14:28:47.243Z,1783693727243,640948,first_a_sqs_sent_timestamp,8010,101,ok,
reaction-20260710T141732.186490574Z,baseline-c100,2026-07-10T14:28:48.214Z,1783693728214,641821,first_a_sqs_sent_timestamp,7735,92,ok,
reaction-20260710T141732.186490574Z,fair-c100,2026-07-10T14:28:48.24Z,1783693728240,641945,first_a_sqs_sent_timestamp,7858,95,ok,
reaction-20260710T141732.186490574Z,baseline-c100,2026-07-10T14:28:49.215Z,1783693729215,642822,first_a_sqs_sent_timestamp,7554,97,ok,
reaction-20260710T141732.186490574Z,fair-c100,2026-07-10T14:28:49.245Z,1783693729245,642950,first_a_sqs_sent_timestamp,7771,96,ok,
reaction-20260710T141732.186490574Z,baseline-c100,2026-07-10T14:28:50.215Z,1783693730215,643822,first_a_sqs_sent_timestamp,7735,92,ok,
reaction-20260710T141732.186490574Z,fair-c100,2026-07-10T14:28:50.241Z,1783693730241,643946,first_a_sqs_sent_timestamp,7675,89,ok,
reaction-20260710T141732.186490574Z,baseline-c100,2026-07-10T14:28:51.218Z,1783693731218,644825,first_a_sqs_sent_timestamp,7681,88,ok,
reaction-20260710T141732.186490574Z,fair-c100,2026-07-10T14:28:51.246Z,1783693731246,644951,first_a_sqs_sent_timestamp,7724,100,ok,
reaction-20260710T141732.186490574Z,baseline-c100,2026-07-10T14:28:52.217Z,1783693732217,645824,first_a_sqs_sent_timestamp,7479,74,ok,
reaction-20260710T141732.186490574Z,fair-c100,2026-07-10T14:28:52.246Z,1783693732246,645951,first_a_sqs_sent_timestamp,7667,83,ok,
reaction-20260710T141732.186490574Z,baseline-c100,2026-07-10T14:28:53.227Z,1783693733227,646834,first_a_sqs_sent_timestamp,7708,96,ok,
reaction-20260710T141732.186490574Z,fair-c100,2026-07-10T14:28:53.258Z,1783693733258,646963,first_a_sqs_sent_timestamp,7410,91,ok,
reaction-20260710T141732.186490574Z,baseline-c100,2026-07-10T14:28:54.276Z,1783693734276,647883,first_a_sqs_sent_timestamp,7529,93,ok,
reaction-20260710T141732.186490574Z,fair-c100,2026-07-10T14:28:54.304Z,1783693734304,648009,first_a_sqs_sent_timestamp,7466,100,ok,
reaction-20260710T141732.186490574Z,baseline-c100,2026-07-10T14:28:55.319Z,1783693735319,648926,first_a_sqs_sent_timestamp,7666,104,ok,
reaction-20260710T141732.186490574Z,fair-c100,2026-07-10T14:28:55.348Z,1783693735348,649053,first_a_sqs_sent_timestamp,7442,76,ok,
reaction-20260710T141732.186490574Z,baseline-c100,2026-07-10T14:28:56.327Z,1783693736327,649934,first_a_sqs_sent_timestamp,7347,85,ok,
reaction-20260710T141732.186490574Z,fair-c100,2026-07-10T14:28:56.355Z,1783693736355,650060,first_a_sqs_sent_timestamp,7372,83,ok,
reaction-20260710T141732.186490574Z,baseline-c100,2026-07-10T14:28:57.326Z,1783693737326,650933,first_a_sqs_sent_timestamp,7324,88,ok,
reaction-20260710T141732.186490574Z,fair-c100,2026-07-10T14:28:57.354Z,1783693737354,651059,first_a_sqs_sent_timestamp,7351,89,ok,
reaction-20260710T141732.186490574Z,baseline-c100,2026-07-10T14:28:58.219Z,1783693738219,651826,first_a_sqs_sent_timestamp,7347,96,ok,
reaction-20260710T141732.186490574Z,fair-c100,2026-07-10T14:28:58.27Z,1783693738270,651975,first_a_sqs_sent_timestamp,7379,93,ok,
reaction-20260710T141732.186490574Z,baseline-c100,2026-07-10T14:28:59.216Z,1783693739216,652823,first_a_sqs_sent_timestamp,7159,94,ok,
reaction-20260710T141732.186490574Z,fair-c100,2026-07-10T14:28:59.242Z,1783693739242,652947,first_a_sqs_sent_timestamp,7273,88,ok,
reaction-20260710T141732.186490574Z,baseline-c100,2026-07-10T14:29:00.216Z,1783693740216,653823,first_a_sqs_sent_timestamp,7084,91,ok,
reaction-20260710T141732.186490574Z,fair-c100,2026-07-10T14:29:00.246Z,1783693740246,653951,first_a_sqs_sent_timestamp,7462,96,ok,
reaction-20260710T141732.186490574Z,baseline-c100,2026-07-10T14:29:01.216Z,1783693741216,654823,first_a_sqs_sent_timestamp,7210,95,ok,
reaction-20260710T141732.186490574Z,fair-c100,2026-07-10T14:29:01.243Z,1783693741243,654948,first_a_sqs_sent_timestamp,7359,84,ok,
reaction-20260710T141732.186490574Z,baseline-c100,2026-07-10T14:29:02.219Z,1783693742219,655826,first_a_sqs_sent_timestamp,7086,90,ok,
reaction-20260710T141732.186490574Z,fair-c100,2026-07-10T14:29:02.252Z,1783693742252,655957,first_a_sqs_sent_timestamp,7194,73,ok,
reaction-20260710T141732.186490574Z,baseline-c100,2026-07-10T14:29:03.216Z,1783693743216,656823,first_a_sqs_sent_timestamp,7109,94,ok,
reaction-20260710T141732.186490574Z,fair-c100,2026-07-10T14:29:03.243Z,1783693743243,656948,first_a_sqs_sent_timestamp,7241,76,ok,
reaction-20260710T141732.186490574Z,baseline-c100,2026-07-10T14:29:04.217Z,1783693744217,657824,first_a_sqs_sent_timestamp,7022,98,ok,
reaction-20260710T141732.186490574Z,fair-c100,2026-07-10T14:29:04.242Z,1783693744242,657947,first_a_sqs_sent_timestamp,6975,93,ok,
reaction-20260710T141732.186490574Z,baseline-c100,2026-07-10T14:29:05.214Z,1783693745214,658821,first_a_sqs_sent_timestamp,6824,84,ok,
reaction-20260710T141732.186490574Z,fair-c100,2026-07-10T14:29:05.241Z,1783693745241,658946,first_a_sqs_sent_timestamp,6996,84,ok,
reaction-20260710T141732.186490574Z,baseline-c100,2026-07-10T14:29:06.214Z,1783693746214,659821,first_a_sqs_sent_timestamp,6826,85,ok,
reaction-20260710T141732.186490574Z,fair-c100,2026-07-10T14:29:06.248Z,1783693746248,659953,first_a_sqs_sent_timestamp,7065,108,ok,
reaction-20260710T141732.186490574Z,baseline-c100,2026-07-10T14:29:07.216Z,1783693747216,660823,first_a_sqs_sent_timestamp,7051,87,ok,
reaction-20260710T141732.186490574Z,fair-c100,2026-07-10T14:29:07.243Z,1783693747243,660948,first_a_sqs_sent_timestamp,6953,94,ok,
reaction-20260710T141732.186490574Z,baseline-c100,2026-07-10T14:29:08.216Z,1783693748216,661823,first_a_sqs_sent_timestamp,6806,85,ok,
reaction-20260710T141732.186490574Z,fair-c100,2026-07-10T14:29:08.244Z,1783693748244,661949,first_a_sqs_sent_timestamp,7062,85,ok,
reaction-20260710T141732.186490574Z,baseline-c100,2026-07-10T14:29:09.216Z,1783693749216,662823,first_a_sqs_sent_timestamp,6703,96,ok,
reaction-20260710T141732.186490574Z,fair-c100,2026-07-10T14:29:09.242Z,1783693749242,662947,first_a_sqs_sent_timestamp,6730,84,ok,
reaction-20260710T141732.186490574Z,baseline-c100,2026-07-10T14:29:10.215Z,1783693750215,663822,first_a_sqs_sent_timestamp,6618,91,ok,
reaction-20260710T141732.186490574Z,fair-c100,2026-07-10T14:29:10.244Z,1783693750244,663949,first_a_sqs_sent_timestamp,6846,93,ok,
reaction-20260710T141732.186490574Z,baseline-c100,2026-07-10T14:29:11.215Z,1783693751215,664822,first_a_sqs_sent_timestamp,6863,96,ok,
reaction-20260710T141732.186490574Z,fair-c100,2026-07-10T14:29:11.242Z,1783693751242,664947,first_a_sqs_sent_timestamp,6771,94,ok,
reaction-20260710T141732.186490574Z,baseline-c100,2026-07-10T14:29:12.216Z,1783693752216,665823,first_a_sqs_sent_timestamp,6540,84,ok,
reaction-20260710T141732.186490574Z,fair-c100,2026-07-10T14:29:12.243Z,1783693752243,665948,first_a_sqs_sent_timestamp,6709,89,ok,
reaction-20260710T141732.186490574Z,baseline-c100,2026-07-10T14:29:13.217Z,1783693753217,666824,first_a_sqs_sent_timestamp,6650,85,ok,
reaction-20260710T141732.186490574Z,fair-c100,2026-07-10T14:29:13.245Z,1783693753245,666950,first_a_sqs_sent_timestamp,6690,94,ok,
reaction-20260710T141732.186490574Z,baseline-c100,2026-07-10T14:29:14.216Z,1783693754216,667823,first_a_sqs_sent_timestamp,6569,93,ok,
reaction-20260710T141732.186490574Z,fair-c100,2026-07-10T14:29:14.241Z,1783693754241,667946,first_a_sqs_sent_timestamp,6595,93,ok,
reaction-20260710T141732.186490574Z,baseline-c100,2026-07-10T14:29:15.215Z,1783693755215,668822,first_a_sqs_sent_timestamp,6466,102,ok,
reaction-20260710T141732.186490574Z,fair-c100,2026-07-10T14:29:15.243Z,1783693755243,668948,first_a_sqs_sent_timestamp,6708,86,ok,
reaction-20260710T141732.186490574Z,baseline-c100,2026-07-10T14:29:16.223Z,1783693756223,669830,first_a_sqs_sent_timestamp,6369,92,ok,
reaction-20260710T141732.186490574Z,fair-c100,2026-07-10T14:29:16.253Z,1783693756253,669958,first_a_sqs_sent_timestamp,6662,92,ok,
reaction-20260710T141732.186490574Z,baseline-c100,2026-07-10T14:29:17.219Z,1783693757219,670826,first_a_sqs_sent_timestamp,6302,89,ok,
reaction-20260710T141732.186490574Z,fair-c100,2026-07-10T14:29:17.248Z,1783693757248,670953,first_a_sqs_sent_timestamp,6339,90,ok,
reaction-20260710T141732.186490574Z,baseline-c100,2026-07-10T14:29:18.214Z,1783693758214,671821,first_a_sqs_sent_timestamp,6273,93,ok,
reaction-20260710T141732.186490574Z,fair-c100,2026-07-10T14:29:18.241Z,1783693758241,671946,first_a_sqs_sent_timestamp,6319,97,ok,
reaction-20260710T141732.186490574Z,baseline-c100,2026-07-10T14:29:19.215Z,1783693759215,672822,first_a_sqs_sent_timestamp,6230,90,ok,
reaction-20260710T141732.186490574Z,fair-c100,2026-07-10T14:29:19.242Z,1783693759242,672947,first_a_sqs_sent_timestamp,6371,91,ok,
reaction-20260710T141732.186490574Z,baseline-c100,2026-07-10T14:29:20.215Z,1783693760215,673822,first_a_sqs_sent_timestamp,6302,89,ok,
reaction-20260710T141732.186490574Z,fair-c100,2026-07-10T14:29:20.244Z,1783693760244,673949,first_a_sqs_sent_timestamp,6734,75,ok,
reaction-20260710T141732.186490574Z,baseline-c100,2026-07-10T14:29:21.219Z,1783693761219,674826,first_a_sqs_sent_timestamp,6301,89,ok,
reaction-20260710T141732.186490574Z,fair-c100,2026-07-10T14:29:21.246Z,1783693761246,674951,first_a_sqs_sent_timestamp,6242,78,ok,
reaction-20260710T141732.186490574Z,baseline-c100,2026-07-10T14:29:22.22Z,1783693762220,675827,first_a_sqs_sent_timestamp,6301,79,ok,
reaction-20260710T141732.186490574Z,fair-c100,2026-07-10T14:29:22.247Z,1783693762247,675952,first_a_sqs_sent_timestamp,6240,80,ok,
reaction-20260710T141732.186490574Z,baseline-c100,2026-07-10T14:29:23.217Z,1783693763217,676824,first_a_sqs_sent_timestamp,6208,82,ok,
reaction-20260710T141732.186490574Z,fair-c100,2026-07-10T14:29:23.246Z,1783693763246,676951,first_a_sqs_sent_timestamp,6242,78,ok,
reaction-20260710T141732.186490574Z,baseline-c100,2026-07-10T14:29:24.216Z,1783693764216,677823,first_a_sqs_sent_timestamp,6080,84,ok,
reaction-20260710T141732.186490574Z,fair-c100,2026-07-10T14:29:24.243Z,1783693764243,677948,first_a_sqs_sent_timestamp,6125,98,ok,
reaction-20260710T141732.186490574Z,baseline-c100,2026-07-10T14:29:25.215Z,1783693765215,678822,first_a_sqs_sent_timestamp,6041,91,ok,
reaction-20260710T141732.186490574Z,fair-c100,2026-07-10T14:29:25.241Z,1783693765241,678946,first_a_sqs_sent_timestamp,6068,84,ok,
reaction-20260710T141732.186490574Z,baseline-c100,2026-07-10T14:29:26.219Z,1783693766219,679826,first_a_sqs_sent_timestamp,6227,83,ok,
reaction-20260710T141732.186490574Z,fair-c100,2026-07-10T14:29:26.25Z,1783693766250,679955,first_a_sqs_sent_timestamp,6125,98,ok,
reaction-20260710T141732.186490574Z,baseline-c100,2026-07-10T14:29:27.216Z,1783693767216,680823,first_a_sqs_sent_timestamp,6066,91,ok,
reaction-20260710T141732.186490574Z,fair-c100,2026-07-10T14:29:27.243Z,1783693767243,680948,first_a_sqs_sent_timestamp,6126,95,ok,
reaction-20260710T141732.186490574Z,baseline-c100,2026-07-10T14:29:28.216Z,1783693768216,681823,first_a_sqs_sent_timestamp,5905,81,ok,
reaction-20260710T141732.186490574Z,fair-c100,2026-07-10T14:29:28.242Z,1783693768242,681947,first_a_sqs_sent_timestamp,6374,86,ok,
reaction-20260710T141732.186490574Z,baseline-c100,2026-07-10T14:29:29.215Z,1783693769215,682822,first_a_sqs_sent_timestamp,5725,79,ok,
reaction-20260710T141732.186490574Z,fair-c100,2026-07-10T14:29:29.241Z,1783693769241,682946,first_a_sqs_sent_timestamp,5784,94,ok,
reaction-20260710T141732.186490574Z,baseline-c100,2026-07-10T14:29:30.215Z,1783693770215,683822,first_a_sqs_sent_timestamp,5910,98,ok,
reaction-20260710T141732.186490574Z,fair-c100,2026-07-10T14:29:30.243Z,1783693770243,683948,first_a_sqs_sent_timestamp,6144,84,ok,
reaction-20260710T141732.186490574Z,baseline-c100,2026-07-10T14:29:31.216Z,1783693771216,684823,first_a_sqs_sent_timestamp,6097,95,ok,
reaction-20260710T141732.186490574Z,fair-c100,2026-07-10T14:29:31.244Z,1783693771244,684949,first_a_sqs_sent_timestamp,5847,100,ok,
reaction-20260710T141732.186490574Z,baseline-c100,2026-07-10T14:29:32.215Z,1783693772215,685822,first_a_sqs_sent_timestamp,5694,89,ok,
reaction-20260710T141732.186490574Z,fair-c100,2026-07-10T14:29:32.244Z,1783693772244,685949,first_a_sqs_sent_timestamp,5880,94,ok,
reaction-20260710T141732.186490574Z,baseline-c100,2026-07-10T14:29:33.216Z,1783693773216,686823,first_a_sqs_sent_timestamp,5687,85,ok,
reaction-20260710T141732.186490574Z,fair-c100,2026-07-10T14:29:33.244Z,1783693773244,686949,first_a_sqs_sent_timestamp,5815,85,ok,
reaction-20260710T141732.186490574Z,baseline-c100,2026-07-10T14:29:34.217Z,1783693774217,687824,first_a_sqs_sent_timestamp,5745,91,ok,
reaction-20260710T141732.186490574Z,fair-c100,2026-07-10T14:29:34.245Z,1783693774245,687950,first_a_sqs_sent_timestamp,5786,94,ok,
reaction-20260710T141732.186490574Z,baseline-c100,2026-07-10T14:29:35.217Z,1783693775217,688824,first_a_sqs_sent_timestamp,5577,88,ok,
reaction-20260710T141732.186490574Z,fair-c100,2026-07-10T14:29:35.243Z,1783693775243,688948,first_a_sqs_sent_timestamp,5535,106,ok,
reaction-20260710T141732.186490574Z,baseline-c100,2026-07-10T14:29:36.216Z,1783693776216,689823,first_a_sqs_sent_timestamp,5491,90,ok,
reaction-20260710T141732.186490574Z,fair-c100,2026-07-10T14:29:36.243Z,1783693776243,689948,first_a_sqs_sent_timestamp,5594,93,ok,
reaction-20260710T141732.186490574Z,baseline-c100,2026-07-10T14:29:37.219Z,1783693777219,690826,first_a_sqs_sent_timestamp,5588,83,ok,
reaction-20260710T141732.186490574Z,fair-c100,2026-07-10T14:29:37.249Z,1783693777249,690954,first_a_sqs_sent_timestamp,5500,101,ok,
reaction-20260710T141732.186490574Z,baseline-c100,2026-07-10T14:29:38.215Z,1783693778215,691822,first_a_sqs_sent_timestamp,5429,84,ok,
reaction-20260710T141732.186490574Z,fair-c100,2026-07-10T14:29:38.242Z,1783693778242,691947,first_a_sqs_sent_timestamp,5497,97,ok,
reaction-20260710T141732.186490574Z,baseline-c100,2026-07-10T14:29:39.216Z,1783693779216,692823,first_a_sqs_sent_timestamp,5440,91,ok,
reaction-20260710T141732.186490574Z,fair-c100,2026-07-10T14:29:39.242Z,1783693779242,692947,first_a_sqs_sent_timestamp,5357,96,ok,
reaction-20260710T141732.186490574Z,baseline-c100,2026-07-10T14:29:40.218Z,1783693780218,693825,first_a_sqs_sent_timestamp,5298,90,ok,
reaction-20260710T141732.186490574Z,fair-c100,2026-07-10T14:29:40.247Z,1783693780247,693952,first_a_sqs_sent_timestamp,5639,100,ok,
reaction-20260710T141732.186490574Z,baseline-c100,2026-07-10T14:29:41.215Z,1783693781215,694822,first_a_sqs_sent_timestamp,5315,90,ok,
reaction-20260710T141732.186490574Z,fair-c100,2026-07-10T14:29:41.242Z,1783693781242,694947,first_a_sqs_sent_timestamp,5440,77,ok,
reaction-20260710T141732.186490574Z,baseline-c100,2026-07-10T14:29:42.215Z,1783693782215,695822,first_a_sqs_sent_timestamp,5390,98,ok,
reaction-20260710T141732.186490574Z,fair-c100,2026-07-10T14:29:42.242Z,1783693782242,695947,first_a_sqs_sent_timestamp,5274,87,ok,
reaction-20260710T141732.186490574Z,baseline-c100,2026-07-10T14:29:43.215Z,1783693783215,696822,first_a_sqs_sent_timestamp,5397,103,ok,
reaction-20260710T141732.186490574Z,fair-c100,2026-07-10T14:29:43.243Z,1783693783243,696948,first_a_sqs_sent_timestamp,5545,104,ok,
reaction-20260710T141732.186490574Z,baseline-c100,2026-07-10T14:29:44.389Z,1783693784389,697996,first_a_sqs_sent_timestamp,5297,81,ok,
reaction-20260710T141732.186490574Z,fair-c100,2026-07-10T14:29:44.42Z,1783693784420,698125,first_a_sqs_sent_timestamp,5154,77,ok,
reaction-20260710T141732.186490574Z,baseline-c100,2026-07-10T14:29:45.215Z,1783693785215,698822,first_a_sqs_sent_timestamp,5041,88,ok,
reaction-20260710T141732.186490574Z,fair-c100,2026-07-10T14:29:45.242Z,1783693785242,698947,first_a_sqs_sent_timestamp,5491,94,ok,
reaction-20260710T141732.186490574Z,baseline-c100,2026-07-10T14:29:46.217Z,1783693786217,699824,first_a_sqs_sent_timestamp,5170,89,ok,
reaction-20260710T141732.186490574Z,fair-c100,2026-07-10T14:29:46.245Z,1783693786245,699950,first_a_sqs_sent_timestamp,5303,89,ok,
reaction-20260710T141732.186490574Z,baseline-c100,2026-07-10T14:29:47.214Z,1783693787214,700821,first_a_sqs_sent_timestamp,4959,90,ok,
reaction-20260710T141732.186490574Z,fair-c100,2026-07-10T14:29:47.242Z,1783693787242,700947,first_a_sqs_sent_timestamp,5035,88,ok,
reaction-20260710T141732.186490574Z,baseline-c100,2026-07-10T14:29:48.216Z,1783693788216,701823,first_a_sqs_sent_timestamp,4994,82,ok,
reaction-20260710T141732.186490574Z,fair-c100,2026-07-10T14:29:48.243Z,1783693788243,701948,first_a_sqs_sent_timestamp,4995,78,ok,
reaction-20260710T141732.186490574Z,baseline-c100,2026-07-10T14:29:49.217Z,1783693789217,702824,first_a_sqs_sent_timestamp,5632,93,ok,
reaction-20260710T141732.186490574Z,fair-c100,2026-07-10T14:29:49.246Z,1783693789246,702951,first_a_sqs_sent_timestamp,5127,85,ok,
reaction-20260710T141732.186490574Z,baseline-c100,2026-07-10T14:29:50.217Z,1783693790217,703824,first_a_sqs_sent_timestamp,4867,87,ok,
reaction-20260710T141732.186490574Z,fair-c100,2026-07-10T14:29:50.246Z,1783693790246,703951,first_a_sqs_sent_timestamp,5103,89,ok,
reaction-20260710T141732.186490574Z,baseline-c100,2026-07-10T14:29:51.216Z,1783693791216,704823,first_a_sqs_sent_timestamp,4954,83,ok,
reaction-20260710T141732.186490574Z,fair-c100,2026-07-10T14:29:51.244Z,1783693791244,704949,first_a_sqs_sent_timestamp,5013,86,ok,
reaction-20260710T141732.186490574Z,baseline-c100,2026-07-10T14:29:52.216Z,1783693792216,705823,first_a_sqs_sent_timestamp,4997,95,ok,
reaction-20260710T141732.186490574Z,fair-c100,2026-07-10T14:29:52.244Z,1783693792244,705949,first_a_sqs_sent_timestamp,4961,98,ok,
reaction-20260710T141732.186490574Z,baseline-c100,2026-07-10T14:29:53.217Z,1783693793217,706824,first_a_sqs_sent_timestamp,4776,78,ok,
reaction-20260710T141732.186490574Z,fair-c100,2026-07-10T14:29:53.246Z,1783693793246,706951,first_a_sqs_sent_timestamp,5066,77,ok,
reaction-20260710T141732.186490574Z,baseline-c100,2026-07-10T14:29:54.217Z,1783693794217,707824,first_a_sqs_sent_timestamp,4758,81,ok,
reaction-20260710T141732.186490574Z,fair-c100,2026-07-10T14:29:54.245Z,1783693794245,707950,first_a_sqs_sent_timestamp,4859,93,ok,
reaction-20260710T141732.186490574Z,baseline-c100,2026-07-10T14:29:55.215Z,1783693795215,708822,first_a_sqs_sent_timestamp,4642,98,ok,
reaction-20260710T141732.186490574Z,fair-c100,2026-07-10T14:29:55.245Z,1783693795245,708950,first_a_sqs_sent_timestamp,4666,91,ok,
reaction-20260710T141732.186490574Z,baseline-c100,2026-07-10T14:29:56.217Z,1783693796217,709824,first_a_sqs_sent_timestamp,4965,95,ok,
reaction-20260710T141732.186490574Z,fair-c100,2026-07-10T14:29:56.245Z,1783693796245,709950,first_a_sqs_sent_timestamp,4777,84,ok,
reaction-20260710T141732.186490574Z,baseline-c100,2026-07-10T14:29:57.217Z,1783693797217,710824,first_a_sqs_sent_timestamp,4593,97,ok,
reaction-20260710T141732.186490574Z,fair-c100,2026-07-10T14:29:57.246Z,1783693797246,710951,first_a_sqs_sent_timestamp,4789,101,ok,
reaction-20260710T141732.186490574Z,baseline-c100,2026-07-10T14:29:58.216Z,1783693798216,711823,first_a_sqs_sent_timestamp,4642,98,ok,
reaction-20260710T141732.186490574Z,fair-c100,2026-07-10T14:29:58.244Z,1783693798244,711949,first_a_sqs_sent_timestamp,4666,91,ok,
reaction-20260710T141732.186490574Z,baseline-c100,2026-07-10T14:29:59.218Z,1783693799218,712825,first_a_sqs_sent_timestamp,4491,100,ok,
reaction-20260710T141732.186490574Z,fair-c100,2026-07-10T14:29:59.245Z,1783693799245,712950,first_a_sqs_sent_timestamp,4463,89,ok,
reaction-20260710T141732.186490574Z,baseline-c100,2026-07-10T14:30:00.216Z,1783693800216,713823,first_a_sqs_sent_timestamp,4522,104,ok,
reaction-20260710T141732.186490574Z,fair-c100,2026-07-10T14:30:00.245Z,1783693800245,713950,first_a_sqs_sent_timestamp,4781,93,ok,
reaction-20260710T141732.186490574Z,baseline-c100,2026-07-10T14:30:01.217Z,1783693801217,714824,first_a_sqs_sent_timestamp,4573,76,ok,
reaction-20260710T141732.186490574Z,fair-c100,2026-07-10T14:30:01.25Z,1783693801250,714955,first_a_sqs_sent_timestamp,4668,88,ok,
reaction-20260710T141732.186490574Z,baseline-c100,2026-07-10T14:30:02.217Z,1783693802217,715824,first_a_sqs_sent_timestamp,4434,96,ok,
reaction-20260710T141732.186490574Z,fair-c100,2026-07-10T14:30:02.244Z,1783693802244,715949,first_a_sqs_sent_timestamp,4443,85,ok,
reaction-20260710T141732.186490574Z,baseline-c100,2026-07-10T14:30:03.219Z,1783693803219,716826,first_a_sqs_sent_timestamp,4491,100,ok,
reaction-20260710T141732.186490574Z,fair-c100,2026-07-10T14:30:03.247Z,1783693803247,716952,first_a_sqs_sent_timestamp,4445,81,ok,
reaction-20260710T141732.186490574Z,baseline-c100,2026-07-10T14:30:04.224Z,1783693804224,717831,first_a_sqs_sent_timestamp,4482,90,ok,
reaction-20260710T141732.186490574Z,fair-c100,2026-07-10T14:30:04.254Z,1783693804254,717959,first_a_sqs_sent_timestamp,4443,85,ok,
reaction-20260710T141732.186490574Z,baseline-c100,2026-07-10T14:30:05.215Z,1783693805215,718822,first_a_sqs_sent_timestamp,4203,82,ok,
reaction-20260710T141732.186490574Z,fair-c100,2026-07-10T14:30:05.243Z,1783693805243,718948,first_a_sqs_sent_timestamp,4484,80,ok,
reaction-20260710T141732.186490574Z,baseline-c100,2026-07-10T14:30:06.217Z,1783693806217,719824,first_a_sqs_sent_timestamp,4328,87,ok,
reaction-20260710T141732.186490574Z,fair-c100,2026-07-10T14:30:06.246Z,1783693806246,719951,first_a_sqs_sent_timestamp,4275,79,ok,
reaction-20260710T141732.186490574Z,baseline-c100,2026-07-10T14:30:07.221Z,1783693807221,720828,first_a_sqs_sent_timestamp,4181,94,ok,
reaction-20260710T141732.186490574Z,fair-c100,2026-07-10T14:30:07.249Z,1783693807249,720954,first_a_sqs_sent_timestamp,4215,85,ok,
reaction-20260710T141732.186490574Z,baseline-c100,2026-07-10T14:30:08.217Z,1783693808217,721824,first_a_sqs_sent_timestamp,4009,88,ok,
reaction-20260710T141732.186490574Z,fair-c100,2026-07-10T14:30:08.248Z,1783693808248,721953,first_a_sqs_sent_timestamp,4196,75,ok,
reaction-20260710T141732.186490574Z,baseline-c100,2026-07-10T14:30:09.223Z,1783693809223,722830,first_a_sqs_sent_timestamp,4203,82,ok,
reaction-20260710T141732.186490574Z,fair-c100,2026-07-10T14:30:09.253Z,1783693809253,722958,first_a_sqs_sent_timestamp,4170,85,ok,
reaction-20260710T141732.186490574Z,baseline-c100,2026-07-10T14:30:10.218Z,1783693810218,723825,first_a_sqs_sent_timestamp,4022,93,ok,
reaction-20260710T141732.186490574Z,fair-c100,2026-07-10T14:30:10.246Z,1783693810246,723951,first_a_sqs_sent_timestamp,4114,88,ok,
reaction-20260710T141732.186490574Z,baseline-c100,2026-07-10T14:30:11.215Z,1783693811215,724822,first_a_sqs_sent_timestamp,3937,92,ok,
reaction-20260710T141732.186490574Z,fair-c100,2026-07-10T14:30:11.245Z,1783693811245,724950,first_a_sqs_sent_timestamp,4190,77,ok,
reaction-20260710T141732.186490574Z,baseline-c100,2026-07-10T14:30:12.224Z,1783693812224,725831,first_a_sqs_sent_timestamp,3863,98,ok,
reaction-20260710T141732.186490574Z,fair-c100,2026-07-10T14:30:12.259Z,1783693812259,725964,first_a_sqs_sent_timestamp,4123,90,ok,
reaction-20260710T141732.186490574Z,baseline-c100,2026-07-10T14:30:13.215Z,1783693813215,726822,first_a_sqs_sent_timestamp,3892,94,ok,
reaction-20260710T141732.186490574Z,fair-c100,2026-07-10T14:30:13.247Z,1783693813247,726952,first_a_sqs_sent_timestamp,3821,91,ok,
reaction-20260710T141732.186490574Z,baseline-c100,2026-07-10T14:30:14.216Z,1783693814216,727823,first_a_sqs_sent_timestamp,3818,95,ok,
reaction-20260710T141732.186490574Z,fair-c100,2026-07-10T14:30:14.244Z,1783693814244,727949,first_a_sqs_sent_timestamp,3867,87,ok,
reaction-20260710T141732.186490574Z,baseline-c100,2026-07-10T14:30:15.216Z,1783693815216,728823,first_a_sqs_sent_timestamp,3770,92,ok,
reaction-20260710T141732.186490574Z,fair-c100,2026-07-10T14:30:15.244Z,1783693815244,728949,first_a_sqs_sent_timestamp,4031,80,ok,
reaction-20260710T141732.186490574Z,baseline-c100,2026-07-10T14:30:16.216Z,1783693816216,729823,first_a_sqs_sent_timestamp,4147,89,ok,
reaction-20260710T141732.186490574Z,fair-c100,2026-07-10T14:30:16.243Z,1783693816243,729948,first_a_sqs_sent_timestamp,3775,90,ok,
reaction-20260710T141732.186490574Z,baseline-c100,2026-07-10T14:30:17.217Z,1783693817217,730824,first_a_sqs_sent_timestamp,3700,91,ok,
reaction-20260710T141732.186490574Z,fair-c100,2026-07-10T14:30:17.244Z,1783693817244,730949,first_a_sqs_sent_timestamp,3676,90,ok,
reaction-20260710T141732.186490574Z,baseline-c100,2026-07-10T14:30:18.218Z,1783693818218,731825,first_a_sqs_sent_timestamp,3667,103,ok,
reaction-20260710T141732.186490574Z,fair-c100,2026-07-10T14:30:18.249Z,1783693818249,731954,first_a_sqs_sent_timestamp,3836,97,ok,
reaction-20260710T141732.186490574Z,baseline-c100,2026-07-10T14:30:19.219Z,1783693819219,732826,first_a_sqs_sent_timestamp,3780,95,ok,
reaction-20260710T141732.186490574Z,fair-c100,2026-07-10T14:30:19.247Z,1783693819247,732952,first_a_sqs_sent_timestamp,3606,92,ok,
reaction-20260710T141732.186490574Z,baseline-c100,2026-07-10T14:30:20.217Z,1783693820217,733824,first_a_sqs_sent_timestamp,3549,93,ok,
reaction-20260710T141732.186490574Z,fair-c100,2026-07-10T14:30:20.254Z,1783693820254,733959,first_a_sqs_sent_timestamp,3606,92,ok,
reaction-20260710T141732.186490574Z,baseline-c100,2026-07-10T14:30:21.218Z,1783693821218,734825,first_a_sqs_sent_timestamp,3835,91,ok,
reaction-20260710T141732.186490574Z,fair-c100,2026-07-10T14:30:21.248Z,1783693821248,734953,first_a_sqs_sent_timestamp,3722,97,ok,
reaction-20260710T141732.186490574Z,baseline-c100,2026-07-10T14:30:22.218Z,1783693822218,735825,first_a_sqs_sent_timestamp,3626,87,ok,
reaction-20260710T141732.186490574Z,fair-c100,2026-07-10T14:30:22.245Z,1783693822245,735950,first_a_sqs_sent_timestamp,3503,96,ok,
reaction-20260710T141732.186490574Z,baseline-c100,2026-07-10T14:30:23.216Z,1783693823216,736823,first_a_sqs_sent_timestamp,3557,85,ok,
reaction-20260710T141732.186490574Z,fair-c100,2026-07-10T14:30:23.243Z,1783693823243,736948,first_a_sqs_sent_timestamp,3563,93,ok,
reaction-20260710T141732.186490574Z,baseline-c100,2026-07-10T14:30:24.218Z,1783693824218,737825,first_a_sqs_sent_timestamp,3426,86,ok,
reaction-20260710T141732.186490574Z,fair-c100,2026-07-10T14:30:24.247Z,1783693824247,737952,first_a_sqs_sent_timestamp,3476,90,ok,
reaction-20260710T141732.186490574Z,baseline-c100,2026-07-10T14:30:25.218Z,1783693825218,738825,first_a_sqs_sent_timestamp,3712,100,ok,
reaction-20260710T141732.186490574Z,fair-c100,2026-07-10T14:30:25.245Z,1783693825245,738950,first_a_sqs_sent_timestamp,3546,95,ok,
reaction-20260710T141732.186490574Z,baseline-c100,2026-07-10T14:30:26.217Z,1783693826217,739824,first_a_sqs_sent_timestamp,3258,87,ok,
reaction-20260710T141732.186490574Z,fair-c100,2026-07-10T14:30:26.247Z,1783693826247,739952,first_a_sqs_sent_timestamp,3460,91,ok,
reaction-20260710T141732.186490574Z,baseline-c100,2026-07-10T14:30:27.224Z,1783693827224,740831,first_a_sqs_sent_timestamp,3468,86,ok,
reaction-20260710T141732.186490574Z,fair-c100,2026-07-10T14:30:27.251Z,1783693827251,740956,first_a_sqs_sent_timestamp,3242,95,ok,
reaction-20260710T141732.186490574Z,baseline-c100,2026-07-10T14:30:28.217Z,1783693828217,741824,first_a_sqs_sent_timestamp,3162,96,ok,
reaction-20260710T141732.186490574Z,fair-c100,2026-07-10T14:30:28.245Z,1783693828245,741950,first_a_sqs_sent_timestamp,3225,98,ok,
reaction-20260710T141732.186490574Z,baseline-c100,2026-07-10T14:30:29.216Z,1783693829216,742823,first_a_sqs_sent_timestamp,3105,86,ok,
reaction-20260710T141732.186490574Z,fair-c100,2026-07-10T14:30:29.248Z,1783693829248,742953,first_a_sqs_sent_timestamp,3438,92,ok,
reaction-20260710T141732.186490574Z,baseline-c100,2026-07-10T14:30:30.215Z,1783693830215,743822,first_a_sqs_sent_timestamp,3112,106,ok,
reaction-20260710T141732.186490574Z,fair-c100,2026-07-10T14:30:30.242Z,1783693830242,743947,first_a_sqs_sent_timestamp,3388,93,ok,
reaction-20260710T141732.186490574Z,baseline-c100,2026-07-10T14:30:31.216Z,1783693831216,744823,first_a_sqs_sent_timestamp,3112,106,ok,
reaction-20260710T141732.186490574Z,fair-c100,2026-07-10T14:30:31.244Z,1783693831244,744949,first_a_sqs_sent_timestamp,3215,91,ok,
reaction-20260710T141732.186490574Z,baseline-c100,2026-07-10T14:30:32.217Z,1783693832217,745824,first_a_sqs_sent_timestamp,3082,92,ok,
reaction-20260710T141732.186490574Z,fair-c100,2026-07-10T14:30:32.244Z,1783693832244,745949,first_a_sqs_sent_timestamp,3123,96,ok,
reaction-20260710T141732.186490574Z,baseline-c100,2026-07-10T14:30:33.216Z,1783693833216,746823,first_a_sqs_sent_timestamp,2899,92,ok,
reaction-20260710T141732.186490574Z,fair-c100,2026-07-10T14:30:33.244Z,1783693833244,746949,first_a_sqs_sent_timestamp,2979,88,ok,
reaction-20260710T141732.186490574Z,baseline-c100,2026-07-10T14:30:34.216Z,1783693834216,747823,first_a_sqs_sent_timestamp,3256,92,ok,
reaction-20260710T141732.186490574Z,fair-c100,2026-07-10T14:30:34.243Z,1783693834243,747948,first_a_sqs_sent_timestamp,3054,90,ok,
reaction-20260710T141732.186490574Z,baseline-c100,2026-07-10T14:30:35.215Z,1783693835215,748822,first_a_sqs_sent_timestamp,2970,88,ok,
reaction-20260710T141732.186490574Z,fair-c100,2026-07-10T14:30:35.241Z,1783693835241,748946,first_a_sqs_sent_timestamp,2967,84,ok,
reaction-20260710T141732.186490574Z,baseline-c100,2026-07-10T14:30:36.218Z,1783693836218,749825,first_a_sqs_sent_timestamp,2906,88,ok,
reaction-20260710T141732.186490574Z,fair-c100,2026-07-10T14:30:36.248Z,1783693836248,749953,first_a_sqs_sent_timestamp,3216,91,ok,
reaction-20260710T141732.186490574Z,baseline-c100,2026-07-10T14:30:37.325Z,1783693837325,750932,first_a_sqs_sent_timestamp,2960,104,ok,
reaction-20260710T141732.186490574Z,fair-c100,2026-07-10T14:30:37.361Z,1783693837361,751066,first_a_sqs_sent_timestamp,3010,92,ok,
reaction-20260710T141732.186490574Z,baseline-c100,2026-07-10T14:30:38.218Z,1783693838218,751825,first_a_sqs_sent_timestamp,2817,84,ok,
reaction-20260710T141732.186490574Z,fair-c100,2026-07-10T14:30:38.246Z,1783693838246,751951,first_a_sqs_sent_timestamp,3054,90,ok,
reaction-20260710T141732.186490574Z,baseline-c100,2026-07-10T14:30:39.215Z,1783693839215,752822,first_a_sqs_sent_timestamp,2641,94,ok,
reaction-20260710T141732.186490574Z,fair-c100,2026-07-10T14:30:39.244Z,1783693839244,752949,first_a_sqs_sent_timestamp,2853,75,ok,
reaction-20260710T141732.186490574Z,baseline-c100,2026-07-10T14:30:40.219Z,1783693840219,753826,first_a_sqs_sent_timestamp,2720,98,ok,
reaction-20260710T141732.186490574Z,fair-c100,2026-07-10T14:30:40.247Z,1783693840247,753952,first_a_sqs_sent_timestamp,2776,94,ok,
reaction-20260710T141732.186490574Z,baseline-c100,2026-07-10T14:30:41.216Z,1783693841216,754823,first_a_sqs_sent_timestamp,2751,90,ok,
reaction-20260710T141732.186490574Z,fair-c100,2026-07-10T14:30:41.246Z,1783693841246,754951,first_a_sqs_sent_timestamp,2734,85,ok,
reaction-20260710T141732.186490574Z,baseline-c100,2026-07-10T14:30:42.217Z,1783693842217,755824,first_a_sqs_sent_timestamp,2596,90,ok,
reaction-20260710T141732.186490574Z,fair-c100,2026-07-10T14:30:42.246Z,1783693842246,755951,first_a_sqs_sent_timestamp,2630,88,ok,
reaction-20260710T141732.186490574Z,baseline-c100,2026-07-10T14:30:43.217Z,1783693843217,756824,first_a_sqs_sent_timestamp,2457,79,ok,
reaction-20260710T141732.186490574Z,fair-c100,2026-07-10T14:30:43.246Z,1783693843246,756951,first_a_sqs_sent_timestamp,2738,81,ok,
reaction-20260710T141732.186490574Z,baseline-c100,2026-07-10T14:30:44.218Z,1783693844218,757825,first_a_sqs_sent_timestamp,2416,77,ok,
reaction-20260710T141732.186490574Z,fair-c100,2026-07-10T14:30:44.247Z,1783693844247,757952,first_a_sqs_sent_timestamp,2717,77,ok,
reaction-20260710T141732.186490574Z,baseline-c100,2026-07-10T14:30:45.216Z,1783693845216,758823,first_a_sqs_sent_timestamp,2630,69,ok,
reaction-20260710T141732.186490574Z,fair-c100,2026-07-10T14:30:45.243Z,1783693845243,758948,first_a_sqs_sent_timestamp,2849,76,ok,
reaction-20260710T141732.186490574Z,baseline-c100,2026-07-10T14:30:46.215Z,1783693846215,759822,first_a_sqs_sent_timestamp,2446,70,ok,
reaction-20260710T141732.186490574Z,fair-c100,2026-07-10T14:30:46.244Z,1783693846244,759949,first_a_sqs_sent_timestamp,2634,73,ok,
reaction-20260710T141732.186490574Z,baseline-c100,2026-07-10T14:30:47.218Z,1783693847218,760825,first_a_sqs_sent_timestamp,2540,100,ok,
reaction-20260710T141732.186490574Z,fair-c100,2026-07-10T14:30:47.246Z,1783693847246,760951,first_a_sqs_sent_timestamp,2565,86,ok,
reaction-20260710T141732.186490574Z,baseline-c100,2026-07-10T14:30:48.238Z,1783693848238,761845,first_a_sqs_sent_timestamp,2499,85,ok,
reaction-20260710T141732.186490574Z,fair-c100,2026-07-10T14:30:48.289Z,1783693848289,761994,first_a_sqs_sent_timestamp,2470,94,ok,
reaction-20260710T141732.186490574Z,baseline-c100,2026-07-10T14:30:49.23Z,1783693849230,762837,first_a_sqs_sent_timestamp,2318,80,ok,
reaction-20260710T141732.186490574Z,fair-c100,2026-07-10T14:30:49.352Z,1783693849352,763057,first_a_sqs_sent_timestamp,2287,90,ok,
reaction-20260710T141732.186490574Z,baseline-c100,2026-07-10T14:30:50.216Z,1783693850216,763823,first_a_sqs_sent_timestamp,2112,97,ok,
reaction-20260710T141732.186490574Z,fair-c100,2026-07-10T14:30:50.243Z,1783693850243,763948,first_a_sqs_sent_timestamp,2445,81,ok,
reaction-20260710T141732.186490574Z,baseline-c100,2026-07-10T14:30:51.217Z,1783693851217,764824,first_a_sqs_sent_timestamp,2184,91,ok,
reaction-20260710T141732.186490574Z,fair-c100,2026-07-10T14:30:51.244Z,1783693851244,764949,first_a_sqs_sent_timestamp,2460,80,ok,
reaction-20260710T141732.186490574Z,baseline-c100,2026-07-10T14:30:52.221Z,1783693852221,765828,first_a_sqs_sent_timestamp,2132,96,ok,
reaction-20260710T141732.186490574Z,fair-c100,2026-07-10T14:30:52.25Z,1783693852250,765955,first_a_sqs_sent_timestamp,2287,90,ok,
reaction-20260710T141732.186490574Z,baseline-c100,2026-07-10T14:30:53.223Z,1783693853223,766830,first_a_sqs_sent_timestamp,2065,78,ok,
reaction-20260710T141732.186490574Z,fair-c100,2026-07-10T14:30:53.252Z,1783693853252,766957,first_a_sqs_sent_timestamp,2166,96,ok,
reaction-20260710T141732.186490574Z,baseline-c100,2026-07-10T14:30:54.216Z,1783693854216,767823,first_a_sqs_sent_timestamp,2057,104,ok,
reaction-20260710T141732.186490574Z,fair-c100,2026-07-10T14:30:54.243Z,1783693854243,767948,first_a_sqs_sent_timestamp,2388,88,ok,
reaction-20260710T141732.186490574Z,baseline-c100,2026-07-10T14:30:55.217Z,1783693855217,768824,first_a_sqs_sent_timestamp,1931,85,ok,
reaction-20260710T141732.186490574Z,fair-c100,2026-07-10T14:30:55.249Z,1783693855249,768954,first_a_sqs_sent_timestamp,2553,96,ok,
reaction-20260710T141732.186490574Z,baseline-c100,2026-07-10T14:30:56.217Z,1783693856217,769824,first_a_sqs_sent_timestamp,1938,91,ok,
reaction-20260710T141732.186490574Z,fair-c100,2026-07-10T14:30:56.245Z,1783693856245,769950,first_a_sqs_sent_timestamp,2145,96,ok,
reaction-20260710T141732.186490574Z,baseline-c100,2026-07-10T14:30:57.215Z,1783693857215,770822,first_a_sqs_sent_timestamp,2137,91,ok,
reaction-20260710T141732.186490574Z,fair-c100,2026-07-10T14:30:57.244Z,1783693857244,770949,first_a_sqs_sent_timestamp,2054,89,ok,
reaction-20260710T141732.186490574Z,baseline-c100,2026-07-10T14:30:58.215Z,1783693858215,771822,first_a_sqs_sent_timestamp,1916,85,ok,
reaction-20260710T141732.186490574Z,fair-c100,2026-07-10T14:30:58.242Z,1783693858242,771947,first_a_sqs_sent_timestamp,1907,83,ok,
reaction-20260710T141732.186490574Z,baseline-c100,2026-07-10T14:30:59.214Z,1783693859214,772821,first_a_sqs_sent_timestamp,1697,91,ok,
reaction-20260710T141732.186490574Z,fair-c100,2026-07-10T14:30:59.24Z,1783693859240,772945,first_a_sqs_sent_timestamp,1929,95,ok,
reaction-20260710T141732.186490574Z,baseline-c100,2026-07-10T14:31:00.216Z,1783693860216,773823,first_a_sqs_sent_timestamp,1836,78,ok,
reaction-20260710T141732.186490574Z,fair-c100,2026-07-10T14:31:00.244Z,1783693860244,773949,first_a_sqs_sent_timestamp,1929,95,ok,
reaction-20260710T141732.186490574Z,baseline-c100,2026-07-10T14:31:01.217Z,1783693861217,774824,first_a_sqs_sent_timestamp,1705,94,ok,
reaction-20260710T141732.186490574Z,fair-c100,2026-07-10T14:31:01.245Z,1783693861245,774950,first_a_sqs_sent_timestamp,2234,97,ok,
reaction-20260710T141732.186490574Z,baseline-c100,2026-07-10T14:31:02.217Z,1783693862217,775824,first_a_sqs_sent_timestamp,1735,92,ok,
reaction-20260710T141732.186490574Z,fair-c100,2026-07-10T14:31:02.244Z,1783693862244,775949,first_a_sqs_sent_timestamp,1797,90,ok,
reaction-20260710T141732.186490574Z,baseline-c100,2026-07-10T14:31:03.217Z,1783693863217,776824,first_a_sqs_sent_timestamp,1645,97,ok,
reaction-20260710T141732.186490574Z,fair-c100,2026-07-10T14:31:03.251Z,1783693863251,776956,first_a_sqs_sent_timestamp,1677,88,ok,
reaction-20260710T141732.186490574Z,baseline-c100,2026-07-10T14:31:04.227Z,1783693864227,777834,first_a_sqs_sent_timestamp,1618,73,ok,
reaction-20260710T141732.186490574Z,fair-c100,2026-07-10T14:31:04.255Z,1783693864255,777960,first_a_sqs_sent_timestamp,1776,89,ok,
reaction-20260710T141732.186490574Z,baseline-c100,2026-07-10T14:31:05.217Z,1783693865217,778824,first_a_sqs_sent_timestamp,1646,91,ok,
reaction-20260710T141732.186490574Z,fair-c100,2026-07-10T14:31:05.245Z,1783693865245,778950,first_a_sqs_sent_timestamp,1606,101,ok,
reaction-20260710T141732.186490574Z,baseline-c100,2026-07-10T14:31:06.216Z,1783693866216,779823,first_a_sqs_sent_timestamp,1674,83,ok,
reaction-20260710T141732.186490574Z,fair-c100,2026-07-10T14:31:06.243Z,1783693866243,779948,first_a_sqs_sent_timestamp,1733,98,ok,
reaction-20260710T141732.186490574Z,baseline-c100,2026-07-10T14:31:07.217Z,1783693867217,780824,first_a_sqs_sent_timestamp,1623,82,ok,
reaction-20260710T141732.186490574Z,fair-c100,2026-07-10T14:31:07.245Z,1783693867245,780950,first_a_sqs_sent_timestamp,1554,86,ok,
reaction-20260710T141732.186490574Z,baseline-c100,2026-07-10T14:31:08.217Z,1783693868217,781824,first_a_sqs_sent_timestamp,1371,89,ok,
reaction-20260710T141732.186490574Z,fair-c100,2026-07-10T14:31:08.246Z,1783693868246,781951,first_a_sqs_sent_timestamp,1574,81,ok,
reaction-20260710T141732.186490574Z,baseline-c100,2026-07-10T14:31:09.215Z,1783693869215,782822,first_a_sqs_sent_timestamp,1371,89,ok,
reaction-20260710T141732.186490574Z,fair-c100,2026-07-10T14:31:09.244Z,1783693869244,782949,first_a_sqs_sent_timestamp,1739,82,ok,
reaction-20260710T141732.186490574Z,baseline-c100,2026-07-10T14:31:10.217Z,1783693870217,783824,first_a_sqs_sent_timestamp,1457,76,ok,
reaction-20260710T141732.186490574Z,fair-c100,2026-07-10T14:31:10.244Z,1783693870244,783949,first_a_sqs_sent_timestamp,1334,88,ok,
reaction-20260710T141732.186490574Z,baseline-c100,2026-07-10T14:31:11.216Z,1783693871216,784823,first_a_sqs_sent_timestamp,1518,65,ok,
reaction-20260710T141732.186490574Z,fair-c100,2026-07-10T14:31:11.244Z,1783693871244,784949,first_a_sqs_sent_timestamp,1442,100,ok,
reaction-20260710T141732.186490574Z,baseline-c100,2026-07-10T14:31:12.217Z,1783693872217,785824,first_a_sqs_sent_timestamp,1346,88,ok,
reaction-20260710T141732.186490574Z,fair-c100,2026-07-10T14:31:12.254Z,1783693872254,785959,first_a_sqs_sent_timestamp,1454,95,ok,
reaction-20260710T141732.186490574Z,baseline-c100,2026-07-10T14:31:13.216Z,1783693873216,786823,first_a_sqs_sent_timestamp,1230,90,ok,
reaction-20260710T141732.186490574Z,fair-c100,2026-07-10T14:31:13.245Z,1783693873245,786950,first_a_sqs_sent_timestamp,1442,100,ok,
reaction-20260710T141732.186490574Z,baseline-c100,2026-07-10T14:31:14.221Z,1783693874221,787828,first_a_sqs_sent_timestamp,1239,96,ok,
reaction-20260710T141732.186490574Z,fair-c100,2026-07-10T14:31:14.249Z,1783693874249,787954,first_a_sqs_sent_timestamp,1344,84,ok,
reaction-20260710T141732.186490574Z,baseline-c100,2026-07-10T14:31:15.215Z,1783693875215,788822,first_a_sqs_sent_timestamp,1279,85,ok,
reaction-20260710T141732.186490574Z,fair-c100,2026-07-10T14:31:15.243Z,1783693875243,788948,first_a_sqs_sent_timestamp,1251,96,ok,
reaction-20260710T141732.186490574Z,baseline-c100,2026-07-10T14:31:16.215Z,1783693876215,789822,first_a_sqs_sent_timestamp,1066,94,ok,
reaction-20260710T141732.186490574Z,fair-c100,2026-07-10T14:31:16.242Z,1783693876242,789947,first_a_sqs_sent_timestamp,1221,87,ok,
reaction-20260710T141732.186490574Z,baseline-c100,2026-07-10T14:31:17.217Z,1783693877217,790824,first_a_sqs_sent_timestamp,1117,88,ok,
reaction-20260710T141732.186490574Z,fair-c100,2026-07-10T14:31:17.244Z,1783693877244,790949,first_a_sqs_sent_timestamp,1045,91,ok,
reaction-20260710T141732.186490574Z,baseline-c100,2026-07-10T14:31:18.216Z,1783693878216,791823,first_a_sqs_sent_timestamp,921,97,ok,
reaction-20260710T141732.186490574Z,fair-c100,2026-07-10T14:31:18.243Z,1783693878243,791948,first_a_sqs_sent_timestamp,1064,81,ok,
reaction-20260710T141732.186490574Z,baseline-c100,2026-07-10T14:31:19.216Z,1783693879216,792823,first_a_sqs_sent_timestamp,1022,94,ok,
reaction-20260710T141732.186490574Z,fair-c100,2026-07-10T14:31:19.244Z,1783693879244,792949,first_a_sqs_sent_timestamp,1229,71,ok,
reaction-20260710T141732.186490574Z,baseline-c100,2026-07-10T14:31:20.217Z,1783693880217,793824,first_a_sqs_sent_timestamp,930,95,ok,
reaction-20260710T141732.186490574Z,fair-c100,2026-07-10T14:31:20.245Z,1783693880245,793950,first_a_sqs_sent_timestamp,1072,78,ok,
reaction-20260710T141732.186490574Z,baseline-c100,2026-07-10T14:31:21.222Z,1783693881222,794829,first_a_sqs_sent_timestamp,869,97,ok,
reaction-20260710T141732.186490574Z,fair-c100,2026-07-10T14:31:21.251Z,1783693881251,794956,first_a_sqs_sent_timestamp,1005,104,ok,
reaction-20260710T141732.186490574Z,baseline-c100,2026-07-10T14:31:22.217Z,1783693882217,795824,first_a_sqs_sent_timestamp,1066,102,ok,
reaction-20260710T141732.186490574Z,fair-c100,2026-07-10T14:31:22.246Z,1783693882246,795951,first_a_sqs_sent_timestamp,1127,76,ok,
reaction-20260710T141732.186490574Z,baseline-c100,2026-07-10T14:31:23.23Z,1783693883230,796837,first_a_sqs_sent_timestamp,965,88,ok,
reaction-20260710T141732.186490574Z,fair-c100,2026-07-10T14:31:23.262Z,1783693883262,796967,first_a_sqs_sent_timestamp,918,102,ok,
reaction-20260710T141732.186490574Z,baseline-c100,2026-07-10T14:31:24.216Z,1783693884216,797823,first_a_sqs_sent_timestamp,967,94,ok,
reaction-20260710T141732.186490574Z,fair-c100,2026-07-10T14:31:24.243Z,1783693884243,797948,first_a_sqs_sent_timestamp,796,74,ok,
reaction-20260710T141732.186490574Z,baseline-c100,2026-07-10T14:31:25.215Z,1783693885215,798822,first_a_sqs_sent_timestamp,648,98,ok,
reaction-20260710T141732.186490574Z,fair-c100,2026-07-10T14:31:25.244Z,1783693885244,798949,first_a_sqs_sent_timestamp,1009,89,ok,
reaction-20260710T141732.186490574Z,baseline-c100,2026-07-10T14:31:26.217Z,1783693886217,799824,first_a_sqs_sent_timestamp,669,100,ok,
reaction-20260710T141732.186490574Z,fair-c100,2026-07-10T14:31:26.244Z,1783693886244,799949,first_a_sqs_sent_timestamp,830,112,ok,
reaction-20260710T141732.186490574Z,baseline-c100,2026-07-10T14:31:27.215Z,1783693887215,800822,first_a_sqs_sent_timestamp,627,94,ok,
reaction-20260710T141732.186490574Z,fair-c100,2026-07-10T14:31:27.243Z,1783693887243,800948,first_a_sqs_sent_timestamp,595,94,ok,
reaction-20260710T141732.186490574Z,baseline-c100,2026-07-10T14:31:28.216Z,1783693888216,801823,first_a_sqs_sent_timestamp,505,82,ok,
reaction-20260710T141732.186490574Z,fair-c100,2026-07-10T14:31:28.242Z,1783693888242,801947,first_a_sqs_sent_timestamp,595,94,ok,
reaction-20260710T141732.186490574Z,baseline-c100,2026-07-10T14:31:29.221Z,1783693889221,802828,first_a_sqs_sent_timestamp,677,103,ok,
reaction-20260710T141732.186490574Z,fair-c100,2026-07-10T14:31:29.25Z,1783693889250,802955,first_a_sqs_sent_timestamp,732,78,ok,
reaction-20260710T141732.186490574Z,baseline-c100,2026-07-10T14:31:30.216Z,1783693890216,803823,first_a_sqs_sent_timestamp,750,96,ok,
reaction-20260710T141732.186490574Z,fair-c100,2026-07-10T14:31:30.245Z,1783693890245,803950,first_a_sqs_sent_timestamp,515,103,ok,
reaction-20260710T141732.186490574Z,baseline-c100,2026-07-10T14:31:31.217Z,1783693891217,804824,first_a_sqs_sent_timestamp,414,95,ok,
reaction-20260710T141732.186490574Z,fair-c100,2026-07-10T14:31:31.244Z,1783693891244,804949,first_a_sqs_sent_timestamp,770,83,ok,
reaction-20260710T141732.186490574Z,baseline-c100,2026-07-10T14:31:32.215Z,1783693892215,805822,first_a_sqs_sent_timestamp,432,99,ok,
reaction-20260710T141732.186490574Z,fair-c100,2026-07-10T14:31:32.242Z,1783693892242,805947,first_a_sqs_sent_timestamp,358,86,ok,
reaction-20260710T141732.186490574Z,baseline-c100,2026-07-10T14:31:33.216Z,1783693893216,806823,first_a_sqs_sent_timestamp,245,98,ok,
reaction-20260710T141732.186490574Z,fair-c100,2026-07-10T14:31:33.243Z,1783693893243,806948,first_a_sqs_sent_timestamp,866,117,ok,
reaction-20260710T141732.186490574Z,baseline-c100,2026-07-10T14:31:34.215Z,1783693894215,807822,first_a_sqs_sent_timestamp,312,97,ok,
reaction-20260710T141732.186490574Z,fair-c100,2026-07-10T14:31:34.243Z,1783693894243,807948,first_a_sqs_sent_timestamp,422,100,ok,
reaction-20260710T141732.186490574Z,baseline-c100,2026-07-10T14:31:35.216Z,1783693895216,808823,first_a_sqs_sent_timestamp,414,89,ok,
reaction-20260710T141732.186490574Z,fair-c100,2026-07-10T14:31:35.243Z,1783693895243,808948,first_a_sqs_sent_timestamp,410,98,ok,
reaction-20260710T141732.186490574Z,baseline-c100,2026-07-10T14:31:36.217Z,1783693896217,809824,first_a_sqs_sent_timestamp,219,92,ok,
reaction-20260710T141732.186490574Z,fair-c100,2026-07-10T14:31:36.244Z,1783693896244,809949,first_a_sqs_sent_timestamp,182,96,ok,
reaction-20260710T141732.186490574Z,baseline-c100,2026-07-10T14:31:37.218Z,1783693897218,810825,first_a_sqs_sent_timestamp,110,103,ok,
reaction-20260710T141732.186490574Z,fair-c100,2026-07-10T14:31:37.246Z,1783693897246,810951,first_a_sqs_sent_timestamp,431,80,ok,
reaction-20260710T141732.186490574Z,baseline-c100,2026-07-10T14:31:38.216Z,1783693898216,811823,first_a_sqs_sent_timestamp,248,70,ok,
reaction-20260710T141732.186490574Z,fair-c100,2026-07-10T14:31:38.248Z,1783693898248,811953,first_a_sqs_sent_timestamp,704,115,ok,
reaction-20260710T141732.186490574Z,baseline-c100,2026-07-10T14:31:39.224Z,1783693899224,812831,first_a_sqs_sent_timestamp,18,111,ok,
reaction-20260710T141732.186490574Z,fair-c100,2026-07-10T14:31:39.257Z,1783693899257,812962,first_a_sqs_sent_timestamp,104,22,ok,
reaction-20260710T141732.186490574Z,baseline-c100,2026-07-10T14:31:40.215Z,1783693900215,813822,first_a_sqs_sent_timestamp,0,102,ok,
reaction-20260710T141732.186490574Z,fair-c100,2026-07-10T14:31:40.242Z,1783693900242,813947,first_a_sqs_sent_timestamp,2,139,ok,
reaction-20260710T141732.186490574Z,baseline-c100,2026-07-10T14:31:41.219Z,1783693901219,814826,first_a_sqs_sent_timestamp,295,121,ok,
reaction-20260710T141732.186490574Z,fair-c100,2026-07-10T14:31:41.246Z,1783693901246,814951,first_a_sqs_sent_timestamp,81,80,ok,
reaction-20260710T141732.186490574Z,baseline-c100,2026-07-10T14:31:42.216Z,1783693902216,815823,first_a_sqs_sent_timestamp,0,0,ok,
reaction-20260710T141732.186490574Z,fair-c100,2026-07-10T14:31:42.243Z,1783693902243,815948,first_a_sqs_sent_timestamp,0,7,ok,
reaction-20260710T141732.186490574Z,baseline-c100,2026-07-10T14:31:43.215Z,1783693903215,816822,first_a_sqs_sent_timestamp,0,67,ok,
reaction-20260710T141732.186490574Z,fair-c100,2026-07-10T14:31:43.243Z,1783693903243,816948,first_a_sqs_sent_timestamp,104,23,ok,
reaction-20260710T141732.186490574Z,baseline-c100,2026-07-10T14:31:44.216Z,1783693904216,817823,first_a_sqs_sent_timestamp,66,50,ok,
reaction-20260710T141732.186490574Z,fair-c100,2026-07-10T14:31:44.243Z,1783693904243,817948,first_a_sqs_sent_timestamp,0,53,ok,
reaction-20260710T141732.186490574Z,baseline-c100,2026-07-10T14:31:45.217Z,1783693905217,818824,first_a_sqs_sent_timestamp,0,1,ok,
reaction-20260710T141732.186490574Z,fair-c100,2026-07-10T14:31:45.246Z,1783693905246,818951,first_a_sqs_sent_timestamp,51,70,ok,
reaction-20260710T141732.186490574Z,baseline-c100,2026-07-10T14:31:46.217Z,1783693906217,819824,first_a_sqs_sent_timestamp,0,69,ok,
reaction-20260710T141732.186490574Z,fair-c100,2026-07-10T14:31:46.244Z,1783693906244,819949,first_a_sqs_sent_timestamp,0,7,ok,
reaction-20260710T141732.186490574Z,baseline-c100,2026-07-10T14:31:47.217Z,1783693907217,820824,first_a_sqs_sent_timestamp,0,0,ok,
reaction-20260710T141732.186490574Z,fair-c100,2026-07-10T14:31:47.246Z,1783693907246,820951,first_a_sqs_sent_timestamp,0,1,ok,
reaction-20260710T141732.186490574Z,baseline-c100,2026-07-10T14:31:48.221Z,1783693908221,821828,first_a_sqs_sent_timestamp,0,0,ok,
reaction-20260710T141732.186490574Z,fair-c100,2026-07-10T14:31:48.25Z,1783693908250,821955,first_a_sqs_sent_timestamp,0,0,ok,
reaction-20260710T141732.186490574Z,baseline-c100,2026-07-10T14:31:49.219Z,1783693909219,822826,first_a_sqs_sent_timestamp,0,0,ok,
reaction-20260710T141732.186490574Z,fair-c100,2026-07-10T14:31:49.246Z,1783693909246,822951,first_a_sqs_sent_timestamp,0,0,ok,
reaction-20260710T141732.186490574Z,baseline-c100,2026-07-10T14:31:50.215Z,1783693910215,823822,first_a_sqs_sent_timestamp,0,0,ok,
reaction-20260710T141732.186490574Z,fair-c100,2026-07-10T14:31:50.243Z,1783693910243,823948,first_a_sqs_sent_timestamp,0,0,ok,
reaction-20260710T141732.186490574Z,baseline-c100,2026-07-10T14:31:51.235Z,1783693911235,824842,first_a_sqs_sent_timestamp,0,0,ok,
reaction-20260710T141732.186490574Z,fair-c100,2026-07-10T14:31:51.267Z,1783693911267,824972,first_a_sqs_sent_timestamp,0,0,ok,
reaction-20260710T141732.186490574Z,baseline-c100,2026-07-10T14:31:52.219Z,1783693912219,825826,first_a_sqs_sent_timestamp,0,0,ok,
reaction-20260710T141732.186490574Z,fair-c100,2026-07-10T14:31:52.247Z,1783693912247,825952,first_a_sqs_sent_timestamp,0,0,ok,
reaction-20260710T141732.186490574Z,baseline-c100,2026-07-10T14:31:53.216Z,1783693913216,826823,first_a_sqs_sent_timestamp,0,0,ok,
reaction-20260710T141732.186490574Z,fair-c100,2026-07-10T14:31:53.242Z,1783693913242,826947,first_a_sqs_sent_timestamp,0,0,ok,
reaction-20260710T141732.186490574Z,baseline-c100,2026-07-10T14:31:54.216Z,1783693914216,827823,first_a_sqs_sent_timestamp,0,0,ok,
reaction-20260710T141732.186490574Z,fair-c100,2026-07-10T14:31:54.244Z,1783693914244,827949,first_a_sqs_sent_timestamp,0,0,ok,
