experiment_id,scenario,sampled_at,sampled_at_ms,approximate_visible,approximate_not_visible,sample_status,sample_error
reaction-20260710T141732.186490574Z,baseline-c100,2026-07-10T14:18:06.224987927Z,1783693086224,0,0,ok,
reaction-20260710T141732.186490574Z,fair-c100,2026-07-10T14:18:06.377948278Z,1783693086377,0,21,ok,
reaction-20260710T141732.186490574Z,baseline-c100,2026-07-10T14:18:07.218465887Z,1783693087218,0,0,ok,
reaction-20260710T141732.186490574Z,fair-c100,2026-07-10T14:18:07.246828673Z,1783693087246,69,36,ok,
reaction-20260710T141732.186490574Z,baseline-c100,2026-07-10T14:18:08.217445297Z,1783693088217,0,10,ok,
reaction-20260710T141732.186490574Z,fair-c100,2026-07-10T14:18:08.246434861Z,1783693088246,0,0,ok,
reaction-20260710T141732.186490574Z,baseline-c100,2026-07-10T14:18:09.236190712Z,1783693089236,0,0,ok,
reaction-20260710T141732.186490574Z,fair-c100,2026-07-10T14:18:09.28939381Z,1783693089289,10875,66,ok,
reaction-20260710T141732.186490574Z,baseline-c100,2026-07-10T14:18:10.219668347Z,1783693090219,3362,30,ok,
reaction-20260710T141732.186490574Z,fair-c100,2026-07-10T14:18:10.251507882Z,1783693090251,2106,73,ok,
reaction-20260710T141732.186490574Z,baseline-c100,2026-07-10T14:18:11.217703243Z,1783693091217,9997,15,ok,
reaction-20260710T141732.186490574Z,fair-c100,2026-07-10T14:18:11.244890902Z,1783693091244,15135,71,ok,
reaction-20260710T141732.186490574Z,baseline-c100,2026-07-10T14:18:12.228404486Z,1783693092228,16430,65,ok,
reaction-20260710T141732.186490574Z,fair-c100,2026-07-10T14:18:12.274621217Z,1783693092274,79,37,ok,
reaction-20260710T141732.186490574Z,baseline-c100,2026-07-10T14:18:13.216552058Z,1783693093216,8366,32,ok,
reaction-20260710T141732.186490574Z,fair-c100,2026-07-10T14:18:13.244496011Z,1783693093244,8588,64,ok,
reaction-20260710T141732.186490574Z,baseline-c100,2026-07-10T14:18:14.216780321Z,1783693094216,12381,62,ok,
reaction-20260710T141732.186490574Z,fair-c100,2026-07-10T14:18:14.243579191Z,1783693094243,6551,27,ok,
reaction-20260710T141732.186490574Z,baseline-c100,2026-07-10T14:18:15.217798676Z,1783693095217,1776,29,ok,
reaction-20260710T141732.186490574Z,fair-c100,2026-07-10T14:18:15.246121989Z,1783693095246,19079,74,ok,
reaction-20260710T141732.186490574Z,baseline-c100,2026-07-10T14:18:16.215502605Z,1783693096215,11728,62,ok,
reaction-20260710T141732.186490574Z,fair-c100,2026-07-10T14:18:16.242218708Z,1783693096242,29794,66,ok,
reaction-20260710T141732.186490574Z,baseline-c100,2026-07-10T14:18:17.215521462Z,1783693097215,24911,59,ok,
reaction-20260710T141732.186490574Z,fair-c100,2026-07-10T14:18:17.243114489Z,1783693097243,13145,31,ok,
reaction-20260710T141732.186490574Z,baseline-c100,2026-07-10T14:18:18.21984658Z,1783693098219,14914,44,ok,
reaction-20260710T141732.186490574Z,fair-c100,2026-07-10T14:18:18.249216413Z,1783693098249,21599,54,ok,
reaction-20260710T141732.186490574Z,baseline-c100,2026-07-10T14:18:19.218086859Z,1783693099218,25495,57,ok,
reaction-20260710T141732.186490574Z,fair-c100,2026-07-10T14:18:19.248235442Z,1783693099248,29736,81,ok,
reaction-20260710T141732.186490574Z,baseline-c100,2026-07-10T14:18:20.217262082Z,1783693100217,18339,84,ok,
reaction-20260710T141732.186490574Z,fair-c100,2026-07-10T14:18:20.247559646Z,1783693100247,28124,71,ok,
reaction-20260710T141732.186490574Z,baseline-c100,2026-07-10T14:18:21.257076658Z,1783693101257,29705,79,ok,
reaction-20260710T141732.186490574Z,fair-c100,2026-07-10T14:18:21.285185188Z,1783693101285,0,0,ok,
reaction-20260710T141732.186490574Z,baseline-c100,2026-07-10T14:18:22.215963389Z,1783693102215,27785,69,ok,
reaction-20260710T141732.186490574Z,fair-c100,2026-07-10T14:18:22.243492097Z,1783693102243,29665,105,ok,
reaction-20260710T141732.186490574Z,baseline-c100,2026-07-10T14:18:23.218178413Z,1783693103218,29676,84,ok,
reaction-20260710T141732.186490574Z,fair-c100,2026-07-10T14:18:23.247257715Z,1783693103247,28103,69,ok,
reaction-20260710T141732.186490574Z,baseline-c100,2026-07-10T14:18:24.213784666Z,1783693104213,18956,83,ok,
reaction-20260710T141732.186490574Z,fair-c100,2026-07-10T14:18:24.242164028Z,1783693104242,29634,87,ok,
reaction-20260710T141732.186490574Z,baseline-c100,2026-07-10T14:18:25.217497501Z,1783693105217,29604,81,ok,
reaction-20260710T141732.186490574Z,fair-c100,2026-07-10T14:18:25.244939325Z,1783693105244,29699,82,ok,
reaction-20260710T141732.186490574Z,baseline-c100,2026-07-10T14:18:26.221640932Z,1783693106221,29529,95,ok,
reaction-20260710T141732.186490574Z,fair-c100,2026-07-10T14:18:26.252552311Z,1783693106252,29576,88,ok,
reaction-20260710T141732.186490574Z,baseline-c100,2026-07-10T14:18:27.216879586Z,1783693107216,29484,90,ok,
reaction-20260710T141732.186490574Z,fair-c100,2026-07-10T14:18:27.245393417Z,1783693107245,25731,80,ok,
reaction-20260710T141732.186490574Z,baseline-c100,2026-07-10T14:18:28.215185513Z,1783693108215,29563,103,ok,
reaction-20260710T141732.186490574Z,fair-c100,2026-07-10T14:18:28.24234956Z,1783693108242,29700,67,ok,
reaction-20260710T141732.186490574Z,baseline-c100,2026-07-10T14:18:29.216028683Z,1783693109216,29459,98,ok,
reaction-20260710T141732.186490574Z,fair-c100,2026-07-10T14:18:29.24235847Z,1783693109242,29368,85,ok,
reaction-20260710T141732.186490574Z,baseline-c100,2026-07-10T14:18:30.215080703Z,1783693110215,29503,96,ok,
reaction-20260710T141732.186490574Z,fair-c100,2026-07-10T14:18:30.240430545Z,1783693110240,29522,81,ok,
reaction-20260710T141732.186490574Z,baseline-c100,2026-07-10T14:18:31.2136704Z,1783693111213,29736,72,ok,
reaction-20260710T141732.186490574Z,fair-c100,2026-07-10T14:18:31.240190561Z,1783693111240,29568,73,ok,
reaction-20260710T141732.186490574Z,baseline-c100,2026-07-10T14:18:32.215470028Z,1783693112215,29510,96,ok,
reaction-20260710T141732.186490574Z,fair-c100,2026-07-10T14:18:32.243371293Z,1783693112243,29387,98,ok,
reaction-20260710T141732.186490574Z,baseline-c100,2026-07-10T14:18:33.214346412Z,1783693113214,29558,85,ok,
reaction-20260710T141732.186490574Z,fair-c100,2026-07-10T14:18:33.240873589Z,1783693113240,29360,87,ok,
reaction-20260710T141732.186490574Z,baseline-c100,2026-07-10T14:18:34.214248592Z,1783693114214,29338,80,ok,
reaction-20260710T141732.186490574Z,fair-c100,2026-07-10T14:18:34.243294225Z,1783693114243,29432,87,ok,
reaction-20260710T141732.186490574Z,baseline-c100,2026-07-10T14:18:35.218174239Z,1783693115218,29445,94,ok,
reaction-20260710T141732.186490574Z,fair-c100,2026-07-10T14:18:35.245834162Z,1783693115245,29380,101,ok,
reaction-20260710T141732.186490574Z,baseline-c100,2026-07-10T14:18:36.21505323Z,1783693116215,29169,89,ok,
reaction-20260710T141732.186490574Z,fair-c100,2026-07-10T14:18:36.243376179Z,1783693116243,29233,86,ok,
reaction-20260710T141732.186490574Z,baseline-c100,2026-07-10T14:18:37.22305743Z,1783693117223,29327,85,ok,
reaction-20260710T141732.186490574Z,fair-c100,2026-07-10T14:18:37.251312648Z,1783693117251,29507,76,ok,
reaction-20260710T141732.186490574Z,baseline-c100,2026-07-10T14:18:38.217797874Z,1783693118217,29301,101,ok,
reaction-20260710T141732.186490574Z,fair-c100,2026-07-10T14:18:38.245306897Z,1783693118245,29095,82,ok,
reaction-20260710T141732.186490574Z,baseline-c100,2026-07-10T14:18:39.215669443Z,1783693119215,29397,80,ok,
reaction-20260710T141732.186490574Z,fair-c100,2026-07-10T14:18:39.296648799Z,1783693119296,29366,78,ok,
reaction-20260710T141732.186490574Z,baseline-c100,2026-07-10T14:18:40.213562845Z,1783693120213,29240,90,ok,
reaction-20260710T141732.186490574Z,fair-c100,2026-07-10T14:18:40.240489435Z,1783693120240,29064,92,ok,
reaction-20260710T141732.186490574Z,baseline-c100,2026-07-10T14:18:41.217371189Z,1783693121217,29139,108,ok,
reaction-20260710T141732.186490574Z,fair-c100,2026-07-10T14:18:41.250369457Z,1783693121250,29146,97,ok,
reaction-20260710T141732.186490574Z,baseline-c100,2026-07-10T14:18:42.213986342Z,1783693122213,29011,100,ok,
reaction-20260710T141732.186490574Z,fair-c100,2026-07-10T14:18:42.245355571Z,1783693122245,29295,86,ok,
reaction-20260710T141732.186490574Z,baseline-c100,2026-07-10T14:18:43.216435277Z,1783693123216,28954,99,ok,
reaction-20260710T141732.186490574Z,fair-c100,2026-07-10T14:18:43.248267293Z,1783693123248,29132,86,ok,
reaction-20260710T141732.186490574Z,baseline-c100,2026-07-10T14:18:44.218198189Z,1783693124218,29028,89,ok,
reaction-20260710T141732.186490574Z,fair-c100,2026-07-10T14:18:44.248104276Z,1783693124248,28978,94,ok,
reaction-20260710T141732.186490574Z,baseline-c100,2026-07-10T14:18:45.219496876Z,1783693125219,28984,92,ok,
reaction-20260710T141732.186490574Z,fair-c100,2026-07-10T14:18:45.247877261Z,1783693125247,28918,92,ok,
reaction-20260710T141732.186490574Z,baseline-c100,2026-07-10T14:18:46.215341961Z,1783693126215,29055,91,ok,
reaction-20260710T141732.186490574Z,fair-c100,2026-07-10T14:18:46.240481906Z,1783693126240,28864,106,ok,
reaction-20260710T141732.186490574Z,baseline-c100,2026-07-10T14:18:47.217942433Z,1783693127217,29198,91,ok,
reaction-20260710T141732.186490574Z,fair-c100,2026-07-10T14:18:47.245352416Z,1783693127245,29000,66,ok,
reaction-20260710T141732.186490574Z,baseline-c100,2026-07-10T14:18:48.21353725Z,1783693128213,28817,99,ok,
reaction-20260710T141732.186490574Z,fair-c100,2026-07-10T14:18:48.240838223Z,1783693128240,28791,115,ok,
reaction-20260710T141732.186490574Z,baseline-c100,2026-07-10T14:18:49.225049234Z,1783693129225,28873,85,ok,
reaction-20260710T141732.186490574Z,fair-c100,2026-07-10T14:18:49.251318954Z,1783693129251,28883,80,ok,
reaction-20260710T141732.186490574Z,baseline-c100,2026-07-10T14:18:50.23841373Z,1783693130238,28759,107,ok,
reaction-20260710T141732.186490574Z,fair-c100,2026-07-10T14:18:50.269227571Z,1783693130269,29111,76,ok,
reaction-20260710T141732.186490574Z,baseline-c100,2026-07-10T14:18:51.214364448Z,1783693131214,28782,110,ok,
reaction-20260710T141732.186490574Z,fair-c100,2026-07-10T14:18:51.243323179Z,1783693131243,28887,81,ok,
reaction-20260710T141732.186490574Z,baseline-c100,2026-07-10T14:18:52.217231535Z,1783693132217,28737,89,ok,
reaction-20260710T141732.186490574Z,fair-c100,2026-07-10T14:18:52.244703115Z,1783693132244,28549,92,ok,
reaction-20260710T141732.186490574Z,baseline-c100,2026-07-10T14:18:53.216699307Z,1783693133216,28604,98,ok,
reaction-20260710T141732.186490574Z,fair-c100,2026-07-10T14:18:53.245281724Z,1783693133245,28818,87,ok,
reaction-20260710T141732.186490574Z,baseline-c100,2026-07-10T14:18:54.214319531Z,1783693134214,28775,81,ok,
reaction-20260710T141732.186490574Z,fair-c100,2026-07-10T14:18:54.241729366Z,1783693134241,28627,105,ok,
reaction-20260710T141732.186490574Z,baseline-c100,2026-07-10T14:18:55.217158561Z,1783693135217,28612,91,ok,
reaction-20260710T141732.186490574Z,fair-c100,2026-07-10T14:18:55.244289839Z,1783693135244,28591,101,ok,
reaction-20260710T141732.186490574Z,baseline-c100,2026-07-10T14:18:56.216366324Z,1783693136216,28573,99,ok,
reaction-20260710T141732.186490574Z,fair-c100,2026-07-10T14:18:56.244815547Z,1783693136244,28755,89,ok,
reaction-20260710T141732.186490574Z,baseline-c100,2026-07-10T14:18:57.215194884Z,1783693137215,28604,98,ok,
reaction-20260710T141732.186490574Z,fair-c100,2026-07-10T14:18:57.244127054Z,1783693137244,28529,93,ok,
reaction-20260710T141732.186490574Z,baseline-c100,2026-07-10T14:18:58.21584783Z,1783693138215,28718,67,ok,
reaction-20260710T141732.186490574Z,fair-c100,2026-07-10T14:18:58.244388806Z,1783693138244,28470,77,ok,
reaction-20260710T141732.186490574Z,baseline-c100,2026-07-10T14:18:59.217295932Z,1783693139217,28794,95,ok,
reaction-20260710T141732.186490574Z,fair-c100,2026-07-10T14:18:59.245939449Z,1783693139245,28471,88,ok,
reaction-20260710T141732.186490574Z,baseline-c100,2026-07-10T14:19:00.227497148Z,1783693140227,28424,83,ok,
reaction-20260710T141732.186490574Z,fair-c100,2026-07-10T14:19:00.255134432Z,1783693140255,28431,94,ok,
reaction-20260710T141732.186490574Z,baseline-c100,2026-07-10T14:19:01.215783255Z,1783693141215,28475,78,ok,
reaction-20260710T141732.186490574Z,fair-c100,2026-07-10T14:19:01.247291764Z,1783693141247,28431,75,ok,
reaction-20260710T141732.186490574Z,baseline-c100,2026-07-10T14:19:02.215796433Z,1783693142215,28601,86,ok,
reaction-20260710T141732.186490574Z,fair-c100,2026-07-10T14:19:02.245487998Z,1783693142245,28340,108,ok,
reaction-20260710T141732.186490574Z,baseline-c100,2026-07-10T14:19:03.215723216Z,1783693143215,28502,80,ok,
reaction-20260710T141732.186490574Z,fair-c100,2026-07-10T14:19:03.242924245Z,1783693143242,28565,79,ok,
reaction-20260710T141732.186490574Z,baseline-c100,2026-07-10T14:19:04.215474557Z,1783693144215,28379,92,ok,
reaction-20260710T141732.186490574Z,fair-c100,2026-07-10T14:19:04.242452466Z,1783693144242,28468,86,ok,
reaction-20260710T141732.186490574Z,baseline-c100,2026-07-10T14:19:05.216009835Z,1783693145216,28290,91,ok,
reaction-20260710T141732.186490574Z,fair-c100,2026-07-10T14:19:05.244499324Z,1783693145244,28311,87,ok,
reaction-20260710T141732.186490574Z,baseline-c100,2026-07-10T14:19:06.217701831Z,1783693146217,28624,87,ok,
reaction-20260710T141732.186490574Z,fair-c100,2026-07-10T14:19:06.246279003Z,1783693146246,28272,102,ok,
reaction-20260710T141732.186490574Z,baseline-c100,2026-07-10T14:19:07.215487724Z,1783693147215,28106,92,ok,
reaction-20260710T141732.186490574Z,fair-c100,2026-07-10T14:19:07.245607197Z,1783693147245,28290,85,ok,
reaction-20260710T141732.186490574Z,baseline-c100,2026-07-10T14:19:08.21648289Z,1783693148216,28166,83,ok,
reaction-20260710T141732.186490574Z,fair-c100,2026-07-10T14:19:08.242883434Z,1783693148242,28074,110,ok,
reaction-20260710T141732.186490574Z,baseline-c100,2026-07-10T14:19:09.218022563Z,1783693149218,28230,77,ok,
reaction-20260710T141732.186490574Z,fair-c100,2026-07-10T14:19:09.245988966Z,1783693149245,28165,73,ok,
reaction-20260710T141732.186490574Z,baseline-c100,2026-07-10T14:19:10.215768174Z,1783693150215,28234,91,ok,
reaction-20260710T141732.186490574Z,fair-c100,2026-07-10T14:19:10.24389421Z,1783693150243,28125,68,ok,
reaction-20260710T141732.186490574Z,baseline-c100,2026-07-10T14:19:11.216137728Z,1783693151216,28154,94,ok,
reaction-20260710T141732.186490574Z,fair-c100,2026-07-10T14:19:11.2441424Z,1783693151244,28038,91,ok,
reaction-20260710T141732.186490574Z,baseline-c100,2026-07-10T14:19:12.215647829Z,1783693152215,28083,90,ok,
reaction-20260710T141732.186490574Z,fair-c100,2026-07-10T14:19:12.242867986Z,1783693152242,28121,72,ok,
reaction-20260710T141732.186490574Z,baseline-c100,2026-07-10T14:19:13.214523795Z,1783693153214,28157,91,ok,
reaction-20260710T141732.186490574Z,fair-c100,2026-07-10T14:19:13.241680848Z,1783693153241,27927,86,ok,
reaction-20260710T141732.186490574Z,baseline-c100,2026-07-10T14:19:14.217107629Z,1783693154217,27908,95,ok,
reaction-20260710T141732.186490574Z,fair-c100,2026-07-10T14:19:14.246769331Z,1783693154246,27902,91,ok,
reaction-20260710T141732.186490574Z,baseline-c100,2026-07-10T14:19:15.21671742Z,1783693155216,27954,84,ok,
reaction-20260710T141732.186490574Z,fair-c100,2026-07-10T14:19:15.243862753Z,1783693155243,28051,84,ok,
reaction-20260710T141732.186490574Z,baseline-c100,2026-07-10T14:19:16.21637506Z,1783693156216,27997,96,ok,
reaction-20260710T141732.186490574Z,fair-c100,2026-07-10T14:19:16.24728877Z,1783693156247,28227,91,ok,
reaction-20260710T141732.186490574Z,baseline-c100,2026-07-10T14:19:17.21828098Z,1783693157218,27866,88,ok,
reaction-20260710T141732.186490574Z,fair-c100,2026-07-10T14:19:17.250816931Z,1783693157250,28004,69,ok,
reaction-20260710T141732.186490574Z,baseline-c100,2026-07-10T14:19:18.220212625Z,1783693158220,27783,91,ok,
reaction-20260710T141732.186490574Z,fair-c100,2026-07-10T14:19:18.250105995Z,1783693158250,28005,89,ok,
reaction-20260710T141732.186490574Z,baseline-c100,2026-07-10T14:19:19.221124212Z,1783693159221,28043,88,ok,
reaction-20260710T141732.186490574Z,fair-c100,2026-07-10T14:19:19.252165012Z,1783693159252,28045,88,ok,
reaction-20260710T141732.186490574Z,baseline-c100,2026-07-10T14:19:20.215483481Z,1783693160215,27747,107,ok,
reaction-20260710T141732.186490574Z,fair-c100,2026-07-10T14:19:20.244747517Z,1783693160244,27739,95,ok,
reaction-20260710T141732.186490574Z,baseline-c100,2026-07-10T14:19:21.213857473Z,1783693161213,27667,106,ok,
reaction-20260710T141732.186490574Z,fair-c100,2026-07-10T14:19:21.24455324Z,1783693161244,27820,96,ok,
reaction-20260710T141732.186490574Z,baseline-c100,2026-07-10T14:19:22.227269068Z,1783693162227,27759,83,ok,
reaction-20260710T141732.186490574Z,fair-c100,2026-07-10T14:19:22.275214693Z,1783693162275,27926,84,ok,
reaction-20260710T141732.186490574Z,baseline-c100,2026-07-10T14:19:23.219207932Z,1783693163219,27532,86,ok,
reaction-20260710T141732.186490574Z,fair-c100,2026-07-10T14:19:23.249627975Z,1783693163249,27626,100,ok,
reaction-20260710T141732.186490574Z,baseline-c100,2026-07-10T14:19:24.216911218Z,1783693164216,27546,91,ok,
reaction-20260710T141732.186490574Z,fair-c100,2026-07-10T14:19:24.244138053Z,1783693164244,27552,86,ok,
reaction-20260710T141732.186490574Z,baseline-c100,2026-07-10T14:19:25.222367878Z,1783693165222,27797,85,ok,
reaction-20260710T141732.186490574Z,fair-c100,2026-07-10T14:19:25.252892324Z,1783693165252,27537,91,ok,
reaction-20260710T141732.186490574Z,baseline-c100,2026-07-10T14:19:26.225397314Z,1783693166225,27617,92,ok,
reaction-20260710T141732.186490574Z,fair-c100,2026-07-10T14:19:26.253086665Z,1783693166253,27493,78,ok,
reaction-20260710T141732.186490574Z,baseline-c100,2026-07-10T14:19:27.22542828Z,1783693167225,27571,76,ok,
reaction-20260710T141732.186490574Z,fair-c100,2026-07-10T14:19:27.251907127Z,1783693167251,27540,94,ok,
reaction-20260710T141732.186490574Z,baseline-c100,2026-07-10T14:19:28.215282025Z,1783693168215,27548,79,ok,
reaction-20260710T141732.186490574Z,fair-c100,2026-07-10T14:19:28.242086525Z,1783693168242,27484,85,ok,
reaction-20260710T141732.186490574Z,baseline-c100,2026-07-10T14:19:29.220891631Z,1783693169220,27464,88,ok,
reaction-20260710T141732.186490574Z,fair-c100,2026-07-10T14:19:29.249127261Z,1783693169249,27370,75,ok,
reaction-20260710T141732.186490574Z,baseline-c100,2026-07-10T14:19:30.217098175Z,1783693170217,27393,77,ok,
reaction-20260710T141732.186490574Z,fair-c100,2026-07-10T14:19:30.24572017Z,1783693170245,27782,97,ok,
reaction-20260710T141732.186490574Z,baseline-c100,2026-07-10T14:19:31.229639177Z,1783693171229,27466,82,ok,
reaction-20260710T141732.186490574Z,fair-c100,2026-07-10T14:19:31.25862179Z,1783693171258,27333,76,ok,
reaction-20260710T141732.186490574Z,baseline-c100,2026-07-10T14:19:32.215475571Z,1783693172215,27373,54,ok,
reaction-20260710T141732.186490574Z,fair-c100,2026-07-10T14:19:32.243808353Z,1783693172243,27488,82,ok,
reaction-20260710T141732.186490574Z,baseline-c100,2026-07-10T14:19:33.216622857Z,1783693173216,27368,84,ok,
reaction-20260710T141732.186490574Z,fair-c100,2026-07-10T14:19:33.243474359Z,1783693173243,27401,77,ok,
reaction-20260710T141732.186490574Z,baseline-c100,2026-07-10T14:19:34.2164003Z,1783693174216,27393,77,ok,
reaction-20260710T141732.186490574Z,fair-c100,2026-07-10T14:19:34.244497207Z,1783693174244,27424,102,ok,
reaction-20260710T141732.186490574Z,baseline-c100,2026-07-10T14:19:35.219918132Z,1783693175219,27283,86,ok,
reaction-20260710T141732.186490574Z,fair-c100,2026-07-10T14:19:35.249823776Z,1783693175249,27317,73,ok,
reaction-20260710T141732.186490574Z,baseline-c100,2026-07-10T14:19:36.215239751Z,1783693176215,27438,87,ok,
reaction-20260710T141732.186490574Z,fair-c100,2026-07-10T14:19:36.24367328Z,1783693176243,27321,90,ok,
reaction-20260710T141732.186490574Z,baseline-c100,2026-07-10T14:19:37.216729064Z,1783693177216,27398,98,ok,
reaction-20260710T141732.186490574Z,fair-c100,2026-07-10T14:19:37.244058417Z,1783693177244,27300,91,ok,
reaction-20260710T141732.186490574Z,baseline-c100,2026-07-10T14:19:38.217169015Z,1783693178217,27110,101,ok,
reaction-20260710T141732.186490574Z,fair-c100,2026-07-10T14:19:38.245759145Z,1783693178245,27456,71,ok,
reaction-20260710T141732.186490574Z,baseline-c100,2026-07-10T14:19:39.215364408Z,1783693179215,27212,73,ok,
reaction-20260710T141732.186490574Z,fair-c100,2026-07-10T14:19:39.241809092Z,1783693179241,26992,97,ok,
reaction-20260710T141732.186490574Z,baseline-c100,2026-07-10T14:19:40.218253473Z,1783693180218,27031,83,ok,
reaction-20260710T141732.186490574Z,fair-c100,2026-07-10T14:19:40.247449067Z,1783693180247,27157,86,ok,
reaction-20260710T141732.186490574Z,baseline-c100,2026-07-10T14:19:41.216120342Z,1783693181216,27093,95,ok,
reaction-20260710T141732.186490574Z,fair-c100,2026-07-10T14:19:41.245132546Z,1783693181245,27085,75,ok,
reaction-20260710T141732.186490574Z,baseline-c100,2026-07-10T14:19:42.215974732Z,1783693182215,26933,90,ok,
reaction-20260710T141732.186490574Z,fair-c100,2026-07-10T14:19:42.244231747Z,1783693182244,27074,103,ok,
reaction-20260710T141732.186490574Z,baseline-c100,2026-07-10T14:19:43.224873582Z,1783693183224,27226,77,ok,
reaction-20260710T141732.186490574Z,fair-c100,2026-07-10T14:19:43.256065683Z,1783693183256,26940,78,ok,
reaction-20260710T141732.186490574Z,baseline-c100,2026-07-10T14:19:44.221896534Z,1783693184221,27340,107,ok,
reaction-20260710T141732.186490574Z,fair-c100,2026-07-10T14:19:44.250354634Z,1783693184250,26915,96,ok,
reaction-20260710T141732.186490574Z,baseline-c100,2026-07-10T14:19:45.217722755Z,1783693185217,26933,90,ok,
reaction-20260710T141732.186490574Z,fair-c100,2026-07-10T14:19:45.244286743Z,1783693185244,26831,94,ok,
reaction-20260710T141732.186490574Z,baseline-c100,2026-07-10T14:19:46.227913938Z,1783693186227,27135,95,ok,
reaction-20260710T141732.186490574Z,fair-c100,2026-07-10T14:19:46.255005794Z,1783693186255,26948,94,ok,
reaction-20260710T141732.186490574Z,baseline-c100,2026-07-10T14:19:47.21635937Z,1783693187216,26753,85,ok,
reaction-20260710T141732.186490574Z,fair-c100,2026-07-10T14:19:47.245984427Z,1783693187245,26950,90,ok,
reaction-20260710T141732.186490574Z,baseline-c100,2026-07-10T14:19:48.215218559Z,1783693188215,26987,87,ok,
reaction-20260710T141732.186490574Z,fair-c100,2026-07-10T14:19:48.243344549Z,1783693188243,27104,89,ok,
reaction-20260710T141732.186490574Z,baseline-c100,2026-07-10T14:19:49.214999121Z,1783693189214,27168,96,ok,
reaction-20260710T141732.186490574Z,fair-c100,2026-07-10T14:19:49.243725308Z,1783693189243,26745,71,ok,
reaction-20260710T141732.186490574Z,baseline-c100,2026-07-10T14:19:50.219573459Z,1783693190219,26687,90,ok,
reaction-20260710T141732.186490574Z,fair-c100,2026-07-10T14:19:50.247927953Z,1783693190247,26674,88,ok,
reaction-20260710T141732.186490574Z,baseline-c100,2026-07-10T14:19:51.217141064Z,1783693191217,26775,95,ok,
reaction-20260710T141732.186490574Z,fair-c100,2026-07-10T14:19:51.246082119Z,1783693191246,26641,88,ok,
reaction-20260710T141732.186490574Z,baseline-c100,2026-07-10T14:19:52.216599295Z,1783693192216,26734,93,ok,
reaction-20260710T141732.186490574Z,fair-c100,2026-07-10T14:19:52.245141443Z,1783693192245,26697,80,ok,
reaction-20260710T141732.186490574Z,baseline-c100,2026-07-10T14:19:53.216553963Z,1783693193216,26753,85,ok,
reaction-20260710T141732.186490574Z,fair-c100,2026-07-10T14:19:53.24540486Z,1783693193245,26558,103,ok,
reaction-20260710T141732.186490574Z,baseline-c100,2026-07-10T14:19:54.216221397Z,1783693194216,26642,99,ok,
reaction-20260710T141732.186490574Z,fair-c100,2026-07-10T14:19:54.247020275Z,1783693194247,26548,87,ok,
reaction-20260710T141732.186490574Z,baseline-c100,2026-07-10T14:19:55.21518073Z,1783693195215,26515,100,ok,
reaction-20260710T141732.186490574Z,fair-c100,2026-07-10T14:19:55.243556261Z,1783693195243,26576,92,ok,
reaction-20260710T141732.186490574Z,baseline-c100,2026-07-10T14:19:56.215413117Z,1783693196215,26477,94,ok,
reaction-20260710T141732.186490574Z,fair-c100,2026-07-10T14:19:56.242452317Z,1783693196242,26591,103,ok,
reaction-20260710T141732.186490574Z,baseline-c100,2026-07-10T14:19:57.21610832Z,1783693197216,26477,94,ok,
reaction-20260710T141732.186490574Z,fair-c100,2026-07-10T14:19:57.247672933Z,1783693197247,26366,83,ok,
reaction-20260710T141732.186490574Z,baseline-c100,2026-07-10T14:19:58.220631105Z,1783693198220,26417,89,ok,
reaction-20260710T141732.186490574Z,fair-c100,2026-07-10T14:19:58.249574707Z,1783693198249,26735,85,ok,
reaction-20260710T141732.186490574Z,baseline-c100,2026-07-10T14:19:59.21597925Z,1783693199215,26445,94,ok,
reaction-20260710T141732.186490574Z,fair-c100,2026-07-10T14:19:59.242070427Z,1783693199242,26366,83,ok,
reaction-20260710T141732.186490574Z,baseline-c100,2026-07-10T14:20:00.217663082Z,1783693200217,26550,94,ok,
reaction-20260710T141732.186490574Z,fair-c100,2026-07-10T14:20:00.24677619Z,1783693200246,26462,88,ok,
reaction-20260710T141732.186490574Z,baseline-c100,2026-07-10T14:20:01.217120576Z,1783693201217,26552,82,ok,
reaction-20260710T141732.186490574Z,fair-c100,2026-07-10T14:20:01.244740826Z,1783693201244,26860,94,ok,
reaction-20260710T141732.186490574Z,baseline-c100,2026-07-10T14:20:02.219778472Z,1783693202219,26578,90,ok,
reaction-20260710T141732.186490574Z,fair-c100,2026-07-10T14:20:02.247860192Z,1783693202247,26276,89,ok,
reaction-20260710T141732.186490574Z,baseline-c100,2026-07-10T14:20:03.216609092Z,1783693203216,26317,91,ok,
reaction-20260710T141732.186490574Z,fair-c100,2026-07-10T14:20:03.246228712Z,1783693203246,26762,81,ok,
reaction-20260710T141732.186490574Z,baseline-c100,2026-07-10T14:20:04.21677093Z,1783693204216,26336,84,ok,
reaction-20260710T141732.186490574Z,fair-c100,2026-07-10T14:20:04.244506355Z,1783693204244,26240,101,ok,
reaction-20260710T141732.186490574Z,baseline-c100,2026-07-10T14:20:05.216332252Z,1783693205216,26181,92,ok,
reaction-20260710T141732.186490574Z,fair-c100,2026-07-10T14:20:05.245036577Z,1783693205245,26257,84,ok,
reaction-20260710T141732.186490574Z,baseline-c100,2026-07-10T14:20:06.215404352Z,1783693206215,26357,85,ok,
reaction-20260710T141732.186490574Z,fair-c100,2026-07-10T14:20:06.244469747Z,1783693206244,26501,88,ok,
reaction-20260710T141732.186490574Z,baseline-c100,2026-07-10T14:20:07.233821084Z,1783693207233,26167,87,ok,
reaction-20260710T141732.186490574Z,fair-c100,2026-07-10T14:20:07.265680578Z,1783693207265,26126,94,ok,
reaction-20260710T141732.186490574Z,baseline-c100,2026-07-10T14:20:08.216202542Z,1783693208216,26152,91,ok,
reaction-20260710T141732.186490574Z,fair-c100,2026-07-10T14:20:08.244537755Z,1783693208244,26119,86,ok,
reaction-20260710T141732.186490574Z,baseline-c100,2026-07-10T14:20:09.247186173Z,1783693209247,26225,87,ok,
reaction-20260710T141732.186490574Z,fair-c100,2026-07-10T14:20:09.276696489Z,1783693209276,26132,100,ok,
reaction-20260710T141732.186490574Z,baseline-c100,2026-07-10T14:20:10.218454Z,1783693210218,26676,85,ok,
reaction-20260710T141732.186490574Z,fair-c100,2026-07-10T14:20:10.245609023Z,1783693210245,25916,72,ok,
reaction-20260710T141732.186490574Z,baseline-c100,2026-07-10T14:20:11.21440177Z,1783693211214,25914,95,ok,
reaction-20260710T141732.186490574Z,fair-c100,2026-07-10T14:20:11.242256586Z,1783693211242,25950,93,ok,
reaction-20260710T141732.186490574Z,baseline-c100,2026-07-10T14:20:12.214325977Z,1783693212214,25928,98,ok,
reaction-20260710T141732.186490574Z,fair-c100,2026-07-10T14:20:12.241986901Z,1783693212241,26098,94,ok,
reaction-20260710T141732.186490574Z,baseline-c100,2026-07-10T14:20:13.214363895Z,1783693213214,26048,92,ok,
reaction-20260710T141732.186490574Z,fair-c100,2026-07-10T14:20:13.242288224Z,1783693213242,26271,105,ok,
reaction-20260710T141732.186490574Z,baseline-c100,2026-07-10T14:20:14.215624386Z,1783693214215,25941,102,ok,
reaction-20260710T141732.186490574Z,fair-c100,2026-07-10T14:20:14.242491224Z,1783693214242,25931,103,ok,
reaction-20260710T141732.186490574Z,baseline-c100,2026-07-10T14:20:15.218010492Z,1783693215218,26104,90,ok,
reaction-20260710T141732.186490574Z,fair-c100,2026-07-10T14:20:15.243760417Z,1783693215243,26095,65,ok,
reaction-20260710T141732.186490574Z,baseline-c100,2026-07-10T14:20:16.221185964Z,1783693216221,25927,100,ok,
reaction-20260710T141732.186490574Z,fair-c100,2026-07-10T14:20:16.250434938Z,1783693216250,26008,82,ok,
reaction-20260710T141732.186490574Z,baseline-c100,2026-07-10T14:20:17.215135964Z,1783693217215,25974,95,ok,
reaction-20260710T141732.186490574Z,fair-c100,2026-07-10T14:20:17.242189847Z,1783693217242,25727,81,ok,
reaction-20260710T141732.186490574Z,baseline-c100,2026-07-10T14:20:18.216279512Z,1783693218216,25726,102,ok,
reaction-20260710T141732.186490574Z,fair-c100,2026-07-10T14:20:18.244358434Z,1783693218244,25853,86,ok,
reaction-20260710T141732.186490574Z,baseline-c100,2026-07-10T14:20:19.215950508Z,1783693219215,25690,96,ok,
reaction-20260710T141732.186490574Z,fair-c100,2026-07-10T14:20:19.239912877Z,1783693219239,25721,83,ok,
reaction-20260710T141732.186490574Z,baseline-c100,2026-07-10T14:20:20.214766786Z,1783693220214,25681,88,ok,
reaction-20260710T141732.186490574Z,fair-c100,2026-07-10T14:20:20.241789488Z,1783693220241,25838,74,ok,
reaction-20260710T141732.186490574Z,baseline-c100,2026-07-10T14:20:21.216988238Z,1783693221216,25877,102,ok,
reaction-20260710T141732.186490574Z,fair-c100,2026-07-10T14:20:21.243822261Z,1783693221243,25681,98,ok,
reaction-20260710T141732.186490574Z,baseline-c100,2026-07-10T14:20:22.222225252Z,1783693222222,26247,88,ok,
reaction-20260710T141732.186490574Z,fair-c100,2026-07-10T14:20:22.25079856Z,1783693222250,25783,95,ok,
reaction-20260710T141732.186490574Z,baseline-c100,2026-07-10T14:20:23.217051197Z,1783693223217,25726,102,ok,
reaction-20260710T141732.186490574Z,fair-c100,2026-07-10T14:20:23.246208761Z,1783693223246,25662,85,ok,
reaction-20260710T141732.186490574Z,baseline-c100,2026-07-10T14:20:24.216111916Z,1783693224216,25913,84,ok,
reaction-20260710T141732.186490574Z,fair-c100,2026-07-10T14:20:24.243598218Z,1783693224243,25574,77,ok,
reaction-20260710T141732.186490574Z,baseline-c100,2026-07-10T14:20:25.222078779Z,1783693225222,25614,99,ok,
reaction-20260710T141732.186490574Z,fair-c100,2026-07-10T14:20:25.250990674Z,1783693225250,25525,77,ok,
reaction-20260710T141732.186490574Z,baseline-c100,2026-07-10T14:20:26.215568253Z,1783693226215,25577,96,ok,
reaction-20260710T141732.186490574Z,fair-c100,2026-07-10T14:20:26.244209207Z,1783693226244,25554,95,ok,
reaction-20260710T141732.186490574Z,baseline-c100,2026-07-10T14:20:27.22009584Z,1783693227220,25596,96,ok,
reaction-20260710T141732.186490574Z,fair-c100,2026-07-10T14:20:27.249645739Z,1783693227249,25559,87,ok,
reaction-20260710T141732.186490574Z,baseline-c100,2026-07-10T14:20:28.213069774Z,1783693228213,25403,84,ok,
reaction-20260710T141732.186490574Z,fair-c100,2026-07-10T14:20:28.242339747Z,1783693228242,25486,83,ok,
reaction-20260710T141732.186490574Z,baseline-c100,2026-07-10T14:20:29.215835304Z,1783693229215,25413,86,ok,
reaction-20260710T141732.186490574Z,fair-c100,2026-07-10T14:20:29.24395475Z,1783693229243,25446,80,ok,
reaction-20260710T141732.186490574Z,baseline-c100,2026-07-10T14:20:30.215328147Z,1783693230215,25549,88,ok,
reaction-20260710T141732.186490574Z,fair-c100,2026-07-10T14:20:30.242853708Z,1783693230242,25637,81,ok,
reaction-20260710T141732.186490574Z,baseline-c100,2026-07-10T14:20:31.217331289Z,1783693231217,25393,83,ok,
reaction-20260710T141732.186490574Z,fair-c100,2026-07-10T14:20:31.247568262Z,1783693231247,25395,87,ok,
reaction-20260710T141732.186490574Z,baseline-c100,2026-07-10T14:20:32.21566946Z,1783693232215,25370,92,ok,
reaction-20260710T141732.186490574Z,fair-c100,2026-07-10T14:20:32.240796828Z,1783693232240,25253,89,ok,
reaction-20260710T141732.186490574Z,baseline-c100,2026-07-10T14:20:33.215345898Z,1783693233215,25284,86,ok,
reaction-20260710T141732.186490574Z,fair-c100,2026-07-10T14:20:33.242260014Z,1783693233242,25379,88,ok,
reaction-20260710T141732.186490574Z,baseline-c100,2026-07-10T14:20:34.217480011Z,1783693234217,25227,93,ok,
reaction-20260710T141732.186490574Z,fair-c100,2026-07-10T14:20:34.243307674Z,1783693234243,25192,85,ok,
reaction-20260710T141732.186490574Z,baseline-c100,2026-07-10T14:20:35.216801788Z,1783693235216,25377,96,ok,
reaction-20260710T141732.186490574Z,fair-c100,2026-07-10T14:20:35.251525377Z,1783693235251,25462,79,ok,
reaction-20260710T141732.186490574Z,baseline-c100,2026-07-10T14:20:36.21595226Z,1783693236215,25255,79,ok,
reaction-20260710T141732.186490574Z,fair-c100,2026-07-10T14:20:36.243574686Z,1783693236243,25158,93,ok,
reaction-20260710T141732.186490574Z,baseline-c100,2026-07-10T14:20:37.214717712Z,1783693237214,25445,96,ok,
reaction-20260710T141732.186490574Z,fair-c100,2026-07-10T14:20:37.241969355Z,1783693237241,25193,90,ok,
reaction-20260710T141732.186490574Z,baseline-c100,2026-07-10T14:20:38.214552533Z,1783693238214,25066,93,ok,
reaction-20260710T141732.186490574Z,fair-c100,2026-07-10T14:20:38.241645497Z,1783693238241,25046,92,ok,
reaction-20260710T141732.186490574Z,baseline-c100,2026-07-10T14:20:39.215448503Z,1783693239215,25125,105,ok,
reaction-20260710T141732.186490574Z,fair-c100,2026-07-10T14:20:39.242957712Z,1783693239242,25106,91,ok,
reaction-20260710T141732.186490574Z,baseline-c100,2026-07-10T14:20:40.214504933Z,1783693240214,25105,81,ok,
reaction-20260710T141732.186490574Z,fair-c100,2026-07-10T14:20:40.243464744Z,1783693240243,25373,86,ok,
reaction-20260710T141732.186490574Z,baseline-c100,2026-07-10T14:20:41.215521891Z,1783693241215,24945,87,ok,
reaction-20260710T141732.186490574Z,fair-c100,2026-07-10T14:20:41.243762347Z,1783693241243,25183,91,ok,
reaction-20260710T141732.186490574Z,baseline-c100,2026-07-10T14:20:42.216078615Z,1783693242216,25062,99,ok,
reaction-20260710T141732.186490574Z,fair-c100,2026-07-10T14:20:42.243503Z,1783693242243,25338,81,ok,
reaction-20260710T141732.186490574Z,baseline-c100,2026-07-10T14:20:43.220201463Z,1783693243220,24958,96,ok,
reaction-20260710T141732.186490574Z,fair-c100,2026-07-10T14:20:43.249835037Z,1783693243249,24968,97,ok,
reaction-20260710T141732.186490574Z,baseline-c100,2026-07-10T14:20:44.21794365Z,1783693244217,25003,93,ok,
reaction-20260710T141732.186490574Z,fair-c100,2026-07-10T14:20:44.245908313Z,1783693244245,24987,75,ok,
reaction-20260710T141732.186490574Z,baseline-c100,2026-07-10T14:20:45.21611896Z,1783693245216,25084,94,ok,
reaction-20260710T141732.186490574Z,fair-c100,2026-07-10T14:20:45.243207681Z,1783693245243,24946,91,ok,
reaction-20260710T141732.186490574Z,baseline-c100,2026-07-10T14:20:46.215881606Z,1783693246215,24861,92,ok,
reaction-20260710T141732.186490574Z,fair-c100,2026-07-10T14:20:46.245530375Z,1783693246245,24865,82,ok,
reaction-20260710T141732.186490574Z,baseline-c100,2026-07-10T14:20:47.216800701Z,1783693247216,25269,82,ok,
reaction-20260710T141732.186490574Z,fair-c100,2026-07-10T14:20:47.242387978Z,1783693247242,24759,83,ok,
reaction-20260710T141732.186490574Z,baseline-c100,2026-07-10T14:20:48.215383558Z,1783693248215,25060,86,ok,
reaction-20260710T141732.186490574Z,fair-c100,2026-07-10T14:20:48.242602867Z,1783693248242,24989,75,ok,
reaction-20260710T141732.186490574Z,baseline-c100,2026-07-10T14:20:49.215053713Z,1783693249215,24821,96,ok,
reaction-20260710T141732.186490574Z,fair-c100,2026-07-10T14:20:49.243353896Z,1783693249243,24859,84,ok,
reaction-20260710T141732.186490574Z,baseline-c100,2026-07-10T14:20:50.216689865Z,1783693250216,24616,87,ok,
reaction-20260710T141732.186490574Z,fair-c100,2026-07-10T14:20:50.246953317Z,1783693250246,24863,85,ok,
reaction-20260710T141732.186490574Z,baseline-c100,2026-07-10T14:20:51.221193581Z,1783693251221,24615,70,ok,
reaction-20260710T141732.186490574Z,fair-c100,2026-07-10T14:20:51.24907593Z,1783693251249,24865,79,ok,
reaction-20260710T141732.186490574Z,baseline-c100,2026-07-10T14:20:52.218745835Z,1783693252218,24762,98,ok,
reaction-20260710T141732.186490574Z,fair-c100,2026-07-10T14:20:52.247409423Z,1783693252247,24578,82,ok,
reaction-20260710T141732.186490574Z,baseline-c100,2026-07-10T14:20:53.216591188Z,1783693253216,24941,93,ok,
reaction-20260710T141732.186490574Z,fair-c100,2026-07-10T14:20:53.246562669Z,1783693253246,24759,83,ok,
reaction-20260710T141732.186490574Z,baseline-c100,2026-07-10T14:20:54.215816623Z,1783693254215,24493,85,ok,
reaction-20260710T141732.186490574Z,fair-c100,2026-07-10T14:20:54.241115664Z,1783693254241,24589,94,ok,
reaction-20260710T141732.186490574Z,baseline-c100,2026-07-10T14:20:55.21549536Z,1783693255215,24708,99,ok,
reaction-20260710T141732.186490574Z,fair-c100,2026-07-10T14:20:55.243900967Z,1783693255243,24578,82,ok,
reaction-20260710T141732.186490574Z,baseline-c100,2026-07-10T14:20:56.21527325Z,1783693256215,24603,92,ok,
reaction-20260710T141732.186490574Z,fair-c100,2026-07-10T14:20:56.249469788Z,1783693256249,25264,78,ok,
reaction-20260710T141732.186490574Z,baseline-c100,2026-07-10T14:20:57.219541871Z,1783693257219,24568,58,ok,
reaction-20260710T141732.186490574Z,fair-c100,2026-07-10T14:20:57.247300924Z,1783693257247,24464,70,ok,
reaction-20260710T141732.186490574Z,baseline-c100,2026-07-10T14:20:58.223307281Z,1783693258223,24620,78,ok,
reaction-20260710T141732.186490574Z,fair-c100,2026-07-10T14:20:58.255470852Z,1783693258255,24737,78,ok,
reaction-20260710T141732.186490574Z,baseline-c100,2026-07-10T14:20:59.216005048Z,1783693259216,24581,100,ok,
reaction-20260710T141732.186490574Z,fair-c100,2026-07-10T14:20:59.245497459Z,1783693259245,24361,94,ok,
reaction-20260710T141732.186490574Z,baseline-c100,2026-07-10T14:21:00.214468433Z,1783693260214,24370,80,ok,
reaction-20260710T141732.186490574Z,fair-c100,2026-07-10T14:21:00.244566803Z,1783693260244,24476,91,ok,
reaction-20260710T141732.186490574Z,baseline-c100,2026-07-10T14:21:01.21586009Z,1783693261215,24519,87,ok,
reaction-20260710T141732.186490574Z,fair-c100,2026-07-10T14:21:01.243412386Z,1783693261243,24285,86,ok,
reaction-20260710T141732.186490574Z,baseline-c100,2026-07-10T14:21:02.214956415Z,1783693262214,24430,79,ok,
reaction-20260710T141732.186490574Z,fair-c100,2026-07-10T14:21:02.242410536Z,1783693262242,24285,86,ok,
reaction-20260710T141732.186490574Z,baseline-c100,2026-07-10T14:21:03.215162054Z,1783693263215,24408,94,ok,
reaction-20260710T141732.186490574Z,fair-c100,2026-07-10T14:21:03.239951588Z,1783693263239,24218,101,ok,
reaction-20260710T141732.186490574Z,baseline-c100,2026-07-10T14:21:04.217188739Z,1783693264217,24317,92,ok,
reaction-20260710T141732.186490574Z,fair-c100,2026-07-10T14:21:04.247457591Z,1783693264247,24512,95,ok,
reaction-20260710T141732.186490574Z,baseline-c100,2026-07-10T14:21:05.219045093Z,1783693265219,24217,88,ok,
reaction-20260710T141732.186490574Z,fair-c100,2026-07-10T14:21:05.249796166Z,1783693265249,24269,89,ok,
reaction-20260710T141732.186490574Z,baseline-c100,2026-07-10T14:21:06.218929771Z,1783693266218,24113,99,ok,
reaction-20260710T141732.186490574Z,fair-c100,2026-07-10T14:21:06.245374794Z,1783693266245,24429,87,ok,
reaction-20260710T141732.186490574Z,baseline-c100,2026-07-10T14:21:07.214419103Z,1783693267214,24136,95,ok,
reaction-20260710T141732.186490574Z,fair-c100,2026-07-10T14:21:07.244611023Z,1783693267244,24201,70,ok,
reaction-20260710T141732.186490574Z,baseline-c100,2026-07-10T14:21:08.214825036Z,1783693268214,24270,90,ok,
reaction-20260710T141732.186490574Z,fair-c100,2026-07-10T14:21:08.243508822Z,1783693268243,24173,92,ok,
reaction-20260710T141732.186490574Z,baseline-c100,2026-07-10T14:21:09.217311427Z,1783693269217,24162,92,ok,
reaction-20260710T141732.186490574Z,fair-c100,2026-07-10T14:21:09.244841435Z,1783693269244,24016,85,ok,
reaction-20260710T141732.186490574Z,baseline-c100,2026-07-10T14:21:10.216038896Z,1783693270216,24107,89,ok,
reaction-20260710T141732.186490574Z,fair-c100,2026-07-10T14:21:10.242990174Z,1783693270242,24031,83,ok,
reaction-20260710T141732.186490574Z,baseline-c100,2026-07-10T14:21:11.215355816Z,1783693271215,23931,80,ok,
reaction-20260710T141732.186490574Z,fair-c100,2026-07-10T14:21:11.243129401Z,1783693271243,24127,85,ok,
reaction-20260710T141732.186490574Z,baseline-c100,2026-07-10T14:21:12.217355422Z,1783693272217,24101,94,ok,
reaction-20260710T141732.186490574Z,fair-c100,2026-07-10T14:21:12.276309603Z,1783693272276,24123,90,ok,
reaction-20260710T141732.186490574Z,baseline-c100,2026-07-10T14:21:13.215710386Z,1783693273215,23962,91,ok,
reaction-20260710T141732.186490574Z,fair-c100,2026-07-10T14:21:13.244136695Z,1783693273244,24164,94,ok,
reaction-20260710T141732.186490574Z,baseline-c100,2026-07-10T14:21:14.215157101Z,1783693274215,23900,82,ok,
reaction-20260710T141732.186490574Z,fair-c100,2026-07-10T14:21:14.243599986Z,1783693274243,23921,89,ok,
reaction-20260710T141732.186490574Z,baseline-c100,2026-07-10T14:21:15.2157464Z,1783693275215,23939,98,ok,
reaction-20260710T141732.186490574Z,fair-c100,2026-07-10T14:21:15.24414417Z,1783693275244,23952,94,ok,
reaction-20260710T141732.186490574Z,baseline-c100,2026-07-10T14:21:16.214391549Z,1783693276214,24161,91,ok,
reaction-20260710T141732.186490574Z,fair-c100,2026-07-10T14:21:16.24253508Z,1783693276242,23878,91,ok,
reaction-20260710T141732.186490574Z,baseline-c100,2026-07-10T14:21:17.214846461Z,1783693277214,23720,85,ok,
reaction-20260710T141732.186490574Z,fair-c100,2026-07-10T14:21:17.242575164Z,1783693277242,23928,93,ok,
reaction-20260710T141732.186490574Z,baseline-c100,2026-07-10T14:21:18.217865568Z,1783693278217,23861,91,ok,
reaction-20260710T141732.186490574Z,fair-c100,2026-07-10T14:21:18.245296888Z,1783693278245,24052,93,ok,
reaction-20260710T141732.186490574Z,baseline-c100,2026-07-10T14:21:19.216201022Z,1783693279216,23920,105,ok,
reaction-20260710T141732.186490574Z,fair-c100,2026-07-10T14:21:19.243709654Z,1783693279243,23764,91,ok,
reaction-20260710T141732.186490574Z,baseline-c100,2026-07-10T14:21:20.243461577Z,1783693280243,23676,99,ok,
reaction-20260710T141732.186490574Z,fair-c100,2026-07-10T14:21:20.269425699Z,1783693280269,23808,81,ok,
reaction-20260710T141732.186490574Z,baseline-c100,2026-07-10T14:21:21.216065404Z,1783693281216,23614,95,ok,
reaction-20260710T141732.186490574Z,fair-c100,2026-07-10T14:21:21.25099453Z,1783693281250,23854,97,ok,
reaction-20260710T141732.186490574Z,baseline-c100,2026-07-10T14:21:22.215402385Z,1783693282215,23923,99,ok,
reaction-20260710T141732.186490574Z,fair-c100,2026-07-10T14:21:22.242976107Z,1783693282242,23891,106,ok,
reaction-20260710T141732.186490574Z,baseline-c100,2026-07-10T14:21:23.215961764Z,1783693283215,23870,98,ok,
reaction-20260710T141732.186490574Z,fair-c100,2026-07-10T14:21:23.242643991Z,1783693283242,23597,99,ok,
reaction-20260710T141732.186490574Z,baseline-c100,2026-07-10T14:21:24.223470827Z,1783693284223,23761,81,ok,
reaction-20260710T141732.186490574Z,fair-c100,2026-07-10T14:21:24.277438684Z,1783693284277,23695,84,ok,
reaction-20260710T141732.186490574Z,baseline-c100,2026-07-10T14:21:25.217155642Z,1783693285217,23637,80,ok,
reaction-20260710T141732.186490574Z,fair-c100,2026-07-10T14:21:25.247308147Z,1783693285247,23565,93,ok,
reaction-20260710T141732.186490574Z,baseline-c100,2026-07-10T14:21:26.216185763Z,1783693286216,23519,91,ok,
reaction-20260710T141732.186490574Z,fair-c100,2026-07-10T14:21:26.242792822Z,1783693286242,23405,84,ok,
reaction-20260710T141732.186490574Z,baseline-c100,2026-07-10T14:21:27.216227956Z,1783693287216,23449,105,ok,
reaction-20260710T141732.186490574Z,fair-c100,2026-07-10T14:21:27.249794563Z,1783693287249,23504,97,ok,
reaction-20260710T141732.186490574Z,baseline-c100,2026-07-10T14:21:28.215132202Z,1783693288215,23452,93,ok,
reaction-20260710T141732.186490574Z,fair-c100,2026-07-10T14:21:28.242755531Z,1783693288242,23490,90,ok,
reaction-20260710T141732.186490574Z,baseline-c100,2026-07-10T14:21:29.216881349Z,1783693289216,23455,97,ok,
reaction-20260710T141732.186490574Z,fair-c100,2026-07-10T14:21:29.243700811Z,1783693289243,23274,90,ok,
reaction-20260710T141732.186490574Z,baseline-c100,2026-07-10T14:21:30.215594583Z,1783693290215,23393,97,ok,
reaction-20260710T141732.186490574Z,fair-c100,2026-07-10T14:21:30.244267129Z,1783693290244,23433,87,ok,
reaction-20260710T141732.186490574Z,baseline-c100,2026-07-10T14:21:31.21786512Z,1783693291217,23334,106,ok,
reaction-20260710T141732.186490574Z,fair-c100,2026-07-10T14:21:31.244598688Z,1783693291244,23659,107,ok,
reaction-20260710T141732.186490574Z,baseline-c100,2026-07-10T14:21:32.216687752Z,1783693292216,23511,104,ok,
reaction-20260710T141732.186490574Z,fair-c100,2026-07-10T14:21:32.242507503Z,1783693292242,23180,78,ok,
reaction-20260710T141732.186490574Z,baseline-c100,2026-07-10T14:21:33.214967421Z,1783693293214,23121,98,ok,
reaction-20260710T141732.186490574Z,fair-c100,2026-07-10T14:21:33.241669558Z,1783693293241,23465,77,ok,
reaction-20260710T141732.186490574Z,baseline-c100,2026-07-10T14:21:34.230250889Z,1783693294230,23393,101,ok,
reaction-20260710T141732.186490574Z,fair-c100,2026-07-10T14:21:34.258610363Z,1783693294258,23200,93,ok,
reaction-20260710T141732.186490574Z,baseline-c100,2026-07-10T14:21:35.216064759Z,1783693295216,23324,92,ok,
reaction-20260710T141732.186490574Z,fair-c100,2026-07-10T14:21:35.242549338Z,1783693295242,23141,81,ok,
reaction-20260710T141732.186490574Z,baseline-c100,2026-07-10T14:21:36.215003289Z,1783693296215,23325,94,ok,
reaction-20260710T141732.186490574Z,fair-c100,2026-07-10T14:21:36.243655282Z,1783693296243,23128,98,ok,
reaction-20260710T141732.186490574Z,baseline-c100,2026-07-10T14:21:37.218615656Z,1783693297218,23150,101,ok,
reaction-20260710T141732.186490574Z,fair-c100,2026-07-10T14:21:37.249260121Z,1783693297249,23112,79,ok,
reaction-20260710T141732.186490574Z,baseline-c100,2026-07-10T14:21:38.217849161Z,1783693298217,23157,90,ok,
reaction-20260710T141732.186490574Z,fair-c100,2026-07-10T14:21:38.247003379Z,1783693298247,23211,90,ok,
reaction-20260710T141732.186490574Z,baseline-c100,2026-07-10T14:21:39.215945227Z,1783693299215,23013,81,ok,
reaction-20260710T141732.186490574Z,fair-c100,2026-07-10T14:21:39.245138207Z,1783693299245,23057,91,ok,
reaction-20260710T141732.186490574Z,baseline-c100,2026-07-10T14:21:40.218135913Z,1783693300218,23025,77,ok,
reaction-20260710T141732.186490574Z,fair-c100,2026-07-10T14:21:40.24711283Z,1783693300247,23275,79,ok,
reaction-20260710T141732.186490574Z,baseline-c100,2026-07-10T14:21:41.216761755Z,1783693301216,22983,85,ok,
reaction-20260710T141732.186490574Z,fair-c100,2026-07-10T14:21:41.243886111Z,1783693301243,22938,105,ok,
reaction-20260710T141732.186490574Z,baseline-c100,2026-07-10T14:21:42.218250819Z,1783693302218,23068,98,ok,
reaction-20260710T141732.186490574Z,fair-c100,2026-07-10T14:21:42.247907005Z,1783693302247,23282,93,ok,
reaction-20260710T141732.186490574Z,baseline-c100,2026-07-10T14:21:43.215125958Z,1783693303215,22946,84,ok,
reaction-20260710T141732.186490574Z,fair-c100,2026-07-10T14:21:43.241909611Z,1783693303241,23123,79,ok,
reaction-20260710T141732.186490574Z,baseline-c100,2026-07-10T14:21:44.216158902Z,1783693304216,23081,93,ok,
reaction-20260710T141732.186490574Z,fair-c100,2026-07-10T14:21:44.244980675Z,1783693304244,23148,77,ok,
reaction-20260710T141732.186490574Z,baseline-c100,2026-07-10T14:21:45.215888942Z,1783693305215,22961,91,ok,
reaction-20260710T141732.186490574Z,fair-c100,2026-07-10T14:21:45.243722325Z,1783693305243,22872,100,ok,
reaction-20260710T141732.186490574Z,baseline-c100,2026-07-10T14:21:46.217744934Z,1783693306217,23071,74,ok,
reaction-20260710T141732.186490574Z,fair-c100,2026-07-10T14:21:46.248973714Z,1783693306248,22802,95,ok,
reaction-20260710T141732.186490574Z,baseline-c100,2026-07-10T14:21:47.216404085Z,1783693307216,22897,86,ok,
reaction-20260710T141732.186490574Z,fair-c100,2026-07-10T14:21:47.246254044Z,1783693307246,22827,92,ok,
reaction-20260710T141732.186490574Z,baseline-c100,2026-07-10T14:21:48.217987645Z,1783693308217,22807,90,ok,
reaction-20260710T141732.186490574Z,fair-c100,2026-07-10T14:21:48.245430208Z,1783693308245,22707,89,ok,
reaction-20260710T141732.186490574Z,baseline-c100,2026-07-10T14:21:49.218139401Z,1783693309218,22788,98,ok,
reaction-20260710T141732.186490574Z,fair-c100,2026-07-10T14:21:49.245968992Z,1783693309245,22763,81,ok,
reaction-20260710T141732.186490574Z,baseline-c100,2026-07-10T14:21:50.215953162Z,1783693310215,22661,87,ok,
reaction-20260710T141732.186490574Z,fair-c100,2026-07-10T14:21:50.244276791Z,1783693310244,22884,92,ok,
reaction-20260710T141732.186490574Z,baseline-c100,2026-07-10T14:21:51.213405587Z,1783693311213,22600,77,ok,
reaction-20260710T141732.186490574Z,fair-c100,2026-07-10T14:21:51.246132028Z,1783693311246,23023,71,ok,
reaction-20260710T141732.186490574Z,baseline-c100,2026-07-10T14:21:52.216266521Z,1783693312216,22755,86,ok,
reaction-20260710T141732.186490574Z,fair-c100,2026-07-10T14:21:52.246772263Z,1783693312246,22868,100,ok,
reaction-20260710T141732.186490574Z,baseline-c100,2026-07-10T14:21:53.216402814Z,1783693313216,22696,82,ok,
reaction-20260710T141732.186490574Z,fair-c100,2026-07-10T14:21:53.243800614Z,1783693313243,22724,88,ok,
reaction-20260710T141732.186490574Z,baseline-c100,2026-07-10T14:21:54.217592761Z,1783693314217,22532,91,ok,
reaction-20260710T141732.186490574Z,fair-c100,2026-07-10T14:21:54.24571004Z,1783693314245,22585,91,ok,
reaction-20260710T141732.186490574Z,baseline-c100,2026-07-10T14:21:55.216406377Z,1783693315216,22560,92,ok,
reaction-20260710T141732.186490574Z,fair-c100,2026-07-10T14:21:55.242691913Z,1783693315242,22601,78,ok,
reaction-20260710T141732.186490574Z,baseline-c100,2026-07-10T14:21:56.215575484Z,1783693316215,22611,78,ok,
reaction-20260710T141732.186490574Z,fair-c100,2026-07-10T14:21:56.242926251Z,1783693316242,22740,83,ok,
reaction-20260710T141732.186490574Z,baseline-c100,2026-07-10T14:21:57.218648375Z,1783693317218,22351,87,ok,
reaction-20260710T141732.186490574Z,fair-c100,2026-07-10T14:21:57.24535686Z,1783693317245,22441,78,ok,
reaction-20260710T141732.186490574Z,baseline-c100,2026-07-10T14:21:58.214701141Z,1783693318214,22468,89,ok,
reaction-20260710T141732.186490574Z,fair-c100,2026-07-10T14:21:58.2433056Z,1783693318243,22401,85,ok,
reaction-20260710T141732.186490574Z,baseline-c100,2026-07-10T14:21:59.224946298Z,1783693319224,22411,89,ok,
reaction-20260710T141732.186490574Z,fair-c100,2026-07-10T14:21:59.254118657Z,1783693319254,22421,77,ok,
reaction-20260710T141732.186490574Z,baseline-c100,2026-07-10T14:22:00.216304808Z,1783693320216,22416,94,ok,
reaction-20260710T141732.186490574Z,fair-c100,2026-07-10T14:22:00.242430544Z,1783693320242,22334,88,ok,
reaction-20260710T141732.186490574Z,baseline-c100,2026-07-10T14:22:01.214888691Z,1783693321214,22353,83,ok,
reaction-20260710T141732.186490574Z,fair-c100,2026-07-10T14:22:01.244661405Z,1783693321244,22361,93,ok,
reaction-20260710T141732.186490574Z,baseline-c100,2026-07-10T14:22:02.215797396Z,1783693322215,22240,82,ok,
reaction-20260710T141732.186490574Z,fair-c100,2026-07-10T14:22:02.247766173Z,1783693322247,22334,88,ok,
reaction-20260710T141732.186490574Z,baseline-c100,2026-07-10T14:22:03.2136933Z,1783693323213,22150,93,ok,
reaction-20260710T141732.186490574Z,fair-c100,2026-07-10T14:22:03.240891284Z,1783693323240,22378,79,ok,
reaction-20260710T141732.186490574Z,baseline-c100,2026-07-10T14:22:04.216489889Z,1783693324216,22264,110,ok,
reaction-20260710T141732.186490574Z,fair-c100,2026-07-10T14:22:04.246603408Z,1783693324246,22160,100,ok,
reaction-20260710T141732.186490574Z,baseline-c100,2026-07-10T14:22:05.21684976Z,1783693325216,22097,81,ok,
reaction-20260710T141732.186490574Z,fair-c100,2026-07-10T14:22:05.243409992Z,1783693325243,22103,88,ok,
reaction-20260710T141732.186490574Z,baseline-c100,2026-07-10T14:22:06.220251385Z,1783693326220,22407,92,ok,
reaction-20260710T141732.186490574Z,fair-c100,2026-07-10T14:22:06.247092416Z,1783693326247,22048,86,ok,
reaction-20260710T141732.186490574Z,baseline-c100,2026-07-10T14:22:07.21655876Z,1783693327216,22212,71,ok,
reaction-20260710T141732.186490574Z,fair-c100,2026-07-10T14:22:07.246639764Z,1783693327246,22244,88,ok,
reaction-20260710T141732.186490574Z,baseline-c100,2026-07-10T14:22:08.216863229Z,1783693328216,22383,84,ok,
reaction-20260710T141732.186490574Z,fair-c100,2026-07-10T14:22:08.250008196Z,1783693328250,22113,94,ok,
reaction-20260710T141732.186490574Z,baseline-c100,2026-07-10T14:22:09.214991675Z,1783693329214,21973,91,ok,
reaction-20260710T141732.186490574Z,fair-c100,2026-07-10T14:22:09.248238476Z,1783693329248,22048,86,ok,
reaction-20260710T141732.186490574Z,baseline-c100,2026-07-10T14:22:10.215210372Z,1783693330215,21933,105,ok,
reaction-20260710T141732.186490574Z,fair-c100,2026-07-10T14:22:10.243594786Z,1783693330243,22182,106,ok,
reaction-20260710T141732.186490574Z,baseline-c100,2026-07-10T14:22:11.217873354Z,1783693331217,21971,84,ok,
reaction-20260710T141732.186490574Z,fair-c100,2026-07-10T14:22:11.245636764Z,1783693331245,22183,86,ok,
reaction-20260710T141732.186490574Z,baseline-c100,2026-07-10T14:22:12.221126352Z,1783693332221,21978,93,ok,
reaction-20260710T141732.186490574Z,fair-c100,2026-07-10T14:22:12.249779511Z,1783693332249,22134,83,ok,
reaction-20260710T141732.186490574Z,baseline-c100,2026-07-10T14:22:13.216819095Z,1783693333216,22165,86,ok,
reaction-20260710T141732.186490574Z,fair-c100,2026-07-10T14:22:13.24809701Z,1783693333248,21849,91,ok,
reaction-20260710T141732.186490574Z,baseline-c100,2026-07-10T14:22:14.225485294Z,1783693334225,21971,88,ok,
reaction-20260710T141732.186490574Z,fair-c100,2026-07-10T14:22:14.254460711Z,1783693334254,22038,88,ok,
reaction-20260710T141732.186490574Z,baseline-c100,2026-07-10T14:22:15.23233352Z,1783693335232,21822,95,ok,
reaction-20260710T141732.186490574Z,fair-c100,2026-07-10T14:22:15.269260786Z,1783693335269,21750,93,ok,
reaction-20260710T141732.186490574Z,baseline-c100,2026-07-10T14:22:16.215532547Z,1783693336215,21765,87,ok,
reaction-20260710T141732.186490574Z,fair-c100,2026-07-10T14:22:16.245208526Z,1783693336245,21777,100,ok,
reaction-20260710T141732.186490574Z,baseline-c100,2026-07-10T14:22:17.216286095Z,1783693337216,21707,83,ok,
reaction-20260710T141732.186490574Z,fair-c100,2026-07-10T14:22:17.246036486Z,1783693337246,22047,94,ok,
reaction-20260710T141732.186490574Z,baseline-c100,2026-07-10T14:22:18.216609765Z,1783693338216,21754,78,ok,
reaction-20260710T141732.186490574Z,fair-c100,2026-07-10T14:22:18.24438644Z,1783693338244,21939,76,ok,
reaction-20260710T141732.186490574Z,baseline-c100,2026-07-10T14:22:19.221364751Z,1783693339221,21729,75,ok,
reaction-20260710T141732.186490574Z,fair-c100,2026-07-10T14:22:19.26176054Z,1783693339261,21708,83,ok,
reaction-20260710T141732.186490574Z,baseline-c100,2026-07-10T14:22:20.215929493Z,1783693340215,21816,93,ok,
reaction-20260710T141732.186490574Z,fair-c100,2026-07-10T14:22:20.246622162Z,1783693340246,21627,91,ok,
reaction-20260710T141732.186490574Z,baseline-c100,2026-07-10T14:22:21.215364871Z,1783693341215,21500,90,ok,
reaction-20260710T141732.186490574Z,fair-c100,2026-07-10T14:22:21.242176553Z,1783693341242,21584,84,ok,
reaction-20260710T141732.186490574Z,baseline-c100,2026-07-10T14:22:22.216390775Z,1783693342216,22263,83,ok,
reaction-20260710T141732.186490574Z,fair-c100,2026-07-10T14:22:22.244237512Z,1783693342244,21738,89,ok,
reaction-20260710T141732.186490574Z,baseline-c100,2026-07-10T14:22:23.216969381Z,1783693343216,21751,96,ok,
reaction-20260710T141732.186490574Z,fair-c100,2026-07-10T14:22:23.287502105Z,1783693343287,21551,77,ok,
reaction-20260710T141732.186490574Z,baseline-c100,2026-07-10T14:22:24.22229118Z,1783693344222,21760,76,ok,
reaction-20260710T141732.186490574Z,fair-c100,2026-07-10T14:22:24.252321342Z,1783693344252,21626,85,ok,
reaction-20260710T141732.186490574Z,baseline-c100,2026-07-10T14:22:25.22011977Z,1783693345220,21465,93,ok,
reaction-20260710T141732.186490574Z,fair-c100,2026-07-10T14:22:25.247707763Z,1783693345247,21561,85,ok,
reaction-20260710T141732.186490574Z,baseline-c100,2026-07-10T14:22:26.231374871Z,1783693346231,21516,98,ok,
reaction-20260710T141732.186490574Z,fair-c100,2026-07-10T14:22:26.258171053Z,1783693346258,21417,85,ok,
reaction-20260710T141732.186490574Z,baseline-c100,2026-07-10T14:22:27.229477054Z,1783693347229,21782,97,ok,
reaction-20260710T141732.186490574Z,fair-c100,2026-07-10T14:22:27.264062411Z,1783693347264,21456,79,ok,
reaction-20260710T141732.186490574Z,baseline-c100,2026-07-10T14:22:28.219679371Z,1783693348219,21511,97,ok,
reaction-20260710T141732.186490574Z,fair-c100,2026-07-10T14:22:28.247943399Z,1783693348247,21573,95,ok,
reaction-20260710T141732.186490574Z,baseline-c100,2026-07-10T14:22:29.213965586Z,1783693349213,21246,84,ok,
reaction-20260710T141732.186490574Z,fair-c100,2026-07-10T14:22:29.241962709Z,1783693349241,21302,96,ok,
reaction-20260710T141732.186490574Z,baseline-c100,2026-07-10T14:22:30.216584367Z,1783693350216,21324,108,ok,
reaction-20260710T141732.186490574Z,fair-c100,2026-07-10T14:22:30.244519872Z,1783693350244,21615,95,ok,
reaction-20260710T141732.186490574Z,baseline-c100,2026-07-10T14:22:31.221781131Z,1783693351221,21435,88,ok,
reaction-20260710T141732.186490574Z,fair-c100,2026-07-10T14:22:31.249662866Z,1783693351249,21293,82,ok,
reaction-20260710T141732.186490574Z,baseline-c100,2026-07-10T14:22:32.216973799Z,1783693352216,21175,84,ok,
reaction-20260710T141732.186490574Z,fair-c100,2026-07-10T14:22:32.245653238Z,1783693352245,21140,88,ok,
reaction-20260710T141732.186490574Z,baseline-c100,2026-07-10T14:22:33.215531144Z,1783693353215,21289,87,ok,
reaction-20260710T141732.186490574Z,fair-c100,2026-07-10T14:22:33.24250109Z,1783693353242,21214,87,ok,
reaction-20260710T141732.186490574Z,baseline-c100,2026-07-10T14:22:34.218814524Z,1783693354218,21287,96,ok,
reaction-20260710T141732.186490574Z,fair-c100,2026-07-10T14:22:34.24542926Z,1783693354245,21123,84,ok,
reaction-20260710T141732.186490574Z,baseline-c100,2026-07-10T14:22:35.217411056Z,1783693355217,21197,84,ok,
reaction-20260710T141732.186490574Z,fair-c100,2026-07-10T14:22:35.24451986Z,1783693355244,21137,83,ok,
reaction-20260710T141732.186490574Z,baseline-c100,2026-07-10T14:22:36.216951882Z,1783693356216,21097,87,ok,
reaction-20260710T141732.186490574Z,fair-c100,2026-07-10T14:22:36.244430371Z,1783693356244,21070,90,ok,
reaction-20260710T141732.186490574Z,baseline-c100,2026-07-10T14:22:37.217993967Z,1783693357217,21018,83,ok,
reaction-20260710T141732.186490574Z,fair-c100,2026-07-10T14:22:37.246393863Z,1783693357246,21057,94,ok,
reaction-20260710T141732.186490574Z,baseline-c100,2026-07-10T14:22:38.215769524Z,1783693358215,21048,87,ok,
reaction-20260710T141732.186490574Z,fair-c100,2026-07-10T14:22:38.242578677Z,1783693358242,21353,91,ok,
reaction-20260710T141732.186490574Z,baseline-c100,2026-07-10T14:22:39.214138757Z,1783693359214,21265,92,ok,
reaction-20260710T141732.186490574Z,fair-c100,2026-07-10T14:22:39.240130481Z,1783693359240,20997,76,ok,
reaction-20260710T141732.186490574Z,baseline-c100,2026-07-10T14:22:40.215161065Z,1783693360215,20991,93,ok,
reaction-20260710T141732.186490574Z,fair-c100,2026-07-10T14:22:40.243169695Z,1783693360243,21113,109,ok,
reaction-20260710T141732.186490574Z,baseline-c100,2026-07-10T14:22:41.220852809Z,1783693361220,21100,93,ok,
reaction-20260710T141732.186490574Z,fair-c100,2026-07-10T14:22:41.250602891Z,1783693361250,20849,80,ok,
reaction-20260710T141732.186490574Z,baseline-c100,2026-07-10T14:22:42.214179689Z,1783693362214,21477,86,ok,
reaction-20260710T141732.186490574Z,fair-c100,2026-07-10T14:22:42.242093924Z,1783693362242,20801,99,ok,
reaction-20260710T141732.186490574Z,baseline-c100,2026-07-10T14:22:43.216587473Z,1783693363216,20813,95,ok,
reaction-20260710T141732.186490574Z,fair-c100,2026-07-10T14:22:43.244150376Z,1783693363244,20877,78,ok,
reaction-20260710T141732.186490574Z,baseline-c100,2026-07-10T14:22:44.214753695Z,1783693364214,20770,88,ok,
reaction-20260710T141732.186490574Z,fair-c100,2026-07-10T14:22:44.241582578Z,1783693364241,20970,79,ok,
reaction-20260710T141732.186490574Z,baseline-c100,2026-07-10T14:22:45.217623001Z,1783693365217,20887,96,ok,
reaction-20260710T141732.186490574Z,fair-c100,2026-07-10T14:22:45.245118319Z,1783693365245,21644,84,ok,
reaction-20260710T141732.186490574Z,baseline-c100,2026-07-10T14:22:46.215009805Z,1783693366215,20791,89,ok,
reaction-20260710T141732.186490574Z,fair-c100,2026-07-10T14:22:46.244410935Z,1783693366244,20707,83,ok,
reaction-20260710T141732.186490574Z,baseline-c100,2026-07-10T14:22:47.21602806Z,1783693367216,20803,87,ok,
reaction-20260710T141732.186490574Z,fair-c100,2026-07-10T14:22:47.24473006Z,1783693367244,20644,80,ok,
reaction-20260710T141732.186490574Z,baseline-c100,2026-07-10T14:22:48.216476373Z,1783693368216,20567,99,ok,
reaction-20260710T141732.186490574Z,fair-c100,2026-07-10T14:22:48.245199467Z,1783693368245,20697,106,ok,
reaction-20260710T141732.186490574Z,baseline-c100,2026-07-10T14:22:49.218286124Z,1783693369218,20679,79,ok,
reaction-20260710T141732.186490574Z,fair-c100,2026-07-10T14:22:49.247727556Z,1783693369247,20616,67,ok,
reaction-20260710T141732.186490574Z,baseline-c100,2026-07-10T14:22:50.216457253Z,1783693370216,20746,81,ok,
reaction-20260710T141732.186490574Z,fair-c100,2026-07-10T14:22:50.246375325Z,1783693370246,20666,78,ok,
reaction-20260710T141732.186490574Z,baseline-c100,2026-07-10T14:22:51.214458464Z,1783693371214,20561,85,ok,
reaction-20260710T141732.186490574Z,fair-c100,2026-07-10T14:22:51.242834545Z,1783693371242,20615,99,ok,
reaction-20260710T141732.186490574Z,baseline-c100,2026-07-10T14:22:52.219451965Z,1783693372219,20703,79,ok,
reaction-20260710T141732.186490574Z,fair-c100,2026-07-10T14:22:52.256412135Z,1783693372256,20682,90,ok,
reaction-20260710T141732.186490574Z,baseline-c100,2026-07-10T14:22:53.21719198Z,1783693373217,20561,85,ok,
reaction-20260710T141732.186490574Z,fair-c100,2026-07-10T14:22:53.251892364Z,1783693373251,20572,93,ok,
reaction-20260710T141732.186490574Z,baseline-c100,2026-07-10T14:22:54.216128043Z,1783693374216,20495,100,ok,
reaction-20260710T141732.186490574Z,fair-c100,2026-07-10T14:22:54.245722018Z,1783693374245,20386,101,ok,
reaction-20260710T141732.186490574Z,baseline-c100,2026-07-10T14:22:55.219880396Z,1783693375219,20536,89,ok,
reaction-20260710T141732.186490574Z,fair-c100,2026-07-10T14:22:55.247132007Z,1783693375247,20362,89,ok,
reaction-20260710T141732.186490574Z,baseline-c100,2026-07-10T14:22:56.217122132Z,1783693376217,20325,105,ok,
reaction-20260710T141732.186490574Z,fair-c100,2026-07-10T14:22:56.247682738Z,1783693376247,20503,90,ok,
reaction-20260710T141732.186490574Z,baseline-c100,2026-07-10T14:22:57.216449783Z,1783693377216,20424,86,ok,
reaction-20260710T141732.186490574Z,fair-c100,2026-07-10T14:22:57.245517604Z,1783693377245,20451,98,ok,
reaction-20260710T141732.186490574Z,baseline-c100,2026-07-10T14:22:58.217858117Z,1783693378217,20695,95,ok,
reaction-20260710T141732.186490574Z,fair-c100,2026-07-10T14:22:58.246483525Z,1783693378246,20405,91,ok,
reaction-20260710T141732.186490574Z,baseline-c100,2026-07-10T14:22:59.242538111Z,1783693379242,20501,86,ok,
reaction-20260710T141732.186490574Z,fair-c100,2026-07-10T14:22:59.270178708Z,1783693379270,20381,82,ok,
reaction-20260710T141732.186490574Z,baseline-c100,2026-07-10T14:23:00.216100971Z,1783693380216,20317,89,ok,
reaction-20260710T141732.186490574Z,fair-c100,2026-07-10T14:23:00.245645607Z,1783693380245,20497,91,ok,
reaction-20260710T141732.186490574Z,baseline-c100,2026-07-10T14:23:01.217399221Z,1783693381217,20244,86,ok,
reaction-20260710T141732.186490574Z,fair-c100,2026-07-10T14:23:01.247740941Z,1783693381247,20262,86,ok,
reaction-20260710T141732.186490574Z,baseline-c100,2026-07-10T14:23:02.227263435Z,1783693382227,20242,93,ok,
reaction-20260710T141732.186490574Z,fair-c100,2026-07-10T14:23:02.255976715Z,1783693382255,20112,103,ok,
reaction-20260710T141732.186490574Z,baseline-c100,2026-07-10T14:23:03.23204784Z,1783693383232,20257,92,ok,
reaction-20260710T141732.186490574Z,fair-c100,2026-07-10T14:23:03.287409611Z,1783693383287,20506,89,ok,
reaction-20260710T141732.186490574Z,baseline-c100,2026-07-10T14:23:04.217224198Z,1783693384217,20156,81,ok,
reaction-20260710T141732.186490574Z,fair-c100,2026-07-10T14:23:04.285305916Z,1783693384285,20227,102,ok,
reaction-20260710T141732.186490574Z,baseline-c100,2026-07-10T14:23:05.217576459Z,1783693385217,20226,98,ok,
reaction-20260710T141732.186490574Z,fair-c100,2026-07-10T14:23:05.271977538Z,1783693385271,20006,91,ok,
reaction-20260710T141732.186490574Z,baseline-c100,2026-07-10T14:23:06.222217405Z,1783693386222,20031,85,ok,
reaction-20260710T141732.186490574Z,fair-c100,2026-07-10T14:23:06.250924888Z,1783693386250,20172,84,ok,
reaction-20260710T141732.186490574Z,baseline-c100,2026-07-10T14:23:07.215579918Z,1783693387215,20018,90,ok,
reaction-20260710T141732.186490574Z,fair-c100,2026-07-10T14:23:07.247325167Z,1783693387247,19973,96,ok,
reaction-20260710T141732.186490574Z,baseline-c100,2026-07-10T14:23:08.215303162Z,1783693388215,20105,98,ok,
reaction-20260710T141732.186490574Z,fair-c100,2026-07-10T14:23:08.242980734Z,1783693388242,20285,89,ok,
reaction-20260710T141732.186490574Z,baseline-c100,2026-07-10T14:23:09.222672316Z,1783693389222,20041,93,ok,
reaction-20260710T141732.186490574Z,fair-c100,2026-07-10T14:23:09.254275546Z,1783693389254,20112,103,ok,
reaction-20260710T141732.186490574Z,baseline-c100,2026-07-10T14:23:10.215468409Z,1783693390215,19869,78,ok,
reaction-20260710T141732.186490574Z,fair-c100,2026-07-10T14:23:10.242178009Z,1783693390242,19933,96,ok,
reaction-20260710T141732.186490574Z,baseline-c100,2026-07-10T14:23:11.219316007Z,1783693391219,19983,90,ok,
reaction-20260710T141732.186490574Z,fair-c100,2026-07-10T14:23:11.246209957Z,1783693391246,19806,90,ok,
reaction-20260710T141732.186490574Z,baseline-c100,2026-07-10T14:23:12.21648638Z,1783693392216,19965,97,ok,
reaction-20260710T141732.186490574Z,fair-c100,2026-07-10T14:23:12.246517564Z,1783693392246,19907,106,ok,
reaction-20260710T141732.186490574Z,baseline-c100,2026-07-10T14:23:13.217053019Z,1783693393217,19748,100,ok,
reaction-20260710T141732.186490574Z,fair-c100,2026-07-10T14:23:13.244567007Z,1783693393244,19926,96,ok,
reaction-20260710T141732.186490574Z,baseline-c100,2026-07-10T14:23:14.223663Z,1783693394223,19814,95,ok,
reaction-20260710T141732.186490574Z,fair-c100,2026-07-10T14:23:14.249552243Z,1783693394249,19721,92,ok,
reaction-20260710T141732.186490574Z,baseline-c100,2026-07-10T14:23:15.21389436Z,1783693395213,19751,94,ok,
reaction-20260710T141732.186490574Z,fair-c100,2026-07-10T14:23:15.242563967Z,1783693395242,19835,97,ok,
reaction-20260710T141732.186490574Z,baseline-c100,2026-07-10T14:23:16.21648612Z,1783693396216,19741,106,ok,
reaction-20260710T141732.186490574Z,fair-c100,2026-07-10T14:23:16.245096389Z,1783693396245,19670,105,ok,
reaction-20260710T141732.186490574Z,baseline-c100,2026-07-10T14:23:17.225584524Z,1783693397225,19687,89,ok,
reaction-20260710T141732.186490574Z,fair-c100,2026-07-10T14:23:17.254918049Z,1783693397254,19748,83,ok,
reaction-20260710T141732.186490574Z,baseline-c100,2026-07-10T14:23:18.218682257Z,1783693398218,19616,104,ok,
reaction-20260710T141732.186490574Z,fair-c100,2026-07-10T14:23:18.245075536Z,1783693398245,19651,100,ok,
reaction-20260710T141732.186490574Z,baseline-c100,2026-07-10T14:23:19.218828901Z,1783693399218,19751,96,ok,
reaction-20260710T141732.186490574Z,fair-c100,2026-07-10T14:23:19.250433454Z,1783693399250,19879,83,ok,
reaction-20260710T141732.186490574Z,baseline-c100,2026-07-10T14:23:20.215542555Z,1783693400215,19647,92,ok,
reaction-20260710T141732.186490574Z,fair-c100,2026-07-10T14:23:20.242289245Z,1783693400242,19533,105,ok,
reaction-20260710T141732.186490574Z,baseline-c100,2026-07-10T14:23:21.220156543Z,1783693401220,19513,80,ok,
reaction-20260710T141732.186490574Z,fair-c100,2026-07-10T14:23:21.248398181Z,1783693401248,19657,91,ok,
reaction-20260710T141732.186490574Z,baseline-c100,2026-07-10T14:23:22.215303154Z,1783693402215,19496,98,ok,
reaction-20260710T141732.186490574Z,fair-c100,2026-07-10T14:23:22.244386567Z,1783693402244,19892,96,ok,
reaction-20260710T141732.186490574Z,baseline-c100,2026-07-10T14:23:23.219087813Z,1783693403219,19532,75,ok,
reaction-20260710T141732.186490574Z,fair-c100,2026-07-10T14:23:23.246125358Z,1783693403246,19395,77,ok,
reaction-20260710T141732.186490574Z,baseline-c100,2026-07-10T14:23:24.21501113Z,1783693404215,19460,93,ok,
reaction-20260710T141732.186490574Z,fair-c100,2026-07-10T14:23:24.243682121Z,1783693404243,19447,101,ok,
reaction-20260710T141732.186490574Z,baseline-c100,2026-07-10T14:23:25.22329815Z,1783693405223,19512,90,ok,
reaction-20260710T141732.186490574Z,fair-c100,2026-07-10T14:23:25.251763283Z,1783693405251,19468,88,ok,
reaction-20260710T141732.186490574Z,baseline-c100,2026-07-10T14:23:26.215706691Z,1783693406215,19450,76,ok,
reaction-20260710T141732.186490574Z,fair-c100,2026-07-10T14:23:26.242038376Z,1783693406242,19460,101,ok,
reaction-20260710T141732.186490574Z,baseline-c100,2026-07-10T14:23:27.216314073Z,1783693407216,19729,88,ok,
reaction-20260710T141732.186490574Z,fair-c100,2026-07-10T14:23:27.243341442Z,1783693407243,19317,73,ok,
reaction-20260710T141732.186490574Z,baseline-c100,2026-07-10T14:23:28.216457629Z,1783693408216,19649,74,ok,
reaction-20260710T141732.186490574Z,fair-c100,2026-07-10T14:23:28.243469337Z,1783693408243,19419,106,ok,
reaction-20260710T141732.186490574Z,baseline-c100,2026-07-10T14:23:29.21615206Z,1783693409216,19180,84,ok,
reaction-20260710T141732.186490574Z,fair-c100,2026-07-10T14:23:29.24617898Z,1783693409246,19192,84,ok,
reaction-20260710T141732.186490574Z,baseline-c100,2026-07-10T14:23:30.218393726Z,1783693410218,19348,96,ok,
reaction-20260710T141732.186490574Z,fair-c100,2026-07-10T14:23:30.24522403Z,1783693410245,19157,83,ok,
reaction-20260710T141732.186490574Z,baseline-c100,2026-07-10T14:23:31.21750744Z,1783693411217,19215,76,ok,
reaction-20260710T141732.186490574Z,fair-c100,2026-07-10T14:23:31.245505595Z,1783693411245,19192,84,ok,
reaction-20260710T141732.186490574Z,baseline-c100,2026-07-10T14:23:32.216591351Z,1783693412216,19233,86,ok,
reaction-20260710T141732.186490574Z,fair-c100,2026-07-10T14:23:32.243829516Z,1783693412243,19157,83,ok,
reaction-20260710T141732.186490574Z,baseline-c100,2026-07-10T14:23:33.217603187Z,1783693413217,19092,86,ok,
reaction-20260710T141732.186490574Z,fair-c100,2026-07-10T14:23:33.248807304Z,1783693413248,19295,106,ok,
reaction-20260710T141732.186490574Z,baseline-c100,2026-07-10T14:23:34.217192286Z,1783693414217,19178,81,ok,
reaction-20260710T141732.186490574Z,fair-c100,2026-07-10T14:23:34.246484295Z,1783693414246,19157,83,ok,
reaction-20260710T141732.186490574Z,baseline-c100,2026-07-10T14:23:35.214222378Z,1783693415214,19009,91,ok,
reaction-20260710T141732.186490574Z,fair-c100,2026-07-10T14:23:35.243160716Z,1783693415243,19552,93,ok,
reaction-20260710T141732.186490574Z,baseline-c100,2026-07-10T14:23:36.215771348Z,1783693416215,19287,93,ok,
reaction-20260710T141732.186490574Z,fair-c100,2026-07-10T14:23:36.242999582Z,1783693416242,19346,74,ok,
reaction-20260710T141732.186490574Z,baseline-c100,2026-07-10T14:23:37.218365055Z,1783693417218,18910,88,ok,
reaction-20260710T141732.186490574Z,fair-c100,2026-07-10T14:23:37.244083528Z,1783693417244,19232,94,ok,
reaction-20260710T141732.186490574Z,baseline-c100,2026-07-10T14:23:38.215957084Z,1783693418215,19065,90,ok,
reaction-20260710T141732.186490574Z,fair-c100,2026-07-10T14:23:38.243779606Z,1783693418243,19055,87,ok,
reaction-20260710T141732.186490574Z,baseline-c100,2026-07-10T14:23:39.215489017Z,1783693419215,19014,98,ok,
reaction-20260710T141732.186490574Z,fair-c100,2026-07-10T14:23:39.244087857Z,1783693419244,18842,90,ok,
reaction-20260710T141732.186490574Z,baseline-c100,2026-07-10T14:23:40.217577791Z,1783693420217,18860,84,ok,
reaction-20260710T141732.186490574Z,fair-c100,2026-07-10T14:23:40.24749548Z,1783693420247,18859,84,ok,
reaction-20260710T141732.186490574Z,baseline-c100,2026-07-10T14:23:41.218565875Z,1783693421218,18998,72,ok,
reaction-20260710T141732.186490574Z,fair-c100,2026-07-10T14:23:41.250422445Z,1783693421250,18870,90,ok,
reaction-20260710T141732.186490574Z,baseline-c100,2026-07-10T14:23:42.218230223Z,1783693422218,18886,89,ok,
reaction-20260710T141732.186490574Z,fair-c100,2026-07-10T14:23:42.245931548Z,1783693422245,18914,87,ok,
reaction-20260710T141732.186490574Z,baseline-c100,2026-07-10T14:23:43.215521561Z,1783693423215,18924,101,ok,
reaction-20260710T141732.186490574Z,fair-c100,2026-07-10T14:23:43.24466401Z,1783693423244,18936,94,ok,
reaction-20260710T141732.186490574Z,baseline-c100,2026-07-10T14:23:44.217740789Z,1783693424217,18864,66,ok,
reaction-20260710T141732.186490574Z,fair-c100,2026-07-10T14:23:44.250327562Z,1783693424250,19190,92,ok,
reaction-20260710T141732.186490574Z,baseline-c100,2026-07-10T14:23:45.219388128Z,1783693425219,18775,101,ok,
reaction-20260710T141732.186490574Z,fair-c100,2026-07-10T14:23:45.24644427Z,1783693425246,18653,93,ok,
reaction-20260710T141732.186490574Z,baseline-c100,2026-07-10T14:23:46.226529132Z,1783693426226,18613,85,ok,
reaction-20260710T141732.186490574Z,fair-c100,2026-07-10T14:23:46.260757646Z,1783693426260,18601,96,ok,
reaction-20260710T141732.186490574Z,baseline-c100,2026-07-10T14:23:47.213553913Z,1783693427213,18574,93,ok,
reaction-20260710T141732.186490574Z,fair-c100,2026-07-10T14:23:47.243298833Z,1783693427243,18616,100,ok,
reaction-20260710T141732.186490574Z,baseline-c100,2026-07-10T14:23:48.216004205Z,1783693428216,18601,103,ok,
reaction-20260710T141732.186490574Z,fair-c100,2026-07-10T14:23:48.242891251Z,1783693428242,18664,90,ok,
reaction-20260710T141732.186490574Z,baseline-c100,2026-07-10T14:23:49.215508149Z,1783693429215,18571,95,ok,
reaction-20260710T141732.186490574Z,fair-c100,2026-07-10T14:23:49.243537986Z,1783693429243,18776,79,ok,
reaction-20260710T141732.186490574Z,baseline-c100,2026-07-10T14:23:50.220490989Z,1783693430220,18486,100,ok,
reaction-20260710T141732.186490574Z,fair-c100,2026-07-10T14:23:50.24839559Z,1783693430248,18609,97,ok,
reaction-20260710T141732.186490574Z,baseline-c100,2026-07-10T14:23:51.217784008Z,1783693431217,18495,96,ok,
reaction-20260710T141732.186490574Z,fair-c100,2026-07-10T14:23:51.248695211Z,1783693431248,18715,87,ok,
reaction-20260710T141732.186490574Z,baseline-c100,2026-07-10T14:23:52.216063956Z,1783693432216,18343,83,ok,
reaction-20260710T141732.186490574Z,fair-c100,2026-07-10T14:23:52.243581269Z,1783693432243,18515,88,ok,
reaction-20260710T141732.186490574Z,baseline-c100,2026-07-10T14:23:53.217788995Z,1783693433217,18532,103,ok,
reaction-20260710T141732.186490574Z,fair-c100,2026-07-10T14:23:53.246452229Z,1783693433246,18685,102,ok,
reaction-20260710T141732.186490574Z,baseline-c100,2026-07-10T14:23:54.218245877Z,1783693434218,18804,97,ok,
reaction-20260710T141732.186490574Z,fair-c100,2026-07-10T14:23:54.246351602Z,1783693434246,18319,97,ok,
reaction-20260710T141732.186490574Z,baseline-c100,2026-07-10T14:23:55.213541601Z,1783693435213,18511,96,ok,
reaction-20260710T141732.186490574Z,fair-c100,2026-07-10T14:23:55.242815278Z,1783693435242,18342,94,ok,
reaction-20260710T141732.186490574Z,baseline-c100,2026-07-10T14:23:56.217464949Z,1783693436217,18329,94,ok,
reaction-20260710T141732.186490574Z,fair-c100,2026-07-10T14:23:56.243707769Z,1783693436243,18395,97,ok,
reaction-20260710T141732.186490574Z,baseline-c100,2026-07-10T14:23:57.22455504Z,1783693437224,18438,106,ok,
reaction-20260710T141732.186490574Z,fair-c100,2026-07-10T14:23:57.251994518Z,1783693437251,18550,99,ok,
reaction-20260710T141732.186490574Z,baseline-c100,2026-07-10T14:23:58.216085991Z,1783693438216,18296,85,ok,
reaction-20260710T141732.186490574Z,fair-c100,2026-07-10T14:23:58.241983938Z,1783693438241,18575,78,ok,
reaction-20260710T141732.186490574Z,baseline-c100,2026-07-10T14:23:59.2166032Z,1783693439216,18198,98,ok,
reaction-20260710T141732.186490574Z,fair-c100,2026-07-10T14:23:59.249578358Z,1783693439249,18224,86,ok,
reaction-20260710T141732.186490574Z,baseline-c100,2026-07-10T14:24:00.216607882Z,1783693440216,18457,86,ok,
reaction-20260710T141732.186490574Z,fair-c100,2026-07-10T14:24:00.246497325Z,1783693440246,18492,90,ok,
reaction-20260710T141732.186490574Z,baseline-c100,2026-07-10T14:24:01.21675745Z,1783693441216,18191,96,ok,
reaction-20260710T141732.186490574Z,fair-c100,2026-07-10T14:24:01.245468937Z,1783693441245,18345,94,ok,
reaction-20260710T141732.186490574Z,baseline-c100,2026-07-10T14:24:02.218055189Z,1783693442218,18278,98,ok,
reaction-20260710T141732.186490574Z,fair-c100,2026-07-10T14:24:02.246376008Z,1783693442246,18098,85,ok,
reaction-20260710T141732.186490574Z,baseline-c100,2026-07-10T14:24:03.222419229Z,1783693443222,18074,94,ok,
reaction-20260710T141732.186490574Z,fair-c100,2026-07-10T14:24:03.249891995Z,1783693443249,18096,62,ok,
reaction-20260710T141732.186490574Z,baseline-c100,2026-07-10T14:24:04.215808284Z,1783693444215,18097,97,ok,
reaction-20260710T141732.186490574Z,fair-c100,2026-07-10T14:24:04.244486152Z,1783693444244,18073,67,ok,
reaction-20260710T141732.186490574Z,baseline-c100,2026-07-10T14:24:05.214245126Z,1783693445214,17981,98,ok,
reaction-20260710T141732.186490574Z,fair-c100,2026-07-10T14:24:05.242615684Z,1783693445242,18161,84,ok,
reaction-20260710T141732.186490574Z,baseline-c100,2026-07-10T14:24:06.214956553Z,1783693446214,17977,91,ok,
reaction-20260710T141732.186490574Z,fair-c100,2026-07-10T14:24:06.241802224Z,1783693446241,17881,87,ok,
reaction-20260710T141732.186490574Z,baseline-c100,2026-07-10T14:24:07.219205255Z,1783693447219,18087,95,ok,
reaction-20260710T141732.186490574Z,fair-c100,2026-07-10T14:24:07.246428179Z,1783693447246,17979,79,ok,
reaction-20260710T141732.186490574Z,baseline-c100,2026-07-10T14:24:08.214366307Z,1783693448214,17876,88,ok,
reaction-20260710T141732.186490574Z,fair-c100,2026-07-10T14:24:08.241444833Z,1783693448241,18184,81,ok,
reaction-20260710T141732.186490574Z,baseline-c100,2026-07-10T14:24:09.216791018Z,1783693449216,18019,100,ok,
reaction-20260710T141732.186490574Z,fair-c100,2026-07-10T14:24:09.243795289Z,1783693449243,17844,97,ok,
reaction-20260710T141732.186490574Z,baseline-c100,2026-07-10T14:24:10.215692999Z,1783693450215,18096,96,ok,
reaction-20260710T141732.186490574Z,fair-c100,2026-07-10T14:24:10.243643132Z,1783693450243,18053,94,ok,
reaction-20260710T141732.186490574Z,baseline-c100,2026-07-10T14:24:11.21493572Z,1783693451214,17797,90,ok,
reaction-20260710T141732.186490574Z,fair-c100,2026-07-10T14:24:11.242911369Z,1783693451242,17762,101,ok,
reaction-20260710T141732.186490574Z,baseline-c100,2026-07-10T14:24:12.216728101Z,1783693452216,17750,97,ok,
reaction-20260710T141732.186490574Z,fair-c100,2026-07-10T14:24:12.242886005Z,1783693452242,17845,106,ok,
reaction-20260710T141732.186490574Z,baseline-c100,2026-07-10T14:24:13.215339494Z,1783693453215,17620,96,ok,
reaction-20260710T141732.186490574Z,fair-c100,2026-07-10T14:24:13.241311803Z,1783693453241,17708,92,ok,
reaction-20260710T141732.186490574Z,baseline-c100,2026-07-10T14:24:14.217750698Z,1783693454217,17909,95,ok,
reaction-20260710T141732.186490574Z,fair-c100,2026-07-10T14:24:14.249419305Z,1783693454249,17787,91,ok,
reaction-20260710T141732.186490574Z,baseline-c100,2026-07-10T14:24:15.216527596Z,1783693455216,17804,95,ok,
reaction-20260710T141732.186490574Z,fair-c100,2026-07-10T14:24:15.244879285Z,1783693455244,17896,93,ok,
reaction-20260710T141732.186490574Z,baseline-c100,2026-07-10T14:24:16.216016472Z,1783693456216,17608,104,ok,
reaction-20260710T141732.186490574Z,fair-c100,2026-07-10T14:24:16.243580455Z,1783693456243,18060,93,ok,
reaction-20260710T141732.186490574Z,baseline-c100,2026-07-10T14:24:17.21612178Z,1783693457216,17930,88,ok,
reaction-20260710T141732.186490574Z,fair-c100,2026-07-10T14:24:17.242100439Z,1783693457242,17616,90,ok,
reaction-20260710T141732.186490574Z,baseline-c100,2026-07-10T14:24:18.214271109Z,1783693458214,17572,107,ok,
reaction-20260710T141732.186490574Z,fair-c100,2026-07-10T14:24:18.241829834Z,1783693458241,17686,95,ok,
reaction-20260710T141732.186490574Z,baseline-c100,2026-07-10T14:24:19.216548648Z,1783693459216,17604,93,ok,
reaction-20260710T141732.186490574Z,fair-c100,2026-07-10T14:24:19.244089258Z,1783693459244,17675,91,ok,
reaction-20260710T141732.186490574Z,baseline-c100,2026-07-10T14:24:20.217034943Z,1783693460217,17409,85,ok,
reaction-20260710T141732.186490574Z,fair-c100,2026-07-10T14:24:20.246793923Z,1783693460246,17719,95,ok,
reaction-20260710T141732.186490574Z,baseline-c100,2026-07-10T14:24:21.215642003Z,1783693461215,17580,88,ok,
reaction-20260710T141732.186490574Z,fair-c100,2026-07-10T14:24:21.242429488Z,1783693461242,17499,82,ok,
reaction-20260710T141732.186490574Z,baseline-c100,2026-07-10T14:24:22.216601416Z,1783693462216,17633,89,ok,
reaction-20260710T141732.186490574Z,fair-c100,2026-07-10T14:24:22.250679088Z,1783693462250,17388,100,ok,
reaction-20260710T141732.186490574Z,baseline-c100,2026-07-10T14:24:23.222612868Z,1783693463222,17334,103,ok,
reaction-20260710T141732.186490574Z,fair-c100,2026-07-10T14:24:23.255812397Z,1783693463255,17378,93,ok,
reaction-20260710T141732.186490574Z,baseline-c100,2026-07-10T14:24:24.218488206Z,1783693464218,17623,79,ok,
reaction-20260710T141732.186490574Z,fair-c100,2026-07-10T14:24:24.246559916Z,1783693464246,17381,88,ok,
reaction-20260710T141732.186490574Z,baseline-c100,2026-07-10T14:24:25.215819969Z,1783693465215,17271,82,ok,
reaction-20260710T141732.186490574Z,fair-c100,2026-07-10T14:24:25.244103486Z,1783693465244,17378,79,ok,
reaction-20260710T141732.186490574Z,baseline-c100,2026-07-10T14:24:26.216631599Z,1783693466216,17282,78,ok,
reaction-20260710T141732.186490574Z,fair-c100,2026-07-10T14:24:26.243902277Z,1783693466243,17301,90,ok,
reaction-20260710T141732.186490574Z,baseline-c100,2026-07-10T14:24:27.215799824Z,1783693467215,17218,109,ok,
reaction-20260710T141732.186490574Z,fair-c100,2026-07-10T14:24:27.2466689Z,1783693467246,17439,83,ok,
reaction-20260710T141732.186490574Z,baseline-c100,2026-07-10T14:24:28.214323851Z,1783693468214,17245,87,ok,
reaction-20260710T141732.186490574Z,fair-c100,2026-07-10T14:24:28.239850252Z,1783693468239,17212,91,ok,
reaction-20260710T141732.186490574Z,baseline-c100,2026-07-10T14:24:29.217206172Z,1783693469217,17170,96,ok,
reaction-20260710T141732.186490574Z,fair-c100,2026-07-10T14:24:29.244028639Z,1783693469244,17144,94,ok,
reaction-20260710T141732.186490574Z,baseline-c100,2026-07-10T14:24:30.221920312Z,1783693470221,17254,101,ok,
reaction-20260710T141732.186490574Z,fair-c100,2026-07-10T14:24:30.262664641Z,1783693470262,17229,83,ok,
reaction-20260710T141732.186490574Z,baseline-c100,2026-07-10T14:24:31.219258903Z,1783693471219,17269,77,ok,
reaction-20260710T141732.186490574Z,fair-c100,2026-07-10T14:24:31.245563667Z,1783693471245,17055,87,ok,
reaction-20260710T141732.186490574Z,baseline-c100,2026-07-10T14:24:32.214841072Z,1783693472214,16934,94,ok,
reaction-20260710T141732.186490574Z,fair-c100,2026-07-10T14:24:32.246292924Z,1783693472246,17262,85,ok,
reaction-20260710T141732.186490574Z,baseline-c100,2026-07-10T14:24:33.216632384Z,1783693473216,17216,81,ok,
reaction-20260710T141732.186490574Z,fair-c100,2026-07-10T14:24:33.244366632Z,1783693473244,17060,85,ok,
reaction-20260710T141732.186490574Z,baseline-c100,2026-07-10T14:24:34.215709577Z,1783693474215,16986,74,ok,
reaction-20260710T141732.186490574Z,fair-c100,2026-07-10T14:24:34.246705854Z,1783693474246,17213,87,ok,
reaction-20260710T141732.186490574Z,baseline-c100,2026-07-10T14:24:35.215217737Z,1783693475215,17269,82,ok,
reaction-20260710T141732.186490574Z,fair-c100,2026-07-10T14:24:35.24450662Z,1783693475244,16992,77,ok,
reaction-20260710T141732.186490574Z,baseline-c100,2026-07-10T14:24:36.217239855Z,1783693476217,17054,88,ok,
reaction-20260710T141732.186490574Z,fair-c100,2026-07-10T14:24:36.249404283Z,1783693476249,16977,83,ok,
reaction-20260710T141732.186490574Z,baseline-c100,2026-07-10T14:24:37.215363651Z,1783693477215,16797,97,ok,
reaction-20260710T141732.186490574Z,fair-c100,2026-07-10T14:24:37.243159768Z,1783693477243,17329,95,ok,
reaction-20260710T141732.186490574Z,baseline-c100,2026-07-10T14:24:38.217954723Z,1783693478217,17034,116,ok,
reaction-20260710T141732.186490574Z,fair-c100,2026-07-10T14:24:38.245279894Z,1783693478245,16814,82,ok,
reaction-20260710T141732.186490574Z,baseline-c100,2026-07-10T14:24:39.216646619Z,1783693479216,16879,89,ok,
reaction-20260710T141732.186490574Z,fair-c100,2026-07-10T14:24:39.240719349Z,1783693479240,16814,82,ok,
reaction-20260710T141732.186490574Z,baseline-c100,2026-07-10T14:24:40.225827838Z,1783693480225,16756,79,ok,
reaction-20260710T141732.186490574Z,fair-c100,2026-07-10T14:24:40.25819469Z,1783693480258,16952,90,ok,
reaction-20260710T141732.186490574Z,baseline-c100,2026-07-10T14:24:41.215720617Z,1783693481215,16689,100,ok,
reaction-20260710T141732.186490574Z,fair-c100,2026-07-10T14:24:41.242119655Z,1783693481242,16741,82,ok,
reaction-20260710T141732.186490574Z,baseline-c100,2026-07-10T14:24:42.213903699Z,1783693482213,16971,76,ok,
reaction-20260710T141732.186490574Z,fair-c100,2026-07-10T14:24:42.245453782Z,1783693482245,16990,79,ok,
reaction-20260710T141732.186490574Z,baseline-c100,2026-07-10T14:24:43.216000963Z,1783693483216,16879,84,ok,
reaction-20260710T141732.186490574Z,fair-c100,2026-07-10T14:24:43.244601409Z,1783693483244,16715,90,ok,
reaction-20260710T141732.186490574Z,baseline-c100,2026-07-10T14:24:44.215447414Z,1783693484215,16629,91,ok,
reaction-20260710T141732.186490574Z,fair-c100,2026-07-10T14:24:44.247142528Z,1783693484247,16570,93,ok,
reaction-20260710T141732.186490574Z,baseline-c100,2026-07-10T14:24:45.215419383Z,1783693485215,16852,102,ok,
reaction-20260710T141732.186490574Z,fair-c100,2026-07-10T14:24:45.24331492Z,1783693485243,16667,88,ok,
reaction-20260710T141732.186490574Z,baseline-c100,2026-07-10T14:24:46.217770865Z,1783693486217,16720,113,ok,
reaction-20260710T141732.186490574Z,fair-c100,2026-07-10T14:24:46.246033537Z,1783693486246,16849,95,ok,
reaction-20260710T141732.186490574Z,baseline-c100,2026-07-10T14:24:47.219096086Z,1783693487219,16511,94,ok,
reaction-20260710T141732.186490574Z,fair-c100,2026-07-10T14:24:47.251619512Z,1783693487251,16632,91,ok,
reaction-20260710T141732.186490574Z,baseline-c100,2026-07-10T14:24:48.216386467Z,1783693488216,16525,97,ok,
reaction-20260710T141732.186490574Z,fair-c100,2026-07-10T14:24:48.244197545Z,1783693488244,16860,104,ok,
reaction-20260710T141732.186490574Z,baseline-c100,2026-07-10T14:24:49.239125639Z,1783693489239,16746,82,ok,
reaction-20260710T141732.186490574Z,fair-c100,2026-07-10T14:24:49.282596318Z,1783693489282,16497,72,ok,
reaction-20260710T141732.186490574Z,baseline-c100,2026-07-10T14:24:50.217940539Z,1783693490217,16413,95,ok,
reaction-20260710T141732.186490574Z,fair-c100,2026-07-10T14:24:50.245579983Z,1783693490245,16520,91,ok,
reaction-20260710T141732.186490574Z,baseline-c100,2026-07-10T14:24:51.218735237Z,1783693491218,16547,78,ok,
reaction-20260710T141732.186490574Z,fair-c100,2026-07-10T14:24:51.246060546Z,1783693491246,16543,84,ok,
reaction-20260710T141732.186490574Z,baseline-c100,2026-07-10T14:24:52.222223183Z,1783693492222,16263,79,ok,
reaction-20260710T141732.186490574Z,fair-c100,2026-07-10T14:24:52.249414731Z,1783693492249,16592,95,ok,
reaction-20260710T141732.186490574Z,baseline-c100,2026-07-10T14:24:53.217911296Z,1783693493217,16289,95,ok,
reaction-20260710T141732.186490574Z,fair-c100,2026-07-10T14:24:53.246238727Z,1783693493246,16374,88,ok,
reaction-20260710T141732.186490574Z,baseline-c100,2026-07-10T14:24:54.216508233Z,1783693494216,16431,91,ok,
reaction-20260710T141732.186490574Z,fair-c100,2026-07-10T14:24:54.244383315Z,1783693494244,16308,90,ok,
reaction-20260710T141732.186490574Z,baseline-c100,2026-07-10T14:24:55.218133036Z,1783693495218,16323,94,ok,
reaction-20260710T141732.186490574Z,fair-c100,2026-07-10T14:24:55.245519568Z,1783693495245,16327,90,ok,
reaction-20260710T141732.186490574Z,baseline-c100,2026-07-10T14:24:56.214370803Z,1783693496214,16348,87,ok,
reaction-20260710T141732.186490574Z,fair-c100,2026-07-10T14:24:56.244076413Z,1783693496244,16336,94,ok,
reaction-20260710T141732.186490574Z,baseline-c100,2026-07-10T14:24:57.215546976Z,1783693497215,16090,82,ok,
reaction-20260710T141732.186490574Z,fair-c100,2026-07-10T14:24:57.243628237Z,1783693497243,16366,86,ok,
reaction-20260710T141732.186490574Z,baseline-c100,2026-07-10T14:24:58.217695978Z,1783693498217,16316,107,ok,
reaction-20260710T141732.186490574Z,fair-c100,2026-07-10T14:24:58.243408477Z,1783693498243,16121,102,ok,
reaction-20260710T141732.186490574Z,baseline-c100,2026-07-10T14:24:59.216451527Z,1783693499216,16208,81,ok,
reaction-20260710T141732.186490574Z,fair-c100,2026-07-10T14:24:59.248476262Z,1783693499248,16385,87,ok,
reaction-20260710T141732.186490574Z,baseline-c100,2026-07-10T14:25:00.219075651Z,1783693500219,16083,82,ok,
reaction-20260710T141732.186490574Z,fair-c100,2026-07-10T14:25:00.247670906Z,1783693500247,16184,90,ok,
reaction-20260710T141732.186490574Z,baseline-c100,2026-07-10T14:25:01.220606468Z,1783693501220,16145,80,ok,
reaction-20260710T141732.186490574Z,fair-c100,2026-07-10T14:25:01.248055052Z,1783693501248,16122,108,ok,
reaction-20260710T141732.186490574Z,baseline-c100,2026-07-10T14:25:02.218486449Z,1783693502218,16064,97,ok,
reaction-20260710T141732.186490574Z,fair-c100,2026-07-10T14:25:02.248975874Z,1783693502248,16187,87,ok,
reaction-20260710T141732.186490574Z,baseline-c100,2026-07-10T14:25:03.22271422Z,1783693503222,16092,109,ok,
reaction-20260710T141732.186490574Z,fair-c100,2026-07-10T14:25:03.249073007Z,1783693503249,16254,91,ok,
reaction-20260710T141732.186490574Z,baseline-c100,2026-07-10T14:25:04.215220424Z,1783693504215,16162,118,ok,
reaction-20260710T141732.186490574Z,fair-c100,2026-07-10T14:25:04.249668011Z,1783693504249,16098,105,ok,
reaction-20260710T141732.186490574Z,baseline-c100,2026-07-10T14:25:05.215663578Z,1783693505215,15971,85,ok,
reaction-20260710T141732.186490574Z,fair-c100,2026-07-10T14:25:05.244345982Z,1783693505244,15984,86,ok,
reaction-20260710T141732.186490574Z,baseline-c100,2026-07-10T14:25:06.21927319Z,1783693506219,15897,99,ok,
reaction-20260710T141732.186490574Z,fair-c100,2026-07-10T14:25:06.246995563Z,1783693506246,15996,97,ok,
reaction-20260710T141732.186490574Z,baseline-c100,2026-07-10T14:25:07.216821461Z,1783693507216,15826,83,ok,
reaction-20260710T141732.186490574Z,fair-c100,2026-07-10T14:25:07.243504292Z,1783693507243,15955,98,ok,
reaction-20260710T141732.186490574Z,baseline-c100,2026-07-10T14:25:08.21613436Z,1783693508216,15804,100,ok,
reaction-20260710T141732.186490574Z,fair-c100,2026-07-10T14:25:08.242925754Z,1783693508242,15889,105,ok,
reaction-20260710T141732.186490574Z,baseline-c100,2026-07-10T14:25:09.217484392Z,1783693509217,15951,94,ok,
reaction-20260710T141732.186490574Z,fair-c100,2026-07-10T14:25:09.24615315Z,1783693509246,16012,111,ok,
reaction-20260710T141732.186490574Z,baseline-c100,2026-07-10T14:25:10.221425086Z,1783693510221,15730,92,ok,
reaction-20260710T141732.186490574Z,fair-c100,2026-07-10T14:25:10.250066054Z,1783693510250,15944,86,ok,
reaction-20260710T141732.186490574Z,baseline-c100,2026-07-10T14:25:11.21711961Z,1783693511217,15659,85,ok,
reaction-20260710T141732.186490574Z,fair-c100,2026-07-10T14:25:11.245582057Z,1783693511245,15845,99,ok,
reaction-20260710T141732.186490574Z,baseline-c100,2026-07-10T14:25:12.215089646Z,1783693512215,15702,88,ok,
reaction-20260710T141732.186490574Z,fair-c100,2026-07-10T14:25:12.241806566Z,1783693512241,15696,90,ok,
reaction-20260710T141732.186490574Z,baseline-c100,2026-07-10T14:25:13.213239872Z,1783693513213,15780,96,ok,
reaction-20260710T141732.186490574Z,fair-c100,2026-07-10T14:25:13.23935217Z,1783693513239,15685,89,ok,
reaction-20260710T141732.186490574Z,baseline-c100,2026-07-10T14:25:14.213968273Z,1783693514213,15599,92,ok,
reaction-20260710T141732.186490574Z,fair-c100,2026-07-10T14:25:14.23999619Z,1783693514239,15548,94,ok,
reaction-20260710T141732.186490574Z,baseline-c100,2026-07-10T14:25:15.216279489Z,1783693515216,15681,97,ok,
reaction-20260710T141732.186490574Z,fair-c100,2026-07-10T14:25:15.245456094Z,1783693515245,15666,97,ok,
reaction-20260710T141732.186490574Z,baseline-c100,2026-07-10T14:25:16.21923086Z,1783693516219,15687,86,ok,
reaction-20260710T141732.186490574Z,fair-c100,2026-07-10T14:25:16.245772893Z,1783693516245,15609,88,ok,
reaction-20260710T141732.186490574Z,baseline-c100,2026-07-10T14:25:17.217152865Z,1783693517217,15410,98,ok,
reaction-20260710T141732.186490574Z,fair-c100,2026-07-10T14:25:17.244938536Z,1783693517244,15815,95,ok,
reaction-20260710T141732.186490574Z,baseline-c100,2026-07-10T14:25:18.21750217Z,1783693518217,15588,104,ok,
reaction-20260710T141732.186490574Z,fair-c100,2026-07-10T14:25:18.245874993Z,1783693518245,15562,95,ok,
reaction-20260710T141732.186490574Z,baseline-c100,2026-07-10T14:25:19.224950919Z,1783693519224,15520,95,ok,
reaction-20260710T141732.186490574Z,fair-c100,2026-07-10T14:25:19.253603611Z,1783693519253,15588,85,ok,
reaction-20260710T141732.186490574Z,baseline-c100,2026-07-10T14:25:20.215666844Z,1783693520215,15341,94,ok,
reaction-20260710T141732.186490574Z,fair-c100,2026-07-10T14:25:20.243262025Z,1783693520243,15574,92,ok,
reaction-20260710T141732.186490574Z,baseline-c100,2026-07-10T14:25:21.216355404Z,1783693521216,15476,85,ok,
reaction-20260710T141732.186490574Z,fair-c100,2026-07-10T14:25:21.244937894Z,1783693521244,15504,88,ok,
reaction-20260710T141732.186490574Z,baseline-c100,2026-07-10T14:25:22.217235867Z,1783693522217,15408,86,ok,
reaction-20260710T141732.186490574Z,fair-c100,2026-07-10T14:25:22.244489944Z,1783693522244,15345,87,ok,
reaction-20260710T141732.186490574Z,baseline-c100,2026-07-10T14:25:23.215401493Z,1783693523215,15237,73,ok,
reaction-20260710T141732.186490574Z,fair-c100,2026-07-10T14:25:23.244138843Z,1783693523244,15273,96,ok,
reaction-20260710T141732.186490574Z,baseline-c100,2026-07-10T14:25:24.215001357Z,1783693524215,15462,85,ok,
reaction-20260710T141732.186490574Z,fair-c100,2026-07-10T14:25:24.24379158Z,1783693524243,15296,94,ok,
reaction-20260710T141732.186490574Z,baseline-c100,2026-07-10T14:25:25.216678844Z,1783693525216,15287,98,ok,
reaction-20260710T141732.186490574Z,fair-c100,2026-07-10T14:25:25.252602489Z,1783693525252,15276,97,ok,
reaction-20260710T141732.186490574Z,baseline-c100,2026-07-10T14:25:26.218690034Z,1783693526218,15061,91,ok,
reaction-20260710T141732.186490574Z,fair-c100,2026-07-10T14:25:26.251163699Z,1783693526251,15147,97,ok,
reaction-20260710T141732.186490574Z,baseline-c100,2026-07-10T14:25:27.215500745Z,1783693527215,15210,107,ok,
reaction-20260710T141732.186490574Z,fair-c100,2026-07-10T14:25:27.241260577Z,1783693527241,15070,72,ok,
reaction-20260710T141732.186490574Z,baseline-c100,2026-07-10T14:25:28.2196417Z,1783693528219,15443,88,ok,
reaction-20260710T141732.186490574Z,fair-c100,2026-07-10T14:25:28.246956763Z,1783693528246,15219,89,ok,
reaction-20260710T141732.186490574Z,baseline-c100,2026-07-10T14:25:29.216165404Z,1783693529216,15125,89,ok,
reaction-20260710T141732.186490574Z,fair-c100,2026-07-10T14:25:29.243448518Z,1783693529243,15335,99,ok,
reaction-20260710T141732.186490574Z,baseline-c100,2026-07-10T14:25:30.213465493Z,1783693530213,14953,92,ok,
reaction-20260710T141732.186490574Z,fair-c100,2026-07-10T14:25:30.238531845Z,1783693530238,14970,80,ok,
reaction-20260710T141732.186490574Z,baseline-c100,2026-07-10T14:25:31.216530957Z,1783693531216,15032,85,ok,
reaction-20260710T141732.186490574Z,fair-c100,2026-07-10T14:25:31.244127195Z,1783693531244,14912,100,ok,
reaction-20260710T141732.186490574Z,baseline-c100,2026-07-10T14:25:32.214909016Z,1783693532214,15135,78,ok,
reaction-20260710T141732.186490574Z,fair-c100,2026-07-10T14:25:32.246679187Z,1783693532246,15107,91,ok,
reaction-20260710T141732.186490574Z,baseline-c100,2026-07-10T14:25:33.214022836Z,1783693533214,14953,92,ok,
reaction-20260710T141732.186490574Z,fair-c100,2026-07-10T14:25:33.240462235Z,1783693533240,15020,92,ok,
reaction-20260710T141732.186490574Z,baseline-c100,2026-07-10T14:25:34.224269866Z,1783693534224,15167,105,ok,
reaction-20260710T141732.186490574Z,fair-c100,2026-07-10T14:25:34.251581206Z,1783693534251,15083,87,ok,
reaction-20260710T141732.186490574Z,baseline-c100,2026-07-10T14:25:35.250642712Z,1783693535250,14968,93,ok,
reaction-20260710T141732.186490574Z,fair-c100,2026-07-10T14:25:35.276840831Z,1783693535276,14885,88,ok,
reaction-20260710T141732.186490574Z,baseline-c100,2026-07-10T14:25:36.216511782Z,1783693536216,15007,85,ok,
reaction-20260710T141732.186490574Z,fair-c100,2026-07-10T14:25:36.243876071Z,1783693536243,15141,100,ok,
reaction-20260710T141732.186490574Z,baseline-c100,2026-07-10T14:25:37.214290728Z,1783693537214,14705,91,ok,
reaction-20260710T141732.186490574Z,fair-c100,2026-07-10T14:25:37.241827945Z,1783693537241,14791,84,ok,
reaction-20260710T141732.186490574Z,baseline-c100,2026-07-10T14:25:38.216444712Z,1783693538216,14736,89,ok,
reaction-20260710T141732.186490574Z,fair-c100,2026-07-10T14:25:38.243606288Z,1783693538243,14644,93,ok,
reaction-20260710T141732.186490574Z,baseline-c100,2026-07-10T14:25:39.217050599Z,1783693539217,14930,89,ok,
reaction-20260710T141732.186490574Z,fair-c100,2026-07-10T14:25:39.243372284Z,1783693539243,14721,94,ok,
reaction-20260710T141732.186490574Z,baseline-c100,2026-07-10T14:25:40.215414386Z,1783693540215,15025,79,ok,
reaction-20260710T141732.186490574Z,fair-c100,2026-07-10T14:25:40.244352512Z,1783693540244,14676,92,ok,
reaction-20260710T141732.186490574Z,baseline-c100,2026-07-10T14:25:41.214699551Z,1783693541214,14733,86,ok,
reaction-20260710T141732.186490574Z,fair-c100,2026-07-10T14:25:41.241529652Z,1783693541241,14789,98,ok,
reaction-20260710T141732.186490574Z,baseline-c100,2026-07-10T14:25:42.216098198Z,1783693542216,14649,94,ok,
reaction-20260710T141732.186490574Z,fair-c100,2026-07-10T14:25:42.243952959Z,1783693542243,14925,91,ok,
reaction-20260710T141732.186490574Z,baseline-c100,2026-07-10T14:25:43.21621512Z,1783693543216,14478,100,ok,
reaction-20260710T141732.186490574Z,fair-c100,2026-07-10T14:25:43.246379121Z,1783693543246,14567,94,ok,
reaction-20260710T141732.186490574Z,baseline-c100,2026-07-10T14:25:44.215300996Z,1783693544215,14522,93,ok,
reaction-20260710T141732.186490574Z,fair-c100,2026-07-10T14:25:44.244093043Z,1783693544244,14727,85,ok,
reaction-20260710T141732.186490574Z,baseline-c100,2026-07-10T14:25:45.217678138Z,1783693545217,14513,106,ok,
reaction-20260710T141732.186490574Z,fair-c100,2026-07-10T14:25:45.244457254Z,1783693545244,14425,96,ok,
reaction-20260710T141732.186490574Z,baseline-c100,2026-07-10T14:25:46.216669572Z,1783693546216,14482,93,ok,
reaction-20260710T141732.186490574Z,fair-c100,2026-07-10T14:25:46.244531083Z,1783693546244,14866,94,ok,
reaction-20260710T141732.186490574Z,baseline-c100,2026-07-10T14:25:47.217226191Z,1783693547217,14592,98,ok,
reaction-20260710T141732.186490574Z,fair-c100,2026-07-10T14:25:47.245662442Z,1783693547245,14480,87,ok,
reaction-20260710T141732.186490574Z,baseline-c100,2026-07-10T14:25:48.222440621Z,1783693548222,14790,92,ok,
reaction-20260710T141732.186490574Z,fair-c100,2026-07-10T14:25:48.25054408Z,1783693548250,14611,98,ok,
reaction-20260710T141732.186490574Z,baseline-c100,2026-07-10T14:25:49.216427502Z,1783693549216,14453,93,ok,
reaction-20260710T141732.186490574Z,fair-c100,2026-07-10T14:25:49.244659084Z,1783693549244,14335,96,ok,
reaction-20260710T141732.186490574Z,baseline-c100,2026-07-10T14:25:50.215890274Z,1783693550215,14253,106,ok,
reaction-20260710T141732.186490574Z,fair-c100,2026-07-10T14:25:50.24491842Z,1783693550244,14549,90,ok,
reaction-20260710T141732.186490574Z,baseline-c100,2026-07-10T14:25:51.216815289Z,1783693551216,14791,89,ok,
reaction-20260710T141732.186490574Z,fair-c100,2026-07-10T14:25:51.243403274Z,1783693551243,14256,93,ok,
reaction-20260710T141732.186490574Z,baseline-c100,2026-07-10T14:25:52.216336093Z,1783693552216,14254,76,ok,
reaction-20260710T141732.186490574Z,fair-c100,2026-07-10T14:25:52.246691792Z,1783693552246,14681,86,ok,
reaction-20260710T141732.186490574Z,baseline-c100,2026-07-10T14:25:53.215166806Z,1783693553215,14199,96,ok,
reaction-20260710T141732.186490574Z,fair-c100,2026-07-10T14:25:53.24243311Z,1783693553242,14170,98,ok,
reaction-20260710T141732.186490574Z,baseline-c100,2026-07-10T14:25:54.214741026Z,1783693554214,14219,95,ok,
reaction-20260710T141732.186490574Z,fair-c100,2026-07-10T14:25:54.244847527Z,1783693554244,14170,98,ok,
reaction-20260710T141732.186490574Z,baseline-c100,2026-07-10T14:25:55.215456587Z,1783693555215,14142,104,ok,
reaction-20260710T141732.186490574Z,fair-c100,2026-07-10T14:25:55.243559634Z,1783693555243,14239,85,ok,
reaction-20260710T141732.186490574Z,baseline-c100,2026-07-10T14:25:56.239613063Z,1783693556239,14150,95,ok,
reaction-20260710T141732.186490574Z,fair-c100,2026-07-10T14:25:56.266105386Z,1783693556266,14229,83,ok,
reaction-20260710T141732.186490574Z,baseline-c100,2026-07-10T14:25:57.213641273Z,1783693557213,14152,92,ok,
reaction-20260710T141732.186490574Z,fair-c100,2026-07-10T14:25:57.240578499Z,1783693557240,14358,88,ok,
reaction-20260710T141732.186490574Z,baseline-c100,2026-07-10T14:25:58.213523077Z,1783693558213,14276,86,ok,
reaction-20260710T141732.186490574Z,fair-c100,2026-07-10T14:25:58.239301139Z,1783693558239,14196,94,ok,
reaction-20260710T141732.186490574Z,baseline-c100,2026-07-10T14:25:59.216098131Z,1783693559216,14240,102,ok,
reaction-20260710T141732.186490574Z,fair-c100,2026-07-10T14:25:59.244669963Z,1783693559244,14240,93,ok,
reaction-20260710T141732.186490574Z,baseline-c100,2026-07-10T14:26:00.217039342Z,1783693560217,14161,98,ok,
reaction-20260710T141732.186490574Z,fair-c100,2026-07-10T14:26:00.244638965Z,1783693560244,14096,89,ok,
reaction-20260710T141732.186490574Z,baseline-c100,2026-07-10T14:26:01.213671621Z,1783693561213,13960,90,ok,
reaction-20260710T141732.186490574Z,fair-c100,2026-07-10T14:26:01.240525156Z,1783693561240,13933,98,ok,
reaction-20260710T141732.186490574Z,baseline-c100,2026-07-10T14:26:02.214957291Z,1783693562214,13868,90,ok,
reaction-20260710T141732.186490574Z,fair-c100,2026-07-10T14:26:02.244278303Z,1783693562244,14293,108,ok,
reaction-20260710T141732.186490574Z,baseline-c100,2026-07-10T14:26:03.217131862Z,1783693563217,13941,86,ok,
reaction-20260710T141732.186490574Z,fair-c100,2026-07-10T14:26:03.245161612Z,1783693563245,13907,96,ok,
reaction-20260710T141732.186490574Z,baseline-c100,2026-07-10T14:26:04.2167744Z,1783693564216,14027,90,ok,
reaction-20260710T141732.186490574Z,fair-c100,2026-07-10T14:26:04.245546503Z,1783693564245,13901,94,ok,
reaction-20260710T141732.186490574Z,baseline-c100,2026-07-10T14:26:05.216810173Z,1783693565216,13831,89,ok,
reaction-20260710T141732.186490574Z,fair-c100,2026-07-10T14:26:05.244699898Z,1783693565244,13806,105,ok,
reaction-20260710T141732.186490574Z,baseline-c100,2026-07-10T14:26:06.214094233Z,1783693566214,13855,97,ok,
reaction-20260710T141732.186490574Z,fair-c100,2026-07-10T14:26:06.240547194Z,1783693566240,13742,81,ok,
reaction-20260710T141732.186490574Z,baseline-c100,2026-07-10T14:26:07.215936996Z,1783693567215,13719,103,ok,
reaction-20260710T141732.186490574Z,fair-c100,2026-07-10T14:26:07.242996958Z,1783693567242,13883,85,ok,
reaction-20260710T141732.186490574Z,baseline-c100,2026-07-10T14:26:08.216013801Z,1783693568216,14025,101,ok,
reaction-20260710T141732.186490574Z,fair-c100,2026-07-10T14:26:08.246656916Z,1783693568246,13640,84,ok,
reaction-20260710T141732.186490574Z,baseline-c100,2026-07-10T14:26:09.21604441Z,1783693569216,13896,86,ok,
reaction-20260710T141732.186490574Z,fair-c100,2026-07-10T14:26:09.245850005Z,1783693569245,13744,93,ok,
reaction-20260710T141732.186490574Z,baseline-c100,2026-07-10T14:26:10.218181283Z,1783693570218,13706,95,ok,
reaction-20260710T141732.186490574Z,fair-c100,2026-07-10T14:26:10.244143832Z,1783693570244,13704,103,ok,
reaction-20260710T141732.186490574Z,baseline-c100,2026-07-10T14:26:11.217810776Z,1783693571217,13669,91,ok,
reaction-20260710T141732.186490574Z,fair-c100,2026-07-10T14:26:11.244664294Z,1783693571244,13568,89,ok,
reaction-20260710T141732.186490574Z,baseline-c100,2026-07-10T14:26:12.213651398Z,1783693572213,13499,91,ok,
reaction-20260710T141732.186490574Z,fair-c100,2026-07-10T14:26:12.241249498Z,1783693572241,13490,99,ok,
reaction-20260710T141732.186490574Z,baseline-c100,2026-07-10T14:26:13.225126751Z,1783693573225,13670,97,ok,
reaction-20260710T141732.186490574Z,fair-c100,2026-07-10T14:26:13.255873211Z,1783693573255,13640,84,ok,
reaction-20260710T141732.186490574Z,baseline-c100,2026-07-10T14:26:14.215512859Z,1783693574215,13545,92,ok,
reaction-20260710T141732.186490574Z,fair-c100,2026-07-10T14:26:14.2425176Z,1783693574242,13436,93,ok,
reaction-20260710T141732.186490574Z,baseline-c100,2026-07-10T14:26:15.215194853Z,1783693575215,13579,82,ok,
reaction-20260710T141732.186490574Z,fair-c100,2026-07-10T14:26:15.241392571Z,1783693575241,13469,89,ok,
reaction-20260710T141732.186490574Z,baseline-c100,2026-07-10T14:26:16.214631899Z,1783693576214,13453,89,ok,
reaction-20260710T141732.186490574Z,fair-c100,2026-07-10T14:26:16.243321821Z,1783693576243,13609,88,ok,
reaction-20260710T141732.186490574Z,baseline-c100,2026-07-10T14:26:17.216310583Z,1783693577216,13352,96,ok,
reaction-20260710T141732.186490574Z,fair-c100,2026-07-10T14:26:17.244643221Z,1783693577244,13511,102,ok,
reaction-20260710T141732.186490574Z,baseline-c100,2026-07-10T14:26:18.221727278Z,1783693578221,13434,103,ok,
reaction-20260710T141732.186490574Z,fair-c100,2026-07-10T14:26:18.286645321Z,1783693578286,13431,99,ok,
reaction-20260710T141732.186490574Z,baseline-c100,2026-07-10T14:26:19.216229397Z,1783693579216,13377,89,ok,
reaction-20260710T141732.186490574Z,fair-c100,2026-07-10T14:26:19.246918916Z,1783693579246,13584,84,ok,
reaction-20260710T141732.186490574Z,baseline-c100,2026-07-10T14:26:20.219901366Z,1783693580219,13528,97,ok,
reaction-20260710T141732.186490574Z,fair-c100,2026-07-10T14:26:20.247605257Z,1783693580247,13324,89,ok,
reaction-20260710T141732.186490574Z,baseline-c100,2026-07-10T14:26:21.218244889Z,1783693581218,13234,105,ok,
reaction-20260710T141732.186490574Z,fair-c100,2026-07-10T14:26:21.24828171Z,1783693581248,13637,90,ok,
reaction-20260710T141732.186490574Z,baseline-c100,2026-07-10T14:26:22.216909881Z,1783693582216,13790,95,ok,
reaction-20260710T141732.186490574Z,fair-c100,2026-07-10T14:26:22.243640096Z,1783693582243,13096,96,ok,
reaction-20260710T141732.186490574Z,baseline-c100,2026-07-10T14:26:23.214872631Z,1783693583214,13616,94,ok,
reaction-20260710T141732.186490574Z,fair-c100,2026-07-10T14:26:23.245593407Z,1783693583245,13248,100,ok,
reaction-20260710T141732.186490574Z,baseline-c100,2026-07-10T14:26:24.216623724Z,1783693584216,13341,86,ok,
reaction-20260710T141732.186490574Z,fair-c100,2026-07-10T14:26:24.243555025Z,1783693584243,13190,85,ok,
reaction-20260710T141732.186490574Z,baseline-c100,2026-07-10T14:26:25.216736744Z,1783693585216,13061,85,ok,
reaction-20260710T141732.186490574Z,fair-c100,2026-07-10T14:26:25.246727517Z,1783693585246,13337,94,ok,
reaction-20260710T141732.186490574Z,baseline-c100,2026-07-10T14:26:26.219472949Z,1783693586219,13179,88,ok,
reaction-20260710T141732.186490574Z,fair-c100,2026-07-10T14:26:26.249037349Z,1783693586249,13096,96,ok,
reaction-20260710T141732.186490574Z,baseline-c100,2026-07-10T14:26:27.214628921Z,1783693587214,13005,88,ok,
reaction-20260710T141732.186490574Z,fair-c100,2026-07-10T14:26:27.246012052Z,1783693587246,13002,91,ok,
reaction-20260710T141732.186490574Z,baseline-c100,2026-07-10T14:26:28.218484766Z,1783693588218,13255,88,ok,
reaction-20260710T141732.186490574Z,fair-c100,2026-07-10T14:26:28.250706111Z,1783693588250,13415,99,ok,
reaction-20260710T141732.186490574Z,baseline-c100,2026-07-10T14:26:29.215334281Z,1783693589215,13093,89,ok,
reaction-20260710T141732.186490574Z,fair-c100,2026-07-10T14:26:29.242907777Z,1783693589242,13036,96,ok,
reaction-20260710T141732.186490574Z,baseline-c100,2026-07-10T14:26:30.21714039Z,1783693590217,12987,95,ok,
reaction-20260710T141732.186490574Z,fair-c100,2026-07-10T14:26:30.243866091Z,1783693590243,12890,102,ok,
reaction-20260710T141732.186490574Z,baseline-c100,2026-07-10T14:26:31.213923114Z,1783693591213,12818,91,ok,
reaction-20260710T141732.186490574Z,fair-c100,2026-07-10T14:26:31.242196404Z,1783693591242,12923,104,ok,
reaction-20260710T141732.186490574Z,baseline-c100,2026-07-10T14:26:32.216708289Z,1783693592216,12907,96,ok,
reaction-20260710T141732.186490574Z,fair-c100,2026-07-10T14:26:32.245485974Z,1783693592245,13123,105,ok,
reaction-20260710T141732.186490574Z,baseline-c100,2026-07-10T14:26:33.229436873Z,1783693593229,12927,92,ok,
reaction-20260710T141732.186490574Z,fair-c100,2026-07-10T14:26:33.263580111Z,1783693593263,12932,96,ok,
reaction-20260710T141732.186490574Z,baseline-c100,2026-07-10T14:26:34.217429254Z,1783693594217,12943,90,ok,
reaction-20260710T141732.186490574Z,fair-c100,2026-07-10T14:26:34.244835131Z,1783693594244,12675,84,ok,
reaction-20260710T141732.186490574Z,baseline-c100,2026-07-10T14:26:35.215990486Z,1783693595215,12650,84,ok,
reaction-20260710T141732.186490574Z,fair-c100,2026-07-10T14:26:35.247777883Z,1783693595247,12962,82,ok,
reaction-20260710T141732.186490574Z,baseline-c100,2026-07-10T14:26:36.217548598Z,1783693596217,13147,84,ok,
reaction-20260710T141732.186490574Z,fair-c100,2026-07-10T14:26:36.260781697Z,1783693596260,12657,86,ok,
reaction-20260710T141732.186490574Z,baseline-c100,2026-07-10T14:26:37.222453369Z,1783693597222,12676,95,ok,
reaction-20260710T141732.186490574Z,fair-c100,2026-07-10T14:26:37.258171633Z,1783693597258,12708,85,ok,
reaction-20260710T141732.186490574Z,baseline-c100,2026-07-10T14:26:38.21774935Z,1783693598217,12674,91,ok,
reaction-20260710T141732.186490574Z,fair-c100,2026-07-10T14:26:38.244802454Z,1783693598244,12782,89,ok,
reaction-20260710T141732.186490574Z,baseline-c100,2026-07-10T14:26:39.215676519Z,1783693599215,12729,84,ok,
reaction-20260710T141732.186490574Z,fair-c100,2026-07-10T14:26:39.289832427Z,1783693599289,12590,79,ok,
reaction-20260710T141732.186490574Z,baseline-c100,2026-07-10T14:26:40.217798627Z,1783693600217,12486,81,ok,
reaction-20260710T141732.186490574Z,fair-c100,2026-07-10T14:26:40.245835421Z,1783693600245,12601,87,ok,
reaction-20260710T141732.186490574Z,baseline-c100,2026-07-10T14:26:41.215743059Z,1783693601215,12695,99,ok,
reaction-20260710T141732.186490574Z,fair-c100,2026-07-10T14:26:41.244776814Z,1783693601244,12571,85,ok,
reaction-20260710T141732.186490574Z,baseline-c100,2026-07-10T14:26:42.217707444Z,1783693602217,12605,93,ok,
reaction-20260710T141732.186490574Z,fair-c100,2026-07-10T14:26:42.247816367Z,1783693602247,12488,103,ok,
reaction-20260710T141732.186490574Z,baseline-c100,2026-07-10T14:26:43.222348438Z,1783693603222,12547,80,ok,
reaction-20260710T141732.186490574Z,fair-c100,2026-07-10T14:26:43.250555172Z,1783693603250,13009,100,ok,
reaction-20260710T141732.186490574Z,baseline-c100,2026-07-10T14:26:44.222579519Z,1783693604222,12658,93,ok,
reaction-20260710T141732.186490574Z,fair-c100,2026-07-10T14:26:44.250866181Z,1783693604250,12588,84,ok,
reaction-20260710T141732.186490574Z,baseline-c100,2026-07-10T14:26:45.214704293Z,1783693605214,12406,84,ok,
reaction-20260710T141732.186490574Z,fair-c100,2026-07-10T14:26:45.240963007Z,1783693605240,12399,83,ok,
reaction-20260710T141732.186490574Z,baseline-c100,2026-07-10T14:26:46.21457664Z,1783693606214,12364,85,ok,
reaction-20260710T141732.186490574Z,fair-c100,2026-07-10T14:26:46.240985272Z,1783693606240,12298,97,ok,
reaction-20260710T141732.186490574Z,baseline-c100,2026-07-10T14:26:47.216695441Z,1783693607216,12386,83,ok,
reaction-20260710T141732.186490574Z,fair-c100,2026-07-10T14:26:47.245021767Z,1783693607245,12377,79,ok,
reaction-20260710T141732.186490574Z,baseline-c100,2026-07-10T14:26:48.216066231Z,1783693608216,12378,84,ok,
reaction-20260710T141732.186490574Z,fair-c100,2026-07-10T14:26:48.242470194Z,1783693608242,12341,98,ok,
reaction-20260710T141732.186490574Z,baseline-c100,2026-07-10T14:26:49.21436521Z,1783693609214,12534,83,ok,
reaction-20260710T141732.186490574Z,fair-c100,2026-07-10T14:26:49.240783731Z,1783693609240,12363,84,ok,
reaction-20260710T141732.186490574Z,baseline-c100,2026-07-10T14:26:50.214415321Z,1783693610214,12151,91,ok,
reaction-20260710T141732.186490574Z,fair-c100,2026-07-10T14:26:50.242183945Z,1783693610242,12576,94,ok,
reaction-20260710T141732.186490574Z,baseline-c100,2026-07-10T14:26:51.214728226Z,1783693611214,12192,90,ok,
reaction-20260710T141732.186490574Z,fair-c100,2026-07-10T14:26:51.24291672Z,1783693611242,12188,81,ok,
reaction-20260710T141732.186490574Z,baseline-c100,2026-07-10T14:26:52.215016314Z,1783693612215,12599,100,ok,
reaction-20260710T141732.186490574Z,fair-c100,2026-07-10T14:26:52.244599991Z,1783693612244,12213,90,ok,
reaction-20260710T141732.186490574Z,baseline-c100,2026-07-10T14:26:53.238351737Z,1783693613238,12308,92,ok,
reaction-20260710T141732.186490574Z,fair-c100,2026-07-10T14:26:53.265268413Z,1783693613265,12408,99,ok,
reaction-20260710T141732.186490574Z,baseline-c100,2026-07-10T14:26:54.215150645Z,1783693614215,12159,87,ok,
reaction-20260710T141732.186490574Z,fair-c100,2026-07-10T14:26:54.241494739Z,1783693614241,12013,109,ok,
reaction-20260710T141732.186490574Z,baseline-c100,2026-07-10T14:26:55.215820148Z,1783693615215,12140,85,ok,
reaction-20260710T141732.186490574Z,fair-c100,2026-07-10T14:26:55.244495014Z,1783693615244,12076,86,ok,
reaction-20260710T141732.186490574Z,baseline-c100,2026-07-10T14:26:56.215423432Z,1783693616215,11968,105,ok,
reaction-20260710T141732.186490574Z,fair-c100,2026-07-10T14:26:56.244724471Z,1783693616244,11975,108,ok,
reaction-20260710T141732.186490574Z,baseline-c100,2026-07-10T14:26:57.217465588Z,1783693617217,11968,105,ok,
reaction-20260710T141732.186490574Z,fair-c100,2026-07-10T14:26:57.24542467Z,1783693617245,11973,87,ok,
reaction-20260710T141732.186490574Z,baseline-c100,2026-07-10T14:26:58.215593615Z,1783693618215,11999,80,ok,
reaction-20260710T141732.186490574Z,fair-c100,2026-07-10T14:26:58.244564395Z,1783693618244,11989,79,ok,
reaction-20260710T141732.186490574Z,baseline-c100,2026-07-10T14:26:59.216457146Z,1783693619216,12171,80,ok,
reaction-20260710T141732.186490574Z,fair-c100,2026-07-10T14:26:59.246346795Z,1783693619246,12140,97,ok,
reaction-20260710T141732.186490574Z,baseline-c100,2026-07-10T14:27:00.217887901Z,1783693620217,12107,76,ok,
reaction-20260710T141732.186490574Z,fair-c100,2026-07-10T14:27:00.244910828Z,1783693620244,12073,109,ok,
reaction-20260710T141732.186490574Z,baseline-c100,2026-07-10T14:27:01.213982933Z,1783693621213,11809,93,ok,
reaction-20260710T141732.186490574Z,fair-c100,2026-07-10T14:27:01.23968994Z,1783693621239,11852,92,ok,
reaction-20260710T141732.186490574Z,baseline-c100,2026-07-10T14:27:02.216129015Z,1783693622216,11833,110,ok,
reaction-20260710T141732.186490574Z,fair-c100,2026-07-10T14:27:02.246727041Z,1783693622246,11809,86,ok,
reaction-20260710T141732.186490574Z,baseline-c100,2026-07-10T14:27:03.216876689Z,1783693623216,11721,96,ok,
reaction-20260710T141732.186490574Z,fair-c100,2026-07-10T14:27:03.245733208Z,1783693623245,11834,84,ok,
reaction-20260710T141732.186490574Z,baseline-c100,2026-07-10T14:27:04.214556603Z,1783693624214,11750,109,ok,
reaction-20260710T141732.186490574Z,fair-c100,2026-07-10T14:27:04.240523068Z,1783693624240,11753,95,ok,
reaction-20260710T141732.186490574Z,baseline-c100,2026-07-10T14:27:05.215726636Z,1783693625215,11757,85,ok,
reaction-20260710T141732.186490574Z,fair-c100,2026-07-10T14:27:05.243419335Z,1783693625243,11874,90,ok,
reaction-20260710T141732.186490574Z,baseline-c100,2026-07-10T14:27:06.214968382Z,1783693626214,11580,107,ok,
reaction-20260710T141732.186490574Z,fair-c100,2026-07-10T14:27:06.240298909Z,1783693626240,11548,94,ok,
reaction-20260710T141732.186490574Z,baseline-c100,2026-07-10T14:27:07.215299787Z,1783693627215,11773,77,ok,
reaction-20260710T141732.186490574Z,fair-c100,2026-07-10T14:27:07.243723842Z,1783693627243,11965,101,ok,
reaction-20260710T141732.186490574Z,baseline-c100,2026-07-10T14:27:08.218124776Z,1783693628218,11553,98,ok,
reaction-20260710T141732.186490574Z,fair-c100,2026-07-10T14:27:08.246056735Z,1783693628246,11687,87,ok,
reaction-20260710T141732.186490574Z,baseline-c100,2026-07-10T14:27:09.21820942Z,1783693629218,11618,103,ok,
reaction-20260710T141732.186490574Z,fair-c100,2026-07-10T14:27:09.246919568Z,1783693629246,11638,69,ok,
reaction-20260710T141732.186490574Z,baseline-c100,2026-07-10T14:27:10.216050803Z,1783693630216,11670,93,ok,
reaction-20260710T141732.186490574Z,fair-c100,2026-07-10T14:27:10.245833824Z,1783693630245,11668,86,ok,
reaction-20260710T141732.186490574Z,baseline-c100,2026-07-10T14:27:11.215005893Z,1783693631215,11386,101,ok,
reaction-20260710T141732.186490574Z,fair-c100,2026-07-10T14:27:11.243840544Z,1783693631243,11506,84,ok,
reaction-20260710T141732.186490574Z,baseline-c100,2026-07-10T14:27:12.216010956Z,1783693632216,11553,98,ok,
reaction-20260710T141732.186490574Z,fair-c100,2026-07-10T14:27:12.24268404Z,1783693632242,11440,87,ok,
reaction-20260710T141732.186490574Z,baseline-c100,2026-07-10T14:27:13.215265894Z,1783693633215,11767,105,ok,
reaction-20260710T141732.186490574Z,fair-c100,2026-07-10T14:27:13.247950152Z,1783693633247,11779,76,ok,
reaction-20260710T141732.186490574Z,baseline-c100,2026-07-10T14:27:14.218276883Z,1783693634218,11728,96,ok,
reaction-20260710T141732.186490574Z,fair-c100,2026-07-10T14:27:14.246346017Z,1783693634246,11453,83,ok,
reaction-20260710T141732.186490574Z,baseline-c100,2026-07-10T14:27:15.214131401Z,1783693635214,11280,89,ok,
reaction-20260710T141732.186490574Z,fair-c100,2026-07-10T14:27:15.24200858Z,1783693635242,11426,102,ok,
reaction-20260710T141732.186490574Z,baseline-c100,2026-07-10T14:27:16.214087677Z,1783693636214,11260,81,ok,
reaction-20260710T141732.186490574Z,fair-c100,2026-07-10T14:27:16.254684627Z,1783693636254,11548,87,ok,
reaction-20260710T141732.186490574Z,baseline-c100,2026-07-10T14:27:17.215333398Z,1783693637215,11337,86,ok,
reaction-20260710T141732.186490574Z,fair-c100,2026-07-10T14:27:17.241606463Z,1783693637241,11684,103,ok,
reaction-20260710T141732.186490574Z,baseline-c100,2026-07-10T14:27:18.219338496Z,1783693638219,11277,80,ok,
reaction-20260710T141732.186490574Z,fair-c100,2026-07-10T14:27:18.267883682Z,1783693638267,11438,94,ok,
reaction-20260710T141732.186490574Z,baseline-c100,2026-07-10T14:27:19.229019695Z,1783693639229,11278,72,ok,
reaction-20260710T141732.186490574Z,fair-c100,2026-07-10T14:27:19.260361197Z,1783693639260,11153,100,ok,
reaction-20260710T141732.186490574Z,baseline-c100,2026-07-10T14:27:20.216959751Z,1783693640216,11781,103,ok,
reaction-20260710T141732.186490574Z,fair-c100,2026-07-10T14:27:20.247803369Z,1783693640247,11303,91,ok,
reaction-20260710T141732.186490574Z,baseline-c100,2026-07-10T14:27:21.214974461Z,1783693641214,11250,96,ok,
reaction-20260710T141732.186490574Z,fair-c100,2026-07-10T14:27:21.24152255Z,1783693641241,11148,95,ok,
reaction-20260710T141732.186490574Z,baseline-c100,2026-07-10T14:27:22.215851176Z,1783693642215,11299,93,ok,
reaction-20260710T141732.186490574Z,fair-c100,2026-07-10T14:27:22.253567838Z,1783693642253,11236,100,ok,
reaction-20260710T141732.186490574Z,baseline-c100,2026-07-10T14:27:23.215557069Z,1783693643215,11230,102,ok,
reaction-20260710T141732.186490574Z,fair-c100,2026-07-10T14:27:23.243434792Z,1783693643243,11220,91,ok,
reaction-20260710T141732.186490574Z,baseline-c100,2026-07-10T14:27:24.215660235Z,1783693644215,11140,92,ok,
reaction-20260710T141732.186490574Z,fair-c100,2026-07-10T14:27:24.241557257Z,1783693644241,11129,92,ok,
reaction-20260710T141732.186490574Z,baseline-c100,2026-07-10T14:27:25.219891834Z,1783693645219,11154,76,ok,
reaction-20260710T141732.186490574Z,fair-c100,2026-07-10T14:27:25.2478054Z,1783693645247,11022,89,ok,
reaction-20260710T141732.186490574Z,baseline-c100,2026-07-10T14:27:26.215480805Z,1783693646215,11297,71,ok,
reaction-20260710T141732.186490574Z,fair-c100,2026-07-10T14:27:26.243230552Z,1783693646243,10984,84,ok,
reaction-20260710T141732.186490574Z,baseline-c100,2026-07-10T14:27:27.215690803Z,1783693647215,11053,102,ok,
reaction-20260710T141732.186490574Z,fair-c100,2026-07-10T14:27:27.243789448Z,1783693647243,11124,90,ok,
reaction-20260710T141732.186490574Z,baseline-c100,2026-07-10T14:27:28.217029455Z,1783693648217,10945,83,ok,
reaction-20260710T141732.186490574Z,fair-c100,2026-07-10T14:27:28.244227098Z,1783693648244,11084,91,ok,
reaction-20260710T141732.186490574Z,baseline-c100,2026-07-10T14:27:29.266295695Z,1783693649266,10884,95,ok,
reaction-20260710T141732.186490574Z,fair-c100,2026-07-10T14:27:29.324559866Z,1783693649324,11031,77,ok,
reaction-20260710T141732.186490574Z,baseline-c100,2026-07-10T14:27:30.21568719Z,1783693650215,10945,94,ok,
reaction-20260710T141732.186490574Z,fair-c100,2026-07-10T14:27:30.243727737Z,1783693650243,10808,92,ok,
reaction-20260710T141732.186490574Z,baseline-c100,2026-07-10T14:27:31.217956752Z,1783693651217,10813,83,ok,
reaction-20260710T141732.186490574Z,fair-c100,2026-07-10T14:27:31.246448969Z,1783693651246,10925,91,ok,
reaction-20260710T141732.186490574Z,baseline-c100,2026-07-10T14:27:32.216641938Z,1783693652216,10733,85,ok,
reaction-20260710T141732.186490574Z,fair-c100,2026-07-10T14:27:32.245399759Z,1783693652245,10835,81,ok,
reaction-20260710T141732.186490574Z,baseline-c100,2026-07-10T14:27:33.215955018Z,1783693653215,10771,95,ok,
reaction-20260710T141732.186490574Z,fair-c100,2026-07-10T14:27:33.246326932Z,1783693653246,10762,87,ok,
reaction-20260710T141732.186490574Z,baseline-c100,2026-07-10T14:27:34.231474664Z,1783693654231,10880,97,ok,
reaction-20260710T141732.186490574Z,fair-c100,2026-07-10T14:27:34.259281015Z,1783693654259,10636,94,ok,
reaction-20260710T141732.186490574Z,baseline-c100,2026-07-10T14:27:35.216721425Z,1783693655216,10675,91,ok,
reaction-20260710T141732.186490574Z,fair-c100,2026-07-10T14:27:35.245781518Z,1783693655245,10683,78,ok,
reaction-20260710T141732.186490574Z,baseline-c100,2026-07-10T14:27:36.215642901Z,1783693656215,10512,93,ok,
reaction-20260710T141732.186490574Z,fair-c100,2026-07-10T14:27:36.244374778Z,1783693656244,11003,86,ok,
reaction-20260710T141732.186490574Z,baseline-c100,2026-07-10T14:27:37.216048907Z,1783693657216,10611,79,ok,
reaction-20260710T141732.186490574Z,fair-c100,2026-07-10T14:27:37.242670298Z,1783693657242,10531,96,ok,
reaction-20260710T141732.186490574Z,baseline-c100,2026-07-10T14:27:38.216083227Z,1783693658216,10692,94,ok,
reaction-20260710T141732.186490574Z,fair-c100,2026-07-10T14:27:38.243958175Z,1783693658243,10572,85,ok,
reaction-20260710T141732.186490574Z,baseline-c100,2026-07-10T14:27:39.216335292Z,1783693659216,10471,98,ok,
reaction-20260710T141732.186490574Z,fair-c100,2026-07-10T14:27:39.244234693Z,1783693659244,10533,83,ok,
reaction-20260710T141732.186490574Z,baseline-c100,2026-07-10T14:27:40.216256595Z,1783693660216,10483,91,ok,
reaction-20260710T141732.186490574Z,fair-c100,2026-07-10T14:27:40.244810866Z,1783693660244,10559,89,ok,
reaction-20260710T141732.186490574Z,baseline-c100,2026-07-10T14:27:41.214888247Z,1783693661214,10402,91,ok,
reaction-20260710T141732.186490574Z,fair-c100,2026-07-10T14:27:41.241992919Z,1783693661241,10673,106,ok,
reaction-20260710T141732.186490574Z,baseline-c100,2026-07-10T14:27:42.216239094Z,1783693662216,10508,87,ok,
reaction-20260710T141732.186490574Z,fair-c100,2026-07-10T14:27:42.244729793Z,1783693662244,10523,86,ok,
reaction-20260710T141732.186490574Z,baseline-c100,2026-07-10T14:27:43.21693626Z,1783693663216,10537,100,ok,
reaction-20260710T141732.186490574Z,fair-c100,2026-07-10T14:27:43.24533553Z,1783693663245,10329,81,ok,
reaction-20260710T141732.186490574Z,baseline-c100,2026-07-10T14:27:44.214605103Z,1783693664214,10685,97,ok,
reaction-20260710T141732.186490574Z,fair-c100,2026-07-10T14:27:44.243782742Z,1783693664243,10433,86,ok,
reaction-20260710T141732.186490574Z,baseline-c100,2026-07-10T14:27:45.242320763Z,1783693665242,10298,101,ok,
reaction-20260710T141732.186490574Z,fair-c100,2026-07-10T14:27:45.269088678Z,1783693665269,10612,102,ok,
reaction-20260710T141732.186490574Z,baseline-c100,2026-07-10T14:27:46.21560171Z,1783693666215,10636,84,ok,
reaction-20260710T141732.186490574Z,fair-c100,2026-07-10T14:27:46.244070964Z,1783693666244,10229,92,ok,
reaction-20260710T141732.186490574Z,baseline-c100,2026-07-10T14:27:47.21630715Z,1783693667216,10303,79,ok,
reaction-20260710T141732.186490574Z,fair-c100,2026-07-10T14:27:47.244495247Z,1783693667244,10329,81,ok,
reaction-20260710T141732.186490574Z,baseline-c100,2026-07-10T14:27:48.21553664Z,1783693668215,10134,92,ok,
reaction-20260710T141732.186490574Z,fair-c100,2026-07-10T14:27:48.244979463Z,1783693668244,10428,94,ok,
reaction-20260710T141732.186490574Z,baseline-c100,2026-07-10T14:27:49.218170571Z,1783693669218,10375,92,ok,
reaction-20260710T141732.186490574Z,fair-c100,2026-07-10T14:27:49.248259172Z,1783693669248,10108,96,ok,
reaction-20260710T141732.186490574Z,baseline-c100,2026-07-10T14:27:50.218159213Z,1783693670218,10208,102,ok,
reaction-20260710T141732.186490574Z,fair-c100,2026-07-10T14:27:50.24714143Z,1783693670247,10028,92,ok,
reaction-20260710T141732.186490574Z,baseline-c100,2026-07-10T14:27:51.21729319Z,1783693671217,10050,100,ok,
reaction-20260710T141732.186490574Z,fair-c100,2026-07-10T14:27:51.245115175Z,1783693671245,10091,88,ok,
reaction-20260710T141732.186490574Z,baseline-c100,2026-07-10T14:27:52.217812625Z,1783693672217,10220,80,ok,
reaction-20260710T141732.186490574Z,fair-c100,2026-07-10T14:27:52.245869051Z,1783693672245,10299,89,ok,
reaction-20260710T141732.186490574Z,baseline-c100,2026-07-10T14:27:53.214379834Z,1783693673214,10063,85,ok,
reaction-20260710T141732.186490574Z,fair-c100,2026-07-10T14:27:53.242483644Z,1783693673242,10037,99,ok,
reaction-20260710T141732.186490574Z,baseline-c100,2026-07-10T14:27:54.215986885Z,1783693674215,10192,100,ok,
reaction-20260710T141732.186490574Z,fair-c100,2026-07-10T14:27:54.244220061Z,1783693674244,10113,90,ok,
reaction-20260710T141732.186490574Z,baseline-c100,2026-07-10T14:27:55.217333413Z,1783693675217,10058,96,ok,
reaction-20260710T141732.186490574Z,fair-c100,2026-07-10T14:27:55.246910176Z,1783693675246,10058,106,ok,
reaction-20260710T141732.186490574Z,baseline-c100,2026-07-10T14:27:56.218602741Z,1783693676218,10159,97,ok,
reaction-20260710T141732.186490574Z,fair-c100,2026-07-10T14:27:56.245735111Z,1783693676245,9853,90,ok,
reaction-20260710T141732.186490574Z,baseline-c100,2026-07-10T14:27:57.216884719Z,1783693677216,10131,92,ok,
reaction-20260710T141732.186490574Z,fair-c100,2026-07-10T14:27:57.245796275Z,1783693677245,10084,94,ok,
reaction-20260710T141732.186490574Z,baseline-c100,2026-07-10T14:27:58.216922401Z,1783693678216,9992,96,ok,
reaction-20260710T141732.186490574Z,fair-c100,2026-07-10T14:27:58.250592587Z,1783693678250,9790,99,ok,
reaction-20260710T141732.186490574Z,baseline-c100,2026-07-10T14:27:59.217041168Z,1783693679217,9845,93,ok,
reaction-20260710T141732.186490574Z,fair-c100,2026-07-10T14:27:59.248824526Z,1783693679248,9853,90,ok,
reaction-20260710T141732.186490574Z,baseline-c100,2026-07-10T14:28:00.218015762Z,1783693680218,9785,97,ok,
reaction-20260710T141732.186490574Z,fair-c100,2026-07-10T14:28:00.245858796Z,1783693680245,9858,96,ok,
reaction-20260710T141732.186490574Z,baseline-c100,2026-07-10T14:28:01.216324686Z,1783693681216,9699,95,ok,
reaction-20260710T141732.186490574Z,fair-c100,2026-07-10T14:28:01.246571877Z,1783693681246,10390,101,ok,
reaction-20260710T141732.186490574Z,baseline-c100,2026-07-10T14:28:02.215761191Z,1783693682215,9698,88,ok,
reaction-20260710T141732.186490574Z,fair-c100,2026-07-10T14:28:02.244644108Z,1783693682244,9894,85,ok,
reaction-20260710T141732.186490574Z,baseline-c100,2026-07-10T14:28:03.215433047Z,1783693683215,9679,88,ok,
reaction-20260710T141732.186490574Z,fair-c100,2026-07-10T14:28:03.242549558Z,1783693683242,9768,75,ok,
reaction-20260710T141732.186490574Z,baseline-c100,2026-07-10T14:28:04.215308185Z,1783693684215,9659,99,ok,
reaction-20260710T141732.186490574Z,fair-c100,2026-07-10T14:28:04.246039813Z,1783693684246,9620,84,ok,
reaction-20260710T141732.186490574Z,baseline-c100,2026-07-10T14:28:05.21393942Z,1783693685213,9679,97,ok,
reaction-20260710T141732.186490574Z,fair-c100,2026-07-10T14:28:05.242770741Z,1783693685242,9832,85,ok,
reaction-20260710T141732.186490574Z,baseline-c100,2026-07-10T14:28:06.215486941Z,1783693686215,9716,96,ok,
reaction-20260710T141732.186490574Z,fair-c100,2026-07-10T14:28:06.242040255Z,1783693686242,9513,90,ok,
reaction-20260710T141732.186490574Z,baseline-c100,2026-07-10T14:28:07.21534642Z,1783693687215,9419,95,ok,
reaction-20260710T141732.186490574Z,fair-c100,2026-07-10T14:28:07.242766677Z,1783693687242,9665,98,ok,
reaction-20260710T141732.186490574Z,baseline-c100,2026-07-10T14:28:08.217345402Z,1783693688217,9695,97,ok,
reaction-20260710T141732.186490574Z,fair-c100,2026-07-10T14:28:08.24583009Z,1783693688245,9630,82,ok,
reaction-20260710T141732.186490574Z,baseline-c100,2026-07-10T14:28:09.216176743Z,1783693689216,9680,88,ok,
reaction-20260710T141732.186490574Z,fair-c100,2026-07-10T14:28:09.244657955Z,1783693689244,9449,82,ok,
reaction-20260710T141732.186490574Z,baseline-c100,2026-07-10T14:28:10.215654076Z,1783693690215,9313,103,ok,
reaction-20260710T141732.186490574Z,fair-c100,2026-07-10T14:28:10.242752188Z,1783693690242,9473,85,ok,
reaction-20260710T141732.186490574Z,baseline-c100,2026-07-10T14:28:11.215360537Z,1783693691215,9419,95,ok,
reaction-20260710T141732.186490574Z,fair-c100,2026-07-10T14:28:11.247564329Z,1783693691247,9334,93,ok,
reaction-20260710T141732.186490574Z,baseline-c100,2026-07-10T14:28:12.217230398Z,1783693692217,9350,86,ok,
reaction-20260710T141732.186490574Z,fair-c100,2026-07-10T14:28:12.245334738Z,1783693692245,9401,95,ok,
reaction-20260710T141732.186490574Z,baseline-c100,2026-07-10T14:28:13.222896876Z,1783693693222,9305,93,ok,
reaction-20260710T141732.186490574Z,fair-c100,2026-07-10T14:28:13.251036821Z,1783693693251,9314,97,ok,
reaction-20260710T141732.186490574Z,baseline-c100,2026-07-10T14:28:14.244837741Z,1783693694244,9412,82,ok,
reaction-20260710T141732.186490574Z,fair-c100,2026-07-10T14:28:14.272825269Z,1783693694272,9391,81,ok,
reaction-20260710T141732.186490574Z,baseline-c100,2026-07-10T14:28:15.215470274Z,1783693695215,9320,100,ok,
reaction-20260710T141732.186490574Z,fair-c100,2026-07-10T14:28:15.242797466Z,1783693695242,9134,91,ok,
reaction-20260710T141732.186490574Z,baseline-c100,2026-07-10T14:28:16.217094159Z,1783693696217,9009,86,ok,
reaction-20260710T141732.186490574Z,fair-c100,2026-07-10T14:28:16.247556236Z,1783693696247,9375,100,ok,
reaction-20260710T141732.186490574Z,baseline-c100,2026-07-10T14:28:17.215765696Z,1783693697215,9046,88,ok,
reaction-20260710T141732.186490574Z,fair-c100,2026-07-10T14:28:17.244452226Z,1783693697244,9070,89,ok,
reaction-20260710T141732.186490574Z,baseline-c100,2026-07-10T14:28:18.228587749Z,1783693698228,9285,88,ok,
reaction-20260710T141732.186490574Z,fair-c100,2026-07-10T14:28:18.269313289Z,1783693698269,9096,92,ok,
reaction-20260710T141732.186490574Z,baseline-c100,2026-07-10T14:28:19.213750872Z,1783693699213,8969,82,ok,
reaction-20260710T141732.186490574Z,fair-c100,2026-07-10T14:28:19.28926671Z,1783693699289,9030,78,ok,
reaction-20260710T141732.186490574Z,baseline-c100,2026-07-10T14:28:20.213367962Z,1783693700213,9176,85,ok,
reaction-20260710T141732.186490574Z,fair-c100,2026-07-10T14:28:20.241827371Z,1783693700241,9070,89,ok,
reaction-20260710T141732.186490574Z,baseline-c100,2026-07-10T14:28:21.214389445Z,1783693701214,9134,91,ok,
reaction-20260710T141732.186490574Z,fair-c100,2026-07-10T14:28:21.24045949Z,1783693701240,9224,84,ok,
reaction-20260710T141732.186490574Z,baseline-c100,2026-07-10T14:28:22.216402768Z,1783693702216,8890,108,ok,
reaction-20260710T141732.186490574Z,fair-c100,2026-07-10T14:28:22.243542845Z,1783693702243,9022,84,ok,
reaction-20260710T141732.186490574Z,baseline-c100,2026-07-10T14:28:23.214908427Z,1783693703214,8759,100,ok,
reaction-20260710T141732.186490574Z,fair-c100,2026-07-10T14:28:23.24223283Z,1783693703242,8783,80,ok,
reaction-20260710T141732.186490574Z,baseline-c100,2026-07-10T14:28:24.383835873Z,1783693704383,8803,102,ok,
reaction-20260710T141732.186490574Z,fair-c100,2026-07-10T14:28:24.415510082Z,1783693704415,8842,82,ok,
reaction-20260710T141732.186490574Z,baseline-c100,2026-07-10T14:28:25.219276206Z,1783693705219,8645,97,ok,
reaction-20260710T141732.186490574Z,fair-c100,2026-07-10T14:28:25.246083712Z,1783693705246,8732,83,ok,
reaction-20260710T141732.186490574Z,baseline-c100,2026-07-10T14:28:26.23231058Z,1783693706232,8757,101,ok,
reaction-20260710T141732.186490574Z,fair-c100,2026-07-10T14:28:26.264377249Z,1783693706264,8732,83,ok,
reaction-20260710T141732.186490574Z,baseline-c100,2026-07-10T14:28:27.221177112Z,1783693707221,8614,96,ok,
reaction-20260710T141732.186490574Z,fair-c100,2026-07-10T14:28:27.250158688Z,1783693707250,8616,94,ok,
reaction-20260710T141732.186490574Z,baseline-c100,2026-07-10T14:28:28.219199803Z,1783693708219,8621,87,ok,
reaction-20260710T141732.186490574Z,fair-c100,2026-07-10T14:28:28.253779259Z,1783693708253,8824,78,ok,
reaction-20260710T141732.186490574Z,baseline-c100,2026-07-10T14:28:29.216739015Z,1783693709216,8449,87,ok,
reaction-20260710T141732.186490574Z,fair-c100,2026-07-10T14:28:29.246839631Z,1783693709246,8672,95,ok,
reaction-20260710T141732.186490574Z,baseline-c100,2026-07-10T14:28:30.215677504Z,1783693710215,8434,85,ok,
reaction-20260710T141732.186490574Z,fair-c100,2026-07-10T14:28:30.245079232Z,1783693710245,8604,92,ok,
reaction-20260710T141732.186490574Z,baseline-c100,2026-07-10T14:28:31.215946465Z,1783693711215,8663,96,ok,
reaction-20260710T141732.186490574Z,fair-c100,2026-07-10T14:28:31.245827153Z,1783693711245,8430,86,ok,
reaction-20260710T141732.186490574Z,baseline-c100,2026-07-10T14:28:32.221566379Z,1783693712221,8452,84,ok,
reaction-20260710T141732.186490574Z,fair-c100,2026-07-10T14:28:32.248304583Z,1783693712248,8713,79,ok,
reaction-20260710T141732.186490574Z,baseline-c100,2026-07-10T14:28:33.216303918Z,1783693713216,8363,82,ok,
reaction-20260710T141732.186490574Z,fair-c100,2026-07-10T14:28:33.245652445Z,1783693713245,8480,95,ok,
reaction-20260710T141732.186490574Z,baseline-c100,2026-07-10T14:28:34.216746633Z,1783693714216,8515,102,ok,
reaction-20260710T141732.186490574Z,fair-c100,2026-07-10T14:28:34.243170362Z,1783693714243,8321,90,ok,
reaction-20260710T141732.186490574Z,baseline-c100,2026-07-10T14:28:35.216679557Z,1783693715216,8475,94,ok,
reaction-20260710T141732.186490574Z,fair-c100,2026-07-10T14:28:35.244615371Z,1783693715244,8494,72,ok,
reaction-20260710T141732.186490574Z,baseline-c100,2026-07-10T14:28:36.219284838Z,1783693716219,8328,91,ok,
reaction-20260710T141732.186490574Z,fair-c100,2026-07-10T14:28:36.246155053Z,1783693716246,8260,97,ok,
reaction-20260710T141732.186490574Z,baseline-c100,2026-07-10T14:28:37.216143797Z,1783693717216,8167,99,ok,
reaction-20260710T141732.186490574Z,fair-c100,2026-07-10T14:28:37.246166592Z,1783693717246,8166,88,ok,
reaction-20260710T141732.186490574Z,baseline-c100,2026-07-10T14:28:38.21619093Z,1783693718216,8333,98,ok,
reaction-20260710T141732.186490574Z,fair-c100,2026-07-10T14:28:38.242668685Z,1783693718242,8120,91,ok,
reaction-20260710T141732.186490574Z,baseline-c100,2026-07-10T14:28:39.221792899Z,1783693719221,8117,85,ok,
reaction-20260710T141732.186490574Z,fair-c100,2026-07-10T14:28:39.251901972Z,1783693719251,8154,88,ok,
reaction-20260710T141732.186490574Z,baseline-c100,2026-07-10T14:28:40.21784617Z,1783693720217,8014,102,ok,
reaction-20260710T141732.186490574Z,fair-c100,2026-07-10T14:28:40.248272452Z,1783693720248,8202,91,ok,
reaction-20260710T141732.186490574Z,baseline-c100,2026-07-10T14:28:41.215906222Z,1783693721215,8046,101,ok,
reaction-20260710T141732.186490574Z,fair-c100,2026-07-10T14:28:41.241897873Z,1783693721241,7948,88,ok,
reaction-20260710T141732.186490574Z,baseline-c100,2026-07-10T14:28:42.216828807Z,1783693722216,7888,92,ok,
reaction-20260710T141732.186490574Z,fair-c100,2026-07-10T14:28:42.251436528Z,1783693722251,8316,89,ok,
reaction-20260710T141732.186490574Z,baseline-c100,2026-07-10T14:28:43.215022714Z,1783693723215,8538,95,ok,
reaction-20260710T141732.186490574Z,fair-c100,2026-07-10T14:28:43.246501443Z,1783693723246,8035,94,ok,
reaction-20260710T141732.186490574Z,baseline-c100,2026-07-10T14:28:44.21596738Z,1783693724215,7964,89,ok,
reaction-20260710T141732.186490574Z,fair-c100,2026-07-10T14:28:44.245932929Z,1783693724245,8057,85,ok,
reaction-20260710T141732.186490574Z,baseline-c100,2026-07-10T14:28:45.213521959Z,1783693725213,7709,96,ok,
reaction-20260710T141732.186490574Z,fair-c100,2026-07-10T14:28:45.241929382Z,1783693725241,7896,91,ok,
reaction-20260710T141732.186490574Z,baseline-c100,2026-07-10T14:28:46.215267137Z,1783693726215,7846,95,ok,
reaction-20260710T141732.186490574Z,fair-c100,2026-07-10T14:28:46.241190475Z,1783693726241,7953,92,ok,
reaction-20260710T141732.186490574Z,baseline-c100,2026-07-10T14:28:47.216130909Z,1783693727216,7654,104,ok,
reaction-20260710T141732.186490574Z,fair-c100,2026-07-10T14:28:47.243621891Z,1783693727243,8010,101,ok,
reaction-20260710T141732.186490574Z,baseline-c100,2026-07-10T14:28:48.214417345Z,1783693728214,7735,92,ok,
reaction-20260710T141732.186490574Z,fair-c100,2026-07-10T14:28:48.240372476Z,1783693728240,7858,95,ok,
reaction-20260710T141732.186490574Z,baseline-c100,2026-07-10T14:28:49.215708476Z,1783693729215,7554,97,ok,
reaction-20260710T141732.186490574Z,fair-c100,2026-07-10T14:28:49.24546715Z,1783693729245,7771,96,ok,
reaction-20260710T141732.186490574Z,baseline-c100,2026-07-10T14:28:50.215575023Z,1783693730215,7735,92,ok,
reaction-20260710T141732.186490574Z,fair-c100,2026-07-10T14:28:50.241630307Z,1783693730241,7675,89,ok,
reaction-20260710T141732.186490574Z,baseline-c100,2026-07-10T14:28:51.218867809Z,1783693731218,7681,88,ok,
reaction-20260710T141732.186490574Z,fair-c100,2026-07-10T14:28:51.246857984Z,1783693731246,7724,100,ok,
reaction-20260710T141732.186490574Z,baseline-c100,2026-07-10T14:28:52.217462665Z,1783693732217,7479,74,ok,
reaction-20260710T141732.186490574Z,fair-c100,2026-07-10T14:28:52.24603465Z,1783693732246,7667,83,ok,
reaction-20260710T141732.186490574Z,baseline-c100,2026-07-10T14:28:53.227949957Z,1783693733227,7708,96,ok,
reaction-20260710T141732.186490574Z,fair-c100,2026-07-10T14:28:53.258167457Z,1783693733258,7410,91,ok,
reaction-20260710T141732.186490574Z,baseline-c100,2026-07-10T14:28:54.276254378Z,1783693734276,7529,93,ok,
reaction-20260710T141732.186490574Z,fair-c100,2026-07-10T14:28:54.304916751Z,1783693734304,7466,100,ok,
reaction-20260710T141732.186490574Z,baseline-c100,2026-07-10T14:28:55.319310589Z,1783693735319,7666,104,ok,
reaction-20260710T141732.186490574Z,fair-c100,2026-07-10T14:28:55.348539699Z,1783693735348,7442,76,ok,
reaction-20260710T141732.186490574Z,baseline-c100,2026-07-10T14:28:56.327933852Z,1783693736327,7347,85,ok,
reaction-20260710T141732.186490574Z,fair-c100,2026-07-10T14:28:56.355445472Z,1783693736355,7372,83,ok,
reaction-20260710T141732.186490574Z,baseline-c100,2026-07-10T14:28:57.326675915Z,1783693737326,7324,88,ok,
reaction-20260710T141732.186490574Z,fair-c100,2026-07-10T14:28:57.354268484Z,1783693737354,7351,89,ok,
reaction-20260710T141732.186490574Z,baseline-c100,2026-07-10T14:28:58.219867918Z,1783693738219,7347,96,ok,
reaction-20260710T141732.186490574Z,fair-c100,2026-07-10T14:28:58.270721781Z,1783693738270,7379,93,ok,
reaction-20260710T141732.186490574Z,baseline-c100,2026-07-10T14:28:59.216016946Z,1783693739216,7159,94,ok,
reaction-20260710T141732.186490574Z,fair-c100,2026-07-10T14:28:59.242743727Z,1783693739242,7273,88,ok,
reaction-20260710T141732.186490574Z,baseline-c100,2026-07-10T14:29:00.216233605Z,1783693740216,7084,91,ok,
reaction-20260710T141732.186490574Z,fair-c100,2026-07-10T14:29:00.246066318Z,1783693740246,7462,96,ok,
reaction-20260710T141732.186490574Z,baseline-c100,2026-07-10T14:29:01.216866537Z,1783693741216,7210,95,ok,
reaction-20260710T141732.186490574Z,fair-c100,2026-07-10T14:29:01.243329769Z,1783693741243,7359,84,ok,
reaction-20260710T141732.186490574Z,baseline-c100,2026-07-10T14:29:02.219235844Z,1783693742219,7086,90,ok,
reaction-20260710T141732.186490574Z,fair-c100,2026-07-10T14:29:02.252063016Z,1783693742252,7194,73,ok,
reaction-20260710T141732.186490574Z,baseline-c100,2026-07-10T14:29:03.216788859Z,1783693743216,7109,94,ok,
reaction-20260710T141732.186490574Z,fair-c100,2026-07-10T14:29:03.243425197Z,1783693743243,7241,76,ok,
reaction-20260710T141732.186490574Z,baseline-c100,2026-07-10T14:29:04.21710517Z,1783693744217,7022,98,ok,
reaction-20260710T141732.186490574Z,fair-c100,2026-07-10T14:29:04.242551104Z,1783693744242,6975,93,ok,
reaction-20260710T141732.186490574Z,baseline-c100,2026-07-10T14:29:05.214026448Z,1783693745214,6824,84,ok,
reaction-20260710T141732.186490574Z,fair-c100,2026-07-10T14:29:05.241461085Z,1783693745241,6996,84,ok,
reaction-20260710T141732.186490574Z,baseline-c100,2026-07-10T14:29:06.21481346Z,1783693746214,6826,85,ok,
reaction-20260710T141732.186490574Z,fair-c100,2026-07-10T14:29:06.248347794Z,1783693746248,7065,108,ok,
reaction-20260710T141732.186490574Z,baseline-c100,2026-07-10T14:29:07.216319729Z,1783693747216,7051,87,ok,
reaction-20260710T141732.186490574Z,fair-c100,2026-07-10T14:29:07.243506401Z,1783693747243,6953,94,ok,
reaction-20260710T141732.186490574Z,baseline-c100,2026-07-10T14:29:08.216187906Z,1783693748216,6806,85,ok,
reaction-20260710T141732.186490574Z,fair-c100,2026-07-10T14:29:08.244878165Z,1783693748244,7062,85,ok,
reaction-20260710T141732.186490574Z,baseline-c100,2026-07-10T14:29:09.216746935Z,1783693749216,6703,96,ok,
reaction-20260710T141732.186490574Z,fair-c100,2026-07-10T14:29:09.242622109Z,1783693749242,6730,84,ok,
reaction-20260710T141732.186490574Z,baseline-c100,2026-07-10T14:29:10.215535692Z,1783693750215,6618,91,ok,
reaction-20260710T141732.186490574Z,fair-c100,2026-07-10T14:29:10.244085529Z,1783693750244,6846,93,ok,
reaction-20260710T141732.186490574Z,baseline-c100,2026-07-10T14:29:11.21591089Z,1783693751215,6863,96,ok,
reaction-20260710T141732.186490574Z,fair-c100,2026-07-10T14:29:11.242574403Z,1783693751242,6771,94,ok,
reaction-20260710T141732.186490574Z,baseline-c100,2026-07-10T14:29:12.216638797Z,1783693752216,6540,84,ok,
reaction-20260710T141732.186490574Z,fair-c100,2026-07-10T14:29:12.243215631Z,1783693752243,6709,89,ok,
reaction-20260710T141732.186490574Z,baseline-c100,2026-07-10T14:29:13.217648149Z,1783693753217,6650,85,ok,
reaction-20260710T141732.186490574Z,fair-c100,2026-07-10T14:29:13.245143101Z,1783693753245,6690,94,ok,
reaction-20260710T141732.186490574Z,baseline-c100,2026-07-10T14:29:14.216060444Z,1783693754216,6569,93,ok,
reaction-20260710T141732.186490574Z,fair-c100,2026-07-10T14:29:14.241450239Z,1783693754241,6595,93,ok,
reaction-20260710T141732.186490574Z,baseline-c100,2026-07-10T14:29:15.215916017Z,1783693755215,6466,102,ok,
reaction-20260710T141732.186490574Z,fair-c100,2026-07-10T14:29:15.243873005Z,1783693755243,6708,86,ok,
reaction-20260710T141732.186490574Z,baseline-c100,2026-07-10T14:29:16.223986051Z,1783693756223,6369,92,ok,
reaction-20260710T141732.186490574Z,fair-c100,2026-07-10T14:29:16.253793379Z,1783693756253,6662,92,ok,
reaction-20260710T141732.186490574Z,baseline-c100,2026-07-10T14:29:17.21901096Z,1783693757219,6302,89,ok,
reaction-20260710T141732.186490574Z,fair-c100,2026-07-10T14:29:17.248152243Z,1783693757248,6339,90,ok,
reaction-20260710T141732.186490574Z,baseline-c100,2026-07-10T14:29:18.21479675Z,1783693758214,6273,93,ok,
reaction-20260710T141732.186490574Z,fair-c100,2026-07-10T14:29:18.241603101Z,1783693758241,6319,97,ok,
reaction-20260710T141732.186490574Z,baseline-c100,2026-07-10T14:29:19.215287259Z,1783693759215,6230,90,ok,
reaction-20260710T141732.186490574Z,fair-c100,2026-07-10T14:29:19.242810901Z,1783693759242,6371,91,ok,
reaction-20260710T141732.186490574Z,baseline-c100,2026-07-10T14:29:20.215695266Z,1783693760215,6302,89,ok,
reaction-20260710T141732.186490574Z,fair-c100,2026-07-10T14:29:20.244160191Z,1783693760244,6734,75,ok,
reaction-20260710T141732.186490574Z,baseline-c100,2026-07-10T14:29:21.21935845Z,1783693761219,6301,89,ok,
reaction-20260710T141732.186490574Z,fair-c100,2026-07-10T14:29:21.246637271Z,1783693761246,6242,78,ok,
reaction-20260710T141732.186490574Z,baseline-c100,2026-07-10T14:29:22.220177182Z,1783693762220,6301,79,ok,
reaction-20260710T141732.186490574Z,fair-c100,2026-07-10T14:29:22.247837414Z,1783693762247,6240,80,ok,
reaction-20260710T141732.186490574Z,baseline-c100,2026-07-10T14:29:23.217901649Z,1783693763217,6208,82,ok,
reaction-20260710T141732.186490574Z,fair-c100,2026-07-10T14:29:23.246107409Z,1783693763246,6242,78,ok,
reaction-20260710T141732.186490574Z,baseline-c100,2026-07-10T14:29:24.216628021Z,1783693764216,6080,84,ok,
reaction-20260710T141732.186490574Z,fair-c100,2026-07-10T14:29:24.2438915Z,1783693764243,6125,98,ok,
reaction-20260710T141732.186490574Z,baseline-c100,2026-07-10T14:29:25.215472427Z,1783693765215,6041,91,ok,
reaction-20260710T141732.186490574Z,fair-c100,2026-07-10T14:29:25.24165467Z,1783693765241,6068,84,ok,
reaction-20260710T141732.186490574Z,baseline-c100,2026-07-10T14:29:26.219631176Z,1783693766219,6227,83,ok,
reaction-20260710T141732.186490574Z,fair-c100,2026-07-10T14:29:26.250982365Z,1783693766250,6125,98,ok,
reaction-20260710T141732.186490574Z,baseline-c100,2026-07-10T14:29:27.216507676Z,1783693767216,6066,91,ok,
reaction-20260710T141732.186490574Z,fair-c100,2026-07-10T14:29:27.243194734Z,1783693767243,6126,95,ok,
reaction-20260710T141732.186490574Z,baseline-c100,2026-07-10T14:29:28.216390789Z,1783693768216,5905,81,ok,
reaction-20260710T141732.186490574Z,fair-c100,2026-07-10T14:29:28.242873417Z,1783693768242,6374,86,ok,
reaction-20260710T141732.186490574Z,baseline-c100,2026-07-10T14:29:29.215589669Z,1783693769215,5725,79,ok,
reaction-20260710T141732.186490574Z,fair-c100,2026-07-10T14:29:29.241650189Z,1783693769241,5784,94,ok,
reaction-20260710T141732.186490574Z,baseline-c100,2026-07-10T14:29:30.2154484Z,1783693770215,5910,98,ok,
reaction-20260710T141732.186490574Z,fair-c100,2026-07-10T14:29:30.243392073Z,1783693770243,6144,84,ok,
reaction-20260710T141732.186490574Z,baseline-c100,2026-07-10T14:29:31.21656919Z,1783693771216,6097,95,ok,
reaction-20260710T141732.186490574Z,fair-c100,2026-07-10T14:29:31.244321357Z,1783693771244,5847,100,ok,
reaction-20260710T141732.186490574Z,baseline-c100,2026-07-10T14:29:32.215955539Z,1783693772215,5694,89,ok,
reaction-20260710T141732.186490574Z,fair-c100,2026-07-10T14:29:32.244604714Z,1783693772244,5880,94,ok,
reaction-20260710T141732.186490574Z,baseline-c100,2026-07-10T14:29:33.216971567Z,1783693773216,5687,85,ok,
reaction-20260710T141732.186490574Z,fair-c100,2026-07-10T14:29:33.244473635Z,1783693773244,5815,85,ok,
reaction-20260710T141732.186490574Z,baseline-c100,2026-07-10T14:29:34.217759093Z,1783693774217,5745,91,ok,
reaction-20260710T141732.186490574Z,fair-c100,2026-07-10T14:29:34.245093888Z,1783693774245,5786,94,ok,
reaction-20260710T141732.186490574Z,baseline-c100,2026-07-10T14:29:35.217165187Z,1783693775217,5577,88,ok,
reaction-20260710T141732.186490574Z,fair-c100,2026-07-10T14:29:35.243090238Z,1783693775243,5535,106,ok,
reaction-20260710T141732.186490574Z,baseline-c100,2026-07-10T14:29:36.216071496Z,1783693776216,5491,90,ok,
reaction-20260710T141732.186490574Z,fair-c100,2026-07-10T14:29:36.243800525Z,1783693776243,5594,93,ok,
reaction-20260710T141732.186490574Z,baseline-c100,2026-07-10T14:29:37.219325999Z,1783693777219,5588,83,ok,
reaction-20260710T141732.186490574Z,fair-c100,2026-07-10T14:29:37.249674538Z,1783693777249,5500,101,ok,
reaction-20260710T141732.186490574Z,baseline-c100,2026-07-10T14:29:38.215720745Z,1783693778215,5429,84,ok,
reaction-20260710T141732.186490574Z,fair-c100,2026-07-10T14:29:38.242251982Z,1783693778242,5497,97,ok,
reaction-20260710T141732.186490574Z,baseline-c100,2026-07-10T14:29:39.216568829Z,1783693779216,5440,91,ok,
reaction-20260710T141732.186490574Z,fair-c100,2026-07-10T14:29:39.242507887Z,1783693779242,5357,96,ok,
reaction-20260710T141732.186490574Z,baseline-c100,2026-07-10T14:29:40.218762626Z,1783693780218,5298,90,ok,
reaction-20260710T141732.186490574Z,fair-c100,2026-07-10T14:29:40.247088787Z,1783693780247,5639,100,ok,
reaction-20260710T141732.186490574Z,baseline-c100,2026-07-10T14:29:41.215081347Z,1783693781215,5315,90,ok,
reaction-20260710T141732.186490574Z,fair-c100,2026-07-10T14:29:41.242260589Z,1783693781242,5440,77,ok,
reaction-20260710T141732.186490574Z,baseline-c100,2026-07-10T14:29:42.215522923Z,1783693782215,5390,98,ok,
reaction-20260710T141732.186490574Z,fair-c100,2026-07-10T14:29:42.24242628Z,1783693782242,5274,87,ok,
reaction-20260710T141732.186490574Z,baseline-c100,2026-07-10T14:29:43.215931861Z,1783693783215,5397,103,ok,
reaction-20260710T141732.186490574Z,fair-c100,2026-07-10T14:29:43.243012536Z,1783693783243,5545,104,ok,
reaction-20260710T141732.186490574Z,baseline-c100,2026-07-10T14:29:44.389674782Z,1783693784389,5297,81,ok,
reaction-20260710T141732.186490574Z,fair-c100,2026-07-10T14:29:44.420242087Z,1783693784420,5154,77,ok,
reaction-20260710T141732.186490574Z,baseline-c100,2026-07-10T14:29:45.215254494Z,1783693785215,5041,88,ok,
reaction-20260710T141732.186490574Z,fair-c100,2026-07-10T14:29:45.242579508Z,1783693785242,5491,94,ok,
reaction-20260710T141732.186490574Z,baseline-c100,2026-07-10T14:29:46.2177958Z,1783693786217,5170,89,ok,
reaction-20260710T141732.186490574Z,fair-c100,2026-07-10T14:29:46.245060024Z,1783693786245,5303,89,ok,
reaction-20260710T141732.186490574Z,baseline-c100,2026-07-10T14:29:47.214586204Z,1783693787214,4959,90,ok,
reaction-20260710T141732.186490574Z,fair-c100,2026-07-10T14:29:47.242049823Z,1783693787242,5035,88,ok,
reaction-20260710T141732.186490574Z,baseline-c100,2026-07-10T14:29:48.21613321Z,1783693788216,4994,82,ok,
reaction-20260710T141732.186490574Z,fair-c100,2026-07-10T14:29:48.243137348Z,1783693788243,4995,78,ok,
reaction-20260710T141732.186490574Z,baseline-c100,2026-07-10T14:29:49.217438968Z,1783693789217,5632,93,ok,
reaction-20260710T141732.186490574Z,fair-c100,2026-07-10T14:29:49.246222258Z,1783693789246,5127,85,ok,
reaction-20260710T141732.186490574Z,baseline-c100,2026-07-10T14:29:50.217317175Z,1783693790217,4867,87,ok,
reaction-20260710T141732.186490574Z,fair-c100,2026-07-10T14:29:50.246445651Z,1783693790246,5103,89,ok,
reaction-20260710T141732.186490574Z,baseline-c100,2026-07-10T14:29:51.216738724Z,1783693791216,4954,83,ok,
reaction-20260710T141732.186490574Z,fair-c100,2026-07-10T14:29:51.244474613Z,1783693791244,5013,86,ok,
reaction-20260710T141732.186490574Z,baseline-c100,2026-07-10T14:29:52.216434514Z,1783693792216,4997,95,ok,
reaction-20260710T141732.186490574Z,fair-c100,2026-07-10T14:29:52.244204432Z,1783693792244,4961,98,ok,
reaction-20260710T141732.186490574Z,baseline-c100,2026-07-10T14:29:53.217236282Z,1783693793217,4776,78,ok,
reaction-20260710T141732.186490574Z,fair-c100,2026-07-10T14:29:53.246836211Z,1783693793246,5066,77,ok,
reaction-20260710T141732.186490574Z,baseline-c100,2026-07-10T14:29:54.217963022Z,1783693794217,4758,81,ok,
reaction-20260710T141732.186490574Z,fair-c100,2026-07-10T14:29:54.245880729Z,1783693794245,4859,93,ok,
reaction-20260710T141732.186490574Z,baseline-c100,2026-07-10T14:29:55.215974565Z,1783693795215,4642,98,ok,
reaction-20260710T141732.186490574Z,fair-c100,2026-07-10T14:29:55.245075717Z,1783693795245,4666,91,ok,
reaction-20260710T141732.186490574Z,baseline-c100,2026-07-10T14:29:56.217045257Z,1783693796217,4965,95,ok,
reaction-20260710T141732.186490574Z,fair-c100,2026-07-10T14:29:56.245047568Z,1783693796245,4777,84,ok,
reaction-20260710T141732.186490574Z,baseline-c100,2026-07-10T14:29:57.217720378Z,1783693797217,4593,97,ok,
reaction-20260710T141732.186490574Z,fair-c100,2026-07-10T14:29:57.246181022Z,1783693797246,4789,101,ok,
reaction-20260710T141732.186490574Z,baseline-c100,2026-07-10T14:29:58.216794322Z,1783693798216,4642,98,ok,
reaction-20260710T141732.186490574Z,fair-c100,2026-07-10T14:29:58.244855285Z,1783693798244,4666,91,ok,
reaction-20260710T141732.186490574Z,baseline-c100,2026-07-10T14:29:59.218226086Z,1783693799218,4491,100,ok,
reaction-20260710T141732.186490574Z,fair-c100,2026-07-10T14:29:59.245799205Z,1783693799245,4463,89,ok,
reaction-20260710T141732.186490574Z,baseline-c100,2026-07-10T14:30:00.216927548Z,1783693800216,4522,104,ok,
reaction-20260710T141732.186490574Z,fair-c100,2026-07-10T14:30:00.24587534Z,1783693800245,4781,93,ok,
reaction-20260710T141732.186490574Z,baseline-c100,2026-07-10T14:30:01.217847297Z,1783693801217,4573,76,ok,
reaction-20260710T141732.186490574Z,fair-c100,2026-07-10T14:30:01.250439938Z,1783693801250,4668,88,ok,
reaction-20260710T141732.186490574Z,baseline-c100,2026-07-10T14:30:02.217385459Z,1783693802217,4434,96,ok,
reaction-20260710T141732.186490574Z,fair-c100,2026-07-10T14:30:02.244763084Z,1783693802244,4443,85,ok,
reaction-20260710T141732.186490574Z,baseline-c100,2026-07-10T14:30:03.219101125Z,1783693803219,4491,100,ok,
reaction-20260710T141732.186490574Z,fair-c100,2026-07-10T14:30:03.247503879Z,1783693803247,4445,81,ok,
reaction-20260710T141732.186490574Z,baseline-c100,2026-07-10T14:30:04.224172758Z,1783693804224,4482,90,ok,
reaction-20260710T141732.186490574Z,fair-c100,2026-07-10T14:30:04.254365897Z,1783693804254,4443,85,ok,
reaction-20260710T141732.186490574Z,baseline-c100,2026-07-10T14:30:05.215866761Z,1783693805215,4203,82,ok,
reaction-20260710T141732.186490574Z,fair-c100,2026-07-10T14:30:05.243529133Z,1783693805243,4484,80,ok,
reaction-20260710T141732.186490574Z,baseline-c100,2026-07-10T14:30:06.21769275Z,1783693806217,4328,87,ok,
reaction-20260710T141732.186490574Z,fair-c100,2026-07-10T14:30:06.246811516Z,1783693806246,4275,79,ok,
reaction-20260710T141732.186490574Z,baseline-c100,2026-07-10T14:30:07.221253438Z,1783693807221,4181,94,ok,
reaction-20260710T141732.186490574Z,fair-c100,2026-07-10T14:30:07.24945143Z,1783693807249,4215,85,ok,
reaction-20260710T141732.186490574Z,baseline-c100,2026-07-10T14:30:08.21799748Z,1783693808217,4009,88,ok,
reaction-20260710T141732.186490574Z,fair-c100,2026-07-10T14:30:08.24836585Z,1783693808248,4196,75,ok,
reaction-20260710T141732.186490574Z,baseline-c100,2026-07-10T14:30:09.223472726Z,1783693809223,4203,82,ok,
reaction-20260710T141732.186490574Z,fair-c100,2026-07-10T14:30:09.253657972Z,1783693809253,4170,85,ok,
reaction-20260710T141732.186490574Z,baseline-c100,2026-07-10T14:30:10.218773293Z,1783693810218,4022,93,ok,
reaction-20260710T141732.186490574Z,fair-c100,2026-07-10T14:30:10.246471967Z,1783693810246,4114,88,ok,
reaction-20260710T141732.186490574Z,baseline-c100,2026-07-10T14:30:11.215744051Z,1783693811215,3937,92,ok,
reaction-20260710T141732.186490574Z,fair-c100,2026-07-10T14:30:11.245566653Z,1783693811245,4190,77,ok,
reaction-20260710T141732.186490574Z,baseline-c100,2026-07-10T14:30:12.224390415Z,1783693812224,3863,98,ok,
reaction-20260710T141732.186490574Z,fair-c100,2026-07-10T14:30:12.259250749Z,1783693812259,4123,90,ok,
reaction-20260710T141732.186490574Z,baseline-c100,2026-07-10T14:30:13.215817728Z,1783693813215,3892,94,ok,
reaction-20260710T141732.186490574Z,fair-c100,2026-07-10T14:30:13.247114166Z,1783693813247,3821,91,ok,
reaction-20260710T141732.186490574Z,baseline-c100,2026-07-10T14:30:14.216888988Z,1783693814216,3818,95,ok,
reaction-20260710T141732.186490574Z,fair-c100,2026-07-10T14:30:14.244614365Z,1783693814244,3867,87,ok,
reaction-20260710T141732.186490574Z,baseline-c100,2026-07-10T14:30:15.216708802Z,1783693815216,3770,92,ok,
reaction-20260710T141732.186490574Z,fair-c100,2026-07-10T14:30:15.244747915Z,1783693815244,4031,80,ok,
reaction-20260710T141732.186490574Z,baseline-c100,2026-07-10T14:30:16.216631537Z,1783693816216,4147,89,ok,
reaction-20260710T141732.186490574Z,fair-c100,2026-07-10T14:30:16.243753231Z,1783693816243,3775,90,ok,
reaction-20260710T141732.186490574Z,baseline-c100,2026-07-10T14:30:17.217426454Z,1783693817217,3700,91,ok,
reaction-20260710T141732.186490574Z,fair-c100,2026-07-10T14:30:17.244076108Z,1783693817244,3676,90,ok,
reaction-20260710T141732.186490574Z,baseline-c100,2026-07-10T14:30:18.218277779Z,1783693818218,3667,103,ok,
reaction-20260710T141732.186490574Z,fair-c100,2026-07-10T14:30:18.249137288Z,1783693818249,3836,97,ok,
reaction-20260710T141732.186490574Z,baseline-c100,2026-07-10T14:30:19.219989612Z,1783693819219,3780,95,ok,
reaction-20260710T141732.186490574Z,fair-c100,2026-07-10T14:30:19.247936042Z,1783693819247,3606,92,ok,
reaction-20260710T141732.186490574Z,baseline-c100,2026-07-10T14:30:20.217969851Z,1783693820217,3549,93,ok,
reaction-20260710T141732.186490574Z,fair-c100,2026-07-10T14:30:20.254131929Z,1783693820254,3606,92,ok,
reaction-20260710T141732.186490574Z,baseline-c100,2026-07-10T14:30:21.21838074Z,1783693821218,3835,91,ok,
reaction-20260710T141732.186490574Z,fair-c100,2026-07-10T14:30:21.248822172Z,1783693821248,3722,97,ok,
reaction-20260710T141732.186490574Z,baseline-c100,2026-07-10T14:30:22.218308128Z,1783693822218,3626,87,ok,
reaction-20260710T141732.186490574Z,fair-c100,2026-07-10T14:30:22.245139065Z,1783693822245,3503,96,ok,
reaction-20260710T141732.186490574Z,baseline-c100,2026-07-10T14:30:23.216627368Z,1783693823216,3557,85,ok,
reaction-20260710T141732.186490574Z,fair-c100,2026-07-10T14:30:23.243836643Z,1783693823243,3563,93,ok,
reaction-20260710T141732.186490574Z,baseline-c100,2026-07-10T14:30:24.218701077Z,1783693824218,3426,86,ok,
reaction-20260710T141732.186490574Z,fair-c100,2026-07-10T14:30:24.247399807Z,1783693824247,3476,90,ok,
reaction-20260710T141732.186490574Z,baseline-c100,2026-07-10T14:30:25.218342109Z,1783693825218,3712,100,ok,
reaction-20260710T141732.186490574Z,fair-c100,2026-07-10T14:30:25.245473445Z,1783693825245,3546,95,ok,
reaction-20260710T141732.186490574Z,baseline-c100,2026-07-10T14:30:26.217966828Z,1783693826217,3258,87,ok,
reaction-20260710T141732.186490574Z,fair-c100,2026-07-10T14:30:26.247367197Z,1783693826247,3460,91,ok,
reaction-20260710T141732.186490574Z,baseline-c100,2026-07-10T14:30:27.224899419Z,1783693827224,3468,86,ok,
reaction-20260710T141732.186490574Z,fair-c100,2026-07-10T14:30:27.251781391Z,1783693827251,3242,95,ok,
reaction-20260710T141732.186490574Z,baseline-c100,2026-07-10T14:30:28.217755299Z,1783693828217,3162,96,ok,
reaction-20260710T141732.186490574Z,fair-c100,2026-07-10T14:30:28.245796102Z,1783693828245,3225,98,ok,
reaction-20260710T141732.186490574Z,baseline-c100,2026-07-10T14:30:29.216044457Z,1783693829216,3105,86,ok,
reaction-20260710T141732.186490574Z,fair-c100,2026-07-10T14:30:29.248888153Z,1783693829248,3438,92,ok,
reaction-20260710T141732.186490574Z,baseline-c100,2026-07-10T14:30:30.215057107Z,1783693830215,3112,106,ok,
reaction-20260710T141732.186490574Z,fair-c100,2026-07-10T14:30:30.242445339Z,1783693830242,3388,93,ok,
reaction-20260710T141732.186490574Z,baseline-c100,2026-07-10T14:30:31.216721204Z,1783693831216,3112,106,ok,
reaction-20260710T141732.186490574Z,fair-c100,2026-07-10T14:30:31.244385585Z,1783693831244,3215,91,ok,
reaction-20260710T141732.186490574Z,baseline-c100,2026-07-10T14:30:32.217625949Z,1783693832217,3082,92,ok,
reaction-20260710T141732.186490574Z,fair-c100,2026-07-10T14:30:32.244053719Z,1783693832244,3123,96,ok,
reaction-20260710T141732.186490574Z,baseline-c100,2026-07-10T14:30:33.216892665Z,1783693833216,2899,92,ok,
reaction-20260710T141732.186490574Z,fair-c100,2026-07-10T14:30:33.244109975Z,1783693833244,2979,88,ok,
reaction-20260710T141732.186490574Z,baseline-c100,2026-07-10T14:30:34.21679861Z,1783693834216,3256,92,ok,
reaction-20260710T141732.186490574Z,fair-c100,2026-07-10T14:30:34.24380562Z,1783693834243,3054,90,ok,
reaction-20260710T141732.186490574Z,baseline-c100,2026-07-10T14:30:35.215732448Z,1783693835215,2970,88,ok,
reaction-20260710T141732.186490574Z,fair-c100,2026-07-10T14:30:35.24182988Z,1783693835241,2967,84,ok,
reaction-20260710T141732.186490574Z,baseline-c100,2026-07-10T14:30:36.218047338Z,1783693836218,2906,88,ok,
reaction-20260710T141732.186490574Z,fair-c100,2026-07-10T14:30:36.248796271Z,1783693836248,3216,91,ok,
reaction-20260710T141732.186490574Z,baseline-c100,2026-07-10T14:30:37.325535174Z,1783693837325,2960,104,ok,
reaction-20260710T141732.186490574Z,fair-c100,2026-07-10T14:30:37.361850233Z,1783693837361,3010,92,ok,
reaction-20260710T141732.186490574Z,baseline-c100,2026-07-10T14:30:38.218434666Z,1783693838218,2817,84,ok,
reaction-20260710T141732.186490574Z,fair-c100,2026-07-10T14:30:38.246649608Z,1783693838246,3054,90,ok,
reaction-20260710T141732.186490574Z,baseline-c100,2026-07-10T14:30:39.21565936Z,1783693839215,2641,94,ok,
reaction-20260710T141732.186490574Z,fair-c100,2026-07-10T14:30:39.244472614Z,1783693839244,2853,75,ok,
reaction-20260710T141732.186490574Z,baseline-c100,2026-07-10T14:30:40.219013736Z,1783693840219,2720,98,ok,
reaction-20260710T141732.186490574Z,fair-c100,2026-07-10T14:30:40.24769529Z,1783693840247,2776,94,ok,
reaction-20260710T141732.186490574Z,baseline-c100,2026-07-10T14:30:41.21659764Z,1783693841216,2751,90,ok,
reaction-20260710T141732.186490574Z,fair-c100,2026-07-10T14:30:41.246126726Z,1783693841246,2734,85,ok,
reaction-20260710T141732.186490574Z,baseline-c100,2026-07-10T14:30:42.217408519Z,1783693842217,2596,90,ok,
reaction-20260710T141732.186490574Z,fair-c100,2026-07-10T14:30:42.246061634Z,1783693842246,2630,88,ok,
reaction-20260710T141732.186490574Z,baseline-c100,2026-07-10T14:30:43.217561767Z,1783693843217,2457,79,ok,
reaction-20260710T141732.186490574Z,fair-c100,2026-07-10T14:30:43.246277335Z,1783693843246,2738,81,ok,
reaction-20260710T141732.186490574Z,baseline-c100,2026-07-10T14:30:44.218472716Z,1783693844218,2416,77,ok,
reaction-20260710T141732.186490574Z,fair-c100,2026-07-10T14:30:44.247094244Z,1783693844247,2717,77,ok,
reaction-20260710T141732.186490574Z,baseline-c100,2026-07-10T14:30:45.216243047Z,1783693845216,2630,69,ok,
reaction-20260710T141732.186490574Z,fair-c100,2026-07-10T14:30:45.243945006Z,1783693845243,2849,76,ok,
reaction-20260710T141732.186490574Z,baseline-c100,2026-07-10T14:30:46.21599447Z,1783693846215,2446,70,ok,
reaction-20260710T141732.186490574Z,fair-c100,2026-07-10T14:30:46.244257992Z,1783693846244,2634,73,ok,
reaction-20260710T141732.186490574Z,baseline-c100,2026-07-10T14:30:47.218288561Z,1783693847218,2540,100,ok,
reaction-20260710T141732.186490574Z,fair-c100,2026-07-10T14:30:47.246336613Z,1783693847246,2565,86,ok,
reaction-20260710T141732.186490574Z,baseline-c100,2026-07-10T14:30:48.238354856Z,1783693848238,2499,85,ok,
reaction-20260710T141732.186490574Z,fair-c100,2026-07-10T14:30:48.289251881Z,1783693848289,2470,94,ok,
reaction-20260710T141732.186490574Z,baseline-c100,2026-07-10T14:30:49.230612145Z,1783693849230,2318,80,ok,
reaction-20260710T141732.186490574Z,fair-c100,2026-07-10T14:30:49.352849845Z,1783693849352,2287,90,ok,
reaction-20260710T141732.186490574Z,baseline-c100,2026-07-10T14:30:50.21649282Z,1783693850216,2112,97,ok,
reaction-20260710T141732.186490574Z,fair-c100,2026-07-10T14:30:50.243523247Z,1783693850243,2445,81,ok,
reaction-20260710T141732.186490574Z,baseline-c100,2026-07-10T14:30:51.217323685Z,1783693851217,2184,91,ok,
reaction-20260710T141732.186490574Z,fair-c100,2026-07-10T14:30:51.2448839Z,1783693851244,2460,80,ok,
reaction-20260710T141732.186490574Z,baseline-c100,2026-07-10T14:30:52.221028418Z,1783693852221,2132,96,ok,
reaction-20260710T141732.186490574Z,fair-c100,2026-07-10T14:30:52.250636132Z,1783693852250,2287,90,ok,
reaction-20260710T141732.186490574Z,baseline-c100,2026-07-10T14:30:53.223115464Z,1783693853223,2065,78,ok,
reaction-20260710T141732.186490574Z,fair-c100,2026-07-10T14:30:53.252824621Z,1783693853252,2166,96,ok,
reaction-20260710T141732.186490574Z,baseline-c100,2026-07-10T14:30:54.216908164Z,1783693854216,2057,104,ok,
reaction-20260710T141732.186490574Z,fair-c100,2026-07-10T14:30:54.243123007Z,1783693854243,2388,88,ok,
reaction-20260710T141732.186490574Z,baseline-c100,2026-07-10T14:30:55.217634102Z,1783693855217,1931,85,ok,
reaction-20260710T141732.186490574Z,fair-c100,2026-07-10T14:30:55.249587689Z,1783693855249,2553,96,ok,
reaction-20260710T141732.186490574Z,baseline-c100,2026-07-10T14:30:56.217119222Z,1783693856217,1938,91,ok,
reaction-20260710T141732.186490574Z,fair-c100,2026-07-10T14:30:56.245369824Z,1783693856245,2145,96,ok,
reaction-20260710T141732.186490574Z,baseline-c100,2026-07-10T14:30:57.215848318Z,1783693857215,2137,91,ok,
reaction-20260710T141732.186490574Z,fair-c100,2026-07-10T14:30:57.244498927Z,1783693857244,2054,89,ok,
reaction-20260710T141732.186490574Z,baseline-c100,2026-07-10T14:30:58.215265774Z,1783693858215,1916,85,ok,
reaction-20260710T141732.186490574Z,fair-c100,2026-07-10T14:30:58.242028733Z,1783693858242,1907,83,ok,
reaction-20260710T141732.186490574Z,baseline-c100,2026-07-10T14:30:59.214937859Z,1783693859214,1697,91,ok,
reaction-20260710T141732.186490574Z,fair-c100,2026-07-10T14:30:59.24051675Z,1783693859240,1929,95,ok,
reaction-20260710T141732.186490574Z,baseline-c100,2026-07-10T14:31:00.216752324Z,1783693860216,1836,78,ok,
reaction-20260710T141732.186490574Z,fair-c100,2026-07-10T14:31:00.244764414Z,1783693860244,1929,95,ok,
reaction-20260710T141732.186490574Z,baseline-c100,2026-07-10T14:31:01.217598681Z,1783693861217,1705,94,ok,
reaction-20260710T141732.186490574Z,fair-c100,2026-07-10T14:31:01.24562858Z,1783693861245,2234,97,ok,
reaction-20260710T141732.186490574Z,baseline-c100,2026-07-10T14:31:02.217549344Z,1783693862217,1735,92,ok,
reaction-20260710T141732.186490574Z,fair-c100,2026-07-10T14:31:02.244692203Z,1783693862244,1797,90,ok,
reaction-20260710T141732.186490574Z,baseline-c100,2026-07-10T14:31:03.217495335Z,1783693863217,1645,97,ok,
reaction-20260710T141732.186490574Z,fair-c100,2026-07-10T14:31:03.251366638Z,1783693863251,1677,88,ok,
reaction-20260710T141732.186490574Z,baseline-c100,2026-07-10T14:31:04.227336607Z,1783693864227,1618,73,ok,
reaction-20260710T141732.186490574Z,fair-c100,2026-07-10T14:31:04.255841374Z,1783693864255,1776,89,ok,
reaction-20260710T141732.186490574Z,baseline-c100,2026-07-10T14:31:05.217644728Z,1783693865217,1646,91,ok,
reaction-20260710T141732.186490574Z,fair-c100,2026-07-10T14:31:05.245939361Z,1783693865245,1606,101,ok,
reaction-20260710T141732.186490574Z,baseline-c100,2026-07-10T14:31:06.216361282Z,1783693866216,1674,83,ok,
reaction-20260710T141732.186490574Z,fair-c100,2026-07-10T14:31:06.243769502Z,1783693866243,1733,98,ok,
reaction-20260710T141732.186490574Z,baseline-c100,2026-07-10T14:31:07.217207206Z,1783693867217,1623,82,ok,
reaction-20260710T141732.186490574Z,fair-c100,2026-07-10T14:31:07.245653472Z,1783693867245,1554,86,ok,
reaction-20260710T141732.186490574Z,baseline-c100,2026-07-10T14:31:08.217840074Z,1783693868217,1371,89,ok,
reaction-20260710T141732.186490574Z,fair-c100,2026-07-10T14:31:08.24681277Z,1783693868246,1574,81,ok,
reaction-20260710T141732.186490574Z,baseline-c100,2026-07-10T14:31:09.215185535Z,1783693869215,1371,89,ok,
reaction-20260710T141732.186490574Z,fair-c100,2026-07-10T14:31:09.244364641Z,1783693869244,1739,82,ok,
reaction-20260710T141732.186490574Z,baseline-c100,2026-07-10T14:31:10.217734095Z,1783693870217,1457,76,ok,
reaction-20260710T141732.186490574Z,fair-c100,2026-07-10T14:31:10.244557227Z,1783693870244,1334,88,ok,
reaction-20260710T141732.186490574Z,baseline-c100,2026-07-10T14:31:11.216296416Z,1783693871216,1518,65,ok,
reaction-20260710T141732.186490574Z,fair-c100,2026-07-10T14:31:11.244959427Z,1783693871244,1442,100,ok,
reaction-20260710T141732.186490574Z,baseline-c100,2026-07-10T14:31:12.217120133Z,1783693872217,1346,88,ok,
reaction-20260710T141732.186490574Z,fair-c100,2026-07-10T14:31:12.254246321Z,1783693872254,1454,95,ok,
reaction-20260710T141732.186490574Z,baseline-c100,2026-07-10T14:31:13.216787938Z,1783693873216,1230,90,ok,
reaction-20260710T141732.186490574Z,fair-c100,2026-07-10T14:31:13.245612598Z,1783693873245,1442,100,ok,
reaction-20260710T141732.186490574Z,baseline-c100,2026-07-10T14:31:14.221382354Z,1783693874221,1239,96,ok,
reaction-20260710T141732.186490574Z,fair-c100,2026-07-10T14:31:14.24936096Z,1783693874249,1344,84,ok,
reaction-20260710T141732.186490574Z,baseline-c100,2026-07-10T14:31:15.21586923Z,1783693875215,1279,85,ok,
reaction-20260710T141732.186490574Z,fair-c100,2026-07-10T14:31:15.24350235Z,1783693875243,1251,96,ok,
reaction-20260710T141732.186490574Z,baseline-c100,2026-07-10T14:31:16.215364523Z,1783693876215,1066,94,ok,
reaction-20260710T141732.186490574Z,fair-c100,2026-07-10T14:31:16.242645286Z,1783693876242,1221,87,ok,
reaction-20260710T141732.186490574Z,baseline-c100,2026-07-10T14:31:17.217118819Z,1783693877217,1117,88,ok,
reaction-20260710T141732.186490574Z,fair-c100,2026-07-10T14:31:17.244589359Z,1783693877244,1045,91,ok,
reaction-20260710T141732.186490574Z,baseline-c100,2026-07-10T14:31:18.21637241Z,1783693878216,921,97,ok,
reaction-20260710T141732.186490574Z,fair-c100,2026-07-10T14:31:18.243916749Z,1783693878243,1064,81,ok,
reaction-20260710T141732.186490574Z,baseline-c100,2026-07-10T14:31:19.216668944Z,1783693879216,1022,94,ok,
reaction-20260710T141732.186490574Z,fair-c100,2026-07-10T14:31:19.244766794Z,1783693879244,1229,71,ok,
reaction-20260710T141732.186490574Z,baseline-c100,2026-07-10T14:31:20.217574624Z,1783693880217,930,95,ok,
reaction-20260710T141732.186490574Z,fair-c100,2026-07-10T14:31:20.245754536Z,1783693880245,1072,78,ok,
reaction-20260710T141732.186490574Z,baseline-c100,2026-07-10T14:31:21.222139758Z,1783693881222,869,97,ok,
reaction-20260710T141732.186490574Z,fair-c100,2026-07-10T14:31:21.251010749Z,1783693881251,1005,104,ok,
reaction-20260710T141732.186490574Z,baseline-c100,2026-07-10T14:31:22.217107603Z,1783693882217,1066,102,ok,
reaction-20260710T141732.186490574Z,fair-c100,2026-07-10T14:31:22.246763684Z,1783693882246,1127,76,ok,
reaction-20260710T141732.186490574Z,baseline-c100,2026-07-10T14:31:23.230486574Z,1783693883230,965,88,ok,
reaction-20260710T141732.186490574Z,fair-c100,2026-07-10T14:31:23.262063303Z,1783693883262,918,102,ok,
reaction-20260710T141732.186490574Z,baseline-c100,2026-07-10T14:31:24.21622922Z,1783693884216,967,94,ok,
reaction-20260710T141732.186490574Z,fair-c100,2026-07-10T14:31:24.243660618Z,1783693884243,796,74,ok,
reaction-20260710T141732.186490574Z,baseline-c100,2026-07-10T14:31:25.21546991Z,1783693885215,648,98,ok,
reaction-20260710T141732.186490574Z,fair-c100,2026-07-10T14:31:25.244706537Z,1783693885244,1009,89,ok,
reaction-20260710T141732.186490574Z,baseline-c100,2026-07-10T14:31:26.21726503Z,1783693886217,669,100,ok,
reaction-20260710T141732.186490574Z,fair-c100,2026-07-10T14:31:26.24428907Z,1783693886244,830,112,ok,
reaction-20260710T141732.186490574Z,baseline-c100,2026-07-10T14:31:27.215957187Z,1783693887215,627,94,ok,
reaction-20260710T141732.186490574Z,fair-c100,2026-07-10T14:31:27.243539317Z,1783693887243,595,94,ok,
reaction-20260710T141732.186490574Z,baseline-c100,2026-07-10T14:31:28.216120717Z,1783693888216,505,82,ok,
reaction-20260710T141732.186490574Z,fair-c100,2026-07-10T14:31:28.242018554Z,1783693888242,595,94,ok,
reaction-20260710T141732.186490574Z,baseline-c100,2026-07-10T14:31:29.221879931Z,1783693889221,677,103,ok,
reaction-20260710T141732.186490574Z,fair-c100,2026-07-10T14:31:29.250143096Z,1783693889250,732,78,ok,
reaction-20260710T141732.186490574Z,baseline-c100,2026-07-10T14:31:30.216778827Z,1783693890216,750,96,ok,
reaction-20260710T141732.186490574Z,fair-c100,2026-07-10T14:31:30.245701598Z,1783693890245,515,103,ok,
reaction-20260710T141732.186490574Z,baseline-c100,2026-07-10T14:31:31.217339212Z,1783693891217,414,95,ok,
reaction-20260710T141732.186490574Z,fair-c100,2026-07-10T14:31:31.24495506Z,1783693891244,770,83,ok,
reaction-20260710T141732.186490574Z,baseline-c100,2026-07-10T14:31:32.215399795Z,1783693892215,432,99,ok,
reaction-20260710T141732.186490574Z,fair-c100,2026-07-10T14:31:32.242677121Z,1783693892242,358,86,ok,
reaction-20260710T141732.186490574Z,baseline-c100,2026-07-10T14:31:33.216363234Z,1783693893216,245,98,ok,
reaction-20260710T141732.186490574Z,fair-c100,2026-07-10T14:31:33.243137231Z,1783693893243,866,117,ok,
reaction-20260710T141732.186490574Z,baseline-c100,2026-07-10T14:31:34.215763856Z,1783693894215,312,97,ok,
reaction-20260710T141732.186490574Z,fair-c100,2026-07-10T14:31:34.243051206Z,1783693894243,422,100,ok,
reaction-20260710T141732.186490574Z,baseline-c100,2026-07-10T14:31:35.216336276Z,1783693895216,414,89,ok,
reaction-20260710T141732.186490574Z,fair-c100,2026-07-10T14:31:35.243326327Z,1783693895243,410,98,ok,
reaction-20260710T141732.186490574Z,baseline-c100,2026-07-10T14:31:36.217147089Z,1783693896217,219,92,ok,
reaction-20260710T141732.186490574Z,fair-c100,2026-07-10T14:31:36.244587363Z,1783693896244,182,96,ok,
reaction-20260710T141732.186490574Z,baseline-c100,2026-07-10T14:31:37.218378759Z,1783693897218,110,103,ok,
reaction-20260710T141732.186490574Z,fair-c100,2026-07-10T14:31:37.246922504Z,1783693897246,431,80,ok,
reaction-20260710T141732.186490574Z,baseline-c100,2026-07-10T14:31:38.216915729Z,1783693898216,248,70,ok,
reaction-20260710T141732.186490574Z,fair-c100,2026-07-10T14:31:38.248384943Z,1783693898248,704,115,ok,
reaction-20260710T141732.186490574Z,baseline-c100,2026-07-10T14:31:39.22492239Z,1783693899224,18,111,ok,
reaction-20260710T141732.186490574Z,fair-c100,2026-07-10T14:31:39.257089763Z,1783693899257,104,22,ok,
reaction-20260710T141732.186490574Z,baseline-c100,2026-07-10T14:31:40.215607987Z,1783693900215,0,102,ok,
reaction-20260710T141732.186490574Z,fair-c100,2026-07-10T14:31:40.242999146Z,1783693900242,2,139,ok,
reaction-20260710T141732.186490574Z,baseline-c100,2026-07-10T14:31:41.219340563Z,1783693901219,295,121,ok,
reaction-20260710T141732.186490574Z,fair-c100,2026-07-10T14:31:41.246999888Z,1783693901246,81,80,ok,
reaction-20260710T141732.186490574Z,baseline-c100,2026-07-10T14:31:42.216900153Z,1783693902216,0,0,ok,
reaction-20260710T141732.186490574Z,fair-c100,2026-07-10T14:31:42.243513931Z,1783693902243,0,7,ok,
reaction-20260710T141732.186490574Z,baseline-c100,2026-07-10T14:31:43.215849128Z,1783693903215,0,67,ok,
reaction-20260710T141732.186490574Z,fair-c100,2026-07-10T14:31:43.243680562Z,1783693903243,104,23,ok,
reaction-20260710T141732.186490574Z,baseline-c100,2026-07-10T14:31:44.216216382Z,1783693904216,66,50,ok,
reaction-20260710T141732.186490574Z,fair-c100,2026-07-10T14:31:44.243337922Z,1783693904243,0,53,ok,
reaction-20260710T141732.186490574Z,baseline-c100,2026-07-10T14:31:45.217570645Z,1783693905217,0,1,ok,
reaction-20260710T141732.186490574Z,fair-c100,2026-07-10T14:31:45.246551573Z,1783693905246,51,70,ok,
reaction-20260710T141732.186490574Z,baseline-c100,2026-07-10T14:31:46.217018805Z,1783693906217,0,69,ok,
reaction-20260710T141732.186490574Z,fair-c100,2026-07-10T14:31:46.244491131Z,1783693906244,0,7,ok,
reaction-20260710T141732.186490574Z,baseline-c100,2026-07-10T14:31:47.2174416Z,1783693907217,0,0,ok,
reaction-20260710T141732.186490574Z,fair-c100,2026-07-10T14:31:47.24610575Z,1783693907246,0,1,ok,
reaction-20260710T141732.186490574Z,baseline-c100,2026-07-10T14:31:48.221060425Z,1783693908221,0,0,ok,
reaction-20260710T141732.186490574Z,fair-c100,2026-07-10T14:31:48.250433763Z,1783693908250,0,0,ok,
reaction-20260710T141732.186490574Z,baseline-c100,2026-07-10T14:31:49.219652431Z,1783693909219,0,0,ok,
reaction-20260710T141732.186490574Z,fair-c100,2026-07-10T14:31:49.24624784Z,1783693909246,0,0,ok,
reaction-20260710T141732.186490574Z,baseline-c100,2026-07-10T14:31:50.215363273Z,1783693910215,0,0,ok,
reaction-20260710T141732.186490574Z,fair-c100,2026-07-10T14:31:50.24360884Z,1783693910243,0,0,ok,
reaction-20260710T141732.186490574Z,baseline-c100,2026-07-10T14:31:51.235280371Z,1783693911235,0,0,ok,
reaction-20260710T141732.186490574Z,fair-c100,2026-07-10T14:31:51.267726531Z,1783693911267,0,0,ok,
reaction-20260710T141732.186490574Z,baseline-c100,2026-07-10T14:31:52.219580413Z,1783693912219,0,0,ok,
reaction-20260710T141732.186490574Z,fair-c100,2026-07-10T14:31:52.247332758Z,1783693912247,0,0,ok,
reaction-20260710T141732.186490574Z,baseline-c100,2026-07-10T14:31:53.216149471Z,1783693913216,0,0,ok,
reaction-20260710T141732.186490574Z,fair-c100,2026-07-10T14:31:53.242824378Z,1783693913242,0,0,ok,
reaction-20260710T141732.186490574Z,baseline-c100,2026-07-10T14:31:54.21659703Z,1783693914216,0,0,ok,
reaction-20260710T141732.186490574Z,fair-c100,2026-07-10T14:31:54.244263889Z,1783693914244,0,0,ok,
