experiment_id,scenario,sampled_at,sampled_at_ms,elapsed_ms,elapsed_source,approximate_visible,approximate_not_visible,sample_status,sample_error
low-concurrency-20260711T193136.540788972Z,baseline-c20,2026-07-11T19:33:26.171Z,1783798406171,-31,first_a_sqs_sent_timestamp,0,0,ok,
low-concurrency-20260711T193136.540788972Z,fair-c20,2026-07-11T19:33:26.374Z,1783798406374,16,first_a_sqs_sent_timestamp,0,0,ok,
low-concurrency-20260711T193136.540788972Z,baseline-c20,2026-07-11T19:33:27.185Z,1783798407185,983,first_a_sqs_sent_timestamp,3723,29,ok,
low-concurrency-20260711T193136.540788972Z,fair-c20,2026-07-11T19:33:27.214Z,1783798407214,856,first_a_sqs_sent_timestamp,0,4,ok,
low-concurrency-20260711T193136.540788972Z,baseline-c20,2026-07-11T19:33:28.17Z,1783798408170,1968,first_a_sqs_sent_timestamp,3723,29,ok,
low-concurrency-20260711T193136.540788972Z,fair-c20,2026-07-11T19:33:28.201Z,1783798408201,1843,first_a_sqs_sent_timestamp,0,4,ok,
low-concurrency-20260711T193136.540788972Z,baseline-c20,2026-07-11T19:33:29.164Z,1783798409164,2962,first_a_sqs_sent_timestamp,0,0,ok,
low-concurrency-20260711T193136.540788972Z,fair-c20,2026-07-11T19:33:29.192Z,1783798409192,2834,first_a_sqs_sent_timestamp,4965,39,ok,
low-concurrency-20260711T193136.540788972Z,baseline-c20,2026-07-11T19:33:30.166Z,1783798410166,3964,first_a_sqs_sent_timestamp,0,0,ok,
low-concurrency-20260711T193136.540788972Z,fair-c20,2026-07-11T19:33:30.194Z,1783798410194,3836,first_a_sqs_sent_timestamp,0,0,ok,
low-concurrency-20260711T193136.540788972Z,baseline-c20,2026-07-11T19:33:31.167Z,1783798411167,4965,first_a_sqs_sent_timestamp,0,0,ok,
low-concurrency-20260711T193136.540788972Z,fair-c20,2026-07-11T19:33:31.197Z,1783798411197,4839,first_a_sqs_sent_timestamp,0,0,ok,
low-concurrency-20260711T193136.540788972Z,baseline-c20,2026-07-11T19:33:32.172Z,1783798412172,5970,first_a_sqs_sent_timestamp,0,0,ok,
low-concurrency-20260711T193136.540788972Z,fair-c20,2026-07-11T19:33:32.2Z,1783798412200,5842,first_a_sqs_sent_timestamp,4965,39,ok,
low-concurrency-20260711T193136.540788972Z,baseline-c20,2026-07-11T19:33:33.169Z,1783798413169,6967,first_a_sqs_sent_timestamp,3723,29,ok,
low-concurrency-20260711T193136.540788972Z,fair-c20,2026-07-11T19:33:33.213Z,1783798413213,6855,first_a_sqs_sent_timestamp,4959,19,ok,
low-concurrency-20260711T193136.540788972Z,baseline-c20,2026-07-11T19:33:34.181Z,1783798414181,7979,first_a_sqs_sent_timestamp,4967,15,ok,
low-concurrency-20260711T193136.540788972Z,fair-c20,2026-07-11T19:33:34.211Z,1783798414211,7853,first_a_sqs_sent_timestamp,3789,39,ok,
low-concurrency-20260711T193136.540788972Z,baseline-c20,2026-07-11T19:33:35.177Z,1783798415177,8975,first_a_sqs_sent_timestamp,4960,11,ok,
low-concurrency-20260711T193136.540788972Z,fair-c20,2026-07-11T19:33:35.206Z,1783798415206,8848,first_a_sqs_sent_timestamp,4943,20,ok,
low-concurrency-20260711T193136.540788972Z,baseline-c20,2026-07-11T19:33:36.172Z,1783798416172,9970,first_a_sqs_sent_timestamp,0,4,ok,
low-concurrency-20260711T193136.540788972Z,fair-c20,2026-07-11T19:33:36.201Z,1783798416201,9843,first_a_sqs_sent_timestamp,4967,23,ok,
low-concurrency-20260711T193136.540788972Z,baseline-c20,2026-07-11T19:33:37.166Z,1783798417166,10964,first_a_sqs_sent_timestamp,0,0,ok,
low-concurrency-20260711T193136.540788972Z,fair-c20,2026-07-11T19:33:37.193Z,1783798417193,10835,first_a_sqs_sent_timestamp,4932,16,ok,
low-concurrency-20260711T193136.540788972Z,baseline-c20,2026-07-11T19:33:38.167Z,1783798418167,11965,first_a_sqs_sent_timestamp,4939,18,ok,
low-concurrency-20260711T193136.540788972Z,fair-c20,2026-07-11T19:33:38.206Z,1783798418206,11848,first_a_sqs_sent_timestamp,0,4,ok,
low-concurrency-20260711T193136.540788972Z,baseline-c20,2026-07-11T19:33:39.168Z,1783798419168,12966,first_a_sqs_sent_timestamp,4967,15,ok,
low-concurrency-20260711T193136.540788972Z,fair-c20,2026-07-11T19:33:39.198Z,1783798419198,12840,first_a_sqs_sent_timestamp,4920,17,ok,
low-concurrency-20260711T193136.540788972Z,baseline-c20,2026-07-11T19:33:40.165Z,1783798420165,13963,first_a_sqs_sent_timestamp,4967,15,ok,
low-concurrency-20260711T193136.540788972Z,fair-c20,2026-07-11T19:33:40.194Z,1783798420194,13836,first_a_sqs_sent_timestamp,4965,39,ok,
low-concurrency-20260711T193136.540788972Z,baseline-c20,2026-07-11T19:33:41.165Z,1783798421165,14963,first_a_sqs_sent_timestamp,4920,18,ok,
low-concurrency-20260711T193136.540788972Z,fair-c20,2026-07-11T19:33:41.192Z,1783798421192,14834,first_a_sqs_sent_timestamp,0,0,ok,
low-concurrency-20260711T193136.540788972Z,baseline-c20,2026-07-11T19:33:42.169Z,1783798422169,15967,first_a_sqs_sent_timestamp,4973,20,ok,
low-concurrency-20260711T193136.540788972Z,fair-c20,2026-07-11T19:33:42.204Z,1783798422204,15846,first_a_sqs_sent_timestamp,4935,16,ok,
low-concurrency-20260711T193136.540788972Z,baseline-c20,2026-07-11T19:33:43.172Z,1783798423172,16970,first_a_sqs_sent_timestamp,4920,18,ok,
low-concurrency-20260711T193136.540788972Z,fair-c20,2026-07-11T19:33:43.205Z,1783798423205,16847,first_a_sqs_sent_timestamp,4907,16,ok,
low-concurrency-20260711T193136.540788972Z,baseline-c20,2026-07-11T19:33:44.165Z,1783798424165,17963,first_a_sqs_sent_timestamp,4960,11,ok,
low-concurrency-20260711T193136.540788972Z,fair-c20,2026-07-11T19:33:44.205Z,1783798424205,17847,first_a_sqs_sent_timestamp,4962,20,ok,
low-concurrency-20260711T193136.540788972Z,baseline-c20,2026-07-11T19:33:45.167Z,1783798425167,18965,first_a_sqs_sent_timestamp,4924,19,ok,
low-concurrency-20260711T193136.540788972Z,fair-c20,2026-07-11T19:33:45.197Z,1783798425197,18839,first_a_sqs_sent_timestamp,4890,19,ok,
low-concurrency-20260711T193136.540788972Z,baseline-c20,2026-07-11T19:33:46.167Z,1783798426167,19965,first_a_sqs_sent_timestamp,4906,18,ok,
low-concurrency-20260711T193136.540788972Z,fair-c20,2026-07-11T19:33:46.213Z,1783798426213,19855,first_a_sqs_sent_timestamp,4876,22,ok,
low-concurrency-20260711T193136.540788972Z,baseline-c20,2026-07-11T19:33:47.164Z,1783798427164,20962,first_a_sqs_sent_timestamp,4891,19,ok,
low-concurrency-20260711T193136.540788972Z,fair-c20,2026-07-11T19:33:47.191Z,1783798427191,20833,first_a_sqs_sent_timestamp,4923,18,ok,
low-concurrency-20260711T193136.540788972Z,baseline-c20,2026-07-11T19:33:48.169Z,1783798428169,21967,first_a_sqs_sent_timestamp,4920,18,ok,
low-concurrency-20260711T193136.540788972Z,fair-c20,2026-07-11T19:33:48.201Z,1783798428201,21843,first_a_sqs_sent_timestamp,4895,23,ok,
low-concurrency-20260711T193136.540788972Z,baseline-c20,2026-07-11T19:33:49.171Z,1783798429171,22969,first_a_sqs_sent_timestamp,4890,16,ok,
low-concurrency-20260711T193136.540788972Z,fair-c20,2026-07-11T19:33:49.199Z,1783798429199,22841,first_a_sqs_sent_timestamp,4909,18,ok,
low-concurrency-20260711T193136.540788972Z,baseline-c20,2026-07-11T19:33:50.171Z,1783798430171,23969,first_a_sqs_sent_timestamp,4892,20,ok,
low-concurrency-20260711T193136.540788972Z,fair-c20,2026-07-11T19:33:50.222Z,1783798430222,23864,first_a_sqs_sent_timestamp,4943,20,ok,
low-concurrency-20260711T193136.540788972Z,baseline-c20,2026-07-11T19:33:51.172Z,1783798431172,24970,first_a_sqs_sent_timestamp,4939,18,ok,
low-concurrency-20260711T193136.540788972Z,fair-c20,2026-07-11T19:33:51.206Z,1783798431206,24848,first_a_sqs_sent_timestamp,4855,13,ok,
low-concurrency-20260711T193136.540788972Z,baseline-c20,2026-07-11T19:33:52.166Z,1783798432166,25964,first_a_sqs_sent_timestamp,4891,17,ok,
low-concurrency-20260711T193136.540788972Z,fair-c20,2026-07-11T19:33:52.194Z,1783798432194,25836,first_a_sqs_sent_timestamp,4841,18,ok,
low-concurrency-20260711T193136.540788972Z,baseline-c20,2026-07-11T19:33:53.173Z,1783798433173,26971,first_a_sqs_sent_timestamp,4948,14,ok,
low-concurrency-20260711T193136.540788972Z,fair-c20,2026-07-11T19:33:53.204Z,1783798433204,26846,first_a_sqs_sent_timestamp,4856,16,ok,
low-concurrency-20260711T193136.540788972Z,baseline-c20,2026-07-11T19:33:54.167Z,1783798434167,27965,first_a_sqs_sent_timestamp,4830,17,ok,
low-concurrency-20260711T193136.540788972Z,fair-c20,2026-07-11T19:33:54.196Z,1783798434196,27838,first_a_sqs_sent_timestamp,4860,15,ok,
low-concurrency-20260711T193136.540788972Z,baseline-c20,2026-07-11T19:33:55.206Z,1783798435206,29004,first_a_sqs_sent_timestamp,4862,20,ok,
low-concurrency-20260711T193136.540788972Z,fair-c20,2026-07-11T19:33:55.235Z,1783798435235,28877,first_a_sqs_sent_timestamp,4857,15,ok,
low-concurrency-20260711T193136.540788972Z,baseline-c20,2026-07-11T19:33:56.174Z,1783798436174,29972,first_a_sqs_sent_timestamp,4845,19,ok,
low-concurrency-20260711T193136.540788972Z,fair-c20,2026-07-11T19:33:56.203Z,1783798436203,29845,first_a_sqs_sent_timestamp,4808,18,ok,
low-concurrency-20260711T193136.540788972Z,baseline-c20,2026-07-11T19:33:57.166Z,1783798437166,30964,first_a_sqs_sent_timestamp,4841,17,ok,
low-concurrency-20260711T193136.540788972Z,fair-c20,2026-07-11T19:33:57.203Z,1783798437203,30845,first_a_sqs_sent_timestamp,4822,15,ok,
low-concurrency-20260711T193136.540788972Z,baseline-c20,2026-07-11T19:33:58.167Z,1783798438167,31965,first_a_sqs_sent_timestamp,4853,13,ok,
low-concurrency-20260711T193136.540788972Z,fair-c20,2026-07-11T19:33:58.2Z,1783798438200,31842,first_a_sqs_sent_timestamp,4841,19,ok,
low-concurrency-20260711T193136.540788972Z,baseline-c20,2026-07-11T19:33:59.172Z,1783798439172,32970,first_a_sqs_sent_timestamp,4806,16,ok,
low-concurrency-20260711T193136.540788972Z,fair-c20,2026-07-11T19:33:59.209Z,1783798439209,32851,first_a_sqs_sent_timestamp,4847,17,ok,
low-concurrency-20260711T193136.540788972Z,baseline-c20,2026-07-11T19:34:00.166Z,1783798440166,33964,first_a_sqs_sent_timestamp,4818,17,ok,
low-concurrency-20260711T193136.540788972Z,fair-c20,2026-07-11T19:34:00.195Z,1783798440195,33837,first_a_sqs_sent_timestamp,4787,16,ok,
low-concurrency-20260711T193136.540788972Z,baseline-c20,2026-07-11T19:34:01.165Z,1783798441165,34963,first_a_sqs_sent_timestamp,4840,18,ok,
low-concurrency-20260711T193136.540788972Z,fair-c20,2026-07-11T19:34:01.195Z,1783798441195,34837,first_a_sqs_sent_timestamp,4814,20,ok,
low-concurrency-20260711T193136.540788972Z,baseline-c20,2026-07-11T19:34:02.165Z,1783798442165,35963,first_a_sqs_sent_timestamp,4817,16,ok,
low-concurrency-20260711T193136.540788972Z,fair-c20,2026-07-11T19:34:02.198Z,1783798442198,35840,first_a_sqs_sent_timestamp,4771,15,ok,
low-concurrency-20260711T193136.540788972Z,baseline-c20,2026-07-11T19:34:03.167Z,1783798443167,36965,first_a_sqs_sent_timestamp,4785,15,ok,
low-concurrency-20260711T193136.540788972Z,fair-c20,2026-07-11T19:34:03.197Z,1783798443197,36839,first_a_sqs_sent_timestamp,4822,19,ok,
low-concurrency-20260711T193136.540788972Z,baseline-c20,2026-07-11T19:34:04.171Z,1783798444171,37969,first_a_sqs_sent_timestamp,4785,14,ok,
low-concurrency-20260711T193136.540788972Z,fair-c20,2026-07-11T19:34:04.2Z,1783798444200,37842,first_a_sqs_sent_timestamp,4770,15,ok,
low-concurrency-20260711T193136.540788972Z,baseline-c20,2026-07-11T19:34:05.165Z,1783798445165,38963,first_a_sqs_sent_timestamp,4785,15,ok,
low-concurrency-20260711T193136.540788972Z,fair-c20,2026-07-11T19:34:05.196Z,1783798445196,38838,first_a_sqs_sent_timestamp,4781,15,ok,
low-concurrency-20260711T193136.540788972Z,baseline-c20,2026-07-11T19:34:06.167Z,1783798446167,39965,first_a_sqs_sent_timestamp,4765,17,ok,
low-concurrency-20260711T193136.540788972Z,fair-c20,2026-07-11T19:34:06.207Z,1783798446207,39849,first_a_sqs_sent_timestamp,4876,19,ok,
low-concurrency-20260711T193136.540788972Z,baseline-c20,2026-07-11T19:34:07.169Z,1783798447169,40967,first_a_sqs_sent_timestamp,4783,17,ok,
low-concurrency-20260711T193136.540788972Z,fair-c20,2026-07-11T19:34:07.198Z,1783798447198,40840,first_a_sqs_sent_timestamp,4809,17,ok,
low-concurrency-20260711T193136.540788972Z,baseline-c20,2026-07-11T19:34:08.168Z,1783798448168,41966,first_a_sqs_sent_timestamp,4785,14,ok,
low-concurrency-20260711T193136.540788972Z,fair-c20,2026-07-11T19:34:08.203Z,1783798448203,41845,first_a_sqs_sent_timestamp,4733,15,ok,
low-concurrency-20260711T193136.540788972Z,baseline-c20,2026-07-11T19:34:09.173Z,1783798449173,42971,first_a_sqs_sent_timestamp,4807,15,ok,
low-concurrency-20260711T193136.540788972Z,fair-c20,2026-07-11T19:34:09.208Z,1783798449208,42850,first_a_sqs_sent_timestamp,4788,17,ok,
low-concurrency-20260711T193136.540788972Z,baseline-c20,2026-07-11T19:34:10.168Z,1783798450168,43966,first_a_sqs_sent_timestamp,4747,20,ok,
low-concurrency-20260711T193136.540788972Z,fair-c20,2026-07-11T19:34:10.196Z,1783798450196,43838,first_a_sqs_sent_timestamp,4770,16,ok,
low-concurrency-20260711T193136.540788972Z,baseline-c20,2026-07-11T19:34:11.173Z,1783798451173,44971,first_a_sqs_sent_timestamp,4717,19,ok,
low-concurrency-20260711T193136.540788972Z,fair-c20,2026-07-11T19:34:11.203Z,1783798451203,44845,first_a_sqs_sent_timestamp,4723,16,ok,
low-concurrency-20260711T193136.540788972Z,baseline-c20,2026-07-11T19:34:12.174Z,1783798452174,45972,first_a_sqs_sent_timestamp,4717,21,ok,
low-concurrency-20260711T193136.540788972Z,fair-c20,2026-07-11T19:34:12.208Z,1783798452208,45850,first_a_sqs_sent_timestamp,4754,20,ok,
low-concurrency-20260711T193136.540788972Z,baseline-c20,2026-07-11T19:34:13.173Z,1783798453173,46971,first_a_sqs_sent_timestamp,4763,19,ok,
low-concurrency-20260711T193136.540788972Z,fair-c20,2026-07-11T19:34:13.205Z,1783798453205,46847,first_a_sqs_sent_timestamp,4723,16,ok,
low-concurrency-20260711T193136.540788972Z,baseline-c20,2026-07-11T19:34:14.171Z,1783798454171,47969,first_a_sqs_sent_timestamp,4702,18,ok,
low-concurrency-20260711T193136.540788972Z,fair-c20,2026-07-11T19:34:14.211Z,1783798454211,47853,first_a_sqs_sent_timestamp,4736,12,ok,
low-concurrency-20260711T193136.540788972Z,baseline-c20,2026-07-11T19:34:15.168Z,1783798455168,48966,first_a_sqs_sent_timestamp,4717,21,ok,
low-concurrency-20260711T193136.540788972Z,fair-c20,2026-07-11T19:34:15.2Z,1783798455200,48842,first_a_sqs_sent_timestamp,4714,17,ok,
low-concurrency-20260711T193136.540788972Z,baseline-c20,2026-07-11T19:34:16.167Z,1783798456167,49965,first_a_sqs_sent_timestamp,4746,20,ok,
low-concurrency-20260711T193136.540788972Z,fair-c20,2026-07-11T19:34:16.2Z,1783798456200,49842,first_a_sqs_sent_timestamp,4701,18,ok,
low-concurrency-20260711T193136.540788972Z,baseline-c20,2026-07-11T19:34:17.177Z,1783798457177,50975,first_a_sqs_sent_timestamp,4688,15,ok,
low-concurrency-20260711T193136.540788972Z,fair-c20,2026-07-11T19:34:17.212Z,1783798457212,50854,first_a_sqs_sent_timestamp,4680,18,ok,
low-concurrency-20260711T193136.540788972Z,baseline-c20,2026-07-11T19:34:18.177Z,1783798458177,51975,first_a_sqs_sent_timestamp,4764,18,ok,
low-concurrency-20260711T193136.540788972Z,fair-c20,2026-07-11T19:34:18.209Z,1783798458209,51851,first_a_sqs_sent_timestamp,4738,18,ok,
low-concurrency-20260711T193136.540788972Z,baseline-c20,2026-07-11T19:34:19.176Z,1783798459176,52974,first_a_sqs_sent_timestamp,4676,17,ok,
low-concurrency-20260711T193136.540788972Z,fair-c20,2026-07-11T19:34:19.215Z,1783798459215,52857,first_a_sqs_sent_timestamp,4680,20,ok,
low-concurrency-20260711T193136.540788972Z,baseline-c20,2026-07-11T19:34:20.172Z,1783798460172,53970,first_a_sqs_sent_timestamp,4702,21,ok,
low-concurrency-20260711T193136.540788972Z,fair-c20,2026-07-11T19:34:20.202Z,1783798460202,53844,first_a_sqs_sent_timestamp,4700,18,ok,
low-concurrency-20260711T193136.540788972Z,baseline-c20,2026-07-11T19:34:21.173Z,1783798461173,54971,first_a_sqs_sent_timestamp,4677,16,ok,
low-concurrency-20260711T193136.540788972Z,fair-c20,2026-07-11T19:34:21.207Z,1783798461207,54849,first_a_sqs_sent_timestamp,4722,15,ok,
low-concurrency-20260711T193136.540788972Z,baseline-c20,2026-07-11T19:34:22.165Z,1783798462165,55963,first_a_sqs_sent_timestamp,4662,17,ok,
low-concurrency-20260711T193136.540788972Z,fair-c20,2026-07-11T19:34:22.194Z,1783798462194,55836,first_a_sqs_sent_timestamp,4661,15,ok,
low-concurrency-20260711T193136.540788972Z,baseline-c20,2026-07-11T19:34:23.172Z,1783798463172,56970,first_a_sqs_sent_timestamp,4663,18,ok,
low-concurrency-20260711T193136.540788972Z,fair-c20,2026-07-11T19:34:23.206Z,1783798463206,56848,first_a_sqs_sent_timestamp,4689,15,ok,
low-concurrency-20260711T193136.540788972Z,baseline-c20,2026-07-11T19:34:24.166Z,1783798464166,57964,first_a_sqs_sent_timestamp,4663,18,ok,
low-concurrency-20260711T193136.540788972Z,fair-c20,2026-07-11T19:34:24.197Z,1783798464197,57839,first_a_sqs_sent_timestamp,4680,17,ok,
low-concurrency-20260711T193136.540788972Z,baseline-c20,2026-07-11T19:34:25.174Z,1783798465174,58972,first_a_sqs_sent_timestamp,4732,18,ok,
low-concurrency-20260711T193136.540788972Z,fair-c20,2026-07-11T19:34:25.204Z,1783798465204,58846,first_a_sqs_sent_timestamp,4661,18,ok,
low-concurrency-20260711T193136.540788972Z,baseline-c20,2026-07-11T19:34:26.166Z,1783798466166,59964,first_a_sqs_sent_timestamp,4631,19,ok,
low-concurrency-20260711T193136.540788972Z,fair-c20,2026-07-11T19:34:26.204Z,1783798466204,59846,first_a_sqs_sent_timestamp,4620,17,ok,
low-concurrency-20260711T193136.540788972Z,baseline-c20,2026-07-11T19:34:27.177Z,1783798467177,60975,first_a_sqs_sent_timestamp,4718,21,ok,
low-concurrency-20260711T193136.540788972Z,fair-c20,2026-07-11T19:34:27.21Z,1783798467210,60852,first_a_sqs_sent_timestamp,4643,18,ok,
low-concurrency-20260711T193136.540788972Z,baseline-c20,2026-07-11T19:34:28.205Z,1783798468205,62003,first_a_sqs_sent_timestamp,4661,17,ok,
low-concurrency-20260711T193136.540788972Z,fair-c20,2026-07-11T19:34:28.244Z,1783798468244,61886,first_a_sqs_sent_timestamp,4604,16,ok,
low-concurrency-20260711T193136.540788972Z,baseline-c20,2026-07-11T19:34:29.174Z,1783798469174,62972,first_a_sqs_sent_timestamp,4616,21,ok,
low-concurrency-20260711T193136.540788972Z,fair-c20,2026-07-11T19:34:29.205Z,1783798469205,62847,first_a_sqs_sent_timestamp,4606,19,ok,
low-concurrency-20260711T193136.540788972Z,baseline-c20,2026-07-11T19:34:30.169Z,1783798470169,63967,first_a_sqs_sent_timestamp,4611,17,ok,
low-concurrency-20260711T193136.540788972Z,fair-c20,2026-07-11T19:34:30.2Z,1783798470200,63842,first_a_sqs_sent_timestamp,4626,12,ok,
low-concurrency-20260711T193136.540788972Z,baseline-c20,2026-07-11T19:34:31.176Z,1783798471176,64974,first_a_sqs_sent_timestamp,4611,17,ok,
low-concurrency-20260711T193136.540788972Z,fair-c20,2026-07-11T19:34:31.206Z,1783798471206,64848,first_a_sqs_sent_timestamp,4583,21,ok,
low-concurrency-20260711T193136.540788972Z,baseline-c20,2026-07-11T19:34:32.174Z,1783798472174,65972,first_a_sqs_sent_timestamp,4611,17,ok,
low-concurrency-20260711T193136.540788972Z,fair-c20,2026-07-11T19:34:32.216Z,1783798472216,65858,first_a_sqs_sent_timestamp,4619,16,ok,
low-concurrency-20260711T193136.540788972Z,baseline-c20,2026-07-11T19:34:33.173Z,1783798473173,66971,first_a_sqs_sent_timestamp,4612,19,ok,
low-concurrency-20260711T193136.540788972Z,fair-c20,2026-07-11T19:34:33.203Z,1783798473203,66845,first_a_sqs_sent_timestamp,4633,16,ok,
low-concurrency-20260711T193136.540788972Z,baseline-c20,2026-07-11T19:34:34.177Z,1783798474177,67975,first_a_sqs_sent_timestamp,4611,19,ok,
low-concurrency-20260711T193136.540788972Z,fair-c20,2026-07-11T19:34:34.212Z,1783798474212,67854,first_a_sqs_sent_timestamp,4680,20,ok,
low-concurrency-20260711T193136.540788972Z,baseline-c20,2026-07-11T19:34:35.165Z,1783798475165,68963,first_a_sqs_sent_timestamp,4632,16,ok,
low-concurrency-20260711T193136.540788972Z,fair-c20,2026-07-11T19:34:35.197Z,1783798475197,68839,first_a_sqs_sent_timestamp,4606,17,ok,
low-concurrency-20260711T193136.540788972Z,baseline-c20,2026-07-11T19:34:36.166Z,1783798476166,69964,first_a_sqs_sent_timestamp,4565,16,ok,
low-concurrency-20260711T193136.540788972Z,fair-c20,2026-07-11T19:34:36.193Z,1783798476193,69835,first_a_sqs_sent_timestamp,4571,16,ok,
low-concurrency-20260711T193136.540788972Z,baseline-c20,2026-07-11T19:34:37.164Z,1783798477164,70962,first_a_sqs_sent_timestamp,4664,16,ok,
low-concurrency-20260711T193136.540788972Z,fair-c20,2026-07-11T19:34:37.195Z,1783798477195,70837,first_a_sqs_sent_timestamp,4605,18,ok,
low-concurrency-20260711T193136.540788972Z,baseline-c20,2026-07-11T19:34:38.172Z,1783798478172,71970,first_a_sqs_sent_timestamp,4594,18,ok,
low-concurrency-20260711T193136.540788972Z,fair-c20,2026-07-11T19:34:38.206Z,1783798478206,71848,first_a_sqs_sent_timestamp,4584,20,ok,
low-concurrency-20260711T193136.540788972Z,baseline-c20,2026-07-11T19:34:39.165Z,1783798479165,72963,first_a_sqs_sent_timestamp,4550,16,ok,
low-concurrency-20260711T193136.540788972Z,fair-c20,2026-07-11T19:34:39.193Z,1783798479193,72835,first_a_sqs_sent_timestamp,4541,18,ok,
low-concurrency-20260711T193136.540788972Z,baseline-c20,2026-07-11T19:34:40.173Z,1783798480173,73971,first_a_sqs_sent_timestamp,4564,18,ok,
low-concurrency-20260711T193136.540788972Z,fair-c20,2026-07-11T19:34:40.206Z,1783798480206,73848,first_a_sqs_sent_timestamp,4536,16,ok,
low-concurrency-20260711T193136.540788972Z,baseline-c20,2026-07-11T19:34:41.172Z,1783798481172,74970,first_a_sqs_sent_timestamp,4546,17,ok,
low-concurrency-20260711T193136.540788972Z,fair-c20,2026-07-11T19:34:41.205Z,1783798481205,74847,first_a_sqs_sent_timestamp,4535,18,ok,
low-concurrency-20260711T193136.540788972Z,baseline-c20,2026-07-11T19:34:42.167Z,1783798482167,75965,first_a_sqs_sent_timestamp,4547,18,ok,
low-concurrency-20260711T193136.540788972Z,fair-c20,2026-07-11T19:34:42.201Z,1783798482201,75843,first_a_sqs_sent_timestamp,4556,16,ok,
low-concurrency-20260711T193136.540788972Z,baseline-c20,2026-07-11T19:34:43.174Z,1783798483174,76972,first_a_sqs_sent_timestamp,4547,17,ok,
low-concurrency-20260711T193136.540788972Z,fair-c20,2026-07-11T19:34:43.215Z,1783798483215,76857,first_a_sqs_sent_timestamp,4543,17,ok,
low-concurrency-20260711T193136.540788972Z,baseline-c20,2026-07-11T19:34:44.208Z,1783798484208,78006,first_a_sqs_sent_timestamp,4537,13,ok,
low-concurrency-20260711T193136.540788972Z,fair-c20,2026-07-11T19:34:44.258Z,1783798484258,77900,first_a_sqs_sent_timestamp,4559,18,ok,
low-concurrency-20260711T193136.540788972Z,baseline-c20,2026-07-11T19:34:45.19Z,1783798485190,78988,first_a_sqs_sent_timestamp,4538,13,ok,
low-concurrency-20260711T193136.540788972Z,fair-c20,2026-07-11T19:34:45.258Z,1783798485258,78900,first_a_sqs_sent_timestamp,4497,19,ok,
low-concurrency-20260711T193136.540788972Z,baseline-c20,2026-07-11T19:34:46.213Z,1783798486213,80011,first_a_sqs_sent_timestamp,4538,13,ok,
low-concurrency-20260711T193136.540788972Z,fair-c20,2026-07-11T19:34:46.267Z,1783798486267,79909,first_a_sqs_sent_timestamp,4571,15,ok,
low-concurrency-20260711T193136.540788972Z,baseline-c20,2026-07-11T19:34:47.164Z,1783798487164,80962,first_a_sqs_sent_timestamp,4617,21,ok,
low-concurrency-20260711T193136.540788972Z,fair-c20,2026-07-11T19:34:47.197Z,1783798487197,80839,first_a_sqs_sent_timestamp,4536,17,ok,
low-concurrency-20260711T193136.540788972Z,baseline-c20,2026-07-11T19:34:48.164Z,1783798488164,81962,first_a_sqs_sent_timestamp,4678,15,ok,
low-concurrency-20260711T193136.540788972Z,fair-c20,2026-07-11T19:34:48.192Z,1783798488192,81834,first_a_sqs_sent_timestamp,4482,21,ok,
low-concurrency-20260711T193136.540788972Z,baseline-c20,2026-07-11T19:34:49.164Z,1783798489164,82962,first_a_sqs_sent_timestamp,4500,21,ok,
low-concurrency-20260711T193136.540788972Z,fair-c20,2026-07-11T19:34:49.193Z,1783798489193,82835,first_a_sqs_sent_timestamp,4506,15,ok,
low-concurrency-20260711T193136.540788972Z,baseline-c20,2026-07-11T19:34:50.165Z,1783798490165,83963,first_a_sqs_sent_timestamp,4497,13,ok,
low-concurrency-20260711T193136.540788972Z,fair-c20,2026-07-11T19:34:50.195Z,1783798490195,83837,first_a_sqs_sent_timestamp,4512,16,ok,
low-concurrency-20260711T193136.540788972Z,baseline-c20,2026-07-11T19:34:51.173Z,1783798491173,84971,first_a_sqs_sent_timestamp,4552,18,ok,
low-concurrency-20260711T193136.540788972Z,fair-c20,2026-07-11T19:34:51.211Z,1783798491211,84853,first_a_sqs_sent_timestamp,4458,17,ok,
low-concurrency-20260711T193136.540788972Z,baseline-c20,2026-07-11T19:34:52.172Z,1783798492172,85970,first_a_sqs_sent_timestamp,4500,19,ok,
low-concurrency-20260711T193136.540788972Z,fair-c20,2026-07-11T19:34:52.2Z,1783798492200,85842,first_a_sqs_sent_timestamp,4497,18,ok,
low-concurrency-20260711T193136.540788972Z,baseline-c20,2026-07-11T19:34:53.173Z,1783798493173,86971,first_a_sqs_sent_timestamp,4516,14,ok,
low-concurrency-20260711T193136.540788972Z,fair-c20,2026-07-11T19:34:53.246Z,1783798493246,86888,first_a_sqs_sent_timestamp,4464,17,ok,
low-concurrency-20260711T193136.540788972Z,baseline-c20,2026-07-11T19:34:54.168Z,1783798494168,87966,first_a_sqs_sent_timestamp,4573,18,ok,
low-concurrency-20260711T193136.540788972Z,fair-c20,2026-07-11T19:34:54.199Z,1783798494199,87841,first_a_sqs_sent_timestamp,4463,16,ok,
low-concurrency-20260711T193136.540788972Z,baseline-c20,2026-07-11T19:34:55.171Z,1783798495171,88969,first_a_sqs_sent_timestamp,4468,19,ok,
low-concurrency-20260711T193136.540788972Z,fair-c20,2026-07-11T19:34:55.2Z,1783798495200,88842,first_a_sqs_sent_timestamp,4441,18,ok,
low-concurrency-20260711T193136.540788972Z,baseline-c20,2026-07-11T19:34:56.164Z,1783798496164,89962,first_a_sqs_sent_timestamp,4456,17,ok,
low-concurrency-20260711T193136.540788972Z,fair-c20,2026-07-11T19:34:56.2Z,1783798496200,89842,first_a_sqs_sent_timestamp,4476,19,ok,
low-concurrency-20260711T193136.540788972Z,baseline-c20,2026-07-11T19:34:57.173Z,1783798497173,90971,first_a_sqs_sent_timestamp,4493,15,ok,
low-concurrency-20260711T193136.540788972Z,fair-c20,2026-07-11T19:34:57.204Z,1783798497204,90846,first_a_sqs_sent_timestamp,4567,18,ok,
low-concurrency-20260711T193136.540788972Z,baseline-c20,2026-07-11T19:34:58.165Z,1783798498165,91963,first_a_sqs_sent_timestamp,4457,16,ok,
low-concurrency-20260711T193136.540788972Z,fair-c20,2026-07-11T19:34:58.195Z,1783798498195,91837,first_a_sqs_sent_timestamp,4411,19,ok,
low-concurrency-20260711T193136.540788972Z,baseline-c20,2026-07-11T19:34:59.164Z,1783798499164,92962,first_a_sqs_sent_timestamp,4434,15,ok,
low-concurrency-20260711T193136.540788972Z,fair-c20,2026-07-11T19:34:59.199Z,1783798499199,92841,first_a_sqs_sent_timestamp,4417,20,ok,
low-concurrency-20260711T193136.540788972Z,baseline-c20,2026-07-11T19:35:00.168Z,1783798500168,93966,first_a_sqs_sent_timestamp,4435,14,ok,
low-concurrency-20260711T193136.540788972Z,fair-c20,2026-07-11T19:35:00.219Z,1783798500219,93861,first_a_sqs_sent_timestamp,4458,18,ok,
low-concurrency-20260711T193136.540788972Z,baseline-c20,2026-07-11T19:35:01.177Z,1783798501177,94975,first_a_sqs_sent_timestamp,4471,17,ok,
low-concurrency-20260711T193136.540788972Z,fair-c20,2026-07-11T19:35:01.211Z,1783798501211,94853,first_a_sqs_sent_timestamp,4431,15,ok,
low-concurrency-20260711T193136.540788972Z,baseline-c20,2026-07-11T19:35:02.173Z,1783798502173,95971,first_a_sqs_sent_timestamp,4453,19,ok,
low-concurrency-20260711T193136.540788972Z,fair-c20,2026-07-11T19:35:02.209Z,1783798502209,95851,first_a_sqs_sent_timestamp,4412,18,ok,
low-concurrency-20260711T193136.540788972Z,baseline-c20,2026-07-11T19:35:03.174Z,1783798503174,96972,first_a_sqs_sent_timestamp,4434,15,ok,
low-concurrency-20260711T193136.540788972Z,fair-c20,2026-07-11T19:35:03.205Z,1783798503205,96847,first_a_sqs_sent_timestamp,4482,19,ok,
low-concurrency-20260711T193136.540788972Z,baseline-c20,2026-07-11T19:35:04.179Z,1783798504179,97977,first_a_sqs_sent_timestamp,4397,14,ok,
low-concurrency-20260711T193136.540788972Z,fair-c20,2026-07-11T19:35:04.22Z,1783798504220,97862,first_a_sqs_sent_timestamp,4388,16,ok,
low-concurrency-20260711T193136.540788972Z,baseline-c20,2026-07-11T19:35:05.167Z,1783798505167,98965,first_a_sqs_sent_timestamp,4488,18,ok,
low-concurrency-20260711T193136.540788972Z,fair-c20,2026-07-11T19:35:05.202Z,1783798505202,98844,first_a_sqs_sent_timestamp,4382,18,ok,
low-concurrency-20260711T193136.540788972Z,baseline-c20,2026-07-11T19:35:06.165Z,1783798506165,99963,first_a_sqs_sent_timestamp,4396,17,ok,
low-concurrency-20260711T193136.540788972Z,fair-c20,2026-07-11T19:35:06.204Z,1783798506204,99846,first_a_sqs_sent_timestamp,4381,20,ok,
low-concurrency-20260711T193136.540788972Z,baseline-c20,2026-07-11T19:35:07.172Z,1783798507172,100970,first_a_sqs_sent_timestamp,4407,21,ok,
low-concurrency-20260711T193136.540788972Z,fair-c20,2026-07-11T19:35:07.199Z,1783798507199,100841,first_a_sqs_sent_timestamp,4380,20,ok,
low-concurrency-20260711T193136.540788972Z,baseline-c20,2026-07-11T19:35:08.176Z,1783798508176,101974,first_a_sqs_sent_timestamp,4397,14,ok,
low-concurrency-20260711T193136.540788972Z,fair-c20,2026-07-11T19:35:08.238Z,1783798508238,101880,first_a_sqs_sent_timestamp,4382,20,ok,
low-concurrency-20260711T193136.540788972Z,baseline-c20,2026-07-11T19:35:09.17Z,1783798509170,102968,first_a_sqs_sent_timestamp,4457,16,ok,
low-concurrency-20260711T193136.540788972Z,fair-c20,2026-07-11T19:35:09.203Z,1783798509203,102845,first_a_sqs_sent_timestamp,4387,19,ok,
low-concurrency-20260711T193136.540788972Z,baseline-c20,2026-07-11T19:35:10.167Z,1783798510167,103965,first_a_sqs_sent_timestamp,4361,16,ok,
low-concurrency-20260711T193136.540788972Z,fair-c20,2026-07-11T19:35:10.201Z,1783798510201,103843,first_a_sqs_sent_timestamp,4345,18,ok,
low-concurrency-20260711T193136.540788972Z,baseline-c20,2026-07-11T19:35:11.165Z,1783798511165,104963,first_a_sqs_sent_timestamp,4362,13,ok,
low-concurrency-20260711T193136.540788972Z,fair-c20,2026-07-11T19:35:11.195Z,1783798511195,104837,first_a_sqs_sent_timestamp,4355,20,ok,
low-concurrency-20260711T193136.540788972Z,baseline-c20,2026-07-11T19:35:12.167Z,1783798512167,105965,first_a_sqs_sent_timestamp,4395,15,ok,
low-concurrency-20260711T193136.540788972Z,fair-c20,2026-07-11T19:35:12.198Z,1783798512198,105840,first_a_sqs_sent_timestamp,4380,20,ok,
low-concurrency-20260711T193136.540788972Z,baseline-c20,2026-07-11T19:35:13.171Z,1783798513171,106969,first_a_sqs_sent_timestamp,4361,17,ok,
low-concurrency-20260711T193136.540788972Z,fair-c20,2026-07-11T19:35:13.2Z,1783798513200,106842,first_a_sqs_sent_timestamp,4324,16,ok,
low-concurrency-20260711T193136.540788972Z,baseline-c20,2026-07-11T19:35:14.167Z,1783798514167,107965,first_a_sqs_sent_timestamp,4344,15,ok,
low-concurrency-20260711T193136.540788972Z,fair-c20,2026-07-11T19:35:14.202Z,1783798514202,107844,first_a_sqs_sent_timestamp,4316,19,ok,
low-concurrency-20260711T193136.540788972Z,baseline-c20,2026-07-11T19:35:15.165Z,1783798515165,108963,first_a_sqs_sent_timestamp,4343,16,ok,
low-concurrency-20260711T193136.540788972Z,fair-c20,2026-07-11T19:35:15.195Z,1783798515195,108837,first_a_sqs_sent_timestamp,4417,22,ok,
low-concurrency-20260711T193136.540788972Z,baseline-c20,2026-07-11T19:35:16.175Z,1783798516175,109973,first_a_sqs_sent_timestamp,4383,19,ok,
low-concurrency-20260711T193136.540788972Z,fair-c20,2026-07-11T19:35:16.209Z,1783798516209,109851,first_a_sqs_sent_timestamp,4345,14,ok,
low-concurrency-20260711T193136.540788972Z,baseline-c20,2026-07-11T19:35:17.171Z,1783798517171,110969,first_a_sqs_sent_timestamp,4343,17,ok,
low-concurrency-20260711T193136.540788972Z,fair-c20,2026-07-11T19:35:17.205Z,1783798517205,110847,first_a_sqs_sent_timestamp,4291,17,ok,
low-concurrency-20260711T193136.540788972Z,baseline-c20,2026-07-11T19:35:18.166Z,1783798518166,111964,first_a_sqs_sent_timestamp,4371,14,ok,
low-concurrency-20260711T193136.540788972Z,fair-c20,2026-07-11T19:35:18.197Z,1783798518197,111839,first_a_sqs_sent_timestamp,4326,15,ok,
low-concurrency-20260711T193136.540788972Z,baseline-c20,2026-07-11T19:35:19.164Z,1783798519164,112962,first_a_sqs_sent_timestamp,4316,19,ok,
low-concurrency-20260711T193136.540788972Z,fair-c20,2026-07-11T19:35:19.191Z,1783798519191,112833,first_a_sqs_sent_timestamp,4290,17,ok,
low-concurrency-20260711T193136.540788972Z,baseline-c20,2026-07-11T19:35:20.167Z,1783798520167,113965,first_a_sqs_sent_timestamp,4316,20,ok,
low-concurrency-20260711T193136.540788972Z,fair-c20,2026-07-11T19:35:20.198Z,1783798520198,113840,first_a_sqs_sent_timestamp,4335,18,ok,
low-concurrency-20260711T193136.540788972Z,baseline-c20,2026-07-11T19:35:21.164Z,1783798521164,114962,first_a_sqs_sent_timestamp,4394,15,ok,
low-concurrency-20260711T193136.540788972Z,fair-c20,2026-07-11T19:35:21.191Z,1783798521191,114833,first_a_sqs_sent_timestamp,4277,17,ok,
low-concurrency-20260711T193136.540788972Z,baseline-c20,2026-07-11T19:35:22.171Z,1783798522171,115969,first_a_sqs_sent_timestamp,4363,13,ok,
low-concurrency-20260711T193136.540788972Z,fair-c20,2026-07-11T19:35:22.203Z,1783798522203,115845,first_a_sqs_sent_timestamp,4270,9,ok,
low-concurrency-20260711T193136.540788972Z,baseline-c20,2026-07-11T19:35:23.171Z,1783798523171,116969,first_a_sqs_sent_timestamp,4301,16,ok,
low-concurrency-20260711T193136.540788972Z,fair-c20,2026-07-11T19:35:23.197Z,1783798523197,116839,first_a_sqs_sent_timestamp,4297,19,ok,
low-concurrency-20260711T193136.540788972Z,baseline-c20,2026-07-11T19:35:24.166Z,1783798524166,117964,first_a_sqs_sent_timestamp,4278,18,ok,
low-concurrency-20260711T193136.540788972Z,fair-c20,2026-07-11T19:35:24.194Z,1783798524194,117836,first_a_sqs_sent_timestamp,4319,17,ok,
low-concurrency-20260711T193136.540788972Z,baseline-c20,2026-07-11T19:35:25.164Z,1783798525164,118962,first_a_sqs_sent_timestamp,4343,15,ok,
low-concurrency-20260711T193136.540788972Z,fair-c20,2026-07-11T19:35:25.195Z,1783798525195,118837,first_a_sqs_sent_timestamp,4271,7,ok,
low-concurrency-20260711T193136.540788972Z,baseline-c20,2026-07-11T19:35:26.17Z,1783798526170,119968,first_a_sqs_sent_timestamp,4277,14,ok,
low-concurrency-20260711T193136.540788972Z,fair-c20,2026-07-11T19:35:26.198Z,1783798526198,119840,first_a_sqs_sent_timestamp,4270,7,ok,
low-concurrency-20260711T193136.540788972Z,baseline-c20,2026-07-11T19:35:27.17Z,1783798527170,120968,first_a_sqs_sent_timestamp,4277,14,ok,
low-concurrency-20260711T193136.540788972Z,fair-c20,2026-07-11T19:35:27.207Z,1783798527207,120849,first_a_sqs_sent_timestamp,4373,19,ok,
low-concurrency-20260711T193136.540788972Z,baseline-c20,2026-07-11T19:35:28.169Z,1783798528169,121967,first_a_sqs_sent_timestamp,4269,15,ok,
low-concurrency-20260711T193136.540788972Z,fair-c20,2026-07-11T19:35:28.194Z,1783798528194,121836,first_a_sqs_sent_timestamp,4277,18,ok,
low-concurrency-20260711T193136.540788972Z,baseline-c20,2026-07-11T19:35:29.164Z,1783798529164,122962,first_a_sqs_sent_timestamp,4257,18,ok,
low-concurrency-20260711T193136.540788972Z,fair-c20,2026-07-11T19:35:29.193Z,1783798529193,122835,first_a_sqs_sent_timestamp,4230,14,ok,
low-concurrency-20260711T193136.540788972Z,baseline-c20,2026-07-11T19:35:30.17Z,1783798530170,123968,first_a_sqs_sent_timestamp,4282,17,ok,
low-concurrency-20260711T193136.540788972Z,fair-c20,2026-07-11T19:35:30.203Z,1783798530203,123845,first_a_sqs_sent_timestamp,4231,16,ok,
low-concurrency-20260711T193136.540788972Z,baseline-c20,2026-07-11T19:35:31.17Z,1783798531170,124968,first_a_sqs_sent_timestamp,4277,15,ok,
low-concurrency-20260711T193136.540788972Z,fair-c20,2026-07-11T19:35:31.203Z,1783798531203,124845,first_a_sqs_sent_timestamp,4250,13,ok,
low-concurrency-20260711T193136.540788972Z,baseline-c20,2026-07-11T19:35:32.168Z,1783798532168,125966,first_a_sqs_sent_timestamp,4402,18,ok,
low-concurrency-20260711T193136.540788972Z,fair-c20,2026-07-11T19:35:32.196Z,1783798532196,125838,first_a_sqs_sent_timestamp,4241,16,ok,
low-concurrency-20260711T193136.540788972Z,baseline-c20,2026-07-11T19:35:33.165Z,1783798533165,126963,first_a_sqs_sent_timestamp,4224,16,ok,
low-concurrency-20260711T193136.540788972Z,fair-c20,2026-07-11T19:35:33.194Z,1783798533194,126836,first_a_sqs_sent_timestamp,4220,15,ok,
low-concurrency-20260711T193136.540788972Z,baseline-c20,2026-07-11T19:35:34.163Z,1783798534163,127961,first_a_sqs_sent_timestamp,4213,16,ok,
low-concurrency-20260711T193136.540788972Z,fair-c20,2026-07-11T19:35:34.193Z,1783798534193,127835,first_a_sqs_sent_timestamp,4230,15,ok,
low-concurrency-20260711T193136.540788972Z,baseline-c20,2026-07-11T19:35:35.167Z,1783798535167,128965,first_a_sqs_sent_timestamp,4223,17,ok,
low-concurrency-20260711T193136.540788972Z,fair-c20,2026-07-11T19:35:35.2Z,1783798535200,128842,first_a_sqs_sent_timestamp,4197,16,ok,
low-concurrency-20260711T193136.540788972Z,baseline-c20,2026-07-11T19:35:36.165Z,1783798536165,129963,first_a_sqs_sent_timestamp,4271,17,ok,
low-concurrency-20260711T193136.540788972Z,fair-c20,2026-07-11T19:35:36.197Z,1783798536197,129839,first_a_sqs_sent_timestamp,4227,14,ok,
low-concurrency-20260711T193136.540788972Z,baseline-c20,2026-07-11T19:35:37.165Z,1783798537165,130963,first_a_sqs_sent_timestamp,4219,16,ok,
low-concurrency-20260711T193136.540788972Z,fair-c20,2026-07-11T19:35:37.192Z,1783798537192,130834,first_a_sqs_sent_timestamp,4167,17,ok,
low-concurrency-20260711T193136.540788972Z,baseline-c20,2026-07-11T19:35:38.171Z,1783798538171,131969,first_a_sqs_sent_timestamp,4188,18,ok,
low-concurrency-20260711T193136.540788972Z,fair-c20,2026-07-11T19:35:38.203Z,1783798538203,131845,first_a_sqs_sent_timestamp,4205,16,ok,
low-concurrency-20260711T193136.540788972Z,baseline-c20,2026-07-11T19:35:39.165Z,1783798539165,132963,first_a_sqs_sent_timestamp,4258,17,ok,
low-concurrency-20260711T193136.540788972Z,fair-c20,2026-07-11T19:35:39.2Z,1783798539200,132842,first_a_sqs_sent_timestamp,4156,16,ok,
low-concurrency-20260711T193136.540788972Z,baseline-c20,2026-07-11T19:35:40.165Z,1783798540165,133963,first_a_sqs_sent_timestamp,4168,17,ok,
low-concurrency-20260711T193136.540788972Z,fair-c20,2026-07-11T19:35:40.193Z,1783798540193,133835,first_a_sqs_sent_timestamp,4196,16,ok,
low-concurrency-20260711T193136.540788972Z,baseline-c20,2026-07-11T19:35:41.164Z,1783798541164,134962,first_a_sqs_sent_timestamp,4180,19,ok,
low-concurrency-20260711T193136.540788972Z,fair-c20,2026-07-11T19:35:41.195Z,1783798541195,134837,first_a_sqs_sent_timestamp,4290,18,ok,
low-concurrency-20260711T193136.540788972Z,baseline-c20,2026-07-11T19:35:42.167Z,1783798542167,135965,first_a_sqs_sent_timestamp,4211,16,ok,
low-concurrency-20260711T193136.540788972Z,fair-c20,2026-07-11T19:35:42.195Z,1783798542195,135837,first_a_sqs_sent_timestamp,4180,21,ok,
low-concurrency-20260711T193136.540788972Z,baseline-c20,2026-07-11T19:35:43.171Z,1783798543171,136969,first_a_sqs_sent_timestamp,4161,19,ok,
low-concurrency-20260711T193136.540788972Z,fair-c20,2026-07-11T19:35:43.203Z,1783798543203,136845,first_a_sqs_sent_timestamp,4220,12,ok,
low-concurrency-20260711T193136.540788972Z,baseline-c20,2026-07-11T19:35:44.165Z,1783798544165,137963,first_a_sqs_sent_timestamp,4180,18,ok,
low-concurrency-20260711T193136.540788972Z,fair-c20,2026-07-11T19:35:44.196Z,1783798544196,137838,first_a_sqs_sent_timestamp,4127,22,ok,
low-concurrency-20260711T193136.540788972Z,baseline-c20,2026-07-11T19:35:45.166Z,1783798545166,138964,first_a_sqs_sent_timestamp,4189,18,ok,
low-concurrency-20260711T193136.540788972Z,fair-c20,2026-07-11T19:35:45.195Z,1783798545195,138837,first_a_sqs_sent_timestamp,4124,13,ok,
low-concurrency-20260711T193136.540788972Z,baseline-c20,2026-07-11T19:35:46.171Z,1783798546171,139969,first_a_sqs_sent_timestamp,4168,16,ok,
low-concurrency-20260711T193136.540788972Z,fair-c20,2026-07-11T19:35:46.203Z,1783798546203,139845,first_a_sqs_sent_timestamp,4146,16,ok,
low-concurrency-20260711T193136.540788972Z,baseline-c20,2026-07-11T19:35:47.165Z,1783798547165,140963,first_a_sqs_sent_timestamp,4133,17,ok,
low-concurrency-20260711T193136.540788972Z,fair-c20,2026-07-11T19:35:47.196Z,1783798547196,140838,first_a_sqs_sent_timestamp,4133,19,ok,
low-concurrency-20260711T193136.540788972Z,baseline-c20,2026-07-11T19:35:48.165Z,1783798548165,141963,first_a_sqs_sent_timestamp,4126,18,ok,
low-concurrency-20260711T193136.540788972Z,fair-c20,2026-07-11T19:35:48.198Z,1783798548198,141840,first_a_sqs_sent_timestamp,4104,15,ok,
low-concurrency-20260711T193136.540788972Z,baseline-c20,2026-07-11T19:35:49.17Z,1783798549170,142968,first_a_sqs_sent_timestamp,4161,21,ok,
low-concurrency-20260711T193136.540788972Z,fair-c20,2026-07-11T19:35:49.202Z,1783798549202,142844,first_a_sqs_sent_timestamp,4156,15,ok,
low-concurrency-20260711T193136.540788972Z,baseline-c20,2026-07-11T19:35:50.167Z,1783798550167,143965,first_a_sqs_sent_timestamp,4104,20,ok,
low-concurrency-20260711T193136.540788972Z,fair-c20,2026-07-11T19:35:50.199Z,1783798550199,143841,first_a_sqs_sent_timestamp,4103,17,ok,
low-concurrency-20260711T193136.540788972Z,baseline-c20,2026-07-11T19:35:51.165Z,1783798551165,144963,first_a_sqs_sent_timestamp,4125,19,ok,
low-concurrency-20260711T193136.540788972Z,fair-c20,2026-07-11T19:35:51.2Z,1783798551200,144842,first_a_sqs_sent_timestamp,4103,17,ok,
low-concurrency-20260711T193136.540788972Z,baseline-c20,2026-07-11T19:35:52.166Z,1783798552166,145964,first_a_sqs_sent_timestamp,4147,19,ok,
low-concurrency-20260711T193136.540788972Z,fair-c20,2026-07-11T19:35:52.194Z,1783798552194,145836,first_a_sqs_sent_timestamp,4128,17,ok,
low-concurrency-20260711T193136.540788972Z,baseline-c20,2026-07-11T19:35:53.169Z,1783798553169,146967,first_a_sqs_sent_timestamp,4121,16,ok,
low-concurrency-20260711T193136.540788972Z,fair-c20,2026-07-11T19:35:53.203Z,1783798553203,146845,first_a_sqs_sent_timestamp,4104,15,ok,
low-concurrency-20260711T193136.540788972Z,baseline-c20,2026-07-11T19:35:54.166Z,1783798554166,147964,first_a_sqs_sent_timestamp,4133,18,ok,
low-concurrency-20260711T193136.540788972Z,fair-c20,2026-07-11T19:35:54.194Z,1783798554194,147836,first_a_sqs_sent_timestamp,4049,25,ok,
low-concurrency-20260711T193136.540788972Z,baseline-c20,2026-07-11T19:35:55.165Z,1783798555165,148963,first_a_sqs_sent_timestamp,4104,19,ok,
low-concurrency-20260711T193136.540788972Z,fair-c20,2026-07-11T19:35:55.196Z,1783798555196,148838,first_a_sqs_sent_timestamp,4065,18,ok,
low-concurrency-20260711T193136.540788972Z,baseline-c20,2026-07-11T19:35:56.172Z,1783798556172,149970,first_a_sqs_sent_timestamp,4092,16,ok,
low-concurrency-20260711T193136.540788972Z,fair-c20,2026-07-11T19:35:56.204Z,1783798556204,149846,first_a_sqs_sent_timestamp,4065,21,ok,
low-concurrency-20260711T193136.540788972Z,baseline-c20,2026-07-11T19:35:57.164Z,1783798557164,150962,first_a_sqs_sent_timestamp,4075,15,ok,
low-concurrency-20260711T193136.540788972Z,fair-c20,2026-07-11T19:35:57.196Z,1783798557196,150838,first_a_sqs_sent_timestamp,4054,23,ok,
low-concurrency-20260711T193136.540788972Z,baseline-c20,2026-07-11T19:35:58.168Z,1783798558168,151966,first_a_sqs_sent_timestamp,4079,19,ok,
low-concurrency-20260711T193136.540788972Z,fair-c20,2026-07-11T19:35:58.197Z,1783798558197,151839,first_a_sqs_sent_timestamp,4085,20,ok,
low-concurrency-20260711T193136.540788972Z,baseline-c20,2026-07-11T19:35:59.166Z,1783798559166,152964,first_a_sqs_sent_timestamp,4062,18,ok,
low-concurrency-20260711T193136.540788972Z,fair-c20,2026-07-11T19:35:59.195Z,1783798559195,152837,first_a_sqs_sent_timestamp,4054,23,ok,
low-concurrency-20260711T193136.540788972Z,baseline-c20,2026-07-11T19:36:00.171Z,1783798560171,153969,first_a_sqs_sent_timestamp,4087,14,ok,
low-concurrency-20260711T193136.540788972Z,fair-c20,2026-07-11T19:36:00.202Z,1783798560202,153844,first_a_sqs_sent_timestamp,4025,19,ok,
low-concurrency-20260711T193136.540788972Z,baseline-c20,2026-07-11T19:36:01.168Z,1783798561168,154966,first_a_sqs_sent_timestamp,4223,17,ok,
low-concurrency-20260711T193136.540788972Z,fair-c20,2026-07-11T19:36:01.194Z,1783798561194,154836,first_a_sqs_sent_timestamp,4065,20,ok,
low-concurrency-20260711T193136.540788972Z,baseline-c20,2026-07-11T19:36:02.166Z,1783798562166,155964,first_a_sqs_sent_timestamp,4066,15,ok,
low-concurrency-20260711T193136.540788972Z,fair-c20,2026-07-11T19:36:02.197Z,1783798562197,155839,first_a_sqs_sent_timestamp,4049,23,ok,
low-concurrency-20260711T193136.540788972Z,baseline-c20,2026-07-11T19:36:03.17Z,1783798563170,156968,first_a_sqs_sent_timestamp,4077,16,ok,
low-concurrency-20260711T193136.540788972Z,fair-c20,2026-07-11T19:36:03.197Z,1783798563197,156839,first_a_sqs_sent_timestamp,4021,16,ok,
low-concurrency-20260711T193136.540788972Z,baseline-c20,2026-07-11T19:36:04.172Z,1783798564172,157970,first_a_sqs_sent_timestamp,4035,15,ok,
low-concurrency-20260711T193136.540788972Z,fair-c20,2026-07-11T19:36:04.202Z,1783798564202,157844,first_a_sqs_sent_timestamp,4000,19,ok,
low-concurrency-20260711T193136.540788972Z,baseline-c20,2026-07-11T19:36:05.164Z,1783798565164,158962,first_a_sqs_sent_timestamp,4052,15,ok,
low-concurrency-20260711T193136.540788972Z,fair-c20,2026-07-11T19:36:05.194Z,1783798565194,158836,first_a_sqs_sent_timestamp,4026,17,ok,
low-concurrency-20260711T193136.540788972Z,baseline-c20,2026-07-11T19:36:06.165Z,1783798566165,159963,first_a_sqs_sent_timestamp,4034,14,ok,
low-concurrency-20260711T193136.540788972Z,fair-c20,2026-07-11T19:36:06.195Z,1783798566195,159837,first_a_sqs_sent_timestamp,3981,15,ok,
low-concurrency-20260711T193136.540788972Z,baseline-c20,2026-07-11T19:36:07.166Z,1783798567166,160964,first_a_sqs_sent_timestamp,4063,16,ok,
low-concurrency-20260711T193136.540788972Z,fair-c20,2026-07-11T19:36:07.194Z,1783798567194,160836,first_a_sqs_sent_timestamp,4001,19,ok,
low-concurrency-20260711T193136.540788972Z,baseline-c20,2026-07-11T19:36:08.163Z,1783798568163,161961,first_a_sqs_sent_timestamp,4021,20,ok,
low-concurrency-20260711T193136.540788972Z,fair-c20,2026-07-11T19:36:08.19Z,1783798568190,161832,first_a_sqs_sent_timestamp,4022,16,ok,
low-concurrency-20260711T193136.540788972Z,baseline-c20,2026-07-11T19:36:09.165Z,1783798569165,162963,first_a_sqs_sent_timestamp,4020,20,ok,
low-concurrency-20260711T193136.540788972Z,fair-c20,2026-07-11T19:36:09.205Z,1783798569205,162847,first_a_sqs_sent_timestamp,4167,16,ok,
low-concurrency-20260711T193136.540788972Z,baseline-c20,2026-07-11T19:36:10.168Z,1783798570168,163966,first_a_sqs_sent_timestamp,4026,18,ok,
low-concurrency-20260711T193136.540788972Z,fair-c20,2026-07-11T19:36:10.2Z,1783798570200,163842,first_a_sqs_sent_timestamp,4007,16,ok,
low-concurrency-20260711T193136.540788972Z,baseline-c20,2026-07-11T19:36:11.168Z,1783798571168,164966,first_a_sqs_sent_timestamp,4038,17,ok,
low-concurrency-20260711T193136.540788972Z,fair-c20,2026-07-11T19:36:11.202Z,1783798571202,164844,first_a_sqs_sent_timestamp,3980,17,ok,
low-concurrency-20260711T193136.540788972Z,baseline-c20,2026-07-11T19:36:12.166Z,1783798572166,165964,first_a_sqs_sent_timestamp,4034,14,ok,
low-concurrency-20260711T193136.540788972Z,fair-c20,2026-07-11T19:36:12.193Z,1783798572193,165835,first_a_sqs_sent_timestamp,3947,17,ok,
low-concurrency-20260711T193136.540788972Z,baseline-c20,2026-07-11T19:36:13.169Z,1783798573169,166967,first_a_sqs_sent_timestamp,3999,14,ok,
low-concurrency-20260711T193136.540788972Z,fair-c20,2026-07-11T19:36:13.2Z,1783798573200,166842,first_a_sqs_sent_timestamp,4002,18,ok,
low-concurrency-20260711T193136.540788972Z,baseline-c20,2026-07-11T19:36:14.171Z,1783798574171,167969,first_a_sqs_sent_timestamp,4008,14,ok,
low-concurrency-20260711T193136.540788972Z,fair-c20,2026-07-11T19:36:14.204Z,1783798574204,167846,first_a_sqs_sent_timestamp,3940,20,ok,
low-concurrency-20260711T193136.540788972Z,baseline-c20,2026-07-11T19:36:15.166Z,1783798575166,168964,first_a_sqs_sent_timestamp,3983,19,ok,
low-concurrency-20260711T193136.540788972Z,fair-c20,2026-07-11T19:36:15.194Z,1783798575194,168836,first_a_sqs_sent_timestamp,4098,17,ok,
low-concurrency-20260711T193136.540788972Z,baseline-c20,2026-07-11T19:36:16.174Z,1783798576174,169972,first_a_sqs_sent_timestamp,3952,14,ok,
low-concurrency-20260711T193136.540788972Z,fair-c20,2026-07-11T19:36:16.205Z,1783798576205,169847,first_a_sqs_sent_timestamp,3946,17,ok,
low-concurrency-20260711T193136.540788972Z,baseline-c20,2026-07-11T19:36:17.164Z,1783798577164,170962,first_a_sqs_sent_timestamp,3951,16,ok,
low-concurrency-20260711T193136.540788972Z,fair-c20,2026-07-11T19:36:17.211Z,1783798577211,170853,first_a_sqs_sent_timestamp,3912,15,ok,
low-concurrency-20260711T193136.540788972Z,baseline-c20,2026-07-11T19:36:18.169Z,1783798578169,171967,first_a_sqs_sent_timestamp,3971,16,ok,
low-concurrency-20260711T193136.540788972Z,fair-c20,2026-07-11T19:36:18.201Z,1783798578201,171843,first_a_sqs_sent_timestamp,3931,18,ok,
low-concurrency-20260711T193136.540788972Z,baseline-c20,2026-07-11T19:36:19.169Z,1783798579169,172967,first_a_sqs_sent_timestamp,3924,18,ok,
low-concurrency-20260711T193136.540788972Z,fair-c20,2026-07-11T19:36:19.195Z,1783798579195,172837,first_a_sqs_sent_timestamp,3912,14,ok,
low-concurrency-20260711T193136.540788972Z,baseline-c20,2026-07-11T19:36:20.171Z,1783798580171,173969,first_a_sqs_sent_timestamp,3923,18,ok,
low-concurrency-20260711T193136.540788972Z,fair-c20,2026-07-11T19:36:20.199Z,1783798580199,173841,first_a_sqs_sent_timestamp,3931,20,ok,
low-concurrency-20260711T193136.540788972Z,baseline-c20,2026-07-11T19:36:21.197Z,1783798581197,174995,first_a_sqs_sent_timestamp,3958,18,ok,
low-concurrency-20260711T193136.540788972Z,fair-c20,2026-07-11T19:36:21.23Z,1783798581230,174872,first_a_sqs_sent_timestamp,3957,14,ok,
low-concurrency-20260711T193136.540788972Z,baseline-c20,2026-07-11T19:36:22.17Z,1783798582170,175968,first_a_sqs_sent_timestamp,3924,18,ok,
low-concurrency-20260711T193136.540788972Z,fair-c20,2026-07-11T19:36:22.199Z,1783798582199,175841,first_a_sqs_sent_timestamp,3916,16,ok,
low-concurrency-20260711T193136.540788972Z,baseline-c20,2026-07-11T19:36:23.172Z,1783798583172,176970,first_a_sqs_sent_timestamp,3962,18,ok,
low-concurrency-20260711T193136.540788972Z,fair-c20,2026-07-11T19:36:23.203Z,1783798583203,176845,first_a_sqs_sent_timestamp,3942,21,ok,
low-concurrency-20260711T193136.540788972Z,baseline-c20,2026-07-11T19:36:24.17Z,1783798584170,177968,first_a_sqs_sent_timestamp,3975,20,ok,
low-concurrency-20260711T193136.540788972Z,fair-c20,2026-07-11T19:36:24.21Z,1783798584210,177852,first_a_sqs_sent_timestamp,3874,16,ok,
low-concurrency-20260711T193136.540788972Z,baseline-c20,2026-07-11T19:36:25.168Z,1783798585168,178966,first_a_sqs_sent_timestamp,3887,21,ok,
low-concurrency-20260711T193136.540788972Z,fair-c20,2026-07-11T19:36:25.195Z,1783798585195,178837,first_a_sqs_sent_timestamp,3876,21,ok,
low-concurrency-20260711T193136.540788972Z,baseline-c20,2026-07-11T19:36:26.17Z,1783798586170,179968,first_a_sqs_sent_timestamp,3888,19,ok,
low-concurrency-20260711T193136.540788972Z,fair-c20,2026-07-11T19:36:26.201Z,1783798586201,179843,first_a_sqs_sent_timestamp,3963,16,ok,
low-concurrency-20260711T193136.540788972Z,baseline-c20,2026-07-11T19:36:27.17Z,1783798587170,180968,first_a_sqs_sent_timestamp,3887,20,ok,
low-concurrency-20260711T193136.540788972Z,fair-c20,2026-07-11T19:36:27.201Z,1783798587201,180843,first_a_sqs_sent_timestamp,3889,16,ok,
low-concurrency-20260711T193136.540788972Z,baseline-c20,2026-07-11T19:36:28.166Z,1783798588166,181964,first_a_sqs_sent_timestamp,3886,16,ok,
low-concurrency-20260711T193136.540788972Z,fair-c20,2026-07-11T19:36:28.196Z,1783798588196,181838,first_a_sqs_sent_timestamp,3882,18,ok,
low-concurrency-20260711T193136.540788972Z,baseline-c20,2026-07-11T19:36:29.168Z,1783798589168,182966,first_a_sqs_sent_timestamp,3948,15,ok,
low-concurrency-20260711T193136.540788972Z,fair-c20,2026-07-11T19:36:29.196Z,1783798589196,182838,first_a_sqs_sent_timestamp,3841,10,ok,
low-concurrency-20260711T193136.540788972Z,baseline-c20,2026-07-11T19:36:30.165Z,1783798590165,183963,first_a_sqs_sent_timestamp,3903,21,ok,
low-concurrency-20260711T193136.540788972Z,fair-c20,2026-07-11T19:36:30.198Z,1783798590198,183840,first_a_sqs_sent_timestamp,3843,12,ok,
low-concurrency-20260711T193136.540788972Z,baseline-c20,2026-07-11T19:36:31.169Z,1783798591169,184967,first_a_sqs_sent_timestamp,3854,14,ok,
low-concurrency-20260711T193136.540788972Z,fair-c20,2026-07-11T19:36:31.199Z,1783798591199,184841,first_a_sqs_sent_timestamp,3910,16,ok,
low-concurrency-20260711T193136.540788972Z,baseline-c20,2026-07-11T19:36:32.169Z,1783798592169,185967,first_a_sqs_sent_timestamp,3884,16,ok,
low-concurrency-20260711T193136.540788972Z,fair-c20,2026-07-11T19:36:32.202Z,1783798592202,185844,first_a_sqs_sent_timestamp,3847,15,ok,
low-concurrency-20260711T193136.540788972Z,baseline-c20,2026-07-11T19:36:33.166Z,1783798593166,186964,first_a_sqs_sent_timestamp,3848,16,ok,
low-concurrency-20260711T193136.540788972Z,fair-c20,2026-07-11T19:36:33.199Z,1783798593199,186841,first_a_sqs_sent_timestamp,3870,17,ok,
low-concurrency-20260711T193136.540788972Z,baseline-c20,2026-07-11T19:36:34.17Z,1783798594170,187968,first_a_sqs_sent_timestamp,3851,14,ok,
low-concurrency-20260711T193136.540788972Z,fair-c20,2026-07-11T19:36:34.208Z,1783798594208,187850,first_a_sqs_sent_timestamp,3819,18,ok,
low-concurrency-20260711T193136.540788972Z,baseline-c20,2026-07-11T19:36:35.171Z,1783798595171,188969,first_a_sqs_sent_timestamp,3849,14,ok,
low-concurrency-20260711T193136.540788972Z,fair-c20,2026-07-11T19:36:35.201Z,1783798595201,188843,first_a_sqs_sent_timestamp,3846,14,ok,
low-concurrency-20260711T193136.540788972Z,baseline-c20,2026-07-11T19:36:36.178Z,1783798596178,189976,first_a_sqs_sent_timestamp,3854,14,ok,
low-concurrency-20260711T193136.540788972Z,fair-c20,2026-07-11T19:36:36.211Z,1783798596211,189853,first_a_sqs_sent_timestamp,3821,16,ok,
low-concurrency-20260711T193136.540788972Z,baseline-c20,2026-07-11T19:36:37.171Z,1783798597171,190969,first_a_sqs_sent_timestamp,3832,22,ok,
low-concurrency-20260711T193136.540788972Z,fair-c20,2026-07-11T19:36:37.201Z,1783798597201,190843,first_a_sqs_sent_timestamp,3807,21,ok,
low-concurrency-20260711T193136.540788972Z,baseline-c20,2026-07-11T19:36:38.169Z,1783798598169,191967,first_a_sqs_sent_timestamp,3924,20,ok,
low-concurrency-20260711T193136.540788972Z,fair-c20,2026-07-11T19:36:38.2Z,1783798598200,191842,first_a_sqs_sent_timestamp,3876,16,ok,
low-concurrency-20260711T193136.540788972Z,baseline-c20,2026-07-11T19:36:39.17Z,1783798599170,192968,first_a_sqs_sent_timestamp,3951,15,ok,
low-concurrency-20260711T193136.540788972Z,fair-c20,2026-07-11T19:36:39.204Z,1783798599204,192846,first_a_sqs_sent_timestamp,3776,14,ok,
low-concurrency-20260711T193136.540788972Z,baseline-c20,2026-07-11T19:36:40.168Z,1783798600168,193966,first_a_sqs_sent_timestamp,3809,15,ok,
low-concurrency-20260711T193136.540788972Z,fair-c20,2026-07-11T19:36:40.197Z,1783798600197,193839,first_a_sqs_sent_timestamp,3853,15,ok,
low-concurrency-20260711T193136.540788972Z,baseline-c20,2026-07-11T19:36:41.165Z,1783798601165,194963,first_a_sqs_sent_timestamp,3807,17,ok,
low-concurrency-20260711T193136.540788972Z,fair-c20,2026-07-11T19:36:41.194Z,1783798601194,194836,first_a_sqs_sent_timestamp,3844,11,ok,
low-concurrency-20260711T193136.540788972Z,baseline-c20,2026-07-11T19:36:42.165Z,1783798602165,195963,first_a_sqs_sent_timestamp,3808,14,ok,
low-concurrency-20260711T193136.540788972Z,fair-c20,2026-07-11T19:36:42.197Z,1783798602197,195839,first_a_sqs_sent_timestamp,3754,18,ok,
low-concurrency-20260711T193136.540788972Z,baseline-c20,2026-07-11T19:36:43.166Z,1783798603166,196964,first_a_sqs_sent_timestamp,3832,22,ok,
low-concurrency-20260711T193136.540788972Z,fair-c20,2026-07-11T19:36:43.195Z,1783798603195,196837,first_a_sqs_sent_timestamp,3776,12,ok,
low-concurrency-20260711T193136.540788972Z,baseline-c20,2026-07-11T19:36:44.166Z,1783798604166,197964,first_a_sqs_sent_timestamp,3795,14,ok,
low-concurrency-20260711T193136.540788972Z,fair-c20,2026-07-11T19:36:44.193Z,1783798604193,197835,first_a_sqs_sent_timestamp,3807,19,ok,
low-concurrency-20260711T193136.540788972Z,baseline-c20,2026-07-11T19:36:45.168Z,1783798605168,198966,first_a_sqs_sent_timestamp,3767,15,ok,
low-concurrency-20260711T193136.540788972Z,fair-c20,2026-07-11T19:36:45.199Z,1783798605199,198841,first_a_sqs_sent_timestamp,3775,13,ok,
low-concurrency-20260711T193136.540788972Z,baseline-c20,2026-07-11T19:36:46.171Z,1783798606171,199969,first_a_sqs_sent_timestamp,3771,20,ok,
low-concurrency-20260711T193136.540788972Z,fair-c20,2026-07-11T19:36:46.199Z,1783798606199,199841,first_a_sqs_sent_timestamp,3738,19,ok,
low-concurrency-20260711T193136.540788972Z,baseline-c20,2026-07-11T19:36:47.164Z,1783798607164,200962,first_a_sqs_sent_timestamp,3772,21,ok,
low-concurrency-20260711T193136.540788972Z,fair-c20,2026-07-11T19:36:47.201Z,1783798607201,200843,first_a_sqs_sent_timestamp,3784,15,ok,
low-concurrency-20260711T193136.540788972Z,baseline-c20,2026-07-11T19:36:48.168Z,1783798608168,201966,first_a_sqs_sent_timestamp,3757,17,ok,
low-concurrency-20260711T193136.540788972Z,fair-c20,2026-07-11T19:36:48.199Z,1783798608199,201841,first_a_sqs_sent_timestamp,3732,17,ok,
low-concurrency-20260711T193136.540788972Z,baseline-c20,2026-07-11T19:36:49.169Z,1783798609169,202967,first_a_sqs_sent_timestamp,3818,14,ok,
low-concurrency-20260711T193136.540788972Z,fair-c20,2026-07-11T19:36:49.197Z,1783798609197,202839,first_a_sqs_sent_timestamp,3795,16,ok,
low-concurrency-20260711T193136.540788972Z,baseline-c20,2026-07-11T19:36:50.169Z,1783798610169,203967,first_a_sqs_sent_timestamp,3757,19,ok,
low-concurrency-20260711T193136.540788972Z,fair-c20,2026-07-11T19:36:50.196Z,1783798610196,203838,first_a_sqs_sent_timestamp,3721,17,ok,
low-concurrency-20260711T193136.540788972Z,baseline-c20,2026-07-11T19:36:51.169Z,1783798611169,204967,first_a_sqs_sent_timestamp,3771,24,ok,
low-concurrency-20260711T193136.540788972Z,fair-c20,2026-07-11T19:36:51.2Z,1783798611200,204842,first_a_sqs_sent_timestamp,3738,19,ok,
low-concurrency-20260711T193136.540788972Z,baseline-c20,2026-07-11T19:36:52.164Z,1783798612164,205962,first_a_sqs_sent_timestamp,3726,14,ok,
low-concurrency-20260711T193136.540788972Z,fair-c20,2026-07-11T19:36:52.193Z,1783798612193,205835,first_a_sqs_sent_timestamp,3705,17,ok,
low-concurrency-20260711T193136.540788972Z,baseline-c20,2026-07-11T19:36:53.162Z,1783798613162,206960,first_a_sqs_sent_timestamp,3717,16,ok,
low-concurrency-20260711T193136.540788972Z,fair-c20,2026-07-11T19:36:53.192Z,1783798613192,206834,first_a_sqs_sent_timestamp,3704,18,ok,
low-concurrency-20260711T193136.540788972Z,baseline-c20,2026-07-11T19:36:54.271Z,1783798614271,208069,first_a_sqs_sent_timestamp,3887,20,ok,
low-concurrency-20260711T193136.540788972Z,fair-c20,2026-07-11T19:36:54.302Z,1783798614302,207944,first_a_sqs_sent_timestamp,3753,20,ok,
low-concurrency-20260711T193136.540788972Z,baseline-c20,2026-07-11T19:36:55.165Z,1783798615165,208963,first_a_sqs_sent_timestamp,3718,14,ok,
low-concurrency-20260711T193136.540788972Z,fair-c20,2026-07-11T19:36:55.199Z,1783798615199,208841,first_a_sqs_sent_timestamp,3694,18,ok,
low-concurrency-20260711T193136.540788972Z,baseline-c20,2026-07-11T19:36:56.171Z,1783798616171,209969,first_a_sqs_sent_timestamp,3723,16,ok,
low-concurrency-20260711T193136.540788972Z,fair-c20,2026-07-11T19:36:56.203Z,1783798616203,209845,first_a_sqs_sent_timestamp,3676,18,ok,
low-concurrency-20260711T193136.540788972Z,baseline-c20,2026-07-11T19:36:57.17Z,1783798617170,210968,first_a_sqs_sent_timestamp,3728,13,ok,
low-concurrency-20260711T193136.540788972Z,fair-c20,2026-07-11T19:36:57.201Z,1783798617201,210843,first_a_sqs_sent_timestamp,3763,16,ok,
low-concurrency-20260711T193136.540788972Z,baseline-c20,2026-07-11T19:36:58.165Z,1783798618165,211963,first_a_sqs_sent_timestamp,3691,12,ok,
low-concurrency-20260711T193136.540788972Z,fair-c20,2026-07-11T19:36:58.191Z,1783798618191,211833,first_a_sqs_sent_timestamp,3677,17,ok,
low-concurrency-20260711T193136.540788972Z,baseline-c20,2026-07-11T19:36:59.174Z,1783798619174,212972,first_a_sqs_sent_timestamp,3788,20,ok,
low-concurrency-20260711T193136.540788972Z,fair-c20,2026-07-11T19:36:59.201Z,1783798619201,212843,first_a_sqs_sent_timestamp,3676,18,ok,
low-concurrency-20260711T193136.540788972Z,baseline-c20,2026-07-11T19:37:00.17Z,1783798620170,213968,first_a_sqs_sent_timestamp,3691,13,ok,
low-concurrency-20260711T193136.540788972Z,fair-c20,2026-07-11T19:37:00.199Z,1783798620199,213841,first_a_sqs_sent_timestamp,3720,19,ok,
low-concurrency-20260711T193136.540788972Z,baseline-c20,2026-07-11T19:37:01.164Z,1783798621164,214962,first_a_sqs_sent_timestamp,3672,17,ok,
low-concurrency-20260711T193136.540788972Z,fair-c20,2026-07-11T19:37:01.194Z,1783798621194,214836,first_a_sqs_sent_timestamp,3732,17,ok,
low-concurrency-20260711T193136.540788972Z,baseline-c20,2026-07-11T19:37:02.166Z,1783798622166,215964,first_a_sqs_sent_timestamp,3717,14,ok,
low-concurrency-20260711T193136.540788972Z,fair-c20,2026-07-11T19:37:02.192Z,1783798622192,215834,first_a_sqs_sent_timestamp,3655,16,ok,
low-concurrency-20260711T193136.540788972Z,baseline-c20,2026-07-11T19:37:03.165Z,1783798623165,216963,first_a_sqs_sent_timestamp,3689,14,ok,
low-concurrency-20260711T193136.540788972Z,fair-c20,2026-07-11T19:37:03.193Z,1783798623193,216835,first_a_sqs_sent_timestamp,3655,19,ok,
low-concurrency-20260711T193136.540788972Z,baseline-c20,2026-07-11T19:37:04.168Z,1783798624168,217966,first_a_sqs_sent_timestamp,3643,18,ok,
low-concurrency-20260711T193136.540788972Z,fair-c20,2026-07-11T19:37:04.193Z,1783798624193,217835,first_a_sqs_sent_timestamp,3628,22,ok,
low-concurrency-20260711T193136.540788972Z,baseline-c20,2026-07-11T19:37:05.167Z,1783798625167,218965,first_a_sqs_sent_timestamp,3700,14,ok,
low-concurrency-20260711T193136.540788972Z,fair-c20,2026-07-11T19:37:05.2Z,1783798625200,218842,first_a_sqs_sent_timestamp,3635,21,ok,
low-concurrency-20260711T193136.540788972Z,baseline-c20,2026-07-11T19:37:06.164Z,1783798626164,219962,first_a_sqs_sent_timestamp,3765,15,ok,
low-concurrency-20260711T193136.540788972Z,fair-c20,2026-07-11T19:37:06.197Z,1783798626197,219839,first_a_sqs_sent_timestamp,3605,20,ok,
low-concurrency-20260711T193136.540788972Z,baseline-c20,2026-07-11T19:37:07.173Z,1783798627173,220971,first_a_sqs_sent_timestamp,3645,14,ok,
low-concurrency-20260711T193136.540788972Z,fair-c20,2026-07-11T19:37:07.211Z,1783798627211,220853,first_a_sqs_sent_timestamp,3605,18,ok,
low-concurrency-20260711T193136.540788972Z,baseline-c20,2026-07-11T19:37:08.17Z,1783798628170,221968,first_a_sqs_sent_timestamp,3630,19,ok,
low-concurrency-20260711T193136.540788972Z,fair-c20,2026-07-11T19:37:08.199Z,1783798628199,221841,first_a_sqs_sent_timestamp,3628,21,ok,
low-concurrency-20260711T193136.540788972Z,baseline-c20,2026-07-11T19:37:09.172Z,1783798629172,222970,first_a_sqs_sent_timestamp,3687,9,ok,
low-concurrency-20260711T193136.540788972Z,fair-c20,2026-07-11T19:37:09.208Z,1783798629208,222850,first_a_sqs_sent_timestamp,3637,17,ok,
low-concurrency-20260711T193136.540788972Z,baseline-c20,2026-07-11T19:37:10.164Z,1783798630164,223962,first_a_sqs_sent_timestamp,3604,13,ok,
low-concurrency-20260711T193136.540788972Z,fair-c20,2026-07-11T19:37:10.195Z,1783798630195,223837,first_a_sqs_sent_timestamp,3694,19,ok,
low-concurrency-20260711T193136.540788972Z,baseline-c20,2026-07-11T19:37:11.171Z,1783798631171,224969,first_a_sqs_sent_timestamp,3604,13,ok,
low-concurrency-20260711T193136.540788972Z,fair-c20,2026-07-11T19:37:11.203Z,1783798631203,224845,first_a_sqs_sent_timestamp,3675,19,ok,
low-concurrency-20260711T193136.540788972Z,baseline-c20,2026-07-11T19:37:12.166Z,1783798632166,225964,first_a_sqs_sent_timestamp,3649,16,ok,
low-concurrency-20260711T193136.540788972Z,fair-c20,2026-07-11T19:37:12.2Z,1783798632200,225842,first_a_sqs_sent_timestamp,3586,13,ok,
low-concurrency-20260711T193136.540788972Z,baseline-c20,2026-07-11T19:37:13.165Z,1783798633165,226963,first_a_sqs_sent_timestamp,3605,16,ok,
low-concurrency-20260711T193136.540788972Z,fair-c20,2026-07-11T19:37:13.192Z,1783798633192,226834,first_a_sqs_sent_timestamp,3586,14,ok,
low-concurrency-20260711T193136.540788972Z,baseline-c20,2026-07-11T19:37:14.164Z,1783798634164,227962,first_a_sqs_sent_timestamp,3586,19,ok,
low-concurrency-20260711T193136.540788972Z,fair-c20,2026-07-11T19:37:14.192Z,1783798634192,227834,first_a_sqs_sent_timestamp,3574,20,ok,
low-concurrency-20260711T193136.540788972Z,baseline-c20,2026-07-11T19:37:15.17Z,1783798635170,228968,first_a_sqs_sent_timestamp,3602,17,ok,
low-concurrency-20260711T193136.540788972Z,fair-c20,2026-07-11T19:37:15.196Z,1783798635196,228838,first_a_sqs_sent_timestamp,3616,17,ok,
low-concurrency-20260711T193136.540788972Z,baseline-c20,2026-07-11T19:37:16.171Z,1783798636171,229969,first_a_sqs_sent_timestamp,3630,19,ok,
low-concurrency-20260711T193136.540788972Z,fair-c20,2026-07-11T19:37:16.2Z,1783798636200,229842,first_a_sqs_sent_timestamp,3544,16,ok,
low-concurrency-20260711T193136.540788972Z,baseline-c20,2026-07-11T19:37:17.168Z,1783798637168,230966,first_a_sqs_sent_timestamp,3674,19,ok,
low-concurrency-20260711T193136.540788972Z,fair-c20,2026-07-11T19:37:17.201Z,1783798637201,230843,first_a_sqs_sent_timestamp,3545,18,ok,
low-concurrency-20260711T193136.540788972Z,baseline-c20,2026-07-11T19:37:18.169Z,1783798638169,231967,first_a_sqs_sent_timestamp,3628,15,ok,
low-concurrency-20260711T193136.540788972Z,fair-c20,2026-07-11T19:37:18.197Z,1783798638197,231839,first_a_sqs_sent_timestamp,3606,18,ok,
low-concurrency-20260711T193136.540788972Z,baseline-c20,2026-07-11T19:37:19.171Z,1783798639171,232969,first_a_sqs_sent_timestamp,3555,16,ok,
low-concurrency-20260711T193136.540788972Z,fair-c20,2026-07-11T19:37:19.201Z,1783798639201,232843,first_a_sqs_sent_timestamp,3570,16,ok,
low-concurrency-20260711T193136.540788972Z,baseline-c20,2026-07-11T19:37:20.21Z,1783798640210,234008,first_a_sqs_sent_timestamp,3586,16,ok,
low-concurrency-20260711T193136.540788972Z,fair-c20,2026-07-11T19:37:20.238Z,1783798640238,233880,first_a_sqs_sent_timestamp,3587,16,ok,
low-concurrency-20260711T193136.540788972Z,baseline-c20,2026-07-11T19:37:21.165Z,1783798641165,234963,first_a_sqs_sent_timestamp,3644,17,ok,
low-concurrency-20260711T193136.540788972Z,fair-c20,2026-07-11T19:37:21.195Z,1783798641195,234837,first_a_sqs_sent_timestamp,3544,16,ok,
low-concurrency-20260711T193136.540788972Z,baseline-c20,2026-07-11T19:37:22.167Z,1783798642167,235965,first_a_sqs_sent_timestamp,3567,20,ok,
low-concurrency-20260711T193136.540788972Z,fair-c20,2026-07-11T19:37:22.195Z,1783798642195,235837,first_a_sqs_sent_timestamp,3516,20,ok,
low-concurrency-20260711T193136.540788972Z,baseline-c20,2026-07-11T19:37:23.171Z,1783798643171,236969,first_a_sqs_sent_timestamp,3533,12,ok,
low-concurrency-20260711T193136.540788972Z,fair-c20,2026-07-11T19:37:23.198Z,1783798643198,236840,first_a_sqs_sent_timestamp,3524,16,ok,
low-concurrency-20260711T193136.540788972Z,baseline-c20,2026-07-11T19:37:24.17Z,1783798644170,237968,first_a_sqs_sent_timestamp,3522,17,ok,
low-concurrency-20260711T193136.540788972Z,fair-c20,2026-07-11T19:37:24.204Z,1783798644204,237846,first_a_sqs_sent_timestamp,3580,15,ok,
low-concurrency-20260711T193136.540788972Z,baseline-c20,2026-07-11T19:37:25.173Z,1783798645173,238971,first_a_sqs_sent_timestamp,3533,14,ok,
low-concurrency-20260711T193136.540788972Z,fair-c20,2026-07-11T19:37:25.204Z,1783798645204,238846,first_a_sqs_sent_timestamp,3484,21,ok,
low-concurrency-20260711T193136.540788972Z,baseline-c20,2026-07-11T19:37:26.165Z,1783798646165,239963,first_a_sqs_sent_timestamp,3532,17,ok,
low-concurrency-20260711T193136.540788972Z,fair-c20,2026-07-11T19:37:26.195Z,1783798646195,239837,first_a_sqs_sent_timestamp,3517,16,ok,
low-concurrency-20260711T193136.540788972Z,baseline-c20,2026-07-11T19:37:27.167Z,1783798647167,240965,first_a_sqs_sent_timestamp,3534,18,ok,
low-concurrency-20260711T193136.540788972Z,fair-c20,2026-07-11T19:37:27.202Z,1783798647202,240844,first_a_sqs_sent_timestamp,3483,21,ok,
low-concurrency-20260711T193136.540788972Z,baseline-c20,2026-07-11T19:37:28.172Z,1783798648172,241970,first_a_sqs_sent_timestamp,3533,14,ok,
low-concurrency-20260711T193136.540788972Z,fair-c20,2026-07-11T19:37:28.202Z,1783798648202,241844,first_a_sqs_sent_timestamp,3511,16,ok,
low-concurrency-20260711T193136.540788972Z,baseline-c20,2026-07-11T19:37:29.173Z,1783798649173,242971,first_a_sqs_sent_timestamp,3521,19,ok,
low-concurrency-20260711T193136.540788972Z,fair-c20,2026-07-11T19:37:29.201Z,1783798649201,242843,first_a_sqs_sent_timestamp,3460,16,ok,
low-concurrency-20260711T193136.540788972Z,baseline-c20,2026-07-11T19:37:30.186Z,1783798650186,243984,first_a_sqs_sent_timestamp,3555,19,ok,
low-concurrency-20260711T193136.540788972Z,fair-c20,2026-07-11T19:37:30.217Z,1783798650217,243859,first_a_sqs_sent_timestamp,3505,17,ok,
low-concurrency-20260711T193136.540788972Z,baseline-c20,2026-07-11T19:37:31.166Z,1783798651166,244964,first_a_sqs_sent_timestamp,3548,17,ok,
low-concurrency-20260711T193136.540788972Z,fair-c20,2026-07-11T19:37:31.2Z,1783798651200,244842,first_a_sqs_sent_timestamp,3574,18,ok,
low-concurrency-20260711T193136.540788972Z,baseline-c20,2026-07-11T19:37:32.165Z,1783798652165,245963,first_a_sqs_sent_timestamp,3485,15,ok,
low-concurrency-20260711T193136.540788972Z,fair-c20,2026-07-11T19:37:32.202Z,1783798652202,245844,first_a_sqs_sent_timestamp,3523,15,ok,
low-concurrency-20260711T193136.540788972Z,baseline-c20,2026-07-11T19:37:33.171Z,1783798653171,246969,first_a_sqs_sent_timestamp,3490,21,ok,
low-concurrency-20260711T193136.540788972Z,fair-c20,2026-07-11T19:37:33.204Z,1783798653204,246846,first_a_sqs_sent_timestamp,3447,18,ok,
low-concurrency-20260711T193136.540788972Z,baseline-c20,2026-07-11T19:37:34.173Z,1783798654173,247971,first_a_sqs_sent_timestamp,3464,14,ok,
low-concurrency-20260711T193136.540788972Z,fair-c20,2026-07-11T19:37:34.205Z,1783798654205,247847,first_a_sqs_sent_timestamp,3460,16,ok,
low-concurrency-20260711T193136.540788972Z,baseline-c20,2026-07-11T19:37:35.169Z,1783798655169,248967,first_a_sqs_sent_timestamp,3474,18,ok,
low-concurrency-20260711T193136.540788972Z,fair-c20,2026-07-11T19:37:35.203Z,1783798655203,248845,first_a_sqs_sent_timestamp,3443,17,ok,
low-concurrency-20260711T193136.540788972Z,baseline-c20,2026-07-11T19:37:36.167Z,1783798656167,249965,first_a_sqs_sent_timestamp,3473,19,ok,
low-concurrency-20260711T193136.540788972Z,fair-c20,2026-07-11T19:37:36.2Z,1783798656200,249842,first_a_sqs_sent_timestamp,3442,17,ok,
low-concurrency-20260711T193136.540788972Z,baseline-c20,2026-07-11T19:37:37.166Z,1783798657166,250964,first_a_sqs_sent_timestamp,3564,16,ok,
low-concurrency-20260711T193136.540788972Z,fair-c20,2026-07-11T19:37:37.193Z,1783798657193,250835,first_a_sqs_sent_timestamp,3471,16,ok,
low-concurrency-20260711T193136.540788972Z,baseline-c20,2026-07-11T19:37:38.171Z,1783798658171,251969,first_a_sqs_sent_timestamp,3429,14,ok,
low-concurrency-20260711T193136.540788972Z,fair-c20,2026-07-11T19:37:38.202Z,1783798658202,251844,first_a_sqs_sent_timestamp,3406,15,ok,
low-concurrency-20260711T193136.540788972Z,baseline-c20,2026-07-11T19:37:39.172Z,1783798659172,252970,first_a_sqs_sent_timestamp,3449,20,ok,
low-concurrency-20260711T193136.540788972Z,fair-c20,2026-07-11T19:37:39.202Z,1783798659202,252844,first_a_sqs_sent_timestamp,3442,15,ok,
low-concurrency-20260711T193136.540788972Z,baseline-c20,2026-07-11T19:37:40.168Z,1783798660168,253966,first_a_sqs_sent_timestamp,3432,17,ok,
low-concurrency-20260711T193136.540788972Z,fair-c20,2026-07-11T19:37:40.2Z,1783798660200,253842,first_a_sqs_sent_timestamp,3404,15,ok,
low-concurrency-20260711T193136.540788972Z,baseline-c20,2026-07-11T19:37:41.173Z,1783798661173,254971,first_a_sqs_sent_timestamp,3432,16,ok,
low-concurrency-20260711T193136.540788972Z,fair-c20,2026-07-11T19:37:41.202Z,1783798661202,254844,first_a_sqs_sent_timestamp,3446,17,ok,
low-concurrency-20260711T193136.540788972Z,baseline-c20,2026-07-11T19:37:42.164Z,1783798662164,255962,first_a_sqs_sent_timestamp,3414,18,ok,
low-concurrency-20260711T193136.540788972Z,fair-c20,2026-07-11T19:37:42.193Z,1783798662193,255835,first_a_sqs_sent_timestamp,3391,18,ok,
low-concurrency-20260711T193136.540788972Z,baseline-c20,2026-07-11T19:37:43.17Z,1783798663170,256968,first_a_sqs_sent_timestamp,3430,20,ok,
low-concurrency-20260711T193136.540788972Z,fair-c20,2026-07-11T19:37:43.197Z,1783798663197,256839,first_a_sqs_sent_timestamp,3405,17,ok,
low-concurrency-20260711T193136.540788972Z,baseline-c20,2026-07-11T19:37:44.163Z,1783798664163,257961,first_a_sqs_sent_timestamp,3429,13,ok,
low-concurrency-20260711T193136.540788972Z,fair-c20,2026-07-11T19:37:44.188Z,1783798664188,257830,first_a_sqs_sent_timestamp,3361,17,ok,
low-concurrency-20260711T193136.540788972Z,baseline-c20,2026-07-11T19:37:45.163Z,1783798665163,258961,first_a_sqs_sent_timestamp,3465,15,ok,
low-concurrency-20260711T193136.540788972Z,fair-c20,2026-07-11T19:37:45.191Z,1783798665191,258833,first_a_sqs_sent_timestamp,3392,18,ok,
low-concurrency-20260711T193136.540788972Z,baseline-c20,2026-07-11T19:37:46.165Z,1783798666165,259963,first_a_sqs_sent_timestamp,3438,16,ok,
low-concurrency-20260711T193136.540788972Z,fair-c20,2026-07-11T19:37:46.19Z,1783798666190,259832,first_a_sqs_sent_timestamp,3361,17,ok,
low-concurrency-20260711T193136.540788972Z,baseline-c20,2026-07-11T19:37:47.166Z,1783798667166,260964,first_a_sqs_sent_timestamp,3397,21,ok,
low-concurrency-20260711T193136.540788972Z,fair-c20,2026-07-11T19:37:47.198Z,1783798667198,260840,first_a_sqs_sent_timestamp,3365,16,ok,
low-concurrency-20260711T193136.540788972Z,baseline-c20,2026-07-11T19:37:48.172Z,1783798668172,261970,first_a_sqs_sent_timestamp,3413,18,ok,
low-concurrency-20260711T193136.540788972Z,fair-c20,2026-07-11T19:37:48.203Z,1783798668203,261845,first_a_sqs_sent_timestamp,3423,14,ok,
low-concurrency-20260711T193136.540788972Z,baseline-c20,2026-07-11T19:37:49.17Z,1783798669170,262968,first_a_sqs_sent_timestamp,3360,17,ok,
low-concurrency-20260711T193136.540788972Z,fair-c20,2026-07-11T19:37:49.2Z,1783798669200,262842,first_a_sqs_sent_timestamp,3364,16,ok,
low-concurrency-20260711T193136.540788972Z,baseline-c20,2026-07-11T19:37:50.164Z,1783798670164,263962,first_a_sqs_sent_timestamp,3372,15,ok,
low-concurrency-20260711T193136.540788972Z,fair-c20,2026-07-11T19:37:50.194Z,1783798670194,263836,first_a_sqs_sent_timestamp,3484,21,ok,
low-concurrency-20260711T193136.540788972Z,baseline-c20,2026-07-11T19:37:51.164Z,1783798671164,264962,first_a_sqs_sent_timestamp,3360,17,ok,
low-concurrency-20260711T193136.540788972Z,fair-c20,2026-07-11T19:37:51.194Z,1783798671194,264836,first_a_sqs_sent_timestamp,3361,17,ok,
low-concurrency-20260711T193136.540788972Z,baseline-c20,2026-07-11T19:37:52.166Z,1783798672166,265964,first_a_sqs_sent_timestamp,3376,15,ok,
low-concurrency-20260711T193136.540788972Z,fair-c20,2026-07-11T19:37:52.197Z,1783798672197,265839,first_a_sqs_sent_timestamp,3377,18,ok,
low-concurrency-20260711T193136.540788972Z,baseline-c20,2026-07-11T19:37:53.172Z,1783798673172,266970,first_a_sqs_sent_timestamp,3372,16,ok,
low-concurrency-20260711T193136.540788972Z,fair-c20,2026-07-11T19:37:53.203Z,1783798673203,266845,first_a_sqs_sent_timestamp,3328,16,ok,
low-concurrency-20260711T193136.540788972Z,baseline-c20,2026-07-11T19:37:54.167Z,1783798674167,267965,first_a_sqs_sent_timestamp,3359,19,ok,
low-concurrency-20260711T193136.540788972Z,fair-c20,2026-07-11T19:37:54.195Z,1783798674195,267837,first_a_sqs_sent_timestamp,3324,11,ok,
low-concurrency-20260711T193136.540788972Z,baseline-c20,2026-07-11T19:37:55.166Z,1783798675166,268964,first_a_sqs_sent_timestamp,3362,16,ok,
low-concurrency-20260711T193136.540788972Z,fair-c20,2026-07-11T19:37:55.195Z,1783798675195,268837,first_a_sqs_sent_timestamp,3331,18,ok,
low-concurrency-20260711T193136.540788972Z,baseline-c20,2026-07-11T19:37:56.166Z,1783798676166,269964,first_a_sqs_sent_timestamp,3331,16,ok,
low-concurrency-20260711T193136.540788972Z,fair-c20,2026-07-11T19:37:56.194Z,1783798676194,269836,first_a_sqs_sent_timestamp,3355,15,ok,
low-concurrency-20260711T193136.540788972Z,baseline-c20,2026-07-11T19:37:57.166Z,1783798677166,270964,first_a_sqs_sent_timestamp,3386,17,ok,
low-concurrency-20260711T193136.540788972Z,fair-c20,2026-07-11T19:37:57.194Z,1783798677194,270836,first_a_sqs_sent_timestamp,3291,13,ok,
low-concurrency-20260711T193136.540788972Z,baseline-c20,2026-07-11T19:37:58.168Z,1783798678168,271966,first_a_sqs_sent_timestamp,3330,19,ok,
low-concurrency-20260711T193136.540788972Z,fair-c20,2026-07-11T19:37:58.196Z,1783798678196,271838,first_a_sqs_sent_timestamp,3324,12,ok,
low-concurrency-20260711T193136.540788972Z,baseline-c20,2026-07-11T19:37:59.175Z,1783798679175,272973,first_a_sqs_sent_timestamp,3319,18,ok,
low-concurrency-20260711T193136.540788972Z,fair-c20,2026-07-11T19:37:59.204Z,1783798679204,272846,first_a_sqs_sent_timestamp,3291,12,ok,
low-concurrency-20260711T193136.540788972Z,baseline-c20,2026-07-11T19:38:00.164Z,1783798680164,273962,first_a_sqs_sent_timestamp,3308,22,ok,
low-concurrency-20260711T193136.540788972Z,fair-c20,2026-07-11T19:38:00.193Z,1783798680193,273835,first_a_sqs_sent_timestamp,3272,15,ok,
low-concurrency-20260711T193136.540788972Z,baseline-c20,2026-07-11T19:38:01.171Z,1783798681171,274969,first_a_sqs_sent_timestamp,3287,14,ok,
low-concurrency-20260711T193136.540788972Z,fair-c20,2026-07-11T19:38:01.202Z,1783798681202,274844,first_a_sqs_sent_timestamp,3314,14,ok,
low-concurrency-20260711T193136.540788972Z,baseline-c20,2026-07-11T19:38:02.169Z,1783798682169,275967,first_a_sqs_sent_timestamp,3326,17,ok,
low-concurrency-20260711T193136.540788972Z,fair-c20,2026-07-11T19:38:02.197Z,1783798682197,275839,first_a_sqs_sent_timestamp,3327,17,ok,
low-concurrency-20260711T193136.540788972Z,baseline-c20,2026-07-11T19:38:03.175Z,1783798683175,276973,first_a_sqs_sent_timestamp,3284,18,ok,
low-concurrency-20260711T193136.540788972Z,fair-c20,2026-07-11T19:38:03.204Z,1783798683204,276846,first_a_sqs_sent_timestamp,3245,18,ok,
low-concurrency-20260711T193136.540788972Z,baseline-c20,2026-07-11T19:38:04.174Z,1783798684174,277972,first_a_sqs_sent_timestamp,3290,17,ok,
low-concurrency-20260711T193136.540788972Z,fair-c20,2026-07-11T19:38:04.203Z,1783798684203,277845,first_a_sqs_sent_timestamp,3240,19,ok,
low-concurrency-20260711T193136.540788972Z,baseline-c20,2026-07-11T19:38:05.167Z,1783798685167,278965,first_a_sqs_sent_timestamp,3253,19,ok,
low-concurrency-20260711T193136.540788972Z,fair-c20,2026-07-11T19:38:05.194Z,1783798685194,278836,first_a_sqs_sent_timestamp,3285,17,ok,
low-concurrency-20260711T193136.540788972Z,baseline-c20,2026-07-11T19:38:06.171Z,1783798686171,279969,first_a_sqs_sent_timestamp,3267,17,ok,
low-concurrency-20260711T193136.540788972Z,fair-c20,2026-07-11T19:38:06.204Z,1783798686204,279846,first_a_sqs_sent_timestamp,3241,17,ok,
low-concurrency-20260711T193136.540788972Z,baseline-c20,2026-07-11T19:38:07.17Z,1783798687170,280968,first_a_sqs_sent_timestamp,3384,17,ok,
low-concurrency-20260711T193136.540788972Z,fair-c20,2026-07-11T19:38:07.201Z,1783798687201,280843,first_a_sqs_sent_timestamp,3316,16,ok,
low-concurrency-20260711T193136.540788972Z,baseline-c20,2026-07-11T19:38:08.17Z,1783798688170,281968,first_a_sqs_sent_timestamp,3259,15,ok,
low-concurrency-20260711T193136.540788972Z,fair-c20,2026-07-11T19:38:08.201Z,1783798688201,281843,first_a_sqs_sent_timestamp,3256,20,ok,
low-concurrency-20260711T193136.540788972Z,baseline-c20,2026-07-11T19:38:09.172Z,1783798689172,282970,first_a_sqs_sent_timestamp,3257,16,ok,
low-concurrency-20260711T193136.540788972Z,fair-c20,2026-07-11T19:38:09.2Z,1783798689200,282842,first_a_sqs_sent_timestamp,3229,16,ok,
low-concurrency-20260711T193136.540788972Z,baseline-c20,2026-07-11T19:38:10.166Z,1783798690166,283964,first_a_sqs_sent_timestamp,3284,18,ok,
low-concurrency-20260711T193136.540788972Z,fair-c20,2026-07-11T19:38:10.194Z,1783798690194,283836,first_a_sqs_sent_timestamp,3247,19,ok,
low-concurrency-20260711T193136.540788972Z,baseline-c20,2026-07-11T19:38:11.171Z,1783798691171,284969,first_a_sqs_sent_timestamp,3215,13,ok,
low-concurrency-20260711T193136.540788972Z,fair-c20,2026-07-11T19:38:11.199Z,1783798691199,284841,first_a_sqs_sent_timestamp,3216,18,ok,
low-concurrency-20260711T193136.540788972Z,baseline-c20,2026-07-11T19:38:12.186Z,1783798692186,285984,first_a_sqs_sent_timestamp,3255,19,ok,
low-concurrency-20260711T193136.540788972Z,fair-c20,2026-07-11T19:38:12.276Z,1783798692276,285918,first_a_sqs_sent_timestamp,3227,16,ok,
low-concurrency-20260711T193136.540788972Z,baseline-c20,2026-07-11T19:38:13.166Z,1783798693166,286964,first_a_sqs_sent_timestamp,3294,20,ok,
low-concurrency-20260711T193136.540788972Z,fair-c20,2026-07-11T19:38:13.201Z,1783798693201,286843,first_a_sqs_sent_timestamp,3240,17,ok,
low-concurrency-20260711T193136.540788972Z,baseline-c20,2026-07-11T19:38:14.169Z,1783798694169,287967,first_a_sqs_sent_timestamp,3236,18,ok,
low-concurrency-20260711T193136.540788972Z,fair-c20,2026-07-11T19:38:14.201Z,1783798694201,287843,first_a_sqs_sent_timestamp,3216,16,ok,
low-concurrency-20260711T193136.540788972Z,baseline-c20,2026-07-11T19:38:15.169Z,1783798695169,288967,first_a_sqs_sent_timestamp,3206,14,ok,
low-concurrency-20260711T193136.540788972Z,fair-c20,2026-07-11T19:38:15.2Z,1783798695200,288842,first_a_sqs_sent_timestamp,3272,16,ok,
low-concurrency-20260711T193136.540788972Z,baseline-c20,2026-07-11T19:38:16.178Z,1783798696178,289976,first_a_sqs_sent_timestamp,3194,15,ok,
low-concurrency-20260711T193136.540788972Z,fair-c20,2026-07-11T19:38:16.206Z,1783798696206,289848,first_a_sqs_sent_timestamp,3194,17,ok,
low-concurrency-20260711T193136.540788972Z,baseline-c20,2026-07-11T19:38:17.17Z,1783798697170,290968,first_a_sqs_sent_timestamp,3215,14,ok,
low-concurrency-20260711T193136.540788972Z,fair-c20,2026-07-11T19:38:17.201Z,1783798697201,290843,first_a_sqs_sent_timestamp,3164,16,ok,
low-concurrency-20260711T193136.540788972Z,baseline-c20,2026-07-11T19:38:18.171Z,1783798698171,291969,first_a_sqs_sent_timestamp,3197,13,ok,
low-concurrency-20260711T193136.540788972Z,fair-c20,2026-07-11T19:38:18.205Z,1783798698205,291847,first_a_sqs_sent_timestamp,3161,14,ok,
low-concurrency-20260711T193136.540788972Z,baseline-c20,2026-07-11T19:38:19.167Z,1783798699167,292965,first_a_sqs_sent_timestamp,3172,17,ok,
low-concurrency-20260711T193136.540788972Z,fair-c20,2026-07-11T19:38:19.195Z,1783798699195,292837,first_a_sqs_sent_timestamp,3208,16,ok,
low-concurrency-20260711T193136.540788972Z,baseline-c20,2026-07-11T19:38:20.167Z,1783798700167,293965,first_a_sqs_sent_timestamp,3198,16,ok,
low-concurrency-20260711T193136.540788972Z,fair-c20,2026-07-11T19:38:20.203Z,1783798700203,293845,first_a_sqs_sent_timestamp,3163,18,ok,
low-concurrency-20260711T193136.540788972Z,baseline-c20,2026-07-11T19:38:21.171Z,1783798701171,294969,first_a_sqs_sent_timestamp,3173,15,ok,
low-concurrency-20260711T193136.540788972Z,fair-c20,2026-07-11T19:38:21.203Z,1783798701203,294845,first_a_sqs_sent_timestamp,3144,13,ok,
low-concurrency-20260711T193136.540788972Z,baseline-c20,2026-07-11T19:38:22.17Z,1783798702170,295968,first_a_sqs_sent_timestamp,3152,16,ok,
low-concurrency-20260711T193136.540788972Z,fair-c20,2026-07-11T19:38:22.201Z,1783798702201,295843,first_a_sqs_sent_timestamp,3186,12,ok,
low-concurrency-20260711T193136.540788972Z,baseline-c20,2026-07-11T19:38:23.166Z,1783798703166,296964,first_a_sqs_sent_timestamp,3206,13,ok,
low-concurrency-20260711T193136.540788972Z,fair-c20,2026-07-11T19:38:23.193Z,1783798703193,296835,first_a_sqs_sent_timestamp,3127,13,ok,
low-concurrency-20260711T193136.540788972Z,baseline-c20,2026-07-11T19:38:24.172Z,1783798704172,297970,first_a_sqs_sent_timestamp,3267,16,ok,
low-concurrency-20260711T193136.540788972Z,fair-c20,2026-07-11T19:38:24.206Z,1783798704206,297848,first_a_sqs_sent_timestamp,3124,17,ok,
low-concurrency-20260711T193136.540788972Z,baseline-c20,2026-07-11T19:38:25.19Z,1783798705190,298988,first_a_sqs_sent_timestamp,3173,15,ok,
low-concurrency-20260711T193136.540788972Z,fair-c20,2026-07-11T19:38:25.217Z,1783798705217,298859,first_a_sqs_sent_timestamp,3127,16,ok,
low-concurrency-20260711T193136.540788972Z,baseline-c20,2026-07-11T19:38:26.172Z,1783798706172,299970,first_a_sqs_sent_timestamp,3193,14,ok,
low-concurrency-20260711T193136.540788972Z,fair-c20,2026-07-11T19:38:26.217Z,1783798706217,299859,first_a_sqs_sent_timestamp,3124,17,ok,
low-concurrency-20260711T193136.540788972Z,baseline-c20,2026-07-11T19:38:27.166Z,1783798707166,300964,first_a_sqs_sent_timestamp,3117,17,ok,
low-concurrency-20260711T193136.540788972Z,fair-c20,2026-07-11T19:38:27.194Z,1783798707194,300836,first_a_sqs_sent_timestamp,3127,15,ok,
low-concurrency-20260711T193136.540788972Z,baseline-c20,2026-07-11T19:38:28.165Z,1783798708165,301963,first_a_sqs_sent_timestamp,3129,20,ok,
low-concurrency-20260711T193136.540788972Z,fair-c20,2026-07-11T19:38:28.195Z,1783798708195,301837,first_a_sqs_sent_timestamp,3164,15,ok,
low-concurrency-20260711T193136.540788972Z,baseline-c20,2026-07-11T19:38:29.173Z,1783798709173,302971,first_a_sqs_sent_timestamp,3115,17,ok,
low-concurrency-20260711T193136.540788972Z,fair-c20,2026-07-11T19:38:29.204Z,1783798709204,302846,first_a_sqs_sent_timestamp,3163,12,ok,
low-concurrency-20260711T193136.540788972Z,baseline-c20,2026-07-11T19:38:30.166Z,1783798710166,303964,first_a_sqs_sent_timestamp,3151,17,ok,
low-concurrency-20260711T193136.540788972Z,fair-c20,2026-07-11T19:38:30.195Z,1783798710195,303837,first_a_sqs_sent_timestamp,3092,16,ok,
low-concurrency-20260711T193136.540788972Z,baseline-c20,2026-07-11T19:38:31.17Z,1783798711170,304968,first_a_sqs_sent_timestamp,3116,17,ok,
low-concurrency-20260711T193136.540788972Z,fair-c20,2026-07-11T19:38:31.22Z,1783798711220,304862,first_a_sqs_sent_timestamp,3076,18,ok,
low-concurrency-20260711T193136.540788972Z,baseline-c20,2026-07-11T19:38:32.168Z,1783798712168,305966,first_a_sqs_sent_timestamp,3115,15,ok,
low-concurrency-20260711T193136.540788972Z,fair-c20,2026-07-11T19:38:32.2Z,1783798712200,305842,first_a_sqs_sent_timestamp,3126,16,ok,
low-concurrency-20260711T193136.540788972Z,baseline-c20,2026-07-11T19:38:33.165Z,1783798713165,306963,first_a_sqs_sent_timestamp,3128,16,ok,
low-concurrency-20260711T193136.540788972Z,fair-c20,2026-07-11T19:38:33.194Z,1783798713194,306836,first_a_sqs_sent_timestamp,3090,18,ok,
low-concurrency-20260711T193136.540788972Z,baseline-c20,2026-07-11T19:38:34.166Z,1783798714166,307964,first_a_sqs_sent_timestamp,3135,13,ok,
low-concurrency-20260711T193136.540788972Z,fair-c20,2026-07-11T19:38:34.202Z,1783798714202,307844,first_a_sqs_sent_timestamp,3060,18,ok,
low-concurrency-20260711T193136.540788972Z,baseline-c20,2026-07-11T19:38:35.166Z,1783798715166,308964,first_a_sqs_sent_timestamp,3073,17,ok,
low-concurrency-20260711T193136.540788972Z,fair-c20,2026-07-11T19:38:35.197Z,1783798715197,308839,first_a_sqs_sent_timestamp,3145,12,ok,
low-concurrency-20260711T193136.540788972Z,baseline-c20,2026-07-11T19:38:36.167Z,1783798716167,309965,first_a_sqs_sent_timestamp,3074,18,ok,
low-concurrency-20260711T193136.540788972Z,fair-c20,2026-07-11T19:38:36.196Z,1783798716196,309838,first_a_sqs_sent_timestamp,3127,13,ok,
low-concurrency-20260711T193136.540788972Z,baseline-c20,2026-07-11T19:38:37.173Z,1783798717173,310971,first_a_sqs_sent_timestamp,3063,14,ok,
low-concurrency-20260711T193136.540788972Z,fair-c20,2026-07-11T19:38:37.207Z,1783798717207,310849,first_a_sqs_sent_timestamp,3075,20,ok,
low-concurrency-20260711T193136.540788972Z,baseline-c20,2026-07-11T19:38:38.164Z,1783798718164,311962,first_a_sqs_sent_timestamp,3062,14,ok,
low-concurrency-20260711T193136.540788972Z,fair-c20,2026-07-11T19:38:38.196Z,1783798718196,311838,first_a_sqs_sent_timestamp,3032,16,ok,
low-concurrency-20260711T193136.540788972Z,baseline-c20,2026-07-11T19:38:39.175Z,1783798719175,312973,first_a_sqs_sent_timestamp,3086,19,ok,
low-concurrency-20260711T193136.540788972Z,fair-c20,2026-07-11T19:38:39.206Z,1783798719206,312848,first_a_sqs_sent_timestamp,3084,16,ok,
low-concurrency-20260711T193136.540788972Z,baseline-c20,2026-07-11T19:38:40.165Z,1783798720165,313963,first_a_sqs_sent_timestamp,3028,16,ok,
low-concurrency-20260711T193136.540788972Z,fair-c20,2026-07-11T19:38:40.193Z,1783798720193,313835,first_a_sqs_sent_timestamp,3027,18,ok,
low-concurrency-20260711T193136.540788972Z,baseline-c20,2026-07-11T19:38:41.168Z,1783798721168,314966,first_a_sqs_sent_timestamp,3067,23,ok,
low-concurrency-20260711T193136.540788972Z,fair-c20,2026-07-11T19:38:41.197Z,1783798721197,314839,first_a_sqs_sent_timestamp,3051,20,ok,
low-concurrency-20260711T193136.540788972Z,baseline-c20,2026-07-11T19:38:42.167Z,1783798722167,315965,first_a_sqs_sent_timestamp,3064,15,ok,
low-concurrency-20260711T193136.540788972Z,fair-c20,2026-07-11T19:38:42.196Z,1783798722196,315838,first_a_sqs_sent_timestamp,3002,17,ok,
low-concurrency-20260711T193136.540788972Z,baseline-c20,2026-07-11T19:38:43.166Z,1783798723166,316964,first_a_sqs_sent_timestamp,3018,13,ok,
low-concurrency-20260711T193136.540788972Z,fair-c20,2026-07-11T19:38:43.2Z,1783798723200,316842,first_a_sqs_sent_timestamp,3002,17,ok,
low-concurrency-20260711T193136.540788972Z,baseline-c20,2026-07-11T19:38:44.17Z,1783798724170,317968,first_a_sqs_sent_timestamp,3013,17,ok,
low-concurrency-20260711T193136.540788972Z,fair-c20,2026-07-11T19:38:44.199Z,1783798724199,317841,first_a_sqs_sent_timestamp,3015,16,ok,
low-concurrency-20260711T193136.540788972Z,baseline-c20,2026-07-11T19:38:45.167Z,1783798725167,318965,first_a_sqs_sent_timestamp,3018,12,ok,
low-concurrency-20260711T193136.540788972Z,fair-c20,2026-07-11T19:38:45.2Z,1783798725200,318842,first_a_sqs_sent_timestamp,3015,14,ok,
low-concurrency-20260711T193136.540788972Z,baseline-c20,2026-07-11T19:38:46.164Z,1783798726164,319962,first_a_sqs_sent_timestamp,3018,17,ok,
low-concurrency-20260711T193136.540788972Z,fair-c20,2026-07-11T19:38:46.196Z,1783798726196,319838,first_a_sqs_sent_timestamp,2975,20,ok,
low-concurrency-20260711T193136.540788972Z,baseline-c20,2026-07-11T19:38:47.169Z,1783798727169,320967,first_a_sqs_sent_timestamp,3259,17,ok,
low-concurrency-20260711T193136.540788972Z,fair-c20,2026-07-11T19:38:47.201Z,1783798727201,320843,first_a_sqs_sent_timestamp,3035,14,ok,
low-concurrency-20260711T193136.540788972Z,baseline-c20,2026-07-11T19:38:48.165Z,1783798728165,321963,first_a_sqs_sent_timestamp,3019,13,ok,
low-concurrency-20260711T193136.540788972Z,fair-c20,2026-07-11T19:38:48.2Z,1783798728200,321842,first_a_sqs_sent_timestamp,3001,18,ok,
low-concurrency-20260711T193136.540788972Z,baseline-c20,2026-07-11T19:38:49.171Z,1783798729171,322969,first_a_sqs_sent_timestamp,3123,16,ok,
low-concurrency-20260711T193136.540788972Z,fair-c20,2026-07-11T19:38:49.205Z,1783798729205,322847,first_a_sqs_sent_timestamp,3058,17,ok,
low-concurrency-20260711T193136.540788972Z,baseline-c20,2026-07-11T19:38:50.167Z,1783798730167,323965,first_a_sqs_sent_timestamp,3075,18,ok,
low-concurrency-20260711T193136.540788972Z,fair-c20,2026-07-11T19:38:50.196Z,1783798730196,323838,first_a_sqs_sent_timestamp,2959,14,ok,
low-concurrency-20260711T193136.540788972Z,baseline-c20,2026-07-11T19:38:51.166Z,1783798731166,324964,first_a_sqs_sent_timestamp,3030,15,ok,
low-concurrency-20260711T193136.540788972Z,fair-c20,2026-07-11T19:38:51.194Z,1783798731194,324836,first_a_sqs_sent_timestamp,2958,14,ok,
low-concurrency-20260711T193136.540788972Z,baseline-c20,2026-07-11T19:38:52.168Z,1783798732168,325966,first_a_sqs_sent_timestamp,2961,13,ok,
low-concurrency-20260711T193136.540788972Z,fair-c20,2026-07-11T19:38:52.196Z,1783798732196,325838,first_a_sqs_sent_timestamp,2961,19,ok,
low-concurrency-20260711T193136.540788972Z,baseline-c20,2026-07-11T19:38:53.171Z,1783798733171,326969,first_a_sqs_sent_timestamp,2963,17,ok,
low-concurrency-20260711T193136.540788972Z,fair-c20,2026-07-11T19:38:53.204Z,1783798733204,326846,first_a_sqs_sent_timestamp,2978,17,ok,
low-concurrency-20260711T193136.540788972Z,baseline-c20,2026-07-11T19:38:54.168Z,1783798734168,327966,first_a_sqs_sent_timestamp,2963,19,ok,
low-concurrency-20260711T193136.540788972Z,fair-c20,2026-07-11T19:38:54.197Z,1783798734197,327839,first_a_sqs_sent_timestamp,3026,19,ok,
low-concurrency-20260711T193136.540788972Z,baseline-c20,2026-07-11T19:38:55.172Z,1783798735172,328970,first_a_sqs_sent_timestamp,2979,19,ok,
low-concurrency-20260711T193136.540788972Z,fair-c20,2026-07-11T19:38:55.204Z,1783798735204,328846,first_a_sqs_sent_timestamp,2963,17,ok,
low-concurrency-20260711T193136.540788972Z,baseline-c20,2026-07-11T19:38:56.173Z,1783798736173,329971,first_a_sqs_sent_timestamp,3012,19,ok,
low-concurrency-20260711T193136.540788972Z,fair-c20,2026-07-11T19:38:56.205Z,1783798736205,329847,first_a_sqs_sent_timestamp,2914,16,ok,
low-concurrency-20260711T193136.540788972Z,baseline-c20,2026-07-11T19:38:57.167Z,1783798737167,330965,first_a_sqs_sent_timestamp,2962,14,ok,
low-concurrency-20260711T193136.540788972Z,fair-c20,2026-07-11T19:38:57.194Z,1783798737194,330836,first_a_sqs_sent_timestamp,2925,17,ok,
low-concurrency-20260711T193136.540788972Z,baseline-c20,2026-07-11T19:38:58.175Z,1783798738175,331973,first_a_sqs_sent_timestamp,2972,16,ok,
low-concurrency-20260711T193136.540788972Z,fair-c20,2026-07-11T19:38:58.211Z,1783798738211,331853,first_a_sqs_sent_timestamp,2947,18,ok,
low-concurrency-20260711T193136.540788972Z,baseline-c20,2026-07-11T19:38:59.165Z,1783798739165,332963,first_a_sqs_sent_timestamp,2921,17,ok,
low-concurrency-20260711T193136.540788972Z,fair-c20,2026-07-11T19:38:59.2Z,1783798739200,332842,first_a_sqs_sent_timestamp,2924,16,ok,
low-concurrency-20260711T193136.540788972Z,baseline-c20,2026-07-11T19:39:00.173Z,1783798740173,333971,first_a_sqs_sent_timestamp,2922,17,ok,
low-concurrency-20260711T193136.540788972Z,fair-c20,2026-07-11T19:39:00.205Z,1783798740205,333847,first_a_sqs_sent_timestamp,2916,13,ok,
low-concurrency-20260711T193136.540788972Z,baseline-c20,2026-07-11T19:39:01.174Z,1783798741174,334972,first_a_sqs_sent_timestamp,2963,18,ok,
low-concurrency-20260711T193136.540788972Z,fair-c20,2026-07-11T19:39:01.204Z,1783798741204,334846,first_a_sqs_sent_timestamp,2915,13,ok,
low-concurrency-20260711T193136.540788972Z,baseline-c20,2026-07-11T19:39:02.172Z,1783798742172,335970,first_a_sqs_sent_timestamp,2927,16,ok,
low-concurrency-20260711T193136.540788972Z,fair-c20,2026-07-11T19:39:02.2Z,1783798742200,335842,first_a_sqs_sent_timestamp,2925,16,ok,
low-concurrency-20260711T193136.540788972Z,baseline-c20,2026-07-11T19:39:03.164Z,1783798743164,336962,first_a_sqs_sent_timestamp,2881,21,ok,
low-concurrency-20260711T193136.540788972Z,fair-c20,2026-07-11T19:39:03.193Z,1783798743193,336835,first_a_sqs_sent_timestamp,2874,17,ok,
low-concurrency-20260711T193136.540788972Z,baseline-c20,2026-07-11T19:39:04.176Z,1783798744176,337974,first_a_sqs_sent_timestamp,2915,16,ok,
low-concurrency-20260711T193136.540788972Z,fair-c20,2026-07-11T19:39:04.212Z,1783798744212,337854,first_a_sqs_sent_timestamp,2918,16,ok,
low-concurrency-20260711T193136.540788972Z,baseline-c20,2026-07-11T19:39:05.164Z,1783798745164,338962,first_a_sqs_sent_timestamp,2907,17,ok,
low-concurrency-20260711T193136.540788972Z,fair-c20,2026-07-11T19:39:05.19Z,1783798745190,338832,first_a_sqs_sent_timestamp,2868,18,ok,
low-concurrency-20260711T193136.540788972Z,baseline-c20,2026-07-11T19:39:06.165Z,1783798746165,339963,first_a_sqs_sent_timestamp,2922,16,ok,
low-concurrency-20260711T193136.540788972Z,fair-c20,2026-07-11T19:39:06.194Z,1783798746194,339836,first_a_sqs_sent_timestamp,2958,15,ok,
low-concurrency-20260711T193136.540788972Z,baseline-c20,2026-07-11T19:39:07.164Z,1783798747164,340962,first_a_sqs_sent_timestamp,2895,14,ok,
low-concurrency-20260711T193136.540788972Z,fair-c20,2026-07-11T19:39:07.196Z,1783798747196,340838,first_a_sqs_sent_timestamp,2858,15,ok,
low-concurrency-20260711T193136.540788972Z,baseline-c20,2026-07-11T19:39:08.166Z,1783798748166,341964,first_a_sqs_sent_timestamp,2867,18,ok,
low-concurrency-20260711T193136.540788972Z,fair-c20,2026-07-11T19:39:08.2Z,1783798748200,341842,first_a_sqs_sent_timestamp,2888,19,ok,
low-concurrency-20260711T193136.540788972Z,baseline-c20,2026-07-11T19:39:09.166Z,1783798749166,342964,first_a_sqs_sent_timestamp,2951,17,ok,
low-concurrency-20260711T193136.540788972Z,fair-c20,2026-07-11T19:39:09.195Z,1783798749195,342837,first_a_sqs_sent_timestamp,2867,18,ok,
low-concurrency-20260711T193136.540788972Z,baseline-c20,2026-07-11T19:39:10.167Z,1783798750167,343965,first_a_sqs_sent_timestamp,2861,12,ok,
low-concurrency-20260711T193136.540788972Z,fair-c20,2026-07-11T19:39:10.199Z,1783798750199,343841,first_a_sqs_sent_timestamp,2858,14,ok,
low-concurrency-20260711T193136.540788972Z,baseline-c20,2026-07-11T19:39:11.181Z,1783798751181,344979,first_a_sqs_sent_timestamp,2852,17,ok,
low-concurrency-20260711T193136.540788972Z,fair-c20,2026-07-11T19:39:11.215Z,1783798751215,344857,first_a_sqs_sent_timestamp,2848,14,ok,
low-concurrency-20260711T193136.540788972Z,baseline-c20,2026-07-11T19:39:12.17Z,1783798752170,345968,first_a_sqs_sent_timestamp,2861,13,ok,
low-concurrency-20260711T193136.540788972Z,fair-c20,2026-07-11T19:39:12.202Z,1783798752202,345844,first_a_sqs_sent_timestamp,2814,17,ok,
low-concurrency-20260711T193136.540788972Z,baseline-c20,2026-07-11T19:39:13.169Z,1783798753169,346967,first_a_sqs_sent_timestamp,2865,19,ok,
low-concurrency-20260711T193136.540788972Z,fair-c20,2026-07-11T19:39:13.2Z,1783798753200,346842,first_a_sqs_sent_timestamp,2841,16,ok,
low-concurrency-20260711T193136.540788972Z,baseline-c20,2026-07-11T19:39:14.166Z,1783798754166,347964,first_a_sqs_sent_timestamp,2851,17,ok,
low-concurrency-20260711T193136.540788972Z,fair-c20,2026-07-11T19:39:14.194Z,1783798754194,347836,first_a_sqs_sent_timestamp,2820,17,ok,
low-concurrency-20260711T193136.540788972Z,baseline-c20,2026-07-11T19:39:15.172Z,1783798755172,348970,first_a_sqs_sent_timestamp,2840,15,ok,
low-concurrency-20260711T193136.540788972Z,fair-c20,2026-07-11T19:39:15.2Z,1783798755200,348842,first_a_sqs_sent_timestamp,2829,14,ok,
low-concurrency-20260711T193136.540788972Z,baseline-c20,2026-07-11T19:39:16.166Z,1783798756166,349964,first_a_sqs_sent_timestamp,2809,16,ok,
low-concurrency-20260711T193136.540788972Z,fair-c20,2026-07-11T19:39:16.194Z,1783798756194,349836,first_a_sqs_sent_timestamp,2815,17,ok,
low-concurrency-20260711T193136.540788972Z,baseline-c20,2026-07-11T19:39:17.163Z,1783798757163,350961,first_a_sqs_sent_timestamp,2808,16,ok,
low-concurrency-20260711T193136.540788972Z,fair-c20,2026-07-11T19:39:17.194Z,1783798757194,350836,first_a_sqs_sent_timestamp,2804,14,ok,
low-concurrency-20260711T193136.540788972Z,baseline-c20,2026-07-11T19:39:18.166Z,1783798758166,351964,first_a_sqs_sent_timestamp,2882,20,ok,
low-concurrency-20260711T193136.540788972Z,fair-c20,2026-07-11T19:39:18.195Z,1783798758195,351837,first_a_sqs_sent_timestamp,2835,20,ok,
low-concurrency-20260711T193136.540788972Z,baseline-c20,2026-07-11T19:39:19.168Z,1783798759168,352966,first_a_sqs_sent_timestamp,2784,13,ok,
low-concurrency-20260711T193136.540788972Z,fair-c20,2026-07-11T19:39:19.2Z,1783798759200,352842,first_a_sqs_sent_timestamp,2796,13,ok,
low-concurrency-20260711T193136.540788972Z,baseline-c20,2026-07-11T19:39:20.167Z,1783798760167,353965,first_a_sqs_sent_timestamp,2803,18,ok,
low-concurrency-20260711T193136.540788972Z,fair-c20,2026-07-11T19:39:20.205Z,1783798760205,353847,first_a_sqs_sent_timestamp,2804,14,ok,
low-concurrency-20260711T193136.540788972Z,baseline-c20,2026-07-11T19:39:21.172Z,1783798761172,354970,first_a_sqs_sent_timestamp,2807,16,ok,
low-concurrency-20260711T193136.540788972Z,fair-c20,2026-07-11T19:39:21.204Z,1783798761204,354846,first_a_sqs_sent_timestamp,2790,9,ok,
low-concurrency-20260711T193136.540788972Z,baseline-c20,2026-07-11T19:39:22.177Z,1783798762177,355975,first_a_sqs_sent_timestamp,2765,18,ok,
low-concurrency-20260711T193136.540788972Z,fair-c20,2026-07-11T19:39:22.209Z,1783798762209,355851,first_a_sqs_sent_timestamp,2795,13,ok,
low-concurrency-20260711T193136.540788972Z,baseline-c20,2026-07-11T19:39:23.167Z,1783798763167,356965,first_a_sqs_sent_timestamp,2802,18,ok,
low-concurrency-20260711T193136.540788972Z,fair-c20,2026-07-11T19:39:23.196Z,1783798763196,356838,first_a_sqs_sent_timestamp,2815,17,ok,
low-concurrency-20260711T193136.540788972Z,baseline-c20,2026-07-11T19:39:24.172Z,1783798764172,357970,first_a_sqs_sent_timestamp,2784,12,ok,
low-concurrency-20260711T193136.540788972Z,fair-c20,2026-07-11T19:39:24.2Z,1783798764200,357842,first_a_sqs_sent_timestamp,2748,18,ok,
low-concurrency-20260711T193136.540788972Z,baseline-c20,2026-07-11T19:39:25.168Z,1783798765168,358966,first_a_sqs_sent_timestamp,2746,14,ok,
low-concurrency-20260711T193136.540788972Z,fair-c20,2026-07-11T19:39:25.194Z,1783798765194,358836,first_a_sqs_sent_timestamp,2754,18,ok,
low-concurrency-20260711T193136.540788972Z,baseline-c20,2026-07-11T19:39:26.17Z,1783798766170,359968,first_a_sqs_sent_timestamp,2745,15,ok,
low-concurrency-20260711T193136.540788972Z,fair-c20,2026-07-11T19:39:26.201Z,1783798766201,359843,first_a_sqs_sent_timestamp,2754,18,ok,
low-concurrency-20260711T193136.540788972Z,baseline-c20,2026-07-11T19:39:27.166Z,1783798767166,360964,first_a_sqs_sent_timestamp,2765,20,ok,
low-concurrency-20260711T193136.540788972Z,fair-c20,2026-07-11T19:39:27.193Z,1783798767193,360835,first_a_sqs_sent_timestamp,2778,13,ok,
low-concurrency-20260711T193136.540788972Z,baseline-c20,2026-07-11T19:39:28.166Z,1783798768166,361964,first_a_sqs_sent_timestamp,2818,19,ok,
low-concurrency-20260711T193136.540788972Z,fair-c20,2026-07-11T19:39:28.194Z,1783798768194,361836,first_a_sqs_sent_timestamp,2748,18,ok,
low-concurrency-20260711T193136.540788972Z,baseline-c20,2026-07-11T19:39:29.173Z,1783798769173,362971,first_a_sqs_sent_timestamp,2751,15,ok,
low-concurrency-20260711T193136.540788972Z,fair-c20,2026-07-11T19:39:29.203Z,1783798769203,362845,first_a_sqs_sent_timestamp,2821,18,ok,
low-concurrency-20260711T193136.540788972Z,baseline-c20,2026-07-11T19:39:30.166Z,1783798770166,363964,first_a_sqs_sent_timestamp,2746,14,ok,
low-concurrency-20260711T193136.540788972Z,fair-c20,2026-07-11T19:39:30.202Z,1783798770202,363844,first_a_sqs_sent_timestamp,2761,21,ok,
low-concurrency-20260711T193136.540788972Z,baseline-c20,2026-07-11T19:39:31.173Z,1783798771173,364971,first_a_sqs_sent_timestamp,2714,17,ok,
low-concurrency-20260711T193136.540788972Z,fair-c20,2026-07-11T19:39:31.201Z,1783798771201,364843,first_a_sqs_sent_timestamp,2716,21,ok,
low-concurrency-20260711T193136.540788972Z,baseline-c20,2026-07-11T19:39:32.165Z,1783798772165,365963,first_a_sqs_sent_timestamp,2703,13,ok,
low-concurrency-20260711T193136.540788972Z,fair-c20,2026-07-11T19:39:32.197Z,1783798772197,365839,first_a_sqs_sent_timestamp,2754,21,ok,
low-concurrency-20260711T193136.540788972Z,baseline-c20,2026-07-11T19:39:33.166Z,1783798773166,366964,first_a_sqs_sent_timestamp,2868,19,ok,
low-concurrency-20260711T193136.540788972Z,fair-c20,2026-07-11T19:39:33.197Z,1783798773197,366839,first_a_sqs_sent_timestamp,2694,18,ok,
low-concurrency-20260711T193136.540788972Z,baseline-c20,2026-07-11T19:39:34.164Z,1783798774164,367962,first_a_sqs_sent_timestamp,2723,19,ok,
low-concurrency-20260711T193136.540788972Z,fair-c20,2026-07-11T19:39:34.193Z,1783798774193,367835,first_a_sqs_sent_timestamp,2715,20,ok,
low-concurrency-20260711T193136.540788972Z,baseline-c20,2026-07-11T19:39:35.165Z,1783798775165,368963,first_a_sqs_sent_timestamp,2708,16,ok,
low-concurrency-20260711T193136.540788972Z,fair-c20,2026-07-11T19:39:35.195Z,1783798775195,368837,first_a_sqs_sent_timestamp,2670,16,ok,
low-concurrency-20260711T193136.540788972Z,baseline-c20,2026-07-11T19:39:36.172Z,1783798776172,369970,first_a_sqs_sent_timestamp,2688,14,ok,
low-concurrency-20260711T193136.540788972Z,fair-c20,2026-07-11T19:39:36.203Z,1783798776203,369845,first_a_sqs_sent_timestamp,2743,15,ok,
low-concurrency-20260711T193136.540788972Z,baseline-c20,2026-07-11T19:39:37.168Z,1783798777168,370966,first_a_sqs_sent_timestamp,2720,18,ok,
low-concurrency-20260711T193136.540788972Z,fair-c20,2026-07-11T19:39:37.2Z,1783798777200,370842,first_a_sqs_sent_timestamp,2682,14,ok,
low-concurrency-20260711T193136.540788972Z,baseline-c20,2026-07-11T19:39:38.165Z,1783798778165,371963,first_a_sqs_sent_timestamp,2689,13,ok,
low-concurrency-20260711T193136.540788972Z,fair-c20,2026-07-11T19:39:38.195Z,1783798778195,371837,first_a_sqs_sent_timestamp,2669,15,ok,
low-concurrency-20260711T193136.540788972Z,baseline-c20,2026-07-11T19:39:39.165Z,1783798779165,372963,first_a_sqs_sent_timestamp,2683,19,ok,
low-concurrency-20260711T193136.540788972Z,fair-c20,2026-07-11T19:39:39.195Z,1783798779195,372837,first_a_sqs_sent_timestamp,2682,16,ok,
low-concurrency-20260711T193136.540788972Z,baseline-c20,2026-07-11T19:39:40.164Z,1783798780164,373962,first_a_sqs_sent_timestamp,2701,15,ok,
low-concurrency-20260711T193136.540788972Z,fair-c20,2026-07-11T19:39:40.192Z,1783798780192,373834,first_a_sqs_sent_timestamp,2638,17,ok,
low-concurrency-20260711T193136.540788972Z,baseline-c20,2026-07-11T19:39:41.172Z,1783798781172,374970,first_a_sqs_sent_timestamp,2689,15,ok,
low-concurrency-20260711T193136.540788972Z,fair-c20,2026-07-11T19:39:41.217Z,1783798781217,374859,first_a_sqs_sent_timestamp,2638,17,ok,
low-concurrency-20260711T193136.540788972Z,baseline-c20,2026-07-11T19:39:42.165Z,1783798782165,375963,first_a_sqs_sent_timestamp,2683,19,ok,
low-concurrency-20260711T193136.540788972Z,fair-c20,2026-07-11T19:39:42.196Z,1783798782196,375838,first_a_sqs_sent_timestamp,2657,21,ok,
low-concurrency-20260711T193136.540788972Z,baseline-c20,2026-07-11T19:39:43.164Z,1783798783164,376962,first_a_sqs_sent_timestamp,2668,14,ok,
low-concurrency-20260711T193136.540788972Z,fair-c20,2026-07-11T19:39:43.197Z,1783798783197,376839,first_a_sqs_sent_timestamp,2701,17,ok,
low-concurrency-20260711T193136.540788972Z,baseline-c20,2026-07-11T19:39:44.211Z,1783798784211,378009,first_a_sqs_sent_timestamp,2707,17,ok,
low-concurrency-20260711T193136.540788972Z,fair-c20,2026-07-11T19:39:44.432Z,1783798784432,378074,first_a_sqs_sent_timestamp,2621,15,ok,
low-concurrency-20260711T193136.540788972Z,baseline-c20,2026-07-11T19:39:45.283Z,1783798785283,379081,first_a_sqs_sent_timestamp,2637,16,ok,
low-concurrency-20260711T193136.540788972Z,fair-c20,2026-07-11T19:39:45.312Z,1783798785312,378954,first_a_sqs_sent_timestamp,2638,16,ok,
low-concurrency-20260711T193136.540788972Z,baseline-c20,2026-07-11T19:39:46.171Z,1783798786171,379969,first_a_sqs_sent_timestamp,2642,15,ok,
low-concurrency-20260711T193136.540788972Z,fair-c20,2026-07-11T19:39:46.223Z,1783798786223,379865,first_a_sqs_sent_timestamp,2626,13,ok,
low-concurrency-20260711T193136.540788972Z,baseline-c20,2026-07-11T19:39:47.173Z,1783798787173,380971,first_a_sqs_sent_timestamp,2623,17,ok,
low-concurrency-20260711T193136.540788972Z,fair-c20,2026-07-11T19:39:47.203Z,1783798787203,380845,first_a_sqs_sent_timestamp,2603,18,ok,
low-concurrency-20260711T193136.540788972Z,baseline-c20,2026-07-11T19:39:48.166Z,1783798788166,381964,first_a_sqs_sent_timestamp,2627,18,ok,
low-concurrency-20260711T193136.540788972Z,fair-c20,2026-07-11T19:39:48.197Z,1783798788197,381839,first_a_sqs_sent_timestamp,2620,15,ok,
low-concurrency-20260711T193136.540788972Z,baseline-c20,2026-07-11T19:39:49.165Z,1783798789165,382963,first_a_sqs_sent_timestamp,2622,17,ok,
low-concurrency-20260711T193136.540788972Z,fair-c20,2026-07-11T19:39:49.198Z,1783798789198,382840,first_a_sqs_sent_timestamp,2586,14,ok,
low-concurrency-20260711T193136.540788972Z,baseline-c20,2026-07-11T19:39:50.175Z,1783798790175,383973,first_a_sqs_sent_timestamp,2637,16,ok,
low-concurrency-20260711T193136.540788972Z,fair-c20,2026-07-11T19:39:50.211Z,1783798790211,383853,first_a_sqs_sent_timestamp,2616,14,ok,
low-concurrency-20260711T193136.540788972Z,baseline-c20,2026-07-11T19:39:51.166Z,1783798791166,384964,first_a_sqs_sent_timestamp,2622,19,ok,
low-concurrency-20260711T193136.540788972Z,fair-c20,2026-07-11T19:39:51.196Z,1783798791196,384838,first_a_sqs_sent_timestamp,2614,17,ok,
low-concurrency-20260711T193136.540788972Z,baseline-c20,2026-07-11T19:39:52.174Z,1783798792174,385972,first_a_sqs_sent_timestamp,2584,17,ok,
low-concurrency-20260711T193136.540788972Z,fair-c20,2026-07-11T19:39:52.205Z,1783798792205,385847,first_a_sqs_sent_timestamp,2587,15,ok,
low-concurrency-20260711T193136.540788972Z,baseline-c20,2026-07-11T19:39:53.171Z,1783798793171,386969,first_a_sqs_sent_timestamp,2627,19,ok,
low-concurrency-20260711T193136.540788972Z,fair-c20,2026-07-11T19:39:53.2Z,1783798793200,386842,first_a_sqs_sent_timestamp,2561,21,ok,
low-concurrency-20260711T193136.540788972Z,baseline-c20,2026-07-11T19:39:54.179Z,1783798794179,387977,first_a_sqs_sent_timestamp,2564,20,ok,
low-concurrency-20260711T193136.540788972Z,fair-c20,2026-07-11T19:39:54.209Z,1783798794209,387851,first_a_sqs_sent_timestamp,2562,19,ok,
low-concurrency-20260711T193136.540788972Z,baseline-c20,2026-07-11T19:39:55.173Z,1783798795173,388971,first_a_sqs_sent_timestamp,2712,16,ok,
low-concurrency-20260711T193136.540788972Z,fair-c20,2026-07-11T19:39:55.204Z,1783798795204,388846,first_a_sqs_sent_timestamp,2625,12,ok,
low-concurrency-20260711T193136.540788972Z,baseline-c20,2026-07-11T19:39:56.173Z,1783798796173,389971,first_a_sqs_sent_timestamp,2549,19,ok,
low-concurrency-20260711T193136.540788972Z,fair-c20,2026-07-11T19:39:56.208Z,1783798796208,389850,first_a_sqs_sent_timestamp,2586,12,ok,
low-concurrency-20260711T193136.540788972Z,baseline-c20,2026-07-11T19:39:57.169Z,1783798797169,390967,first_a_sqs_sent_timestamp,2563,18,ok,
low-concurrency-20260711T193136.540788972Z,fair-c20,2026-07-11T19:39:57.199Z,1783798797199,390841,first_a_sqs_sent_timestamp,2561,20,ok,
low-concurrency-20260711T193136.540788972Z,baseline-c20,2026-07-11T19:39:58.174Z,1783798798174,391972,first_a_sqs_sent_timestamp,2563,20,ok,
low-concurrency-20260711T193136.540788972Z,fair-c20,2026-07-11T19:39:58.201Z,1783798798201,391843,first_a_sqs_sent_timestamp,2571,23,ok,
low-concurrency-20260711T193136.540788972Z,baseline-c20,2026-07-11T19:39:59.165Z,1783798799165,392963,first_a_sqs_sent_timestamp,2565,17,ok,
low-concurrency-20260711T193136.540788972Z,fair-c20,2026-07-11T19:39:59.198Z,1783798799198,392840,first_a_sqs_sent_timestamp,2528,20,ok,
low-concurrency-20260711T193136.540788972Z,baseline-c20,2026-07-11T19:40:00.166Z,1783798800166,393964,first_a_sqs_sent_timestamp,2536,17,ok,
low-concurrency-20260711T193136.540788972Z,fair-c20,2026-07-11T19:40:00.194Z,1783798800194,393836,first_a_sqs_sent_timestamp,2537,17,ok,
low-concurrency-20260711T193136.540788972Z,baseline-c20,2026-07-11T19:40:01.175Z,1783798801175,394973,first_a_sqs_sent_timestamp,2649,16,ok,
low-concurrency-20260711T193136.540788972Z,fair-c20,2026-07-11T19:40:01.205Z,1783798801205,394847,first_a_sqs_sent_timestamp,2522,20,ok,
low-concurrency-20260711T193136.540788972Z,baseline-c20,2026-07-11T19:40:02.173Z,1783798802173,395971,first_a_sqs_sent_timestamp,2551,17,ok,
low-concurrency-20260711T193136.540788972Z,fair-c20,2026-07-11T19:40:02.204Z,1783798802204,395846,first_a_sqs_sent_timestamp,2514,18,ok,
low-concurrency-20260711T193136.540788972Z,baseline-c20,2026-07-11T19:40:03.172Z,1783798803172,396970,first_a_sqs_sent_timestamp,2585,15,ok,
low-concurrency-20260711T193136.540788972Z,fair-c20,2026-07-11T19:40:03.204Z,1783798803204,396846,first_a_sqs_sent_timestamp,2529,20,ok,
low-concurrency-20260711T193136.540788972Z,baseline-c20,2026-07-11T19:40:04.174Z,1783798804174,397972,first_a_sqs_sent_timestamp,2515,15,ok,
low-concurrency-20260711T193136.540788972Z,fair-c20,2026-07-11T19:40:04.212Z,1783798804212,397854,first_a_sqs_sent_timestamp,2484,20,ok,
low-concurrency-20260711T193136.540788972Z,baseline-c20,2026-07-11T19:43:48.977Z,1783799028977,622775,first_a_sqs_sent_timestamp,632,19,ok,
low-concurrency-20260711T193136.540788972Z,fair-c20,2026-07-11T19:43:49.01Z,1783799029010,622652,first_a_sqs_sent_timestamp,712,15,ok,
low-concurrency-20260711T193136.540788972Z,baseline-c20,2026-07-11T19:43:49.041Z,1783799029041,622839,first_a_sqs_sent_timestamp,802,18,ok,
low-concurrency-20260711T193136.540788972Z,fair-c20,2026-07-11T19:43:49.084Z,1783799029084,622726,first_a_sqs_sent_timestamp,630,19,ok,
low-concurrency-20260711T193136.540788972Z,baseline-c20,2026-07-11T19:43:49.674Z,1783799029674,623472,first_a_sqs_sent_timestamp,632,19,ok,
low-concurrency-20260711T193136.540788972Z,fair-c20,2026-07-11T19:43:49.732Z,1783799029732,623374,first_a_sqs_sent_timestamp,627,19,ok,
low-concurrency-20260711T193136.540788972Z,baseline-c20,2026-07-11T19:43:50.692Z,1783799030692,624490,first_a_sqs_sent_timestamp,627,16,ok,
low-concurrency-20260711T193136.540788972Z,fair-c20,2026-07-11T19:43:50.728Z,1783799030728,624370,first_a_sqs_sent_timestamp,1092,20,ok,
low-concurrency-20260711T193136.540788972Z,baseline-c20,2026-07-11T19:43:51.675Z,1783799031675,625473,first_a_sqs_sent_timestamp,623,13,ok,
low-concurrency-20260711T193136.540788972Z,fair-c20,2026-07-11T19:43:51.707Z,1783799031707,625349,first_a_sqs_sent_timestamp,618,15,ok,
low-concurrency-20260711T193136.540788972Z,baseline-c20,2026-07-11T19:43:52.675Z,1783799032675,626473,first_a_sqs_sent_timestamp,627,16,ok,
low-concurrency-20260711T193136.540788972Z,fair-c20,2026-07-11T19:43:52.709Z,1783799032709,626351,first_a_sqs_sent_timestamp,634,17,ok,
low-concurrency-20260711T193136.540788972Z,baseline-c20,2026-07-11T19:43:53.674Z,1783799033674,627472,first_a_sqs_sent_timestamp,610,14,ok,
low-concurrency-20260711T193136.540788972Z,fair-c20,2026-07-11T19:43:53.708Z,1783799033708,627350,first_a_sqs_sent_timestamp,606,19,ok,
low-concurrency-20260711T193136.540788972Z,baseline-c20,2026-07-11T19:43:54.672Z,1783799034672,628470,first_a_sqs_sent_timestamp,627,16,ok,
low-concurrency-20260711T193136.540788972Z,fair-c20,2026-07-11T19:43:54.707Z,1783799034707,628349,first_a_sqs_sent_timestamp,619,14,ok,
low-concurrency-20260711T193136.540788972Z,baseline-c20,2026-07-11T19:43:55.673Z,1783799035673,629471,first_a_sqs_sent_timestamp,627,16,ok,
low-concurrency-20260711T193136.540788972Z,fair-c20,2026-07-11T19:43:55.707Z,1783799035707,629349,first_a_sqs_sent_timestamp,628,18,ok,
low-concurrency-20260711T193136.540788972Z,baseline-c20,2026-07-11T19:43:56.671Z,1783799036671,630469,first_a_sqs_sent_timestamp,610,14,ok,
low-concurrency-20260711T193136.540788972Z,fair-c20,2026-07-11T19:43:56.716Z,1783799036716,630358,first_a_sqs_sent_timestamp,622,17,ok,
low-concurrency-20260711T193136.540788972Z,baseline-c20,2026-07-11T19:43:57.676Z,1783799037676,631474,first_a_sqs_sent_timestamp,628,17,ok,
low-concurrency-20260711T193136.540788972Z,fair-c20,2026-07-11T19:43:57.708Z,1783799037708,631350,first_a_sqs_sent_timestamp,630,15,ok,
low-concurrency-20260711T193136.540788972Z,baseline-c20,2026-07-11T19:43:58.677Z,1783799038677,632475,first_a_sqs_sent_timestamp,624,16,ok,
low-concurrency-20260711T193136.540788972Z,fair-c20,2026-07-11T19:43:58.705Z,1783799038705,632347,first_a_sqs_sent_timestamp,615,16,ok,
low-concurrency-20260711T193136.540788972Z,baseline-c20,2026-07-11T19:43:59.671Z,1783799039671,633469,first_a_sqs_sent_timestamp,583,13,ok,
low-concurrency-20260711T193136.540788972Z,fair-c20,2026-07-11T19:43:59.704Z,1783799039704,633346,first_a_sqs_sent_timestamp,571,19,ok,
low-concurrency-20260711T193136.540788972Z,baseline-c20,2026-07-11T19:44:00.683Z,1783799040683,634481,first_a_sqs_sent_timestamp,632,19,ok,
low-concurrency-20260711T193136.540788972Z,fair-c20,2026-07-11T19:44:00.715Z,1783799040715,634357,first_a_sqs_sent_timestamp,573,18,ok,
low-concurrency-20260711T193136.540788972Z,baseline-c20,2026-07-11T19:44:01.677Z,1783799041677,635475,first_a_sqs_sent_timestamp,633,21,ok,
low-concurrency-20260711T193136.540788972Z,fair-c20,2026-07-11T19:44:01.709Z,1783799041709,635351,first_a_sqs_sent_timestamp,604,20,ok,
low-concurrency-20260711T193136.540788972Z,baseline-c20,2026-07-11T19:44:02.671Z,1783799042671,636469,first_a_sqs_sent_timestamp,611,17,ok,
low-concurrency-20260711T193136.540788972Z,fair-c20,2026-07-11T19:44:02.698Z,1783799042698,636340,first_a_sqs_sent_timestamp,570,17,ok,
low-concurrency-20260711T193136.540788972Z,baseline-c20,2026-07-11T19:44:03.672Z,1783799043672,637470,first_a_sqs_sent_timestamp,585,18,ok,
low-concurrency-20260711T193136.540788972Z,fair-c20,2026-07-11T19:44:03.7Z,1783799043700,637342,first_a_sqs_sent_timestamp,579,17,ok,
low-concurrency-20260711T193136.540788972Z,baseline-c20,2026-07-11T19:44:04.672Z,1783799044672,638470,first_a_sqs_sent_timestamp,567,20,ok,
low-concurrency-20260711T193136.540788972Z,fair-c20,2026-07-11T19:44:04.713Z,1783799044713,638355,first_a_sqs_sent_timestamp,631,19,ok,
low-concurrency-20260711T193136.540788972Z,baseline-c20,2026-07-11T19:44:05.678Z,1783799045678,639476,first_a_sqs_sent_timestamp,561,15,ok,
low-concurrency-20260711T193136.540788972Z,fair-c20,2026-07-11T19:44:05.708Z,1783799045708,639350,first_a_sqs_sent_timestamp,582,18,ok,
low-concurrency-20260711T193136.540788972Z,baseline-c20,2026-07-11T19:44:06.68Z,1783799046680,640478,first_a_sqs_sent_timestamp,548,18,ok,
low-concurrency-20260711T193136.540788972Z,fair-c20,2026-07-11T19:44:06.712Z,1783799046712,640354,first_a_sqs_sent_timestamp,590,17,ok,
low-concurrency-20260711T193136.540788972Z,baseline-c20,2026-07-11T19:44:07.68Z,1783799047680,641478,first_a_sqs_sent_timestamp,548,15,ok,
low-concurrency-20260711T193136.540788972Z,fair-c20,2026-07-11T19:44:07.71Z,1783799047710,641352,first_a_sqs_sent_timestamp,538,18,ok,
low-concurrency-20260711T193136.540788972Z,baseline-c20,2026-07-11T19:44:08.674Z,1783799048674,642472,first_a_sqs_sent_timestamp,560,17,ok,
low-concurrency-20260711T193136.540788972Z,fair-c20,2026-07-11T19:44:08.702Z,1783799048702,642344,first_a_sqs_sent_timestamp,570,17,ok,
low-concurrency-20260711T193136.540788972Z,baseline-c20,2026-07-11T19:44:09.677Z,1783799049677,643475,first_a_sqs_sent_timestamp,567,21,ok,
low-concurrency-20260711T193136.540788972Z,fair-c20,2026-07-11T19:44:09.705Z,1783799049705,643347,first_a_sqs_sent_timestamp,531,16,ok,
low-concurrency-20260711T193136.540788972Z,baseline-c20,2026-07-11T19:44:10.673Z,1783799050673,644471,first_a_sqs_sent_timestamp,554,17,ok,
low-concurrency-20260711T193136.540788972Z,fair-c20,2026-07-11T19:44:10.702Z,1783799050702,644344,first_a_sqs_sent_timestamp,527,18,ok,
low-concurrency-20260711T193136.540788972Z,baseline-c20,2026-07-11T19:44:11.672Z,1783799051672,645470,first_a_sqs_sent_timestamp,502,22,ok,
low-concurrency-20260711T193136.540788972Z,fair-c20,2026-07-11T19:44:11.7Z,1783799051700,645342,first_a_sqs_sent_timestamp,500,14,ok,
low-concurrency-20260711T193136.540788972Z,baseline-c20,2026-07-11T19:44:12.672Z,1783799052672,646470,first_a_sqs_sent_timestamp,582,16,ok,
low-concurrency-20260711T193136.540788972Z,fair-c20,2026-07-11T19:44:12.7Z,1783799052700,646342,first_a_sqs_sent_timestamp,500,14,ok,
low-concurrency-20260711T193136.540788972Z,baseline-c20,2026-07-11T19:44:13.67Z,1783799053670,647468,first_a_sqs_sent_timestamp,510,18,ok,
low-concurrency-20260711T193136.540788972Z,fair-c20,2026-07-11T19:44:13.702Z,1783799053702,647344,first_a_sqs_sent_timestamp,525,18,ok,
low-concurrency-20260711T193136.540788972Z,baseline-c20,2026-07-11T19:44:14.672Z,1783799054672,648470,first_a_sqs_sent_timestamp,516,16,ok,
low-concurrency-20260711T193136.540788972Z,fair-c20,2026-07-11T19:44:14.699Z,1783799054699,648341,first_a_sqs_sent_timestamp,500,18,ok,
low-concurrency-20260711T193136.540788972Z,baseline-c20,2026-07-11T19:44:15.677Z,1783799055677,649475,first_a_sqs_sent_timestamp,489,18,ok,
low-concurrency-20260711T193136.540788972Z,fair-c20,2026-07-11T19:44:15.711Z,1783799055711,649353,first_a_sqs_sent_timestamp,498,18,ok,
low-concurrency-20260711T193136.540788972Z,baseline-c20,2026-07-11T19:44:16.672Z,1783799056672,650470,first_a_sqs_sent_timestamp,502,20,ok,
low-concurrency-20260711T193136.540788972Z,fair-c20,2026-07-11T19:44:16.703Z,1783799056703,650345,first_a_sqs_sent_timestamp,520,15,ok,
low-concurrency-20260711T193136.540788972Z,baseline-c20,2026-07-11T19:44:17.673Z,1783799057673,651471,first_a_sqs_sent_timestamp,489,17,ok,
low-concurrency-20260711T193136.540788972Z,fair-c20,2026-07-11T19:44:17.708Z,1783799057708,651350,first_a_sqs_sent_timestamp,539,15,ok,
low-concurrency-20260711T193136.540788972Z,baseline-c20,2026-07-11T19:44:18.672Z,1783799058672,652470,first_a_sqs_sent_timestamp,476,14,ok,
low-concurrency-20260711T193136.540788972Z,fair-c20,2026-07-11T19:44:18.7Z,1783799058700,652342,first_a_sqs_sent_timestamp,461,16,ok,
low-concurrency-20260711T193136.540788972Z,baseline-c20,2026-07-11T19:44:19.675Z,1783799059675,653473,first_a_sqs_sent_timestamp,446,18,ok,
low-concurrency-20260711T193136.540788972Z,fair-c20,2026-07-11T19:44:19.706Z,1783799059706,653348,first_a_sqs_sent_timestamp,459,18,ok,
low-concurrency-20260711T193136.540788972Z,baseline-c20,2026-07-11T19:44:20.672Z,1783799060672,654470,first_a_sqs_sent_timestamp,510,16,ok,
low-concurrency-20260711T193136.540788972Z,fair-c20,2026-07-11T19:44:20.702Z,1783799060702,654344,first_a_sqs_sent_timestamp,553,17,ok,
low-concurrency-20260711T193136.540788972Z,baseline-c20,2026-07-11T19:44:21.68Z,1783799061680,655478,first_a_sqs_sent_timestamp,443,15,ok,
low-concurrency-20260711T193136.540788972Z,fair-c20,2026-07-11T19:44:21.713Z,1783799061713,655355,first_a_sqs_sent_timestamp,461,18,ok,
low-concurrency-20260711T193136.540788972Z,baseline-c20,2026-07-11T19:44:22.68Z,1783799062680,656478,first_a_sqs_sent_timestamp,446,17,ok,
low-concurrency-20260711T193136.540788972Z,fair-c20,2026-07-11T19:44:22.707Z,1783799062707,656349,first_a_sqs_sent_timestamp,506,17,ok,
low-concurrency-20260711T193136.540788972Z,baseline-c20,2026-07-11T19:44:23.673Z,1783799063673,657471,first_a_sqs_sent_timestamp,465,16,ok,
low-concurrency-20260711T193136.540788972Z,fair-c20,2026-07-11T19:44:23.706Z,1783799063706,657348,first_a_sqs_sent_timestamp,436,17,ok,
low-concurrency-20260711T193136.540788972Z,baseline-c20,2026-07-11T19:44:24.672Z,1783799064672,658470,first_a_sqs_sent_timestamp,425,14,ok,
low-concurrency-20260711T193136.540788972Z,fair-c20,2026-07-11T19:44:24.706Z,1783799064706,658348,first_a_sqs_sent_timestamp,478,18,ok,
low-concurrency-20260711T193136.540788972Z,baseline-c20,2026-07-11T19:44:25.671Z,1783799065671,659469,first_a_sqs_sent_timestamp,445,18,ok,
low-concurrency-20260711T193136.540788972Z,fair-c20,2026-07-11T19:44:25.701Z,1783799065701,659343,first_a_sqs_sent_timestamp,453,18,ok,
low-concurrency-20260711T193136.540788972Z,baseline-c20,2026-07-11T19:44:26.672Z,1783799066672,660470,first_a_sqs_sent_timestamp,424,15,ok,
low-concurrency-20260711T193136.540788972Z,fair-c20,2026-07-11T19:44:26.703Z,1783799066703,660345,first_a_sqs_sent_timestamp,468,17,ok,
low-concurrency-20260711T193136.540788972Z,baseline-c20,2026-07-11T19:44:27.672Z,1783799067672,661470,first_a_sqs_sent_timestamp,489,16,ok,
low-concurrency-20260711T193136.540788972Z,fair-c20,2026-07-11T19:44:27.704Z,1783799067704,661346,first_a_sqs_sent_timestamp,409,14,ok,
low-concurrency-20260711T193136.540788972Z,baseline-c20,2026-07-11T19:44:28.672Z,1783799068672,662470,first_a_sqs_sent_timestamp,400,18,ok,
low-concurrency-20260711T193136.540788972Z,fair-c20,2026-07-11T19:44:28.701Z,1783799068701,662343,first_a_sqs_sent_timestamp,408,14,ok,
low-concurrency-20260711T193136.540788972Z,baseline-c20,2026-07-11T19:44:29.678Z,1783799069678,663476,first_a_sqs_sent_timestamp,477,14,ok,
low-concurrency-20260711T193136.540788972Z,fair-c20,2026-07-11T19:44:29.717Z,1783799069717,663359,first_a_sqs_sent_timestamp,436,15,ok,
low-concurrency-20260711T193136.540788972Z,baseline-c20,2026-07-11T19:44:30.673Z,1783799070673,664471,first_a_sqs_sent_timestamp,426,15,ok,
low-concurrency-20260711T193136.540788972Z,fair-c20,2026-07-11T19:44:30.702Z,1783799070702,664344,first_a_sqs_sent_timestamp,404,13,ok,
low-concurrency-20260711T193136.540788972Z,baseline-c20,2026-07-11T19:44:31.682Z,1783799071682,665480,first_a_sqs_sent_timestamp,389,14,ok,
low-concurrency-20260711T193136.540788972Z,fair-c20,2026-07-11T19:44:31.714Z,1783799071714,665356,first_a_sqs_sent_timestamp,380,19,ok,
low-concurrency-20260711T193136.540788972Z,baseline-c20,2026-07-11T19:44:32.671Z,1783799072671,666469,first_a_sqs_sent_timestamp,380,13,ok,
low-concurrency-20260711T193136.540788972Z,fair-c20,2026-07-11T19:44:32.703Z,1783799072703,666345,first_a_sqs_sent_timestamp,421,18,ok,
low-concurrency-20260711T193136.540788972Z,baseline-c20,2026-07-11T19:44:33.673Z,1783799073673,667471,first_a_sqs_sent_timestamp,443,16,ok,
low-concurrency-20260711T193136.540788972Z,fair-c20,2026-07-11T19:44:33.707Z,1783799073707,667349,first_a_sqs_sent_timestamp,431,17,ok,
low-concurrency-20260711T193136.540788972Z,baseline-c20,2026-07-11T19:44:34.671Z,1783799074671,668469,first_a_sqs_sent_timestamp,400,18,ok,
low-concurrency-20260711T193136.540788972Z,fair-c20,2026-07-11T19:44:34.701Z,1783799074701,668343,first_a_sqs_sent_timestamp,367,18,ok,
low-concurrency-20260711T193136.540788972Z,baseline-c20,2026-07-11T19:44:35.673Z,1783799075673,669471,first_a_sqs_sent_timestamp,383,15,ok,
low-concurrency-20260711T193136.540788972Z,fair-c20,2026-07-11T19:44:35.706Z,1783799075706,669348,first_a_sqs_sent_timestamp,412,13,ok,
low-concurrency-20260711T193136.540788972Z,baseline-c20,2026-07-11T19:44:36.67Z,1783799076670,670468,first_a_sqs_sent_timestamp,414,15,ok,
low-concurrency-20260711T193136.540788972Z,fair-c20,2026-07-11T19:44:36.705Z,1783799076705,670347,first_a_sqs_sent_timestamp,410,14,ok,
low-concurrency-20260711T193136.540788972Z,baseline-c20,2026-07-11T19:44:37.675Z,1783799077675,671473,first_a_sqs_sent_timestamp,383,12,ok,
low-concurrency-20260711T193136.540788972Z,fair-c20,2026-07-11T19:44:37.709Z,1783799077709,671351,first_a_sqs_sent_timestamp,404,12,ok,
low-concurrency-20260711T193136.540788972Z,baseline-c20,2026-07-11T19:44:38.67Z,1783799078670,672468,first_a_sqs_sent_timestamp,343,19,ok,
low-concurrency-20260711T193136.540788972Z,fair-c20,2026-07-11T19:44:38.697Z,1783799078697,672339,first_a_sqs_sent_timestamp,365,19,ok,
low-concurrency-20260711T193136.540788972Z,baseline-c20,2026-07-11T19:44:39.673Z,1783799079673,673471,first_a_sqs_sent_timestamp,362,20,ok,
low-concurrency-20260711T193136.540788972Z,fair-c20,2026-07-11T19:44:39.71Z,1783799079710,673352,first_a_sqs_sent_timestamp,345,16,ok,
low-concurrency-20260711T193136.540788972Z,baseline-c20,2026-07-11T19:44:40.675Z,1783799080675,674473,first_a_sqs_sent_timestamp,356,18,ok,
low-concurrency-20260711T193136.540788972Z,fair-c20,2026-07-11T19:44:40.704Z,1783799080704,674346,first_a_sqs_sent_timestamp,335,17,ok,
low-concurrency-20260711T193136.540788972Z,baseline-c20,2026-07-11T19:44:41.68Z,1783799081680,675478,first_a_sqs_sent_timestamp,389,16,ok,
low-concurrency-20260711T193136.540788972Z,fair-c20,2026-07-11T19:44:41.711Z,1783799081711,675353,first_a_sqs_sent_timestamp,381,18,ok,
low-concurrency-20260711T193136.540788972Z,baseline-c20,2026-07-11T19:44:42.672Z,1783799082672,676470,first_a_sqs_sent_timestamp,341,14,ok,
low-concurrency-20260711T193136.540788972Z,fair-c20,2026-07-11T19:44:42.704Z,1783799082704,676346,first_a_sqs_sent_timestamp,323,15,ok,
low-concurrency-20260711T193136.540788972Z,baseline-c20,2026-07-11T19:44:43.675Z,1783799083675,677473,first_a_sqs_sent_timestamp,323,20,ok,
low-concurrency-20260711T193136.540788972Z,fair-c20,2026-07-11T19:44:43.703Z,1783799083703,677345,first_a_sqs_sent_timestamp,307,15,ok,
low-concurrency-20260711T193136.540788972Z,baseline-c20,2026-07-11T19:44:44.672Z,1783799084672,678470,first_a_sqs_sent_timestamp,312,13,ok,
low-concurrency-20260711T193136.540788972Z,fair-c20,2026-07-11T19:44:44.706Z,1783799084706,678348,first_a_sqs_sent_timestamp,337,15,ok,
low-concurrency-20260711T193136.540788972Z,baseline-c20,2026-07-11T19:44:45.673Z,1783799085673,679471,first_a_sqs_sent_timestamp,342,18,ok,
low-concurrency-20260711T193136.540788972Z,fair-c20,2026-07-11T19:44:45.705Z,1783799085705,679347,first_a_sqs_sent_timestamp,284,16,ok,
low-concurrency-20260711T193136.540788972Z,baseline-c20,2026-07-11T19:44:46.672Z,1783799086672,680470,first_a_sqs_sent_timestamp,316,20,ok,
low-concurrency-20260711T193136.540788972Z,fair-c20,2026-07-11T19:44:46.706Z,1783799086706,680348,first_a_sqs_sent_timestamp,324,14,ok,
low-concurrency-20260711T193136.540788972Z,baseline-c20,2026-07-11T19:44:47.671Z,1783799087671,681469,first_a_sqs_sent_timestamp,381,14,ok,
low-concurrency-20260711T193136.540788972Z,fair-c20,2026-07-11T19:44:47.702Z,1783799087702,681344,first_a_sqs_sent_timestamp,306,18,ok,
low-concurrency-20260711T193136.540788972Z,baseline-c20,2026-07-11T19:44:48.675Z,1783799088675,682473,first_a_sqs_sent_timestamp,312,14,ok,
low-concurrency-20260711T193136.540788972Z,fair-c20,2026-07-11T19:44:48.709Z,1783799088709,682351,first_a_sqs_sent_timestamp,345,14,ok,
low-concurrency-20260711T193136.540788972Z,baseline-c20,2026-07-11T19:44:49.678Z,1783799089678,683476,first_a_sqs_sent_timestamp,339,17,ok,
low-concurrency-20260711T193136.540788972Z,fair-c20,2026-07-11T19:44:49.71Z,1783799089710,683352,first_a_sqs_sent_timestamp,266,15,ok,
low-concurrency-20260711T193136.540788972Z,baseline-c20,2026-07-11T19:44:50.672Z,1783799090672,684470,first_a_sqs_sent_timestamp,280,16,ok,
low-concurrency-20260711T193136.540788972Z,fair-c20,2026-07-11T19:44:50.698Z,1783799090698,684340,first_a_sqs_sent_timestamp,334,20,ok,
low-concurrency-20260711T193136.540788972Z,baseline-c20,2026-07-11T19:44:51.675Z,1783799091675,685473,first_a_sqs_sent_timestamp,260,16,ok,
low-concurrency-20260711T193136.540788972Z,fair-c20,2026-07-11T19:44:51.706Z,1783799091706,685348,first_a_sqs_sent_timestamp,247,17,ok,
low-concurrency-20260711T193136.540788972Z,baseline-c20,2026-07-11T19:44:52.673Z,1783799092673,686471,first_a_sqs_sent_timestamp,260,15,ok,
low-concurrency-20260711T193136.540788972Z,fair-c20,2026-07-11T19:44:52.703Z,1783799092703,686345,first_a_sqs_sent_timestamp,247,19,ok,
low-concurrency-20260711T193136.540788972Z,baseline-c20,2026-07-11T19:44:53.671Z,1783799093671,687469,first_a_sqs_sent_timestamp,288,16,ok,
low-concurrency-20260711T193136.540788972Z,fair-c20,2026-07-11T19:44:53.701Z,1783799093701,687343,first_a_sqs_sent_timestamp,358,15,ok,
low-concurrency-20260711T193136.540788972Z,baseline-c20,2026-07-11T19:44:54.674Z,1783799094674,688472,first_a_sqs_sent_timestamp,321,22,ok,
low-concurrency-20260711T193136.540788972Z,fair-c20,2026-07-11T19:44:54.707Z,1783799094707,688349,first_a_sqs_sent_timestamp,268,15,ok,
low-concurrency-20260711T193136.540788972Z,baseline-c20,2026-07-11T19:44:55.688Z,1783799095688,689486,first_a_sqs_sent_timestamp,227,16,ok,
low-concurrency-20260711T193136.540788972Z,fair-c20,2026-07-11T19:44:55.717Z,1783799095717,689359,first_a_sqs_sent_timestamp,223,18,ok,
low-concurrency-20260711T193136.540788972Z,baseline-c20,2026-07-11T19:44:56.679Z,1783799096679,690477,first_a_sqs_sent_timestamp,271,20,ok,
low-concurrency-20260711T193136.540788972Z,fair-c20,2026-07-11T19:44:56.724Z,1783799096724,690366,first_a_sqs_sent_timestamp,224,18,ok,
low-concurrency-20260711T193136.540788972Z,baseline-c20,2026-07-11T19:44:57.67Z,1783799097670,691468,first_a_sqs_sent_timestamp,238,19,ok,
low-concurrency-20260711T193136.540788972Z,fair-c20,2026-07-11T19:44:57.7Z,1783799097700,691342,first_a_sqs_sent_timestamp,224,15,ok,
low-concurrency-20260711T193136.540788972Z,baseline-c20,2026-07-11T19:44:58.673Z,1783799098673,692471,first_a_sqs_sent_timestamp,281,17,ok,
low-concurrency-20260711T193136.540788972Z,fair-c20,2026-07-11T19:44:58.705Z,1783799098705,692347,first_a_sqs_sent_timestamp,247,15,ok,
low-concurrency-20260711T193136.540788972Z,baseline-c20,2026-07-11T19:44:59.673Z,1783799099673,693471,first_a_sqs_sent_timestamp,219,16,ok,
low-concurrency-20260711T193136.540788972Z,fair-c20,2026-07-11T19:44:59.706Z,1783799099706,693348,first_a_sqs_sent_timestamp,224,15,ok,
low-concurrency-20260711T193136.540788972Z,baseline-c20,2026-07-11T19:45:00.675Z,1783799100675,694473,first_a_sqs_sent_timestamp,219,16,ok,
low-concurrency-20260711T193136.540788972Z,fair-c20,2026-07-11T19:45:00.706Z,1783799100706,694348,first_a_sqs_sent_timestamp,224,15,ok,
low-concurrency-20260711T193136.540788972Z,baseline-c20,2026-07-11T19:45:01.671Z,1783799101671,695469,first_a_sqs_sent_timestamp,227,18,ok,
low-concurrency-20260711T193136.540788972Z,fair-c20,2026-07-11T19:45:01.701Z,1783799101701,695343,first_a_sqs_sent_timestamp,272,16,ok,
low-concurrency-20260711T193136.540788972Z,baseline-c20,2026-07-11T19:45:02.672Z,1783799102672,696470,first_a_sqs_sent_timestamp,260,16,ok,
low-concurrency-20260711T193136.540788972Z,fair-c20,2026-07-11T19:45:02.707Z,1783799102707,696349,first_a_sqs_sent_timestamp,176,18,ok,
low-concurrency-20260711T193136.540788972Z,baseline-c20,2026-07-11T19:45:03.673Z,1783799103673,697471,first_a_sqs_sent_timestamp,184,20,ok,
low-concurrency-20260711T193136.540788972Z,fair-c20,2026-07-11T19:45:03.706Z,1783799103706,697348,first_a_sqs_sent_timestamp,195,15,ok,
low-concurrency-20260711T193136.540788972Z,baseline-c20,2026-07-11T19:45:04.679Z,1783799104679,698477,first_a_sqs_sent_timestamp,202,20,ok,
low-concurrency-20260711T193136.540788972Z,fair-c20,2026-07-11T19:45:04.707Z,1783799104707,698349,first_a_sqs_sent_timestamp,177,15,ok,
low-concurrency-20260711T193136.540788972Z,baseline-c20,2026-07-11T19:45:05.672Z,1783799105672,699470,first_a_sqs_sent_timestamp,184,20,ok,
low-concurrency-20260711T193136.540788972Z,fair-c20,2026-07-11T19:45:05.702Z,1783799105702,699344,first_a_sqs_sent_timestamp,154,17,ok,
low-concurrency-20260711T193136.540788972Z,baseline-c20,2026-07-11T19:45:06.678Z,1783799106678,700476,first_a_sqs_sent_timestamp,173,18,ok,
low-concurrency-20260711T193136.540788972Z,fair-c20,2026-07-11T19:45:06.709Z,1783799106709,700351,first_a_sqs_sent_timestamp,166,17,ok,
low-concurrency-20260711T193136.540788972Z,baseline-c20,2026-07-11T19:45:07.678Z,1783799107678,701476,first_a_sqs_sent_timestamp,218,15,ok,
low-concurrency-20260711T193136.540788972Z,fair-c20,2026-07-11T19:45:07.705Z,1783799107705,701347,first_a_sqs_sent_timestamp,195,17,ok,
low-concurrency-20260711T193136.540788972Z,baseline-c20,2026-07-11T19:45:08.67Z,1783799108670,702468,first_a_sqs_sent_timestamp,237,17,ok,
low-concurrency-20260711T193136.540788972Z,fair-c20,2026-07-11T19:45:08.697Z,1783799108697,702339,first_a_sqs_sent_timestamp,167,16,ok,
low-concurrency-20260711T193136.540788972Z,baseline-c20,2026-07-11T19:45:09.68Z,1783799109680,703478,first_a_sqs_sent_timestamp,145,16,ok,
low-concurrency-20260711T193136.540788972Z,fair-c20,2026-07-11T19:45:09.708Z,1783799109708,703350,first_a_sqs_sent_timestamp,176,17,ok,
low-concurrency-20260711T193136.540788972Z,baseline-c20,2026-07-11T19:45:10.67Z,1783799110670,704468,first_a_sqs_sent_timestamp,160,17,ok,
low-concurrency-20260711T193136.540788972Z,fair-c20,2026-07-11T19:45:10.7Z,1783799110700,704342,first_a_sqs_sent_timestamp,124,19,ok,
low-concurrency-20260711T193136.540788972Z,baseline-c20,2026-07-11T19:45:11.671Z,1783799111671,705469,first_a_sqs_sent_timestamp,173,19,ok,
low-concurrency-20260711T193136.540788972Z,fair-c20,2026-07-11T19:45:11.697Z,1783799111697,705339,first_a_sqs_sent_timestamp,259,18,ok,
low-concurrency-20260711T193136.540788972Z,baseline-c20,2026-07-11T19:45:12.672Z,1783799112672,706470,first_a_sqs_sent_timestamp,183,19,ok,
low-concurrency-20260711T193136.540788972Z,fair-c20,2026-07-11T19:45:12.7Z,1783799112700,706342,first_a_sqs_sent_timestamp,112,15,ok,
low-concurrency-20260711T193136.540788972Z,baseline-c20,2026-07-11T19:45:13.672Z,1783799113672,707470,first_a_sqs_sent_timestamp,113,16,ok,
low-concurrency-20260711T193136.540788972Z,fair-c20,2026-07-11T19:45:13.7Z,1783799113700,707342,first_a_sqs_sent_timestamp,182,18,ok,
low-concurrency-20260711T193136.540788972Z,baseline-c20,2026-07-11T19:45:14.672Z,1783799114672,708470,first_a_sqs_sent_timestamp,137,15,ok,
low-concurrency-20260711T193136.540788972Z,fair-c20,2026-07-11T19:45:14.7Z,1783799114700,708342,first_a_sqs_sent_timestamp,124,20,ok,
low-concurrency-20260711T193136.540788972Z,baseline-c20,2026-07-11T19:45:15.675Z,1783799115675,709473,first_a_sqs_sent_timestamp,101,15,ok,
low-concurrency-20260711T193136.540788972Z,fair-c20,2026-07-11T19:45:15.708Z,1783799115708,709350,first_a_sqs_sent_timestamp,153,20,ok,
low-concurrency-20260711T193136.540788972Z,baseline-c20,2026-07-11T19:45:16.676Z,1783799116676,710474,first_a_sqs_sent_timestamp,124,19,ok,
low-concurrency-20260711T193136.540788972Z,fair-c20,2026-07-11T19:45:16.711Z,1783799116711,710353,first_a_sqs_sent_timestamp,126,17,ok,
low-concurrency-20260711T193136.540788972Z,baseline-c20,2026-07-11T19:45:17.672Z,1783799117672,711470,first_a_sqs_sent_timestamp,113,16,ok,
low-concurrency-20260711T193136.540788972Z,fair-c20,2026-07-11T19:45:17.704Z,1783799117704,711346,first_a_sqs_sent_timestamp,130,17,ok,
low-concurrency-20260711T193136.540788972Z,baseline-c20,2026-07-11T19:45:18.672Z,1783799118672,712470,first_a_sqs_sent_timestamp,101,16,ok,
low-concurrency-20260711T193136.540788972Z,fair-c20,2026-07-11T19:45:18.7Z,1783799118700,712342,first_a_sqs_sent_timestamp,112,14,ok,
low-concurrency-20260711T193136.540788972Z,baseline-c20,2026-07-11T19:45:19.677Z,1783799119677,713475,first_a_sqs_sent_timestamp,112,15,ok,
low-concurrency-20260711T193136.540788972Z,fair-c20,2026-07-11T19:45:19.704Z,1783799119704,713346,first_a_sqs_sent_timestamp,86,20,ok,
low-concurrency-20260711T193136.540788972Z,baseline-c20,2026-07-11T19:45:20.674Z,1783799120674,714472,first_a_sqs_sent_timestamp,269,18,ok,
low-concurrency-20260711T193136.540788972Z,fair-c20,2026-07-11T19:45:20.701Z,1783799120701,714343,first_a_sqs_sent_timestamp,76,21,ok,
low-concurrency-20260711T193136.540788972Z,baseline-c20,2026-07-11T19:45:21.674Z,1783799121674,715472,first_a_sqs_sent_timestamp,119,13,ok,
low-concurrency-20260711T193136.540788972Z,fair-c20,2026-07-11T19:45:21.702Z,1783799121702,715344,first_a_sqs_sent_timestamp,66,15,ok,
low-concurrency-20260711T193136.540788972Z,baseline-c20,2026-07-11T19:45:22.672Z,1783799122672,716470,first_a_sqs_sent_timestamp,71,14,ok,
low-concurrency-20260711T193136.540788972Z,fair-c20,2026-07-11T19:45:22.704Z,1783799122704,716346,first_a_sqs_sent_timestamp,86,17,ok,
low-concurrency-20260711T193136.540788972Z,baseline-c20,2026-07-11T19:45:23.674Z,1783799123674,717472,first_a_sqs_sent_timestamp,102,14,ok,
low-concurrency-20260711T193136.540788972Z,fair-c20,2026-07-11T19:45:23.709Z,1783799123709,717351,first_a_sqs_sent_timestamp,76,18,ok,
low-concurrency-20260711T193136.540788972Z,baseline-c20,2026-07-11T19:45:24.674Z,1783799124674,718472,first_a_sqs_sent_timestamp,47,16,ok,
low-concurrency-20260711T193136.540788972Z,fair-c20,2026-07-11T19:45:24.705Z,1783799124705,718347,first_a_sqs_sent_timestamp,99,18,ok,
low-concurrency-20260711T193136.540788972Z,baseline-c20,2026-07-11T19:45:25.672Z,1783799125672,719470,first_a_sqs_sent_timestamp,66,17,ok,
low-concurrency-20260711T193136.540788972Z,fair-c20,2026-07-11T19:45:25.706Z,1783799125706,719348,first_a_sqs_sent_timestamp,27,17,ok,
low-concurrency-20260711T193136.540788972Z,baseline-c20,2026-07-11T19:45:26.672Z,1783799126672,720470,first_a_sqs_sent_timestamp,47,16,ok,
low-concurrency-20260711T193136.540788972Z,fair-c20,2026-07-11T19:45:26.705Z,1783799126705,720347,first_a_sqs_sent_timestamp,137,15,ok,
low-concurrency-20260711T193136.540788972Z,baseline-c20,2026-07-11T19:45:27.681Z,1783799127681,721479,first_a_sqs_sent_timestamp,47,15,ok,
low-concurrency-20260711T193136.540788972Z,fair-c20,2026-07-11T19:45:27.716Z,1783799127716,721358,first_a_sqs_sent_timestamp,36,19,ok,
low-concurrency-20260711T193136.540788972Z,baseline-c20,2026-07-11T19:45:28.671Z,1783799128671,722469,first_a_sqs_sent_timestamp,143,16,ok,
low-concurrency-20260711T193136.540788972Z,fair-c20,2026-07-11T19:45:28.699Z,1783799128699,722341,first_a_sqs_sent_timestamp,27,17,ok,
low-concurrency-20260711T193136.540788972Z,baseline-c20,2026-07-11T19:45:29.673Z,1783799129673,723471,first_a_sqs_sent_timestamp,59,19,ok,
low-concurrency-20260711T193136.540788972Z,fair-c20,2026-07-11T19:45:29.702Z,1783799129702,723344,first_a_sqs_sent_timestamp,38,18,ok,
low-concurrency-20260711T193136.540788972Z,baseline-c20,2026-07-11T19:45:30.67Z,1783799130670,724468,first_a_sqs_sent_timestamp,47,18,ok,
low-concurrency-20260711T193136.540788972Z,fair-c20,2026-07-11T19:45:30.704Z,1783799130704,724346,first_a_sqs_sent_timestamp,66,16,ok,
low-concurrency-20260711T193136.540788972Z,baseline-c20,2026-07-11T19:45:31.677Z,1783799131677,725475,first_a_sqs_sent_timestamp,92,14,ok,
low-concurrency-20260711T193136.540788972Z,fair-c20,2026-07-11T19:45:31.706Z,1783799131706,725348,first_a_sqs_sent_timestamp,35,18,ok,
low-concurrency-20260711T193136.540788972Z,baseline-c20,2026-07-11T19:45:32.676Z,1783799132676,726474,first_a_sqs_sent_timestamp,8,17,ok,
low-concurrency-20260711T193136.540788972Z,fair-c20,2026-07-11T19:45:32.708Z,1783799132708,726350,first_a_sqs_sent_timestamp,0,12,ok,
low-concurrency-20260711T193136.540788972Z,baseline-c20,2026-07-11T19:45:33.671Z,1783799133671,727469,first_a_sqs_sent_timestamp,65,19,ok,
low-concurrency-20260711T193136.540788972Z,fair-c20,2026-07-11T19:45:33.7Z,1783799133700,727342,first_a_sqs_sent_timestamp,2,3,ok,
low-concurrency-20260711T193136.540788972Z,baseline-c20,2026-07-11T19:45:34.673Z,1783799134673,728471,first_a_sqs_sent_timestamp,71,15,ok,
low-concurrency-20260711T193136.540788972Z,fair-c20,2026-07-11T19:45:34.702Z,1783799134702,728344,first_a_sqs_sent_timestamp,16,14,ok,
low-concurrency-20260711T193136.540788972Z,baseline-c20,2026-07-11T19:45:35.672Z,1783799135672,729470,first_a_sqs_sent_timestamp,10,20,ok,
low-concurrency-20260711T193136.540788972Z,fair-c20,2026-07-11T19:45:35.703Z,1783799135703,729345,first_a_sqs_sent_timestamp,0,3,ok,
low-concurrency-20260711T193136.540788972Z,baseline-c20,2026-07-11T19:45:36.679Z,1783799136679,730477,first_a_sqs_sent_timestamp,1,4,ok,
low-concurrency-20260711T193136.540788972Z,fair-c20,2026-07-11T19:45:36.712Z,1783799136712,730354,first_a_sqs_sent_timestamp,27,17,ok,
low-concurrency-20260711T193136.540788972Z,baseline-c20,2026-07-11T19:45:37.67Z,1783799137670,731468,first_a_sqs_sent_timestamp,0,11,ok,
low-concurrency-20260711T193136.540788972Z,fair-c20,2026-07-11T19:45:37.697Z,1783799137697,731339,first_a_sqs_sent_timestamp,0,3,ok,
low-concurrency-20260711T193136.540788972Z,baseline-c20,2026-07-11T19:45:38.675Z,1783799138675,732473,first_a_sqs_sent_timestamp,7,18,ok,
low-concurrency-20260711T193136.540788972Z,fair-c20,2026-07-11T19:45:38.705Z,1783799138705,732347,first_a_sqs_sent_timestamp,0,11,ok,
low-concurrency-20260711T193136.540788972Z,baseline-c20,2026-07-11T19:45:39.678Z,1783799139678,733476,first_a_sqs_sent_timestamp,1,13,ok,
low-concurrency-20260711T193136.540788972Z,fair-c20,2026-07-11T19:45:39.707Z,1783799139707,733349,first_a_sqs_sent_timestamp,71,19,ok,
low-concurrency-20260711T193136.540788972Z,baseline-c20,2026-07-11T19:45:40.671Z,1783799140671,734469,first_a_sqs_sent_timestamp,0,3,ok,
low-concurrency-20260711T193136.540788972Z,fair-c20,2026-07-11T19:45:40.7Z,1783799140700,734342,first_a_sqs_sent_timestamp,0,4,ok,
low-concurrency-20260711T193136.540788972Z,baseline-c20,2026-07-11T19:45:41.67Z,1783799141670,735468,first_a_sqs_sent_timestamp,0,4,ok,
low-concurrency-20260711T193136.540788972Z,fair-c20,2026-07-11T19:45:41.7Z,1783799141700,735342,first_a_sqs_sent_timestamp,0,6,ok,
low-concurrency-20260711T193136.540788972Z,baseline-c20,2026-07-11T19:45:42.67Z,1783799142670,736468,first_a_sqs_sent_timestamp,0,4,ok,
low-concurrency-20260711T193136.540788972Z,fair-c20,2026-07-11T19:45:42.699Z,1783799142699,736341,first_a_sqs_sent_timestamp,0,4,ok,
low-concurrency-20260711T193136.540788972Z,baseline-c20,2026-07-11T19:45:43.677Z,1783799143677,737475,first_a_sqs_sent_timestamp,0,3,ok,
low-concurrency-20260711T193136.540788972Z,fair-c20,2026-07-11T19:45:43.705Z,1783799143705,737347,first_a_sqs_sent_timestamp,0,5,ok,
low-concurrency-20260711T193136.540788972Z,baseline-c20,2026-07-11T19:45:44.672Z,1783799144672,738470,first_a_sqs_sent_timestamp,0,4,ok,
low-concurrency-20260711T193136.540788972Z,fair-c20,2026-07-11T19:45:44.703Z,1783799144703,738345,first_a_sqs_sent_timestamp,0,4,ok,
low-concurrency-20260711T193136.540788972Z,baseline-c20,2026-07-11T19:45:45.67Z,1783799145670,739468,first_a_sqs_sent_timestamp,0,5,ok,
low-concurrency-20260711T193136.540788972Z,fair-c20,2026-07-11T19:45:45.697Z,1783799145697,739339,first_a_sqs_sent_timestamp,0,6,ok,
low-concurrency-20260711T193136.540788972Z,baseline-c20,2026-07-11T19:45:46.677Z,1783799146677,740475,first_a_sqs_sent_timestamp,0,4,ok,
low-concurrency-20260711T193136.540788972Z,fair-c20,2026-07-11T19:45:46.705Z,1783799146705,740347,first_a_sqs_sent_timestamp,0,5,ok,
low-concurrency-20260711T193136.540788972Z,baseline-c20,2026-07-11T19:45:47.675Z,1783799147675,741473,first_a_sqs_sent_timestamp,0,6,ok,
low-concurrency-20260711T193136.540788972Z,fair-c20,2026-07-11T19:45:47.702Z,1783799147702,741344,first_a_sqs_sent_timestamp,0,2,ok,
low-concurrency-20260711T193136.540788972Z,baseline-c20,2026-07-11T19:45:48.676Z,1783799148676,742474,first_a_sqs_sent_timestamp,0,3,ok,
low-concurrency-20260711T193136.540788972Z,fair-c20,2026-07-11T19:45:48.707Z,1783799148707,742349,first_a_sqs_sent_timestamp,0,5,ok,
low-concurrency-20260711T193136.540788972Z,baseline-c20,2026-07-11T19:45:49.678Z,1783799149678,743476,first_a_sqs_sent_timestamp,0,5,ok,
low-concurrency-20260711T193136.540788972Z,fair-c20,2026-07-11T19:45:49.709Z,1783799149709,743351,first_a_sqs_sent_timestamp,0,4,ok,
low-concurrency-20260711T193136.540788972Z,baseline-c20,2026-07-11T19:45:50.675Z,1783799150675,744473,first_a_sqs_sent_timestamp,0,7,ok,
low-concurrency-20260711T193136.540788972Z,fair-c20,2026-07-11T19:45:50.746Z,1783799150746,744388,first_a_sqs_sent_timestamp,0,12,ok,
low-concurrency-20260711T193136.540788972Z,baseline-c20,2026-07-11T19:45:51.675Z,1783799151675,745473,first_a_sqs_sent_timestamp,0,7,ok,
low-concurrency-20260711T193136.540788972Z,fair-c20,2026-07-11T19:45:51.704Z,1783799151704,745346,first_a_sqs_sent_timestamp,0,5,ok,
low-concurrency-20260711T193136.540788972Z,baseline-c20,2026-07-11T19:45:52.679Z,1783799152679,746477,first_a_sqs_sent_timestamp,0,4,ok,
low-concurrency-20260711T193136.540788972Z,fair-c20,2026-07-11T19:45:52.71Z,1783799152710,746352,first_a_sqs_sent_timestamp,0,3,ok,
low-concurrency-20260711T193136.540788972Z,baseline-c20,2026-07-11T19:45:53.709Z,1783799153709,747507,first_a_sqs_sent_timestamp,0,3,ok,
low-concurrency-20260711T193136.540788972Z,fair-c20,2026-07-11T19:45:53.742Z,1783799153742,747384,first_a_sqs_sent_timestamp,0,3,ok,
low-concurrency-20260711T193136.540788972Z,baseline-c20,2026-07-11T19:45:54.672Z,1783799154672,748470,first_a_sqs_sent_timestamp,0,4,ok,
low-concurrency-20260711T193136.540788972Z,fair-c20,2026-07-11T19:45:54.698Z,1783799154698,748340,first_a_sqs_sent_timestamp,0,2,ok,
low-concurrency-20260711T193136.540788972Z,baseline-c20,2026-07-11T19:45:55.672Z,1783799155672,749470,first_a_sqs_sent_timestamp,0,6,ok,
low-concurrency-20260711T193136.540788972Z,fair-c20,2026-07-11T19:45:55.7Z,1783799155700,749342,first_a_sqs_sent_timestamp,0,3,ok,
low-concurrency-20260711T193136.540788972Z,baseline-c20,2026-07-11T19:45:56.677Z,1783799156677,750475,first_a_sqs_sent_timestamp,0,5,ok,
low-concurrency-20260711T193136.540788972Z,fair-c20,2026-07-11T19:45:56.703Z,1783799156703,750345,first_a_sqs_sent_timestamp,0,5,ok,
low-concurrency-20260711T193136.540788972Z,baseline-c20,2026-07-11T19:45:57.671Z,1783799157671,751469,first_a_sqs_sent_timestamp,0,4,ok,
low-concurrency-20260711T193136.540788972Z,fair-c20,2026-07-11T19:45:57.704Z,1783799157704,751346,first_a_sqs_sent_timestamp,0,4,ok,
low-concurrency-20260711T193136.540788972Z,baseline-c20,2026-07-11T19:45:58.672Z,1783799158672,752470,first_a_sqs_sent_timestamp,0,3,ok,
low-concurrency-20260711T193136.540788972Z,fair-c20,2026-07-11T19:45:58.719Z,1783799158719,752361,first_a_sqs_sent_timestamp,0,4,ok,
low-concurrency-20260711T193136.540788972Z,baseline-c20,2026-07-11T19:45:59.673Z,1783799159673,753471,first_a_sqs_sent_timestamp,0,4,ok,
low-concurrency-20260711T193136.540788972Z,fair-c20,2026-07-11T19:45:59.701Z,1783799159701,753343,first_a_sqs_sent_timestamp,0,5,ok,
low-concurrency-20260711T193136.540788972Z,baseline-c20,2026-07-11T19:46:00.678Z,1783799160678,754476,first_a_sqs_sent_timestamp,0,4,ok,
low-concurrency-20260711T193136.540788972Z,fair-c20,2026-07-11T19:46:00.708Z,1783799160708,754350,first_a_sqs_sent_timestamp,0,5,ok,
low-concurrency-20260711T193136.540788972Z,baseline-c20,2026-07-11T19:46:01.676Z,1783799161676,755474,first_a_sqs_sent_timestamp,0,5,ok,
low-concurrency-20260711T193136.540788972Z,fair-c20,2026-07-11T19:46:01.705Z,1783799161705,755347,first_a_sqs_sent_timestamp,0,6,ok,
low-concurrency-20260711T193136.540788972Z,baseline-c20,2026-07-11T19:46:02.679Z,1783799162679,756477,first_a_sqs_sent_timestamp,0,3,ok,
low-concurrency-20260711T193136.540788972Z,fair-c20,2026-07-11T19:46:02.712Z,1783799162712,756354,first_a_sqs_sent_timestamp,0,6,ok,
low-concurrency-20260711T193136.540788972Z,baseline-c20,2026-07-11T19:46:03.672Z,1783799163672,757470,first_a_sqs_sent_timestamp,0,4,ok,
low-concurrency-20260711T193136.540788972Z,fair-c20,2026-07-11T19:46:03.703Z,1783799163703,757345,first_a_sqs_sent_timestamp,0,5,ok,
low-concurrency-20260711T193136.540788972Z,baseline-c20,2026-07-11T19:46:04.673Z,1783799164673,758471,first_a_sqs_sent_timestamp,0,3,ok,
low-concurrency-20260711T193136.540788972Z,fair-c20,2026-07-11T19:46:04.701Z,1783799164701,758343,first_a_sqs_sent_timestamp,0,6,ok,
low-concurrency-20260711T193136.540788972Z,baseline-c20,2026-07-11T19:46:05.672Z,1783799165672,759470,first_a_sqs_sent_timestamp,0,4,ok,
low-concurrency-20260711T193136.540788972Z,fair-c20,2026-07-11T19:46:05.702Z,1783799165702,759344,first_a_sqs_sent_timestamp,0,6,ok,
low-concurrency-20260711T193136.540788972Z,baseline-c20,2026-07-11T19:46:06.676Z,1783799166676,760474,first_a_sqs_sent_timestamp,0,3,ok,
low-concurrency-20260711T193136.540788972Z,fair-c20,2026-07-11T19:46:06.705Z,1783799166705,760347,first_a_sqs_sent_timestamp,0,7,ok,
low-concurrency-20260711T193136.540788972Z,baseline-c20,2026-07-11T19:46:07.672Z,1783799167672,761470,first_a_sqs_sent_timestamp,0,5,ok,
low-concurrency-20260711T193136.540788972Z,fair-c20,2026-07-11T19:46:07.703Z,1783799167703,761345,first_a_sqs_sent_timestamp,0,4,ok,
low-concurrency-20260711T193136.540788972Z,baseline-c20,2026-07-11T19:46:08.674Z,1783799168674,762472,first_a_sqs_sent_timestamp,0,5,ok,
low-concurrency-20260711T193136.540788972Z,fair-c20,2026-07-11T19:46:08.701Z,1783799168701,762343,first_a_sqs_sent_timestamp,0,6,ok,
low-concurrency-20260711T193136.540788972Z,baseline-c20,2026-07-11T19:46:09.678Z,1783799169678,763476,first_a_sqs_sent_timestamp,0,3,ok,
low-concurrency-20260711T193136.540788972Z,fair-c20,2026-07-11T19:46:09.708Z,1783799169708,763350,first_a_sqs_sent_timestamp,0,4,ok,
low-concurrency-20260711T193136.540788972Z,baseline-c20,2026-07-11T19:46:10.672Z,1783799170672,764470,first_a_sqs_sent_timestamp,0,6,ok,
low-concurrency-20260711T193136.540788972Z,fair-c20,2026-07-11T19:46:10.701Z,1783799170701,764343,first_a_sqs_sent_timestamp,0,4,ok,
low-concurrency-20260711T193136.540788972Z,baseline-c20,2026-07-11T19:46:11.677Z,1783799171677,765475,first_a_sqs_sent_timestamp,0,3,ok,
low-concurrency-20260711T193136.540788972Z,fair-c20,2026-07-11T19:46:11.706Z,1783799171706,765348,first_a_sqs_sent_timestamp,0,4,ok,
low-concurrency-20260711T193136.540788972Z,baseline-c20,2026-07-11T19:46:12.677Z,1783799172677,766475,first_a_sqs_sent_timestamp,0,3,ok,
low-concurrency-20260711T193136.540788972Z,fair-c20,2026-07-11T19:46:12.708Z,1783799172708,766350,first_a_sqs_sent_timestamp,0,3,ok,
low-concurrency-20260711T193136.540788972Z,baseline-c20,2026-07-11T19:46:13.677Z,1783799173677,767475,first_a_sqs_sent_timestamp,0,3,ok,
low-concurrency-20260711T193136.540788972Z,fair-c20,2026-07-11T19:46:13.711Z,1783799173711,767353,first_a_sqs_sent_timestamp,0,3,ok,
low-concurrency-20260711T193136.540788972Z,baseline-c20,2026-07-11T19:46:14.672Z,1783799174672,768470,first_a_sqs_sent_timestamp,0,2,ok,
low-concurrency-20260711T193136.540788972Z,fair-c20,2026-07-11T19:46:14.704Z,1783799174704,768346,first_a_sqs_sent_timestamp,0,7,ok,
low-concurrency-20260711T193136.540788972Z,baseline-c20,2026-07-11T19:46:15.672Z,1783799175672,769470,first_a_sqs_sent_timestamp,0,1,ok,
low-concurrency-20260711T193136.540788972Z,fair-c20,2026-07-11T19:46:15.714Z,1783799175714,769356,first_a_sqs_sent_timestamp,0,4,ok,
low-concurrency-20260711T193136.540788972Z,baseline-c20,2026-07-11T19:46:16.672Z,1783799176672,770470,first_a_sqs_sent_timestamp,0,2,ok,
low-concurrency-20260711T193136.540788972Z,fair-c20,2026-07-11T19:46:16.699Z,1783799176699,770341,first_a_sqs_sent_timestamp,0,2,ok,
low-concurrency-20260711T193136.540788972Z,baseline-c20,2026-07-11T19:46:17.671Z,1783799177671,771469,first_a_sqs_sent_timestamp,0,2,ok,
low-concurrency-20260711T193136.540788972Z,fair-c20,2026-07-11T19:46:17.699Z,1783799177699,771341,first_a_sqs_sent_timestamp,0,1,ok,
low-concurrency-20260711T193136.540788972Z,baseline-c20,2026-07-11T19:46:18.671Z,1783799178671,772469,first_a_sqs_sent_timestamp,0,3,ok,
low-concurrency-20260711T193136.540788972Z,fair-c20,2026-07-11T19:46:18.7Z,1783799178700,772342,first_a_sqs_sent_timestamp,0,2,ok,
low-concurrency-20260711T193136.540788972Z,baseline-c20,2026-07-11T19:46:19.677Z,1783799179677,773475,first_a_sqs_sent_timestamp,0,4,ok,
low-concurrency-20260711T193136.540788972Z,fair-c20,2026-07-11T19:46:19.705Z,1783799179705,773347,first_a_sqs_sent_timestamp,0,4,ok,
low-concurrency-20260711T193136.540788972Z,baseline-c20,2026-07-11T19:46:20.679Z,1783799180679,774477,first_a_sqs_sent_timestamp,0,5,ok,
low-concurrency-20260711T193136.540788972Z,fair-c20,2026-07-11T19:46:20.719Z,1783799180719,774361,first_a_sqs_sent_timestamp,0,6,ok,
low-concurrency-20260711T193136.540788972Z,baseline-c20,2026-07-11T19:46:21.674Z,1783799181674,775472,first_a_sqs_sent_timestamp,0,3,ok,
low-concurrency-20260711T193136.540788972Z,fair-c20,2026-07-11T19:46:21.701Z,1783799181701,775343,first_a_sqs_sent_timestamp,0,4,ok,
low-concurrency-20260711T193136.540788972Z,baseline-c20,2026-07-11T19:46:22.673Z,1783799182673,776471,first_a_sqs_sent_timestamp,0,3,ok,
low-concurrency-20260711T193136.540788972Z,fair-c20,2026-07-11T19:46:22.706Z,1783799182706,776348,first_a_sqs_sent_timestamp,0,8,ok,
low-concurrency-20260711T193136.540788972Z,baseline-c20,2026-07-11T19:46:23.673Z,1783799183673,777471,first_a_sqs_sent_timestamp,0,4,ok,
low-concurrency-20260711T193136.540788972Z,fair-c20,2026-07-11T19:46:23.707Z,1783799183707,777349,first_a_sqs_sent_timestamp,0,2,ok,
low-concurrency-20260711T193136.540788972Z,baseline-c20,2026-07-11T19:46:24.676Z,1783799184676,778474,first_a_sqs_sent_timestamp,0,3,ok,
low-concurrency-20260711T193136.540788972Z,fair-c20,2026-07-11T19:46:24.708Z,1783799184708,778350,first_a_sqs_sent_timestamp,0,4,ok,
low-concurrency-20260711T193136.540788972Z,baseline-c20,2026-07-11T19:46:25.672Z,1783799185672,779470,first_a_sqs_sent_timestamp,0,2,ok,
low-concurrency-20260711T193136.540788972Z,fair-c20,2026-07-11T19:46:25.7Z,1783799185700,779342,first_a_sqs_sent_timestamp,0,4,ok,
low-concurrency-20260711T193136.540788972Z,baseline-c20,2026-07-11T19:46:26.678Z,1783799186678,780476,first_a_sqs_sent_timestamp,0,4,ok,
low-concurrency-20260711T193136.540788972Z,fair-c20,2026-07-11T19:46:26.705Z,1783799186705,780347,first_a_sqs_sent_timestamp,0,5,ok,
low-concurrency-20260711T193136.540788972Z,baseline-c20,2026-07-11T19:46:27.678Z,1783799187678,781476,first_a_sqs_sent_timestamp,0,4,ok,
low-concurrency-20260711T193136.540788972Z,fair-c20,2026-07-11T19:46:27.708Z,1783799187708,781350,first_a_sqs_sent_timestamp,0,5,ok,
low-concurrency-20260711T193136.540788972Z,baseline-c20,2026-07-11T19:46:28.671Z,1783799188671,782469,first_a_sqs_sent_timestamp,0,4,ok,
low-concurrency-20260711T193136.540788972Z,fair-c20,2026-07-11T19:46:28.697Z,1783799188697,782339,first_a_sqs_sent_timestamp,0,4,ok,
low-concurrency-20260711T193136.540788972Z,baseline-c20,2026-07-11T19:46:29.672Z,1783799189672,783470,first_a_sqs_sent_timestamp,0,5,ok,
low-concurrency-20260711T193136.540788972Z,fair-c20,2026-07-11T19:46:29.699Z,1783799189699,783341,first_a_sqs_sent_timestamp,0,4,ok,
low-concurrency-20260711T193136.540788972Z,baseline-c20,2026-07-11T19:46:30.676Z,1783799190676,784474,first_a_sqs_sent_timestamp,0,5,ok,
low-concurrency-20260711T193136.540788972Z,fair-c20,2026-07-11T19:46:30.711Z,1783799190711,784353,first_a_sqs_sent_timestamp,0,3,ok,
low-concurrency-20260711T193136.540788972Z,baseline-c20,2026-07-11T19:46:31.677Z,1783799191677,785475,first_a_sqs_sent_timestamp,0,6,ok,
low-concurrency-20260711T193136.540788972Z,fair-c20,2026-07-11T19:46:31.709Z,1783799191709,785351,first_a_sqs_sent_timestamp,0,4,ok,
low-concurrency-20260711T193136.540788972Z,baseline-c20,2026-07-11T19:46:32.679Z,1783799192679,786477,first_a_sqs_sent_timestamp,0,1,ok,
low-concurrency-20260711T193136.540788972Z,fair-c20,2026-07-11T19:46:32.709Z,1783799192709,786351,first_a_sqs_sent_timestamp,0,2,ok,
low-concurrency-20260711T193136.540788972Z,baseline-c20,2026-07-11T19:46:33.683Z,1783799193683,787481,first_a_sqs_sent_timestamp,0,3,ok,
low-concurrency-20260711T193136.540788972Z,fair-c20,2026-07-11T19:46:33.719Z,1783799193719,787361,first_a_sqs_sent_timestamp,0,3,ok,
low-concurrency-20260711T193136.540788972Z,baseline-c20,2026-07-11T19:46:34.677Z,1783799194677,788475,first_a_sqs_sent_timestamp,0,5,ok,
low-concurrency-20260711T193136.540788972Z,fair-c20,2026-07-11T19:46:34.711Z,1783799194711,788353,first_a_sqs_sent_timestamp,0,3,ok,
low-concurrency-20260711T193136.540788972Z,baseline-c20,2026-07-11T19:46:35.688Z,1783799195688,789486,first_a_sqs_sent_timestamp,0,5,ok,
low-concurrency-20260711T193136.540788972Z,fair-c20,2026-07-11T19:46:35.721Z,1783799195721,789363,first_a_sqs_sent_timestamp,0,4,ok,
low-concurrency-20260711T193136.540788972Z,baseline-c20,2026-07-11T19:46:36.678Z,1783799196678,790476,first_a_sqs_sent_timestamp,0,3,ok,
low-concurrency-20260711T193136.540788972Z,fair-c20,2026-07-11T19:46:36.705Z,1783799196705,790347,first_a_sqs_sent_timestamp,0,6,ok,
low-concurrency-20260711T193136.540788972Z,baseline-c20,2026-07-11T19:46:37.675Z,1783799197675,791473,first_a_sqs_sent_timestamp,0,3,ok,
low-concurrency-20260711T193136.540788972Z,fair-c20,2026-07-11T19:46:37.707Z,1783799197707,791349,first_a_sqs_sent_timestamp,0,5,ok,
low-concurrency-20260711T193136.540788972Z,baseline-c20,2026-07-11T19:46:38.674Z,1783799198674,792472,first_a_sqs_sent_timestamp,0,3,ok,
low-concurrency-20260711T193136.540788972Z,fair-c20,2026-07-11T19:46:38.702Z,1783799198702,792344,first_a_sqs_sent_timestamp,0,4,ok,
low-concurrency-20260711T193136.540788972Z,baseline-c20,2026-07-11T19:46:39.675Z,1783799199675,793473,first_a_sqs_sent_timestamp,0,5,ok,
low-concurrency-20260711T193136.540788972Z,fair-c20,2026-07-11T19:46:39.709Z,1783799199709,793351,first_a_sqs_sent_timestamp,0,6,ok,
low-concurrency-20260711T193136.540788972Z,baseline-c20,2026-07-11T19:46:40.677Z,1783799200677,794475,first_a_sqs_sent_timestamp,0,7,ok,
low-concurrency-20260711T193136.540788972Z,fair-c20,2026-07-11T19:46:40.712Z,1783799200712,794354,first_a_sqs_sent_timestamp,0,4,ok,
low-concurrency-20260711T193136.540788972Z,baseline-c20,2026-07-11T19:46:41.677Z,1783799201677,795475,first_a_sqs_sent_timestamp,0,7,ok,
low-concurrency-20260711T193136.540788972Z,fair-c20,2026-07-11T19:46:41.704Z,1783799201704,795346,first_a_sqs_sent_timestamp,0,6,ok,
low-concurrency-20260711T193136.540788972Z,baseline-c20,2026-07-11T19:46:42.672Z,1783799202672,796470,first_a_sqs_sent_timestamp,0,4,ok,
low-concurrency-20260711T193136.540788972Z,fair-c20,2026-07-11T19:46:42.701Z,1783799202701,796343,first_a_sqs_sent_timestamp,0,5,ok,
low-concurrency-20260711T193136.540788972Z,baseline-c20,2026-07-11T19:46:43.678Z,1783799203678,797476,first_a_sqs_sent_timestamp,0,4,ok,
low-concurrency-20260711T193136.540788972Z,fair-c20,2026-07-11T19:46:43.709Z,1783799203709,797351,first_a_sqs_sent_timestamp,0,4,ok,
low-concurrency-20260711T193136.540788972Z,baseline-c20,2026-07-11T19:46:44.672Z,1783799204672,798470,first_a_sqs_sent_timestamp,0,4,ok,
low-concurrency-20260711T193136.540788972Z,fair-c20,2026-07-11T19:46:44.7Z,1783799204700,798342,first_a_sqs_sent_timestamp,0,5,ok,
low-concurrency-20260711T193136.540788972Z,baseline-c20,2026-07-11T19:46:45.678Z,1783799205678,799476,first_a_sqs_sent_timestamp,0,5,ok,
low-concurrency-20260711T193136.540788972Z,fair-c20,2026-07-11T19:46:45.716Z,1783799205716,799358,first_a_sqs_sent_timestamp,0,4,ok,
low-concurrency-20260711T193136.540788972Z,baseline-c20,2026-07-11T19:46:46.679Z,1783799206679,800477,first_a_sqs_sent_timestamp,0,2,ok,
low-concurrency-20260711T193136.540788972Z,fair-c20,2026-07-11T19:46:46.71Z,1783799206710,800352,first_a_sqs_sent_timestamp,0,5,ok,
low-concurrency-20260711T193136.540788972Z,baseline-c20,2026-07-11T19:46:47.673Z,1783799207673,801471,first_a_sqs_sent_timestamp,0,4,ok,
low-concurrency-20260711T193136.540788972Z,fair-c20,2026-07-11T19:46:47.702Z,1783799207702,801344,first_a_sqs_sent_timestamp,0,3,ok,
low-concurrency-20260711T193136.540788972Z,baseline-c20,2026-07-11T19:46:48.673Z,1783799208673,802471,first_a_sqs_sent_timestamp,0,6,ok,
low-concurrency-20260711T193136.540788972Z,fair-c20,2026-07-11T19:46:48.709Z,1783799208709,802351,first_a_sqs_sent_timestamp,0,4,ok,
low-concurrency-20260711T193136.540788972Z,baseline-c20,2026-07-11T19:46:49.679Z,1783799209679,803477,first_a_sqs_sent_timestamp,0,6,ok,
low-concurrency-20260711T193136.540788972Z,fair-c20,2026-07-11T19:46:49.713Z,1783799209713,803355,first_a_sqs_sent_timestamp,0,3,ok,
low-concurrency-20260711T193136.540788972Z,baseline-c20,2026-07-11T19:46:50.673Z,1783799210673,804471,first_a_sqs_sent_timestamp,0,4,ok,
low-concurrency-20260711T193136.540788972Z,fair-c20,2026-07-11T19:46:50.7Z,1783799210700,804342,first_a_sqs_sent_timestamp,0,4,ok,
low-concurrency-20260711T193136.540788972Z,baseline-c20,2026-07-11T19:46:51.672Z,1783799211672,805470,first_a_sqs_sent_timestamp,0,3,ok,
low-concurrency-20260711T193136.540788972Z,fair-c20,2026-07-11T19:46:51.705Z,1783799211705,805347,first_a_sqs_sent_timestamp,0,4,ok,
low-concurrency-20260711T193136.540788972Z,baseline-c20,2026-07-11T19:46:52.677Z,1783799212677,806475,first_a_sqs_sent_timestamp,0,3,ok,
low-concurrency-20260711T193136.540788972Z,fair-c20,2026-07-11T19:46:52.708Z,1783799212708,806350,first_a_sqs_sent_timestamp,0,4,ok,
low-concurrency-20260711T193136.540788972Z,baseline-c20,2026-07-11T19:46:53.672Z,1783799213672,807470,first_a_sqs_sent_timestamp,0,8,ok,
low-concurrency-20260711T193136.540788972Z,fair-c20,2026-07-11T19:46:53.7Z,1783799213700,807342,first_a_sqs_sent_timestamp,0,2,ok,
low-concurrency-20260711T193136.540788972Z,baseline-c20,2026-07-11T19:46:54.674Z,1783799214674,808472,first_a_sqs_sent_timestamp,0,4,ok,
low-concurrency-20260711T193136.540788972Z,fair-c20,2026-07-11T19:46:54.705Z,1783799214705,808347,first_a_sqs_sent_timestamp,0,3,ok,
low-concurrency-20260711T193136.540788972Z,baseline-c20,2026-07-11T19:46:55.673Z,1783799215673,809471,first_a_sqs_sent_timestamp,0,4,ok,
low-concurrency-20260711T193136.540788972Z,fair-c20,2026-07-11T19:46:55.701Z,1783799215701,809343,first_a_sqs_sent_timestamp,0,3,ok,
low-concurrency-20260711T193136.540788972Z,baseline-c20,2026-07-11T19:46:56.677Z,1783799216677,810475,first_a_sqs_sent_timestamp,0,2,ok,
low-concurrency-20260711T193136.540788972Z,fair-c20,2026-07-11T19:46:56.705Z,1783799216705,810347,first_a_sqs_sent_timestamp,0,4,ok,
low-concurrency-20260711T193136.540788972Z,baseline-c20,2026-07-11T19:46:57.671Z,1783799217671,811469,first_a_sqs_sent_timestamp,0,4,ok,
low-concurrency-20260711T193136.540788972Z,fair-c20,2026-07-11T19:46:57.699Z,1783799217699,811341,first_a_sqs_sent_timestamp,0,4,ok,
low-concurrency-20260711T193136.540788972Z,baseline-c20,2026-07-11T19:46:58.672Z,1783799218672,812470,first_a_sqs_sent_timestamp,0,2,ok,
low-concurrency-20260711T193136.540788972Z,fair-c20,2026-07-11T19:46:58.698Z,1783799218698,812340,first_a_sqs_sent_timestamp,0,4,ok,
low-concurrency-20260711T193136.540788972Z,baseline-c20,2026-07-11T19:46:59.669Z,1783799219669,813467,first_a_sqs_sent_timestamp,0,4,ok,
low-concurrency-20260711T193136.540788972Z,fair-c20,2026-07-11T19:46:59.697Z,1783799219697,813339,first_a_sqs_sent_timestamp,0,4,ok,
low-concurrency-20260711T193136.540788972Z,baseline-c20,2026-07-11T19:47:00.678Z,1783799220678,814476,first_a_sqs_sent_timestamp,0,3,ok,
low-concurrency-20260711T193136.540788972Z,fair-c20,2026-07-11T19:47:00.705Z,1783799220705,814347,first_a_sqs_sent_timestamp,0,3,ok,
low-concurrency-20260711T193136.540788972Z,baseline-c20,2026-07-11T19:47:01.679Z,1783799221679,815477,first_a_sqs_sent_timestamp,0,5,ok,
low-concurrency-20260711T193136.540788972Z,fair-c20,2026-07-11T19:47:01.712Z,1783799221712,815354,first_a_sqs_sent_timestamp,0,4,ok,
low-concurrency-20260711T193136.540788972Z,baseline-c20,2026-07-11T19:47:02.683Z,1783799222683,816481,first_a_sqs_sent_timestamp,0,6,ok,
low-concurrency-20260711T193136.540788972Z,fair-c20,2026-07-11T19:47:02.71Z,1783799222710,816352,first_a_sqs_sent_timestamp,0,5,ok,
low-concurrency-20260711T193136.540788972Z,baseline-c20,2026-07-11T19:47:03.676Z,1783799223676,817474,first_a_sqs_sent_timestamp,0,5,ok,
low-concurrency-20260711T193136.540788972Z,fair-c20,2026-07-11T19:47:03.708Z,1783799223708,817350,first_a_sqs_sent_timestamp,0,2,ok,
low-concurrency-20260711T193136.540788972Z,baseline-c20,2026-07-11T19:47:04.669Z,1783799224669,818467,first_a_sqs_sent_timestamp,0,5,ok,
low-concurrency-20260711T193136.540788972Z,fair-c20,2026-07-11T19:47:04.698Z,1783799224698,818340,first_a_sqs_sent_timestamp,0,3,ok,
low-concurrency-20260711T193136.540788972Z,baseline-c20,2026-07-11T19:47:05.671Z,1783799225671,819469,first_a_sqs_sent_timestamp,0,3,ok,
low-concurrency-20260711T193136.540788972Z,fair-c20,2026-07-11T19:47:05.697Z,1783799225697,819339,first_a_sqs_sent_timestamp,0,6,ok,
low-concurrency-20260711T193136.540788972Z,baseline-c20,2026-07-11T19:47:06.677Z,1783799226677,820475,first_a_sqs_sent_timestamp,0,4,ok,
low-concurrency-20260711T193136.540788972Z,fair-c20,2026-07-11T19:47:06.708Z,1783799226708,820350,first_a_sqs_sent_timestamp,0,3,ok,
low-concurrency-20260711T193136.540788972Z,baseline-c20,2026-07-11T19:47:07.672Z,1783799227672,821470,first_a_sqs_sent_timestamp,0,3,ok,
low-concurrency-20260711T193136.540788972Z,fair-c20,2026-07-11T19:47:07.699Z,1783799227699,821341,first_a_sqs_sent_timestamp,0,4,ok,
low-concurrency-20260711T193136.540788972Z,baseline-c20,2026-07-11T19:47:08.675Z,1783799228675,822473,first_a_sqs_sent_timestamp,0,3,ok,
low-concurrency-20260711T193136.540788972Z,fair-c20,2026-07-11T19:47:08.706Z,1783799228706,822348,first_a_sqs_sent_timestamp,0,4,ok,
low-concurrency-20260711T193136.540788972Z,baseline-c20,2026-07-11T19:47:09.679Z,1783799229679,823477,first_a_sqs_sent_timestamp,0,6,ok,
low-concurrency-20260711T193136.540788972Z,fair-c20,2026-07-11T19:47:09.707Z,1783799229707,823349,first_a_sqs_sent_timestamp,0,2,ok,
low-concurrency-20260711T193136.540788972Z,baseline-c20,2026-07-11T19:47:10.676Z,1783799230676,824474,first_a_sqs_sent_timestamp,0,4,ok,
low-concurrency-20260711T193136.540788972Z,fair-c20,2026-07-11T19:47:10.707Z,1783799230707,824349,first_a_sqs_sent_timestamp,0,2,ok,
low-concurrency-20260711T193136.540788972Z,baseline-c20,2026-07-11T19:47:11.67Z,1783799231670,825468,first_a_sqs_sent_timestamp,0,4,ok,
low-concurrency-20260711T193136.540788972Z,fair-c20,2026-07-11T19:47:11.697Z,1783799231697,825339,first_a_sqs_sent_timestamp,0,4,ok,
low-concurrency-20260711T193136.540788972Z,baseline-c20,2026-07-11T19:47:12.673Z,1783799232673,826471,first_a_sqs_sent_timestamp,0,4,ok,
low-concurrency-20260711T193136.540788972Z,fair-c20,2026-07-11T19:47:12.705Z,1783799232705,826347,first_a_sqs_sent_timestamp,0,3,ok,
low-concurrency-20260711T193136.540788972Z,baseline-c20,2026-07-11T19:47:13.672Z,1783799233672,827470,first_a_sqs_sent_timestamp,0,4,ok,
low-concurrency-20260711T193136.540788972Z,fair-c20,2026-07-11T19:47:13.703Z,1783799233703,827345,first_a_sqs_sent_timestamp,0,0,ok,
low-concurrency-20260711T193136.540788972Z,baseline-c20,2026-07-11T19:47:14.679Z,1783799234679,828477,first_a_sqs_sent_timestamp,0,4,ok,
low-concurrency-20260711T193136.540788972Z,fair-c20,2026-07-11T19:47:14.717Z,1783799234717,828359,first_a_sqs_sent_timestamp,0,1,ok,
low-concurrency-20260711T193136.540788972Z,baseline-c20,2026-07-11T19:47:15.673Z,1783799235673,829471,first_a_sqs_sent_timestamp,0,0,ok,
low-concurrency-20260711T193136.540788972Z,fair-c20,2026-07-11T19:47:15.701Z,1783799235701,829343,first_a_sqs_sent_timestamp,0,0,ok,
low-concurrency-20260711T193136.540788972Z,baseline-c20,2026-07-11T19:47:16.68Z,1783799236680,830478,first_a_sqs_sent_timestamp,0,3,ok,
low-concurrency-20260711T193136.540788972Z,fair-c20,2026-07-11T19:47:16.711Z,1783799236711,830353,first_a_sqs_sent_timestamp,0,0,ok,
low-concurrency-20260711T193136.540788972Z,baseline-c20,2026-07-11T19:47:17.679Z,1783799237679,831477,first_a_sqs_sent_timestamp,0,0,ok,
low-concurrency-20260711T193136.540788972Z,fair-c20,2026-07-11T19:47:17.71Z,1783799237710,831352,first_a_sqs_sent_timestamp,0,1,ok,
low-concurrency-20260711T193136.540788972Z,baseline-c20,2026-07-11T19:47:18.677Z,1783799238677,832475,first_a_sqs_sent_timestamp,0,0,ok,
low-concurrency-20260711T193136.540788972Z,fair-c20,2026-07-11T19:47:18.71Z,1783799238710,832352,first_a_sqs_sent_timestamp,0,0,ok,
low-concurrency-20260711T193136.540788972Z,baseline-c20,2026-07-11T19:47:19.677Z,1783799239677,833475,first_a_sqs_sent_timestamp,0,2,ok,
low-concurrency-20260711T193136.540788972Z,fair-c20,2026-07-11T19:47:19.709Z,1783799239709,833351,first_a_sqs_sent_timestamp,0,2,ok,
low-concurrency-20260711T193136.540788972Z,baseline-c20,2026-07-11T19:47:20.679Z,1783799240679,834477,first_a_sqs_sent_timestamp,0,0,ok,
low-concurrency-20260711T193136.540788972Z,fair-c20,2026-07-11T19:47:20.712Z,1783799240712,834354,first_a_sqs_sent_timestamp,0,0,ok,
low-concurrency-20260711T193136.540788972Z,baseline-c20,2026-07-11T19:47:21.67Z,1783799241670,835468,first_a_sqs_sent_timestamp,0,3,ok,
low-concurrency-20260711T193136.540788972Z,fair-c20,2026-07-11T19:47:21.698Z,1783799241698,835340,first_a_sqs_sent_timestamp,0,0,ok,
low-concurrency-20260711T193136.540788972Z,baseline-c20,2026-07-11T19:47:22.677Z,1783799242677,836475,first_a_sqs_sent_timestamp,0,0,ok,
low-concurrency-20260711T193136.540788972Z,fair-c20,2026-07-11T19:47:22.708Z,1783799242708,836350,first_a_sqs_sent_timestamp,0,1,ok,
low-concurrency-20260711T193136.540788972Z,baseline-c20,2026-07-11T19:47:23.675Z,1783799243675,837473,first_a_sqs_sent_timestamp,0,0,ok,
low-concurrency-20260711T193136.540788972Z,fair-c20,2026-07-11T19:47:23.708Z,1783799243708,837350,first_a_sqs_sent_timestamp,0,0,ok,
low-concurrency-20260711T193136.540788972Z,baseline-c20,2026-07-11T19:47:24.67Z,1783799244670,838468,first_a_sqs_sent_timestamp,0,0,ok,
low-concurrency-20260711T193136.540788972Z,fair-c20,2026-07-11T19:47:24.696Z,1783799244696,838338,first_a_sqs_sent_timestamp,0,0,ok,
