experiment_id,scenario,sampled_at,sampled_at_ms,approximate_visible,approximate_not_visible,sample_status,sample_error
low-concurrency-20260711T193136.540788972Z,baseline-c20,2026-07-11T19:33:26.171451985Z,1783798406171,0,0,ok,
low-concurrency-20260711T193136.540788972Z,fair-c20,2026-07-11T19:33:26.374819552Z,1783798406374,0,0,ok,
low-concurrency-20260711T193136.540788972Z,baseline-c20,2026-07-11T19:33:27.185975795Z,1783798407185,3723,29,ok,
low-concurrency-20260711T193136.540788972Z,fair-c20,2026-07-11T19:33:27.214610328Z,1783798407214,0,4,ok,
low-concurrency-20260711T193136.540788972Z,baseline-c20,2026-07-11T19:33:28.170743117Z,1783798408170,3723,29,ok,
low-concurrency-20260711T193136.540788972Z,fair-c20,2026-07-11T19:33:28.201647846Z,1783798408201,0,4,ok,
low-concurrency-20260711T193136.540788972Z,baseline-c20,2026-07-11T19:33:29.164705783Z,1783798409164,0,0,ok,
low-concurrency-20260711T193136.540788972Z,fair-c20,2026-07-11T19:33:29.192057312Z,1783798409192,4965,39,ok,
low-concurrency-20260711T193136.540788972Z,baseline-c20,2026-07-11T19:33:30.166201331Z,1783798410166,0,0,ok,
low-concurrency-20260711T193136.540788972Z,fair-c20,2026-07-11T19:33:30.194100238Z,1783798410194,0,0,ok,
low-concurrency-20260711T193136.540788972Z,baseline-c20,2026-07-11T19:33:31.167164943Z,1783798411167,0,0,ok,
low-concurrency-20260711T193136.540788972Z,fair-c20,2026-07-11T19:33:31.19727529Z,1783798411197,0,0,ok,
low-concurrency-20260711T193136.540788972Z,baseline-c20,2026-07-11T19:33:32.172446853Z,1783798412172,0,0,ok,
low-concurrency-20260711T193136.540788972Z,fair-c20,2026-07-11T19:33:32.200745961Z,1783798412200,4965,39,ok,
low-concurrency-20260711T193136.540788972Z,baseline-c20,2026-07-11T19:33:33.169948244Z,1783798413169,3723,29,ok,
low-concurrency-20260711T193136.540788972Z,fair-c20,2026-07-11T19:33:33.213328125Z,1783798413213,4959,19,ok,
low-concurrency-20260711T193136.540788972Z,baseline-c20,2026-07-11T19:33:34.181466601Z,1783798414181,4967,15,ok,
low-concurrency-20260711T193136.540788972Z,fair-c20,2026-07-11T19:33:34.211946364Z,1783798414211,3789,39,ok,
low-concurrency-20260711T193136.540788972Z,baseline-c20,2026-07-11T19:33:35.177670936Z,1783798415177,4960,11,ok,
low-concurrency-20260711T193136.540788972Z,fair-c20,2026-07-11T19:33:35.206965304Z,1783798415206,4943,20,ok,
low-concurrency-20260711T193136.540788972Z,baseline-c20,2026-07-11T19:33:36.172282782Z,1783798416172,0,4,ok,
low-concurrency-20260711T193136.540788972Z,fair-c20,2026-07-11T19:33:36.20122672Z,1783798416201,4967,23,ok,
low-concurrency-20260711T193136.540788972Z,baseline-c20,2026-07-11T19:33:37.166055979Z,1783798417166,0,0,ok,
low-concurrency-20260711T193136.540788972Z,fair-c20,2026-07-11T19:33:37.193801686Z,1783798417193,4932,16,ok,
low-concurrency-20260711T193136.540788972Z,baseline-c20,2026-07-11T19:33:38.16736837Z,1783798418167,4939,18,ok,
low-concurrency-20260711T193136.540788972Z,fair-c20,2026-07-11T19:33:38.20668753Z,1783798418206,0,4,ok,
low-concurrency-20260711T193136.540788972Z,baseline-c20,2026-07-11T19:33:39.168330594Z,1783798419168,4967,15,ok,
low-concurrency-20260711T193136.540788972Z,fair-c20,2026-07-11T19:33:39.198259759Z,1783798419198,4920,17,ok,
low-concurrency-20260711T193136.540788972Z,baseline-c20,2026-07-11T19:33:40.165645856Z,1783798420165,4967,15,ok,
low-concurrency-20260711T193136.540788972Z,fair-c20,2026-07-11T19:33:40.194501821Z,1783798420194,4965,39,ok,
low-concurrency-20260711T193136.540788972Z,baseline-c20,2026-07-11T19:33:41.165810286Z,1783798421165,4920,18,ok,
low-concurrency-20260711T193136.540788972Z,fair-c20,2026-07-11T19:33:41.192528091Z,1783798421192,0,0,ok,
low-concurrency-20260711T193136.540788972Z,baseline-c20,2026-07-11T19:33:42.169604084Z,1783798422169,4973,20,ok,
low-concurrency-20260711T193136.540788972Z,fair-c20,2026-07-11T19:33:42.20494023Z,1783798422204,4935,16,ok,
low-concurrency-20260711T193136.540788972Z,baseline-c20,2026-07-11T19:33:43.17260402Z,1783798423172,4920,18,ok,
low-concurrency-20260711T193136.540788972Z,fair-c20,2026-07-11T19:33:43.205311729Z,1783798423205,4907,16,ok,
low-concurrency-20260711T193136.540788972Z,baseline-c20,2026-07-11T19:33:44.165199524Z,1783798424165,4960,11,ok,
low-concurrency-20260711T193136.540788972Z,fair-c20,2026-07-11T19:33:44.205367905Z,1783798424205,4962,20,ok,
low-concurrency-20260711T193136.540788972Z,baseline-c20,2026-07-11T19:33:45.167223694Z,1783798425167,4924,19,ok,
low-concurrency-20260711T193136.540788972Z,fair-c20,2026-07-11T19:33:45.197033097Z,1783798425197,4890,19,ok,
low-concurrency-20260711T193136.540788972Z,baseline-c20,2026-07-11T19:33:46.16735513Z,1783798426167,4906,18,ok,
low-concurrency-20260711T193136.540788972Z,fair-c20,2026-07-11T19:33:46.213925072Z,1783798426213,4876,22,ok,
low-concurrency-20260711T193136.540788972Z,baseline-c20,2026-07-11T19:33:47.164331331Z,1783798427164,4891,19,ok,
low-concurrency-20260711T193136.540788972Z,fair-c20,2026-07-11T19:33:47.19171532Z,1783798427191,4923,18,ok,
low-concurrency-20260711T193136.540788972Z,baseline-c20,2026-07-11T19:33:48.16907856Z,1783798428169,4920,18,ok,
low-concurrency-20260711T193136.540788972Z,fair-c20,2026-07-11T19:33:48.201158697Z,1783798428201,4895,23,ok,
low-concurrency-20260711T193136.540788972Z,baseline-c20,2026-07-11T19:33:49.17130753Z,1783798429171,4890,16,ok,
low-concurrency-20260711T193136.540788972Z,fair-c20,2026-07-11T19:33:49.199332814Z,1783798429199,4909,18,ok,
low-concurrency-20260711T193136.540788972Z,baseline-c20,2026-07-11T19:33:50.17157888Z,1783798430171,4892,20,ok,
low-concurrency-20260711T193136.540788972Z,fair-c20,2026-07-11T19:33:50.222329384Z,1783798430222,4943,20,ok,
low-concurrency-20260711T193136.540788972Z,baseline-c20,2026-07-11T19:33:51.172885317Z,1783798431172,4939,18,ok,
low-concurrency-20260711T193136.540788972Z,fair-c20,2026-07-11T19:33:51.206421186Z,1783798431206,4855,13,ok,
low-concurrency-20260711T193136.540788972Z,baseline-c20,2026-07-11T19:33:52.166829324Z,1783798432166,4891,17,ok,
low-concurrency-20260711T193136.540788972Z,fair-c20,2026-07-11T19:33:52.194656724Z,1783798432194,4841,18,ok,
low-concurrency-20260711T193136.540788972Z,baseline-c20,2026-07-11T19:33:53.173045054Z,1783798433173,4948,14,ok,
low-concurrency-20260711T193136.540788972Z,fair-c20,2026-07-11T19:33:53.204201173Z,1783798433204,4856,16,ok,
low-concurrency-20260711T193136.540788972Z,baseline-c20,2026-07-11T19:33:54.167852854Z,1783798434167,4830,17,ok,
low-concurrency-20260711T193136.540788972Z,fair-c20,2026-07-11T19:33:54.196523051Z,1783798434196,4860,15,ok,
low-concurrency-20260711T193136.540788972Z,baseline-c20,2026-07-11T19:33:55.206529515Z,1783798435206,4862,20,ok,
low-concurrency-20260711T193136.540788972Z,fair-c20,2026-07-11T19:33:55.235678496Z,1783798435235,4857,15,ok,
low-concurrency-20260711T193136.540788972Z,baseline-c20,2026-07-11T19:33:56.174648135Z,1783798436174,4845,19,ok,
low-concurrency-20260711T193136.540788972Z,fair-c20,2026-07-11T19:33:56.203670648Z,1783798436203,4808,18,ok,
low-concurrency-20260711T193136.540788972Z,baseline-c20,2026-07-11T19:33:57.166993776Z,1783798437166,4841,17,ok,
low-concurrency-20260711T193136.540788972Z,fair-c20,2026-07-11T19:33:57.203646736Z,1783798437203,4822,15,ok,
low-concurrency-20260711T193136.540788972Z,baseline-c20,2026-07-11T19:33:58.167807973Z,1783798438167,4853,13,ok,
low-concurrency-20260711T193136.540788972Z,fair-c20,2026-07-11T19:33:58.200239015Z,1783798438200,4841,19,ok,
low-concurrency-20260711T193136.540788972Z,baseline-c20,2026-07-11T19:33:59.172667959Z,1783798439172,4806,16,ok,
low-concurrency-20260711T193136.540788972Z,fair-c20,2026-07-11T19:33:59.20913703Z,1783798439209,4847,17,ok,
low-concurrency-20260711T193136.540788972Z,baseline-c20,2026-07-11T19:34:00.166176667Z,1783798440166,4818,17,ok,
low-concurrency-20260711T193136.540788972Z,fair-c20,2026-07-11T19:34:00.195898393Z,1783798440195,4787,16,ok,
low-concurrency-20260711T193136.540788972Z,baseline-c20,2026-07-11T19:34:01.165934408Z,1783798441165,4840,18,ok,
low-concurrency-20260711T193136.540788972Z,fair-c20,2026-07-11T19:34:01.195809469Z,1783798441195,4814,20,ok,
low-concurrency-20260711T193136.540788972Z,baseline-c20,2026-07-11T19:34:02.165855627Z,1783798442165,4817,16,ok,
low-concurrency-20260711T193136.540788972Z,fair-c20,2026-07-11T19:34:02.198571431Z,1783798442198,4771,15,ok,
low-concurrency-20260711T193136.540788972Z,baseline-c20,2026-07-11T19:34:03.167711468Z,1783798443167,4785,15,ok,
low-concurrency-20260711T193136.540788972Z,fair-c20,2026-07-11T19:34:03.197472589Z,1783798443197,4822,19,ok,
low-concurrency-20260711T193136.540788972Z,baseline-c20,2026-07-11T19:34:04.171680783Z,1783798444171,4785,14,ok,
low-concurrency-20260711T193136.540788972Z,fair-c20,2026-07-11T19:34:04.200603992Z,1783798444200,4770,15,ok,
low-concurrency-20260711T193136.540788972Z,baseline-c20,2026-07-11T19:34:05.165100692Z,1783798445165,4785,15,ok,
low-concurrency-20260711T193136.540788972Z,fair-c20,2026-07-11T19:34:05.196569129Z,1783798445196,4781,15,ok,
low-concurrency-20260711T193136.540788972Z,baseline-c20,2026-07-11T19:34:06.167045732Z,1783798446167,4765,17,ok,
low-concurrency-20260711T193136.540788972Z,fair-c20,2026-07-11T19:34:06.20742825Z,1783798446207,4876,19,ok,
low-concurrency-20260711T193136.540788972Z,baseline-c20,2026-07-11T19:34:07.169594903Z,1783798447169,4783,17,ok,
low-concurrency-20260711T193136.540788972Z,fair-c20,2026-07-11T19:34:07.198813567Z,1783798447198,4809,17,ok,
low-concurrency-20260711T193136.540788972Z,baseline-c20,2026-07-11T19:34:08.168899544Z,1783798448168,4785,14,ok,
low-concurrency-20260711T193136.540788972Z,fair-c20,2026-07-11T19:34:08.20361552Z,1783798448203,4733,15,ok,
low-concurrency-20260711T193136.540788972Z,baseline-c20,2026-07-11T19:34:09.173792829Z,1783798449173,4807,15,ok,
low-concurrency-20260711T193136.540788972Z,fair-c20,2026-07-11T19:34:09.208570706Z,1783798449208,4788,17,ok,
low-concurrency-20260711T193136.540788972Z,baseline-c20,2026-07-11T19:34:10.168408002Z,1783798450168,4747,20,ok,
low-concurrency-20260711T193136.540788972Z,fair-c20,2026-07-11T19:34:10.196490963Z,1783798450196,4770,16,ok,
low-concurrency-20260711T193136.540788972Z,baseline-c20,2026-07-11T19:34:11.173797725Z,1783798451173,4717,19,ok,
low-concurrency-20260711T193136.540788972Z,fair-c20,2026-07-11T19:34:11.203455694Z,1783798451203,4723,16,ok,
low-concurrency-20260711T193136.540788972Z,baseline-c20,2026-07-11T19:34:12.174766162Z,1783798452174,4717,21,ok,
low-concurrency-20260711T193136.540788972Z,fair-c20,2026-07-11T19:34:12.208521448Z,1783798452208,4754,20,ok,
low-concurrency-20260711T193136.540788972Z,baseline-c20,2026-07-11T19:34:13.173682772Z,1783798453173,4763,19,ok,
low-concurrency-20260711T193136.540788972Z,fair-c20,2026-07-11T19:34:13.205383576Z,1783798453205,4723,16,ok,
low-concurrency-20260711T193136.540788972Z,baseline-c20,2026-07-11T19:34:14.171433613Z,1783798454171,4702,18,ok,
low-concurrency-20260711T193136.540788972Z,fair-c20,2026-07-11T19:34:14.211021859Z,1783798454211,4736,12,ok,
low-concurrency-20260711T193136.540788972Z,baseline-c20,2026-07-11T19:34:15.168216785Z,1783798455168,4717,21,ok,
low-concurrency-20260711T193136.540788972Z,fair-c20,2026-07-11T19:34:15.200065923Z,1783798455200,4714,17,ok,
low-concurrency-20260711T193136.540788972Z,baseline-c20,2026-07-11T19:34:16.16773309Z,1783798456167,4746,20,ok,
low-concurrency-20260711T193136.540788972Z,fair-c20,2026-07-11T19:34:16.200339079Z,1783798456200,4701,18,ok,
low-concurrency-20260711T193136.540788972Z,baseline-c20,2026-07-11T19:34:17.177797403Z,1783798457177,4688,15,ok,
low-concurrency-20260711T193136.540788972Z,fair-c20,2026-07-11T19:34:17.212380228Z,1783798457212,4680,18,ok,
low-concurrency-20260711T193136.540788972Z,baseline-c20,2026-07-11T19:34:18.177566079Z,1783798458177,4764,18,ok,
low-concurrency-20260711T193136.540788972Z,fair-c20,2026-07-11T19:34:18.209242489Z,1783798458209,4738,18,ok,
low-concurrency-20260711T193136.540788972Z,baseline-c20,2026-07-11T19:34:19.176303918Z,1783798459176,4676,17,ok,
low-concurrency-20260711T193136.540788972Z,fair-c20,2026-07-11T19:34:19.215178951Z,1783798459215,4680,20,ok,
low-concurrency-20260711T193136.540788972Z,baseline-c20,2026-07-11T19:34:20.172761306Z,1783798460172,4702,21,ok,
low-concurrency-20260711T193136.540788972Z,fair-c20,2026-07-11T19:34:20.20280661Z,1783798460202,4700,18,ok,
low-concurrency-20260711T193136.540788972Z,baseline-c20,2026-07-11T19:34:21.173474482Z,1783798461173,4677,16,ok,
low-concurrency-20260711T193136.540788972Z,fair-c20,2026-07-11T19:34:21.207935561Z,1783798461207,4722,15,ok,
low-concurrency-20260711T193136.540788972Z,baseline-c20,2026-07-11T19:34:22.16533118Z,1783798462165,4662,17,ok,
low-concurrency-20260711T193136.540788972Z,fair-c20,2026-07-11T19:34:22.194732878Z,1783798462194,4661,15,ok,
low-concurrency-20260711T193136.540788972Z,baseline-c20,2026-07-11T19:34:23.172757889Z,1783798463172,4663,18,ok,
low-concurrency-20260711T193136.540788972Z,fair-c20,2026-07-11T19:34:23.206580249Z,1783798463206,4689,15,ok,
low-concurrency-20260711T193136.540788972Z,baseline-c20,2026-07-11T19:34:24.166327037Z,1783798464166,4663,18,ok,
low-concurrency-20260711T193136.540788972Z,fair-c20,2026-07-11T19:34:24.197475328Z,1783798464197,4680,17,ok,
low-concurrency-20260711T193136.540788972Z,baseline-c20,2026-07-11T19:34:25.174027163Z,1783798465174,4732,18,ok,
low-concurrency-20260711T193136.540788972Z,fair-c20,2026-07-11T19:34:25.204505883Z,1783798465204,4661,18,ok,
low-concurrency-20260711T193136.540788972Z,baseline-c20,2026-07-11T19:34:26.16673624Z,1783798466166,4631,19,ok,
low-concurrency-20260711T193136.540788972Z,fair-c20,2026-07-11T19:34:26.204417055Z,1783798466204,4620,17,ok,
low-concurrency-20260711T193136.540788972Z,baseline-c20,2026-07-11T19:34:27.177869685Z,1783798467177,4718,21,ok,
low-concurrency-20260711T193136.540788972Z,fair-c20,2026-07-11T19:34:27.210439776Z,1783798467210,4643,18,ok,
low-concurrency-20260711T193136.540788972Z,baseline-c20,2026-07-11T19:34:28.205898228Z,1783798468205,4661,17,ok,
low-concurrency-20260711T193136.540788972Z,fair-c20,2026-07-11T19:34:28.244970636Z,1783798468244,4604,16,ok,
low-concurrency-20260711T193136.540788972Z,baseline-c20,2026-07-11T19:34:29.174890294Z,1783798469174,4616,21,ok,
low-concurrency-20260711T193136.540788972Z,fair-c20,2026-07-11T19:34:29.205863679Z,1783798469205,4606,19,ok,
low-concurrency-20260711T193136.540788972Z,baseline-c20,2026-07-11T19:34:30.169189159Z,1783798470169,4611,17,ok,
low-concurrency-20260711T193136.540788972Z,fair-c20,2026-07-11T19:34:30.200106852Z,1783798470200,4626,12,ok,
low-concurrency-20260711T193136.540788972Z,baseline-c20,2026-07-11T19:34:31.176636408Z,1783798471176,4611,17,ok,
low-concurrency-20260711T193136.540788972Z,fair-c20,2026-07-11T19:34:31.206792781Z,1783798471206,4583,21,ok,
low-concurrency-20260711T193136.540788972Z,baseline-c20,2026-07-11T19:34:32.174163653Z,1783798472174,4611,17,ok,
low-concurrency-20260711T193136.540788972Z,fair-c20,2026-07-11T19:34:32.216893531Z,1783798472216,4619,16,ok,
low-concurrency-20260711T193136.540788972Z,baseline-c20,2026-07-11T19:34:33.173682334Z,1783798473173,4612,19,ok,
low-concurrency-20260711T193136.540788972Z,fair-c20,2026-07-11T19:34:33.203580123Z,1783798473203,4633,16,ok,
low-concurrency-20260711T193136.540788972Z,baseline-c20,2026-07-11T19:34:34.177454599Z,1783798474177,4611,19,ok,
low-concurrency-20260711T193136.540788972Z,fair-c20,2026-07-11T19:34:34.21209492Z,1783798474212,4680,20,ok,
low-concurrency-20260711T193136.540788972Z,baseline-c20,2026-07-11T19:34:35.165321669Z,1783798475165,4632,16,ok,
low-concurrency-20260711T193136.540788972Z,fair-c20,2026-07-11T19:34:35.197914383Z,1783798475197,4606,17,ok,
low-concurrency-20260711T193136.540788972Z,baseline-c20,2026-07-11T19:34:36.16649205Z,1783798476166,4565,16,ok,
low-concurrency-20260711T193136.540788972Z,fair-c20,2026-07-11T19:34:36.193985629Z,1783798476193,4571,16,ok,
low-concurrency-20260711T193136.540788972Z,baseline-c20,2026-07-11T19:34:37.164547176Z,1783798477164,4664,16,ok,
low-concurrency-20260711T193136.540788972Z,fair-c20,2026-07-11T19:34:37.195182149Z,1783798477195,4605,18,ok,
low-concurrency-20260711T193136.540788972Z,baseline-c20,2026-07-11T19:34:38.172444339Z,1783798478172,4594,18,ok,
low-concurrency-20260711T193136.540788972Z,fair-c20,2026-07-11T19:34:38.206058992Z,1783798478206,4584,20,ok,
low-concurrency-20260711T193136.540788972Z,baseline-c20,2026-07-11T19:34:39.165504808Z,1783798479165,4550,16,ok,
low-concurrency-20260711T193136.540788972Z,fair-c20,2026-07-11T19:34:39.193814376Z,1783798479193,4541,18,ok,
low-concurrency-20260711T193136.540788972Z,baseline-c20,2026-07-11T19:34:40.173846275Z,1783798480173,4564,18,ok,
low-concurrency-20260711T193136.540788972Z,fair-c20,2026-07-11T19:34:40.20624872Z,1783798480206,4536,16,ok,
low-concurrency-20260711T193136.540788972Z,baseline-c20,2026-07-11T19:34:41.17239227Z,1783798481172,4546,17,ok,
low-concurrency-20260711T193136.540788972Z,fair-c20,2026-07-11T19:34:41.205718007Z,1783798481205,4535,18,ok,
low-concurrency-20260711T193136.540788972Z,baseline-c20,2026-07-11T19:34:42.167096264Z,1783798482167,4547,18,ok,
low-concurrency-20260711T193136.540788972Z,fair-c20,2026-07-11T19:34:42.201069231Z,1783798482201,4556,16,ok,
low-concurrency-20260711T193136.540788972Z,baseline-c20,2026-07-11T19:34:43.174203529Z,1783798483174,4547,17,ok,
low-concurrency-20260711T193136.540788972Z,fair-c20,2026-07-11T19:34:43.215686395Z,1783798483215,4543,17,ok,
low-concurrency-20260711T193136.540788972Z,baseline-c20,2026-07-11T19:34:44.208750798Z,1783798484208,4537,13,ok,
low-concurrency-20260711T193136.540788972Z,fair-c20,2026-07-11T19:34:44.258791767Z,1783798484258,4559,18,ok,
low-concurrency-20260711T193136.540788972Z,baseline-c20,2026-07-11T19:34:45.190445528Z,1783798485190,4538,13,ok,
low-concurrency-20260711T193136.540788972Z,fair-c20,2026-07-11T19:34:45.258208672Z,1783798485258,4497,19,ok,
low-concurrency-20260711T193136.540788972Z,baseline-c20,2026-07-11T19:34:46.213062786Z,1783798486213,4538,13,ok,
low-concurrency-20260711T193136.540788972Z,fair-c20,2026-07-11T19:34:46.267147379Z,1783798486267,4571,15,ok,
low-concurrency-20260711T193136.540788972Z,baseline-c20,2026-07-11T19:34:47.164095621Z,1783798487164,4617,21,ok,
low-concurrency-20260711T193136.540788972Z,fair-c20,2026-07-11T19:34:47.197468859Z,1783798487197,4536,17,ok,
low-concurrency-20260711T193136.540788972Z,baseline-c20,2026-07-11T19:34:48.16449829Z,1783798488164,4678,15,ok,
low-concurrency-20260711T193136.540788972Z,fair-c20,2026-07-11T19:34:48.192695426Z,1783798488192,4482,21,ok,
low-concurrency-20260711T193136.540788972Z,baseline-c20,2026-07-11T19:34:49.164819382Z,1783798489164,4500,21,ok,
low-concurrency-20260711T193136.540788972Z,fair-c20,2026-07-11T19:34:49.193386017Z,1783798489193,4506,15,ok,
low-concurrency-20260711T193136.540788972Z,baseline-c20,2026-07-11T19:34:50.165530363Z,1783798490165,4497,13,ok,
low-concurrency-20260711T193136.540788972Z,fair-c20,2026-07-11T19:34:50.195273118Z,1783798490195,4512,16,ok,
low-concurrency-20260711T193136.540788972Z,baseline-c20,2026-07-11T19:34:51.173654327Z,1783798491173,4552,18,ok,
low-concurrency-20260711T193136.540788972Z,fair-c20,2026-07-11T19:34:51.211287291Z,1783798491211,4458,17,ok,
low-concurrency-20260711T193136.540788972Z,baseline-c20,2026-07-11T19:34:52.172840791Z,1783798492172,4500,19,ok,
low-concurrency-20260711T193136.540788972Z,fair-c20,2026-07-11T19:34:52.200596504Z,1783798492200,4497,18,ok,
low-concurrency-20260711T193136.540788972Z,baseline-c20,2026-07-11T19:34:53.173531463Z,1783798493173,4516,14,ok,
low-concurrency-20260711T193136.540788972Z,fair-c20,2026-07-11T19:34:53.246730059Z,1783798493246,4464,17,ok,
low-concurrency-20260711T193136.540788972Z,baseline-c20,2026-07-11T19:34:54.168569383Z,1783798494168,4573,18,ok,
low-concurrency-20260711T193136.540788972Z,fair-c20,2026-07-11T19:34:54.199751819Z,1783798494199,4463,16,ok,
low-concurrency-20260711T193136.540788972Z,baseline-c20,2026-07-11T19:34:55.171992406Z,1783798495171,4468,19,ok,
low-concurrency-20260711T193136.540788972Z,fair-c20,2026-07-11T19:34:55.200936119Z,1783798495200,4441,18,ok,
low-concurrency-20260711T193136.540788972Z,baseline-c20,2026-07-11T19:34:56.164243775Z,1783798496164,4456,17,ok,
low-concurrency-20260711T193136.540788972Z,fair-c20,2026-07-11T19:34:56.200660393Z,1783798496200,4476,19,ok,
low-concurrency-20260711T193136.540788972Z,baseline-c20,2026-07-11T19:34:57.173318731Z,1783798497173,4493,15,ok,
low-concurrency-20260711T193136.540788972Z,fair-c20,2026-07-11T19:34:57.204947844Z,1783798497204,4567,18,ok,
low-concurrency-20260711T193136.540788972Z,baseline-c20,2026-07-11T19:34:58.165375025Z,1783798498165,4457,16,ok,
low-concurrency-20260711T193136.540788972Z,fair-c20,2026-07-11T19:34:58.195902524Z,1783798498195,4411,19,ok,
low-concurrency-20260711T193136.540788972Z,baseline-c20,2026-07-11T19:34:59.164630905Z,1783798499164,4434,15,ok,
low-concurrency-20260711T193136.540788972Z,fair-c20,2026-07-11T19:34:59.199541338Z,1783798499199,4417,20,ok,
low-concurrency-20260711T193136.540788972Z,baseline-c20,2026-07-11T19:35:00.168267573Z,1783798500168,4435,14,ok,
low-concurrency-20260711T193136.540788972Z,fair-c20,2026-07-11T19:35:00.219866854Z,1783798500219,4458,18,ok,
low-concurrency-20260711T193136.540788972Z,baseline-c20,2026-07-11T19:35:01.177754932Z,1783798501177,4471,17,ok,
low-concurrency-20260711T193136.540788972Z,fair-c20,2026-07-11T19:35:01.211123045Z,1783798501211,4431,15,ok,
low-concurrency-20260711T193136.540788972Z,baseline-c20,2026-07-11T19:35:02.173935852Z,1783798502173,4453,19,ok,
low-concurrency-20260711T193136.540788972Z,fair-c20,2026-07-11T19:35:02.209037986Z,1783798502209,4412,18,ok,
low-concurrency-20260711T193136.540788972Z,baseline-c20,2026-07-11T19:35:03.174310074Z,1783798503174,4434,15,ok,
low-concurrency-20260711T193136.540788972Z,fair-c20,2026-07-11T19:35:03.205236948Z,1783798503205,4482,19,ok,
low-concurrency-20260711T193136.540788972Z,baseline-c20,2026-07-11T19:35:04.179243975Z,1783798504179,4397,14,ok,
low-concurrency-20260711T193136.540788972Z,fair-c20,2026-07-11T19:35:04.220357716Z,1783798504220,4388,16,ok,
low-concurrency-20260711T193136.540788972Z,baseline-c20,2026-07-11T19:35:05.167216188Z,1783798505167,4488,18,ok,
low-concurrency-20260711T193136.540788972Z,fair-c20,2026-07-11T19:35:05.202428042Z,1783798505202,4382,18,ok,
low-concurrency-20260711T193136.540788972Z,baseline-c20,2026-07-11T19:35:06.165617257Z,1783798506165,4396,17,ok,
low-concurrency-20260711T193136.540788972Z,fair-c20,2026-07-11T19:35:06.204916942Z,1783798506204,4381,20,ok,
low-concurrency-20260711T193136.540788972Z,baseline-c20,2026-07-11T19:35:07.172467872Z,1783798507172,4407,21,ok,
low-concurrency-20260711T193136.540788972Z,fair-c20,2026-07-11T19:35:07.199566215Z,1783798507199,4380,20,ok,
low-concurrency-20260711T193136.540788972Z,baseline-c20,2026-07-11T19:35:08.176442885Z,1783798508176,4397,14,ok,
low-concurrency-20260711T193136.540788972Z,fair-c20,2026-07-11T19:35:08.238004799Z,1783798508238,4382,20,ok,
low-concurrency-20260711T193136.540788972Z,baseline-c20,2026-07-11T19:35:09.17085136Z,1783798509170,4457,16,ok,
low-concurrency-20260711T193136.540788972Z,fair-c20,2026-07-11T19:35:09.203732086Z,1783798509203,4387,19,ok,
low-concurrency-20260711T193136.540788972Z,baseline-c20,2026-07-11T19:35:10.167731002Z,1783798510167,4361,16,ok,
low-concurrency-20260711T193136.540788972Z,fair-c20,2026-07-11T19:35:10.201402782Z,1783798510201,4345,18,ok,
low-concurrency-20260711T193136.540788972Z,baseline-c20,2026-07-11T19:35:11.165716803Z,1783798511165,4362,13,ok,
low-concurrency-20260711T193136.540788972Z,fair-c20,2026-07-11T19:35:11.195615314Z,1783798511195,4355,20,ok,
low-concurrency-20260711T193136.540788972Z,baseline-c20,2026-07-11T19:35:12.167099543Z,1783798512167,4395,15,ok,
low-concurrency-20260711T193136.540788972Z,fair-c20,2026-07-11T19:35:12.198836972Z,1783798512198,4380,20,ok,
low-concurrency-20260711T193136.540788972Z,baseline-c20,2026-07-11T19:35:13.171269426Z,1783798513171,4361,17,ok,
low-concurrency-20260711T193136.540788972Z,fair-c20,2026-07-11T19:35:13.200584362Z,1783798513200,4324,16,ok,
low-concurrency-20260711T193136.540788972Z,baseline-c20,2026-07-11T19:35:14.167345128Z,1783798514167,4344,15,ok,
low-concurrency-20260711T193136.540788972Z,fair-c20,2026-07-11T19:35:14.202280332Z,1783798514202,4316,19,ok,
low-concurrency-20260711T193136.540788972Z,baseline-c20,2026-07-11T19:35:15.165086127Z,1783798515165,4343,16,ok,
low-concurrency-20260711T193136.540788972Z,fair-c20,2026-07-11T19:35:15.195450886Z,1783798515195,4417,22,ok,
low-concurrency-20260711T193136.540788972Z,baseline-c20,2026-07-11T19:35:16.175082879Z,1783798516175,4383,19,ok,
low-concurrency-20260711T193136.540788972Z,fair-c20,2026-07-11T19:35:16.20950492Z,1783798516209,4345,14,ok,
low-concurrency-20260711T193136.540788972Z,baseline-c20,2026-07-11T19:35:17.171240506Z,1783798517171,4343,17,ok,
low-concurrency-20260711T193136.540788972Z,fair-c20,2026-07-11T19:35:17.205696059Z,1783798517205,4291,17,ok,
low-concurrency-20260711T193136.540788972Z,baseline-c20,2026-07-11T19:35:18.166519921Z,1783798518166,4371,14,ok,
low-concurrency-20260711T193136.540788972Z,fair-c20,2026-07-11T19:35:18.197649343Z,1783798518197,4326,15,ok,
low-concurrency-20260711T193136.540788972Z,baseline-c20,2026-07-11T19:35:19.164519329Z,1783798519164,4316,19,ok,
low-concurrency-20260711T193136.540788972Z,fair-c20,2026-07-11T19:35:19.191382776Z,1783798519191,4290,17,ok,
low-concurrency-20260711T193136.540788972Z,baseline-c20,2026-07-11T19:35:20.167738361Z,1783798520167,4316,20,ok,
low-concurrency-20260711T193136.540788972Z,fair-c20,2026-07-11T19:35:20.19885421Z,1783798520198,4335,18,ok,
low-concurrency-20260711T193136.540788972Z,baseline-c20,2026-07-11T19:35:21.16439067Z,1783798521164,4394,15,ok,
low-concurrency-20260711T193136.540788972Z,fair-c20,2026-07-11T19:35:21.19125597Z,1783798521191,4277,17,ok,
low-concurrency-20260711T193136.540788972Z,baseline-c20,2026-07-11T19:35:22.171160942Z,1783798522171,4363,13,ok,
low-concurrency-20260711T193136.540788972Z,fair-c20,2026-07-11T19:35:22.203704569Z,1783798522203,4270,9,ok,
low-concurrency-20260711T193136.540788972Z,baseline-c20,2026-07-11T19:35:23.171066442Z,1783798523171,4301,16,ok,
low-concurrency-20260711T193136.540788972Z,fair-c20,2026-07-11T19:35:23.197653744Z,1783798523197,4297,19,ok,
low-concurrency-20260711T193136.540788972Z,baseline-c20,2026-07-11T19:35:24.166648014Z,1783798524166,4278,18,ok,
low-concurrency-20260711T193136.540788972Z,fair-c20,2026-07-11T19:35:24.194561058Z,1783798524194,4319,17,ok,
low-concurrency-20260711T193136.540788972Z,baseline-c20,2026-07-11T19:35:25.164273666Z,1783798525164,4343,15,ok,
low-concurrency-20260711T193136.540788972Z,fair-c20,2026-07-11T19:35:25.195281299Z,1783798525195,4271,7,ok,
low-concurrency-20260711T193136.540788972Z,baseline-c20,2026-07-11T19:35:26.170110466Z,1783798526170,4277,14,ok,
low-concurrency-20260711T193136.540788972Z,fair-c20,2026-07-11T19:35:26.198698097Z,1783798526198,4270,7,ok,
low-concurrency-20260711T193136.540788972Z,baseline-c20,2026-07-11T19:35:27.170509902Z,1783798527170,4277,14,ok,
low-concurrency-20260711T193136.540788972Z,fair-c20,2026-07-11T19:35:27.207003972Z,1783798527207,4373,19,ok,
low-concurrency-20260711T193136.540788972Z,baseline-c20,2026-07-11T19:35:28.16924631Z,1783798528169,4269,15,ok,
low-concurrency-20260711T193136.540788972Z,fair-c20,2026-07-11T19:35:28.194582288Z,1783798528194,4277,18,ok,
low-concurrency-20260711T193136.540788972Z,baseline-c20,2026-07-11T19:35:29.164815589Z,1783798529164,4257,18,ok,
low-concurrency-20260711T193136.540788972Z,fair-c20,2026-07-11T19:35:29.193934572Z,1783798529193,4230,14,ok,
low-concurrency-20260711T193136.540788972Z,baseline-c20,2026-07-11T19:35:30.170572936Z,1783798530170,4282,17,ok,
low-concurrency-20260711T193136.540788972Z,fair-c20,2026-07-11T19:35:30.203438488Z,1783798530203,4231,16,ok,
low-concurrency-20260711T193136.540788972Z,baseline-c20,2026-07-11T19:35:31.170046359Z,1783798531170,4277,15,ok,
low-concurrency-20260711T193136.540788972Z,fair-c20,2026-07-11T19:35:31.203942872Z,1783798531203,4250,13,ok,
low-concurrency-20260711T193136.540788972Z,baseline-c20,2026-07-11T19:35:32.16822591Z,1783798532168,4402,18,ok,
low-concurrency-20260711T193136.540788972Z,fair-c20,2026-07-11T19:35:32.196322466Z,1783798532196,4241,16,ok,
low-concurrency-20260711T193136.540788972Z,baseline-c20,2026-07-11T19:35:33.165989002Z,1783798533165,4224,16,ok,
low-concurrency-20260711T193136.540788972Z,fair-c20,2026-07-11T19:35:33.194510751Z,1783798533194,4220,15,ok,
low-concurrency-20260711T193136.540788972Z,baseline-c20,2026-07-11T19:35:34.163905876Z,1783798534163,4213,16,ok,
low-concurrency-20260711T193136.540788972Z,fair-c20,2026-07-11T19:35:34.193527882Z,1783798534193,4230,15,ok,
low-concurrency-20260711T193136.540788972Z,baseline-c20,2026-07-11T19:35:35.167546422Z,1783798535167,4223,17,ok,
low-concurrency-20260711T193136.540788972Z,fair-c20,2026-07-11T19:35:35.200997861Z,1783798535200,4197,16,ok,
low-concurrency-20260711T193136.540788972Z,baseline-c20,2026-07-11T19:35:36.165191886Z,1783798536165,4271,17,ok,
low-concurrency-20260711T193136.540788972Z,fair-c20,2026-07-11T19:35:36.197807684Z,1783798536197,4227,14,ok,
low-concurrency-20260711T193136.540788972Z,baseline-c20,2026-07-11T19:35:37.16530292Z,1783798537165,4219,16,ok,
low-concurrency-20260711T193136.540788972Z,fair-c20,2026-07-11T19:35:37.192337272Z,1783798537192,4167,17,ok,
low-concurrency-20260711T193136.540788972Z,baseline-c20,2026-07-11T19:35:38.171132321Z,1783798538171,4188,18,ok,
low-concurrency-20260711T193136.540788972Z,fair-c20,2026-07-11T19:35:38.203070771Z,1783798538203,4205,16,ok,
low-concurrency-20260711T193136.540788972Z,baseline-c20,2026-07-11T19:35:39.165302815Z,1783798539165,4258,17,ok,
low-concurrency-20260711T193136.540788972Z,fair-c20,2026-07-11T19:35:39.200957358Z,1783798539200,4156,16,ok,
low-concurrency-20260711T193136.540788972Z,baseline-c20,2026-07-11T19:35:40.165646263Z,1783798540165,4168,17,ok,
low-concurrency-20260711T193136.540788972Z,fair-c20,2026-07-11T19:35:40.193356351Z,1783798540193,4196,16,ok,
low-concurrency-20260711T193136.540788972Z,baseline-c20,2026-07-11T19:35:41.164299775Z,1783798541164,4180,19,ok,
low-concurrency-20260711T193136.540788972Z,fair-c20,2026-07-11T19:35:41.195318471Z,1783798541195,4290,18,ok,
low-concurrency-20260711T193136.540788972Z,baseline-c20,2026-07-11T19:35:42.167936159Z,1783798542167,4211,16,ok,
low-concurrency-20260711T193136.540788972Z,fair-c20,2026-07-11T19:35:42.195756883Z,1783798542195,4180,21,ok,
low-concurrency-20260711T193136.540788972Z,baseline-c20,2026-07-11T19:35:43.171313838Z,1783798543171,4161,19,ok,
low-concurrency-20260711T193136.540788972Z,fair-c20,2026-07-11T19:35:43.203025503Z,1783798543203,4220,12,ok,
low-concurrency-20260711T193136.540788972Z,baseline-c20,2026-07-11T19:35:44.16516721Z,1783798544165,4180,18,ok,
low-concurrency-20260711T193136.540788972Z,fair-c20,2026-07-11T19:35:44.196362222Z,1783798544196,4127,22,ok,
low-concurrency-20260711T193136.540788972Z,baseline-c20,2026-07-11T19:35:45.16672146Z,1783798545166,4189,18,ok,
low-concurrency-20260711T193136.540788972Z,fair-c20,2026-07-11T19:35:45.195143217Z,1783798545195,4124,13,ok,
low-concurrency-20260711T193136.540788972Z,baseline-c20,2026-07-11T19:35:46.171725313Z,1783798546171,4168,16,ok,
low-concurrency-20260711T193136.540788972Z,fair-c20,2026-07-11T19:35:46.203370536Z,1783798546203,4146,16,ok,
low-concurrency-20260711T193136.540788972Z,baseline-c20,2026-07-11T19:35:47.165353047Z,1783798547165,4133,17,ok,
low-concurrency-20260711T193136.540788972Z,fair-c20,2026-07-11T19:35:47.196867375Z,1783798547196,4133,19,ok,
low-concurrency-20260711T193136.540788972Z,baseline-c20,2026-07-11T19:35:48.165822792Z,1783798548165,4126,18,ok,
low-concurrency-20260711T193136.540788972Z,fair-c20,2026-07-11T19:35:48.198301877Z,1783798548198,4104,15,ok,
low-concurrency-20260711T193136.540788972Z,baseline-c20,2026-07-11T19:35:49.170667481Z,1783798549170,4161,21,ok,
low-concurrency-20260711T193136.540788972Z,fair-c20,2026-07-11T19:35:49.202331358Z,1783798549202,4156,15,ok,
low-concurrency-20260711T193136.540788972Z,baseline-c20,2026-07-11T19:35:50.167107146Z,1783798550167,4104,20,ok,
low-concurrency-20260711T193136.540788972Z,fair-c20,2026-07-11T19:35:50.19977525Z,1783798550199,4103,17,ok,
low-concurrency-20260711T193136.540788972Z,baseline-c20,2026-07-11T19:35:51.165378591Z,1783798551165,4125,19,ok,
low-concurrency-20260711T193136.540788972Z,fair-c20,2026-07-11T19:35:51.200029587Z,1783798551200,4103,17,ok,
low-concurrency-20260711T193136.540788972Z,baseline-c20,2026-07-11T19:35:52.16611917Z,1783798552166,4147,19,ok,
low-concurrency-20260711T193136.540788972Z,fair-c20,2026-07-11T19:35:52.194307861Z,1783798552194,4128,17,ok,
low-concurrency-20260711T193136.540788972Z,baseline-c20,2026-07-11T19:35:53.169981378Z,1783798553169,4121,16,ok,
low-concurrency-20260711T193136.540788972Z,fair-c20,2026-07-11T19:35:53.203405975Z,1783798553203,4104,15,ok,
low-concurrency-20260711T193136.540788972Z,baseline-c20,2026-07-11T19:35:54.166346932Z,1783798554166,4133,18,ok,
low-concurrency-20260711T193136.540788972Z,fair-c20,2026-07-11T19:35:54.194074157Z,1783798554194,4049,25,ok,
low-concurrency-20260711T193136.540788972Z,baseline-c20,2026-07-11T19:35:55.165172056Z,1783798555165,4104,19,ok,
low-concurrency-20260711T193136.540788972Z,fair-c20,2026-07-11T19:35:55.196060757Z,1783798555196,4065,18,ok,
low-concurrency-20260711T193136.540788972Z,baseline-c20,2026-07-11T19:35:56.172421983Z,1783798556172,4092,16,ok,
low-concurrency-20260711T193136.540788972Z,fair-c20,2026-07-11T19:35:56.204031365Z,1783798556204,4065,21,ok,
low-concurrency-20260711T193136.540788972Z,baseline-c20,2026-07-11T19:35:57.164103736Z,1783798557164,4075,15,ok,
low-concurrency-20260711T193136.540788972Z,fair-c20,2026-07-11T19:35:57.196746493Z,1783798557196,4054,23,ok,
low-concurrency-20260711T193136.540788972Z,baseline-c20,2026-07-11T19:35:58.168455943Z,1783798558168,4079,19,ok,
low-concurrency-20260711T193136.540788972Z,fair-c20,2026-07-11T19:35:58.197318404Z,1783798558197,4085,20,ok,
low-concurrency-20260711T193136.540788972Z,baseline-c20,2026-07-11T19:35:59.166613788Z,1783798559166,4062,18,ok,
low-concurrency-20260711T193136.540788972Z,fair-c20,2026-07-11T19:35:59.195765423Z,1783798559195,4054,23,ok,
low-concurrency-20260711T193136.540788972Z,baseline-c20,2026-07-11T19:36:00.17133935Z,1783798560171,4087,14,ok,
low-concurrency-20260711T193136.540788972Z,fair-c20,2026-07-11T19:36:00.202405584Z,1783798560202,4025,19,ok,
low-concurrency-20260711T193136.540788972Z,baseline-c20,2026-07-11T19:36:01.16812251Z,1783798561168,4223,17,ok,
low-concurrency-20260711T193136.540788972Z,fair-c20,2026-07-11T19:36:01.194618315Z,1783798561194,4065,20,ok,
low-concurrency-20260711T193136.540788972Z,baseline-c20,2026-07-11T19:36:02.166035083Z,1783798562166,4066,15,ok,
low-concurrency-20260711T193136.540788972Z,fair-c20,2026-07-11T19:36:02.197062947Z,1783798562197,4049,23,ok,
low-concurrency-20260711T193136.540788972Z,baseline-c20,2026-07-11T19:36:03.170861192Z,1783798563170,4077,16,ok,
low-concurrency-20260711T193136.540788972Z,fair-c20,2026-07-11T19:36:03.197825269Z,1783798563197,4021,16,ok,
low-concurrency-20260711T193136.540788972Z,baseline-c20,2026-07-11T19:36:04.172936313Z,1783798564172,4035,15,ok,
low-concurrency-20260711T193136.540788972Z,fair-c20,2026-07-11T19:36:04.202484888Z,1783798564202,4000,19,ok,
low-concurrency-20260711T193136.540788972Z,baseline-c20,2026-07-11T19:36:05.164966769Z,1783798565164,4052,15,ok,
low-concurrency-20260711T193136.540788972Z,fair-c20,2026-07-11T19:36:05.194266805Z,1783798565194,4026,17,ok,
low-concurrency-20260711T193136.540788972Z,baseline-c20,2026-07-11T19:36:06.165906184Z,1783798566165,4034,14,ok,
low-concurrency-20260711T193136.540788972Z,fair-c20,2026-07-11T19:36:06.195739607Z,1783798566195,3981,15,ok,
low-concurrency-20260711T193136.540788972Z,baseline-c20,2026-07-11T19:36:07.166319843Z,1783798567166,4063,16,ok,
low-concurrency-20260711T193136.540788972Z,fair-c20,2026-07-11T19:36:07.194003286Z,1783798567194,4001,19,ok,
low-concurrency-20260711T193136.540788972Z,baseline-c20,2026-07-11T19:36:08.163556658Z,1783798568163,4021,20,ok,
low-concurrency-20260711T193136.540788972Z,fair-c20,2026-07-11T19:36:08.190303963Z,1783798568190,4022,16,ok,
low-concurrency-20260711T193136.540788972Z,baseline-c20,2026-07-11T19:36:09.165066702Z,1783798569165,4020,20,ok,
low-concurrency-20260711T193136.540788972Z,fair-c20,2026-07-11T19:36:09.205263663Z,1783798569205,4167,16,ok,
low-concurrency-20260711T193136.540788972Z,baseline-c20,2026-07-11T19:36:10.168955001Z,1783798570168,4026,18,ok,
low-concurrency-20260711T193136.540788972Z,fair-c20,2026-07-11T19:36:10.200103213Z,1783798570200,4007,16,ok,
low-concurrency-20260711T193136.540788972Z,baseline-c20,2026-07-11T19:36:11.168711331Z,1783798571168,4038,17,ok,
low-concurrency-20260711T193136.540788972Z,fair-c20,2026-07-11T19:36:11.202980355Z,1783798571202,3980,17,ok,
low-concurrency-20260711T193136.540788972Z,baseline-c20,2026-07-11T19:36:12.166174574Z,1783798572166,4034,14,ok,
low-concurrency-20260711T193136.540788972Z,fair-c20,2026-07-11T19:36:12.193634081Z,1783798572193,3947,17,ok,
low-concurrency-20260711T193136.540788972Z,baseline-c20,2026-07-11T19:36:13.169164588Z,1783798573169,3999,14,ok,
low-concurrency-20260711T193136.540788972Z,fair-c20,2026-07-11T19:36:13.200891906Z,1783798573200,4002,18,ok,
low-concurrency-20260711T193136.540788972Z,baseline-c20,2026-07-11T19:36:14.17117107Z,1783798574171,4008,14,ok,
low-concurrency-20260711T193136.540788972Z,fair-c20,2026-07-11T19:36:14.204226397Z,1783798574204,3940,20,ok,
low-concurrency-20260711T193136.540788972Z,baseline-c20,2026-07-11T19:36:15.16629809Z,1783798575166,3983,19,ok,
low-concurrency-20260711T193136.540788972Z,fair-c20,2026-07-11T19:36:15.194095969Z,1783798575194,4098,17,ok,
low-concurrency-20260711T193136.540788972Z,baseline-c20,2026-07-11T19:36:16.174613252Z,1783798576174,3952,14,ok,
low-concurrency-20260711T193136.540788972Z,fair-c20,2026-07-11T19:36:16.205819945Z,1783798576205,3946,17,ok,
low-concurrency-20260711T193136.540788972Z,baseline-c20,2026-07-11T19:36:17.164500094Z,1783798577164,3951,16,ok,
low-concurrency-20260711T193136.540788972Z,fair-c20,2026-07-11T19:36:17.211400379Z,1783798577211,3912,15,ok,
low-concurrency-20260711T193136.540788972Z,baseline-c20,2026-07-11T19:36:18.169933217Z,1783798578169,3971,16,ok,
low-concurrency-20260711T193136.540788972Z,fair-c20,2026-07-11T19:36:18.201709744Z,1783798578201,3931,18,ok,
low-concurrency-20260711T193136.540788972Z,baseline-c20,2026-07-11T19:36:19.169765484Z,1783798579169,3924,18,ok,
low-concurrency-20260711T193136.540788972Z,fair-c20,2026-07-11T19:36:19.195401056Z,1783798579195,3912,14,ok,
low-concurrency-20260711T193136.540788972Z,baseline-c20,2026-07-11T19:36:20.171247633Z,1783798580171,3923,18,ok,
low-concurrency-20260711T193136.540788972Z,fair-c20,2026-07-11T19:36:20.199710286Z,1783798580199,3931,20,ok,
low-concurrency-20260711T193136.540788972Z,baseline-c20,2026-07-11T19:36:21.197949146Z,1783798581197,3958,18,ok,
low-concurrency-20260711T193136.540788972Z,fair-c20,2026-07-11T19:36:21.230105456Z,1783798581230,3957,14,ok,
low-concurrency-20260711T193136.540788972Z,baseline-c20,2026-07-11T19:36:22.170581269Z,1783798582170,3924,18,ok,
low-concurrency-20260711T193136.540788972Z,fair-c20,2026-07-11T19:36:22.199705299Z,1783798582199,3916,16,ok,
low-concurrency-20260711T193136.540788972Z,baseline-c20,2026-07-11T19:36:23.172427902Z,1783798583172,3962,18,ok,
low-concurrency-20260711T193136.540788972Z,fair-c20,2026-07-11T19:36:23.203308818Z,1783798583203,3942,21,ok,
low-concurrency-20260711T193136.540788972Z,baseline-c20,2026-07-11T19:36:24.17055236Z,1783798584170,3975,20,ok,
low-concurrency-20260711T193136.540788972Z,fair-c20,2026-07-11T19:36:24.210509405Z,1783798584210,3874,16,ok,
low-concurrency-20260711T193136.540788972Z,baseline-c20,2026-07-11T19:36:25.168549351Z,1783798585168,3887,21,ok,
low-concurrency-20260711T193136.540788972Z,fair-c20,2026-07-11T19:36:25.195190002Z,1783798585195,3876,21,ok,
low-concurrency-20260711T193136.540788972Z,baseline-c20,2026-07-11T19:36:26.170482033Z,1783798586170,3888,19,ok,
low-concurrency-20260711T193136.540788972Z,fair-c20,2026-07-11T19:36:26.201807467Z,1783798586201,3963,16,ok,
low-concurrency-20260711T193136.540788972Z,baseline-c20,2026-07-11T19:36:27.170545877Z,1783798587170,3887,20,ok,
low-concurrency-20260711T193136.540788972Z,fair-c20,2026-07-11T19:36:27.201098408Z,1783798587201,3889,16,ok,
low-concurrency-20260711T193136.540788972Z,baseline-c20,2026-07-11T19:36:28.166763869Z,1783798588166,3886,16,ok,
low-concurrency-20260711T193136.540788972Z,fair-c20,2026-07-11T19:36:28.196399743Z,1783798588196,3882,18,ok,
low-concurrency-20260711T193136.540788972Z,baseline-c20,2026-07-11T19:36:29.168906283Z,1783798589168,3948,15,ok,
low-concurrency-20260711T193136.540788972Z,fair-c20,2026-07-11T19:36:29.196695564Z,1783798589196,3841,10,ok,
low-concurrency-20260711T193136.540788972Z,baseline-c20,2026-07-11T19:36:30.165952409Z,1783798590165,3903,21,ok,
low-concurrency-20260711T193136.540788972Z,fair-c20,2026-07-11T19:36:30.198860807Z,1783798590198,3843,12,ok,
low-concurrency-20260711T193136.540788972Z,baseline-c20,2026-07-11T19:36:31.169372023Z,1783798591169,3854,14,ok,
low-concurrency-20260711T193136.540788972Z,fair-c20,2026-07-11T19:36:31.199563796Z,1783798591199,3910,16,ok,
low-concurrency-20260711T193136.540788972Z,baseline-c20,2026-07-11T19:36:32.169612025Z,1783798592169,3884,16,ok,
low-concurrency-20260711T193136.540788972Z,fair-c20,2026-07-11T19:36:32.202043237Z,1783798592202,3847,15,ok,
low-concurrency-20260711T193136.540788972Z,baseline-c20,2026-07-11T19:36:33.1661329Z,1783798593166,3848,16,ok,
low-concurrency-20260711T193136.540788972Z,fair-c20,2026-07-11T19:36:33.199196036Z,1783798593199,3870,17,ok,
low-concurrency-20260711T193136.540788972Z,baseline-c20,2026-07-11T19:36:34.170795586Z,1783798594170,3851,14,ok,
low-concurrency-20260711T193136.540788972Z,fair-c20,2026-07-11T19:36:34.20823035Z,1783798594208,3819,18,ok,
low-concurrency-20260711T193136.540788972Z,baseline-c20,2026-07-11T19:36:35.171373464Z,1783798595171,3849,14,ok,
low-concurrency-20260711T193136.540788972Z,fair-c20,2026-07-11T19:36:35.201453994Z,1783798595201,3846,14,ok,
low-concurrency-20260711T193136.540788972Z,baseline-c20,2026-07-11T19:36:36.178512903Z,1783798596178,3854,14,ok,
low-concurrency-20260711T193136.540788972Z,fair-c20,2026-07-11T19:36:36.211667045Z,1783798596211,3821,16,ok,
low-concurrency-20260711T193136.540788972Z,baseline-c20,2026-07-11T19:36:37.171731586Z,1783798597171,3832,22,ok,
low-concurrency-20260711T193136.540788972Z,fair-c20,2026-07-11T19:36:37.201607712Z,1783798597201,3807,21,ok,
low-concurrency-20260711T193136.540788972Z,baseline-c20,2026-07-11T19:36:38.169263209Z,1783798598169,3924,20,ok,
low-concurrency-20260711T193136.540788972Z,fair-c20,2026-07-11T19:36:38.200265397Z,1783798598200,3876,16,ok,
low-concurrency-20260711T193136.540788972Z,baseline-c20,2026-07-11T19:36:39.170337522Z,1783798599170,3951,15,ok,
low-concurrency-20260711T193136.540788972Z,fair-c20,2026-07-11T19:36:39.204580105Z,1783798599204,3776,14,ok,
low-concurrency-20260711T193136.540788972Z,baseline-c20,2026-07-11T19:36:40.168729006Z,1783798600168,3809,15,ok,
low-concurrency-20260711T193136.540788972Z,fair-c20,2026-07-11T19:36:40.197132229Z,1783798600197,3853,15,ok,
low-concurrency-20260711T193136.540788972Z,baseline-c20,2026-07-11T19:36:41.165451492Z,1783798601165,3807,17,ok,
low-concurrency-20260711T193136.540788972Z,fair-c20,2026-07-11T19:36:41.194451472Z,1783798601194,3844,11,ok,
low-concurrency-20260711T193136.540788972Z,baseline-c20,2026-07-11T19:36:42.165252094Z,1783798602165,3808,14,ok,
low-concurrency-20260711T193136.540788972Z,fair-c20,2026-07-11T19:36:42.197923802Z,1783798602197,3754,18,ok,
low-concurrency-20260711T193136.540788972Z,baseline-c20,2026-07-11T19:36:43.166749106Z,1783798603166,3832,22,ok,
low-concurrency-20260711T193136.540788972Z,fair-c20,2026-07-11T19:36:43.195732177Z,1783798603195,3776,12,ok,
low-concurrency-20260711T193136.540788972Z,baseline-c20,2026-07-11T19:36:44.166196787Z,1783798604166,3795,14,ok,
low-concurrency-20260711T193136.540788972Z,fair-c20,2026-07-11T19:36:44.193116002Z,1783798604193,3807,19,ok,
low-concurrency-20260711T193136.540788972Z,baseline-c20,2026-07-11T19:36:45.168860109Z,1783798605168,3767,15,ok,
low-concurrency-20260711T193136.540788972Z,fair-c20,2026-07-11T19:36:45.199442061Z,1783798605199,3775,13,ok,
low-concurrency-20260711T193136.540788972Z,baseline-c20,2026-07-11T19:36:46.171079438Z,1783798606171,3771,20,ok,
low-concurrency-20260711T193136.540788972Z,fair-c20,2026-07-11T19:36:46.199158041Z,1783798606199,3738,19,ok,
low-concurrency-20260711T193136.540788972Z,baseline-c20,2026-07-11T19:36:47.164245146Z,1783798607164,3772,21,ok,
low-concurrency-20260711T193136.540788972Z,fair-c20,2026-07-11T19:36:47.201127133Z,1783798607201,3784,15,ok,
low-concurrency-20260711T193136.540788972Z,baseline-c20,2026-07-11T19:36:48.168657184Z,1783798608168,3757,17,ok,
low-concurrency-20260711T193136.540788972Z,fair-c20,2026-07-11T19:36:48.199125285Z,1783798608199,3732,17,ok,
low-concurrency-20260711T193136.540788972Z,baseline-c20,2026-07-11T19:36:49.169802386Z,1783798609169,3818,14,ok,
low-concurrency-20260711T193136.540788972Z,fair-c20,2026-07-11T19:36:49.197692297Z,1783798609197,3795,16,ok,
low-concurrency-20260711T193136.540788972Z,baseline-c20,2026-07-11T19:36:50.169838805Z,1783798610169,3757,19,ok,
low-concurrency-20260711T193136.540788972Z,fair-c20,2026-07-11T19:36:50.196389097Z,1783798610196,3721,17,ok,
low-concurrency-20260711T193136.540788972Z,baseline-c20,2026-07-11T19:36:51.169593419Z,1783798611169,3771,24,ok,
low-concurrency-20260711T193136.540788972Z,fair-c20,2026-07-11T19:36:51.200404961Z,1783798611200,3738,19,ok,
low-concurrency-20260711T193136.540788972Z,baseline-c20,2026-07-11T19:36:52.164977869Z,1783798612164,3726,14,ok,
low-concurrency-20260711T193136.540788972Z,fair-c20,2026-07-11T19:36:52.19315101Z,1783798612193,3705,17,ok,
low-concurrency-20260711T193136.540788972Z,baseline-c20,2026-07-11T19:36:53.162019807Z,1783798613162,3717,16,ok,
low-concurrency-20260711T193136.540788972Z,fair-c20,2026-07-11T19:36:53.192585344Z,1783798613192,3704,18,ok,
low-concurrency-20260711T193136.540788972Z,baseline-c20,2026-07-11T19:36:54.271473663Z,1783798614271,3887,20,ok,
low-concurrency-20260711T193136.540788972Z,fair-c20,2026-07-11T19:36:54.302595303Z,1783798614302,3753,20,ok,
low-concurrency-20260711T193136.540788972Z,baseline-c20,2026-07-11T19:36:55.165831672Z,1783798615165,3718,14,ok,
low-concurrency-20260711T193136.540788972Z,fair-c20,2026-07-11T19:36:55.199694384Z,1783798615199,3694,18,ok,
low-concurrency-20260711T193136.540788972Z,baseline-c20,2026-07-11T19:36:56.171206758Z,1783798616171,3723,16,ok,
low-concurrency-20260711T193136.540788972Z,fair-c20,2026-07-11T19:36:56.203270244Z,1783798616203,3676,18,ok,
low-concurrency-20260711T193136.540788972Z,baseline-c20,2026-07-11T19:36:57.170151551Z,1783798617170,3728,13,ok,
low-concurrency-20260711T193136.540788972Z,fair-c20,2026-07-11T19:36:57.201314847Z,1783798617201,3763,16,ok,
low-concurrency-20260711T193136.540788972Z,baseline-c20,2026-07-11T19:36:58.165937079Z,1783798618165,3691,12,ok,
low-concurrency-20260711T193136.540788972Z,fair-c20,2026-07-11T19:36:58.191310409Z,1783798618191,3677,17,ok,
low-concurrency-20260711T193136.540788972Z,baseline-c20,2026-07-11T19:36:59.174445091Z,1783798619174,3788,20,ok,
low-concurrency-20260711T193136.540788972Z,fair-c20,2026-07-11T19:36:59.201631442Z,1783798619201,3676,18,ok,
low-concurrency-20260711T193136.540788972Z,baseline-c20,2026-07-11T19:37:00.17011149Z,1783798620170,3691,13,ok,
low-concurrency-20260711T193136.540788972Z,fair-c20,2026-07-11T19:37:00.199270519Z,1783798620199,3720,19,ok,
low-concurrency-20260711T193136.540788972Z,baseline-c20,2026-07-11T19:37:01.164411277Z,1783798621164,3672,17,ok,
low-concurrency-20260711T193136.540788972Z,fair-c20,2026-07-11T19:37:01.194708479Z,1783798621194,3732,17,ok,
low-concurrency-20260711T193136.540788972Z,baseline-c20,2026-07-11T19:37:02.166511427Z,1783798622166,3717,14,ok,
low-concurrency-20260711T193136.540788972Z,fair-c20,2026-07-11T19:37:02.19214912Z,1783798622192,3655,16,ok,
low-concurrency-20260711T193136.540788972Z,baseline-c20,2026-07-11T19:37:03.165770803Z,1783798623165,3689,14,ok,
low-concurrency-20260711T193136.540788972Z,fair-c20,2026-07-11T19:37:03.193866606Z,1783798623193,3655,19,ok,
low-concurrency-20260711T193136.540788972Z,baseline-c20,2026-07-11T19:37:04.16856248Z,1783798624168,3643,18,ok,
low-concurrency-20260711T193136.540788972Z,fair-c20,2026-07-11T19:37:04.193817912Z,1783798624193,3628,22,ok,
low-concurrency-20260711T193136.540788972Z,baseline-c20,2026-07-11T19:37:05.167745579Z,1783798625167,3700,14,ok,
low-concurrency-20260711T193136.540788972Z,fair-c20,2026-07-11T19:37:05.200055541Z,1783798625200,3635,21,ok,
low-concurrency-20260711T193136.540788972Z,baseline-c20,2026-07-11T19:37:06.164972506Z,1783798626164,3765,15,ok,
low-concurrency-20260711T193136.540788972Z,fair-c20,2026-07-11T19:37:06.197005647Z,1783798626197,3605,20,ok,
low-concurrency-20260711T193136.540788972Z,baseline-c20,2026-07-11T19:37:07.173689893Z,1783798627173,3645,14,ok,
low-concurrency-20260711T193136.540788972Z,fair-c20,2026-07-11T19:37:07.21127252Z,1783798627211,3605,18,ok,
low-concurrency-20260711T193136.540788972Z,baseline-c20,2026-07-11T19:37:08.170831175Z,1783798628170,3630,19,ok,
low-concurrency-20260711T193136.540788972Z,fair-c20,2026-07-11T19:37:08.199843895Z,1783798628199,3628,21,ok,
low-concurrency-20260711T193136.540788972Z,baseline-c20,2026-07-11T19:37:09.172610151Z,1783798629172,3687,9,ok,
low-concurrency-20260711T193136.540788972Z,fair-c20,2026-07-11T19:37:09.208621739Z,1783798629208,3637,17,ok,
low-concurrency-20260711T193136.540788972Z,baseline-c20,2026-07-11T19:37:10.164497834Z,1783798630164,3604,13,ok,
low-concurrency-20260711T193136.540788972Z,fair-c20,2026-07-11T19:37:10.195168033Z,1783798630195,3694,19,ok,
low-concurrency-20260711T193136.540788972Z,baseline-c20,2026-07-11T19:37:11.171999196Z,1783798631171,3604,13,ok,
low-concurrency-20260711T193136.540788972Z,fair-c20,2026-07-11T19:37:11.203676567Z,1783798631203,3675,19,ok,
low-concurrency-20260711T193136.540788972Z,baseline-c20,2026-07-11T19:37:12.166442465Z,1783798632166,3649,16,ok,
low-concurrency-20260711T193136.540788972Z,fair-c20,2026-07-11T19:37:12.200369331Z,1783798632200,3586,13,ok,
low-concurrency-20260711T193136.540788972Z,baseline-c20,2026-07-11T19:37:13.165521559Z,1783798633165,3605,16,ok,
low-concurrency-20260711T193136.540788972Z,fair-c20,2026-07-11T19:37:13.192231658Z,1783798633192,3586,14,ok,
low-concurrency-20260711T193136.540788972Z,baseline-c20,2026-07-11T19:37:14.16472513Z,1783798634164,3586,19,ok,
low-concurrency-20260711T193136.540788972Z,fair-c20,2026-07-11T19:37:14.192840129Z,1783798634192,3574,20,ok,
low-concurrency-20260711T193136.540788972Z,baseline-c20,2026-07-11T19:37:15.170331279Z,1783798635170,3602,17,ok,
low-concurrency-20260711T193136.540788972Z,fair-c20,2026-07-11T19:37:15.196949785Z,1783798635196,3616,17,ok,
low-concurrency-20260711T193136.540788972Z,baseline-c20,2026-07-11T19:37:16.171694281Z,1783798636171,3630,19,ok,
low-concurrency-20260711T193136.540788972Z,fair-c20,2026-07-11T19:37:16.200739068Z,1783798636200,3544,16,ok,
low-concurrency-20260711T193136.540788972Z,baseline-c20,2026-07-11T19:37:17.168080785Z,1783798637168,3674,19,ok,
low-concurrency-20260711T193136.540788972Z,fair-c20,2026-07-11T19:37:17.201223188Z,1783798637201,3545,18,ok,
low-concurrency-20260711T193136.540788972Z,baseline-c20,2026-07-11T19:37:18.169866831Z,1783798638169,3628,15,ok,
low-concurrency-20260711T193136.540788972Z,fair-c20,2026-07-11T19:37:18.197530702Z,1783798638197,3606,18,ok,
low-concurrency-20260711T193136.540788972Z,baseline-c20,2026-07-11T19:37:19.171614677Z,1783798639171,3555,16,ok,
low-concurrency-20260711T193136.540788972Z,fair-c20,2026-07-11T19:37:19.201318156Z,1783798639201,3570,16,ok,
low-concurrency-20260711T193136.540788972Z,baseline-c20,2026-07-11T19:37:20.210015478Z,1783798640210,3586,16,ok,
low-concurrency-20260711T193136.540788972Z,fair-c20,2026-07-11T19:37:20.238429111Z,1783798640238,3587,16,ok,
low-concurrency-20260711T193136.540788972Z,baseline-c20,2026-07-11T19:37:21.16582308Z,1783798641165,3644,17,ok,
low-concurrency-20260711T193136.540788972Z,fair-c20,2026-07-11T19:37:21.195022411Z,1783798641195,3544,16,ok,
low-concurrency-20260711T193136.540788972Z,baseline-c20,2026-07-11T19:37:22.167080801Z,1783798642167,3567,20,ok,
low-concurrency-20260711T193136.540788972Z,fair-c20,2026-07-11T19:37:22.195563781Z,1783798642195,3516,20,ok,
low-concurrency-20260711T193136.540788972Z,baseline-c20,2026-07-11T19:37:23.171186402Z,1783798643171,3533,12,ok,
low-concurrency-20260711T193136.540788972Z,fair-c20,2026-07-11T19:37:23.198116152Z,1783798643198,3524,16,ok,
low-concurrency-20260711T193136.540788972Z,baseline-c20,2026-07-11T19:37:24.170822619Z,1783798644170,3522,17,ok,
low-concurrency-20260711T193136.540788972Z,fair-c20,2026-07-11T19:37:24.204290398Z,1783798644204,3580,15,ok,
low-concurrency-20260711T193136.540788972Z,baseline-c20,2026-07-11T19:37:25.173729232Z,1783798645173,3533,14,ok,
low-concurrency-20260711T193136.540788972Z,fair-c20,2026-07-11T19:37:25.204031033Z,1783798645204,3484,21,ok,
low-concurrency-20260711T193136.540788972Z,baseline-c20,2026-07-11T19:37:26.16584721Z,1783798646165,3532,17,ok,
low-concurrency-20260711T193136.540788972Z,fair-c20,2026-07-11T19:37:26.195343677Z,1783798646195,3517,16,ok,
low-concurrency-20260711T193136.540788972Z,baseline-c20,2026-07-11T19:37:27.167927372Z,1783798647167,3534,18,ok,
low-concurrency-20260711T193136.540788972Z,fair-c20,2026-07-11T19:37:27.202988265Z,1783798647202,3483,21,ok,
low-concurrency-20260711T193136.540788972Z,baseline-c20,2026-07-11T19:37:28.172285514Z,1783798648172,3533,14,ok,
low-concurrency-20260711T193136.540788972Z,fair-c20,2026-07-11T19:37:28.202252431Z,1783798648202,3511,16,ok,
low-concurrency-20260711T193136.540788972Z,baseline-c20,2026-07-11T19:37:29.173217193Z,1783798649173,3521,19,ok,
low-concurrency-20260711T193136.540788972Z,fair-c20,2026-07-11T19:37:29.201524551Z,1783798649201,3460,16,ok,
low-concurrency-20260711T193136.540788972Z,baseline-c20,2026-07-11T19:37:30.186167384Z,1783798650186,3555,19,ok,
low-concurrency-20260711T193136.540788972Z,fair-c20,2026-07-11T19:37:30.217401339Z,1783798650217,3505,17,ok,
low-concurrency-20260711T193136.540788972Z,baseline-c20,2026-07-11T19:37:31.166534151Z,1783798651166,3548,17,ok,
low-concurrency-20260711T193136.540788972Z,fair-c20,2026-07-11T19:37:31.200097832Z,1783798651200,3574,18,ok,
low-concurrency-20260711T193136.540788972Z,baseline-c20,2026-07-11T19:37:32.165456602Z,1783798652165,3485,15,ok,
low-concurrency-20260711T193136.540788972Z,fair-c20,2026-07-11T19:37:32.202079369Z,1783798652202,3523,15,ok,
low-concurrency-20260711T193136.540788972Z,baseline-c20,2026-07-11T19:37:33.171626771Z,1783798653171,3490,21,ok,
low-concurrency-20260711T193136.540788972Z,fair-c20,2026-07-11T19:37:33.204470145Z,1783798653204,3447,18,ok,
low-concurrency-20260711T193136.540788972Z,baseline-c20,2026-07-11T19:37:34.173039567Z,1783798654173,3464,14,ok,
low-concurrency-20260711T193136.540788972Z,fair-c20,2026-07-11T19:37:34.205218598Z,1783798654205,3460,16,ok,
low-concurrency-20260711T193136.540788972Z,baseline-c20,2026-07-11T19:37:35.16938483Z,1783798655169,3474,18,ok,
low-concurrency-20260711T193136.540788972Z,fair-c20,2026-07-11T19:37:35.203752587Z,1783798655203,3443,17,ok,
low-concurrency-20260711T193136.540788972Z,baseline-c20,2026-07-11T19:37:36.167557351Z,1783798656167,3473,19,ok,
low-concurrency-20260711T193136.540788972Z,fair-c20,2026-07-11T19:37:36.200042731Z,1783798656200,3442,17,ok,
low-concurrency-20260711T193136.540788972Z,baseline-c20,2026-07-11T19:37:37.166857196Z,1783798657166,3564,16,ok,
low-concurrency-20260711T193136.540788972Z,fair-c20,2026-07-11T19:37:37.193394871Z,1783798657193,3471,16,ok,
low-concurrency-20260711T193136.540788972Z,baseline-c20,2026-07-11T19:37:38.17142965Z,1783798658171,3429,14,ok,
low-concurrency-20260711T193136.540788972Z,fair-c20,2026-07-11T19:37:38.202867074Z,1783798658202,3406,15,ok,
low-concurrency-20260711T193136.540788972Z,baseline-c20,2026-07-11T19:37:39.172667867Z,1783798659172,3449,20,ok,
low-concurrency-20260711T193136.540788972Z,fair-c20,2026-07-11T19:37:39.202694503Z,1783798659202,3442,15,ok,
low-concurrency-20260711T193136.540788972Z,baseline-c20,2026-07-11T19:37:40.168704364Z,1783798660168,3432,17,ok,
low-concurrency-20260711T193136.540788972Z,fair-c20,2026-07-11T19:37:40.20057039Z,1783798660200,3404,15,ok,
low-concurrency-20260711T193136.540788972Z,baseline-c20,2026-07-11T19:37:41.173299695Z,1783798661173,3432,16,ok,
low-concurrency-20260711T193136.540788972Z,fair-c20,2026-07-11T19:37:41.202457878Z,1783798661202,3446,17,ok,
low-concurrency-20260711T193136.540788972Z,baseline-c20,2026-07-11T19:37:42.164500127Z,1783798662164,3414,18,ok,
low-concurrency-20260711T193136.540788972Z,fair-c20,2026-07-11T19:37:42.193945843Z,1783798662193,3391,18,ok,
low-concurrency-20260711T193136.540788972Z,baseline-c20,2026-07-11T19:37:43.170574351Z,1783798663170,3430,20,ok,
low-concurrency-20260711T193136.540788972Z,fair-c20,2026-07-11T19:37:43.197996155Z,1783798663197,3405,17,ok,
low-concurrency-20260711T193136.540788972Z,baseline-c20,2026-07-11T19:37:44.163334613Z,1783798664163,3429,13,ok,
low-concurrency-20260711T193136.540788972Z,fair-c20,2026-07-11T19:37:44.188724155Z,1783798664188,3361,17,ok,
low-concurrency-20260711T193136.540788972Z,baseline-c20,2026-07-11T19:37:45.163917353Z,1783798665163,3465,15,ok,
low-concurrency-20260711T193136.540788972Z,fair-c20,2026-07-11T19:37:45.191473434Z,1783798665191,3392,18,ok,
low-concurrency-20260711T193136.540788972Z,baseline-c20,2026-07-11T19:37:46.165243843Z,1783798666165,3438,16,ok,
low-concurrency-20260711T193136.540788972Z,fair-c20,2026-07-11T19:37:46.190997173Z,1783798666190,3361,17,ok,
low-concurrency-20260711T193136.540788972Z,baseline-c20,2026-07-11T19:37:47.16667599Z,1783798667166,3397,21,ok,
low-concurrency-20260711T193136.540788972Z,fair-c20,2026-07-11T19:37:47.198504536Z,1783798667198,3365,16,ok,
low-concurrency-20260711T193136.540788972Z,baseline-c20,2026-07-11T19:37:48.172142468Z,1783798668172,3413,18,ok,
low-concurrency-20260711T193136.540788972Z,fair-c20,2026-07-11T19:37:48.203692179Z,1783798668203,3423,14,ok,
low-concurrency-20260711T193136.540788972Z,baseline-c20,2026-07-11T19:37:49.170830235Z,1783798669170,3360,17,ok,
low-concurrency-20260711T193136.540788972Z,fair-c20,2026-07-11T19:37:49.200685932Z,1783798669200,3364,16,ok,
low-concurrency-20260711T193136.540788972Z,baseline-c20,2026-07-11T19:37:50.164914187Z,1783798670164,3372,15,ok,
low-concurrency-20260711T193136.540788972Z,fair-c20,2026-07-11T19:37:50.194044511Z,1783798670194,3484,21,ok,
low-concurrency-20260711T193136.540788972Z,baseline-c20,2026-07-11T19:37:51.164785468Z,1783798671164,3360,17,ok,
low-concurrency-20260711T193136.540788972Z,fair-c20,2026-07-11T19:37:51.194230516Z,1783798671194,3361,17,ok,
low-concurrency-20260711T193136.540788972Z,baseline-c20,2026-07-11T19:37:52.166719201Z,1783798672166,3376,15,ok,
low-concurrency-20260711T193136.540788972Z,fair-c20,2026-07-11T19:37:52.197026613Z,1783798672197,3377,18,ok,
low-concurrency-20260711T193136.540788972Z,baseline-c20,2026-07-11T19:37:53.172522593Z,1783798673172,3372,16,ok,
low-concurrency-20260711T193136.540788972Z,fair-c20,2026-07-11T19:37:53.203304349Z,1783798673203,3328,16,ok,
low-concurrency-20260711T193136.540788972Z,baseline-c20,2026-07-11T19:37:54.167475359Z,1783798674167,3359,19,ok,
low-concurrency-20260711T193136.540788972Z,fair-c20,2026-07-11T19:37:54.195470775Z,1783798674195,3324,11,ok,
low-concurrency-20260711T193136.540788972Z,baseline-c20,2026-07-11T19:37:55.166580002Z,1783798675166,3362,16,ok,
low-concurrency-20260711T193136.540788972Z,fair-c20,2026-07-11T19:37:55.195043837Z,1783798675195,3331,18,ok,
low-concurrency-20260711T193136.540788972Z,baseline-c20,2026-07-11T19:37:56.166089338Z,1783798676166,3331,16,ok,
low-concurrency-20260711T193136.540788972Z,fair-c20,2026-07-11T19:37:56.194976499Z,1783798676194,3355,15,ok,
low-concurrency-20260711T193136.540788972Z,baseline-c20,2026-07-11T19:37:57.166554066Z,1783798677166,3386,17,ok,
low-concurrency-20260711T193136.540788972Z,fair-c20,2026-07-11T19:37:57.194337504Z,1783798677194,3291,13,ok,
low-concurrency-20260711T193136.540788972Z,baseline-c20,2026-07-11T19:37:58.168783224Z,1783798678168,3330,19,ok,
low-concurrency-20260711T193136.540788972Z,fair-c20,2026-07-11T19:37:58.196324326Z,1783798678196,3324,12,ok,
low-concurrency-20260711T193136.540788972Z,baseline-c20,2026-07-11T19:37:59.175674404Z,1783798679175,3319,18,ok,
low-concurrency-20260711T193136.540788972Z,fair-c20,2026-07-11T19:37:59.204270298Z,1783798679204,3291,12,ok,
low-concurrency-20260711T193136.540788972Z,baseline-c20,2026-07-11T19:38:00.16441056Z,1783798680164,3308,22,ok,
low-concurrency-20260711T193136.540788972Z,fair-c20,2026-07-11T19:38:00.193036983Z,1783798680193,3272,15,ok,
low-concurrency-20260711T193136.540788972Z,baseline-c20,2026-07-11T19:38:01.171599553Z,1783798681171,3287,14,ok,
low-concurrency-20260711T193136.540788972Z,fair-c20,2026-07-11T19:38:01.202206794Z,1783798681202,3314,14,ok,
low-concurrency-20260711T193136.540788972Z,baseline-c20,2026-07-11T19:38:02.169382269Z,1783798682169,3326,17,ok,
low-concurrency-20260711T193136.540788972Z,fair-c20,2026-07-11T19:38:02.197489244Z,1783798682197,3327,17,ok,
low-concurrency-20260711T193136.540788972Z,baseline-c20,2026-07-11T19:38:03.175778704Z,1783798683175,3284,18,ok,
low-concurrency-20260711T193136.540788972Z,fair-c20,2026-07-11T19:38:03.204757496Z,1783798683204,3245,18,ok,
low-concurrency-20260711T193136.540788972Z,baseline-c20,2026-07-11T19:38:04.174135276Z,1783798684174,3290,17,ok,
low-concurrency-20260711T193136.540788972Z,fair-c20,2026-07-11T19:38:04.203052207Z,1783798684203,3240,19,ok,
low-concurrency-20260711T193136.540788972Z,baseline-c20,2026-07-11T19:38:05.167177824Z,1783798685167,3253,19,ok,
low-concurrency-20260711T193136.540788972Z,fair-c20,2026-07-11T19:38:05.194819799Z,1783798685194,3285,17,ok,
low-concurrency-20260711T193136.540788972Z,baseline-c20,2026-07-11T19:38:06.171673688Z,1783798686171,3267,17,ok,
low-concurrency-20260711T193136.540788972Z,fair-c20,2026-07-11T19:38:06.204061075Z,1783798686204,3241,17,ok,
low-concurrency-20260711T193136.540788972Z,baseline-c20,2026-07-11T19:38:07.170252354Z,1783798687170,3384,17,ok,
low-concurrency-20260711T193136.540788972Z,fair-c20,2026-07-11T19:38:07.201660141Z,1783798687201,3316,16,ok,
low-concurrency-20260711T193136.540788972Z,baseline-c20,2026-07-11T19:38:08.17022569Z,1783798688170,3259,15,ok,
low-concurrency-20260711T193136.540788972Z,fair-c20,2026-07-11T19:38:08.201454989Z,1783798688201,3256,20,ok,
low-concurrency-20260711T193136.540788972Z,baseline-c20,2026-07-11T19:38:09.172071162Z,1783798689172,3257,16,ok,
low-concurrency-20260711T193136.540788972Z,fair-c20,2026-07-11T19:38:09.200398369Z,1783798689200,3229,16,ok,
low-concurrency-20260711T193136.540788972Z,baseline-c20,2026-07-11T19:38:10.166219065Z,1783798690166,3284,18,ok,
low-concurrency-20260711T193136.540788972Z,fair-c20,2026-07-11T19:38:10.194919143Z,1783798690194,3247,19,ok,
low-concurrency-20260711T193136.540788972Z,baseline-c20,2026-07-11T19:38:11.171523083Z,1783798691171,3215,13,ok,
low-concurrency-20260711T193136.540788972Z,fair-c20,2026-07-11T19:38:11.199693219Z,1783798691199,3216,18,ok,
low-concurrency-20260711T193136.540788972Z,baseline-c20,2026-07-11T19:38:12.18638663Z,1783798692186,3255,19,ok,
low-concurrency-20260711T193136.540788972Z,fair-c20,2026-07-11T19:38:12.276058003Z,1783798692276,3227,16,ok,
low-concurrency-20260711T193136.540788972Z,baseline-c20,2026-07-11T19:38:13.166529748Z,1783798693166,3294,20,ok,
low-concurrency-20260711T193136.540788972Z,fair-c20,2026-07-11T19:38:13.201384673Z,1783798693201,3240,17,ok,
low-concurrency-20260711T193136.540788972Z,baseline-c20,2026-07-11T19:38:14.169760233Z,1783798694169,3236,18,ok,
low-concurrency-20260711T193136.540788972Z,fair-c20,2026-07-11T19:38:14.20183576Z,1783798694201,3216,16,ok,
low-concurrency-20260711T193136.540788972Z,baseline-c20,2026-07-11T19:38:15.169425432Z,1783798695169,3206,14,ok,
low-concurrency-20260711T193136.540788972Z,fair-c20,2026-07-11T19:38:15.200767955Z,1783798695200,3272,16,ok,
low-concurrency-20260711T193136.540788972Z,baseline-c20,2026-07-11T19:38:16.178045089Z,1783798696178,3194,15,ok,
low-concurrency-20260711T193136.540788972Z,fair-c20,2026-07-11T19:38:16.206715995Z,1783798696206,3194,17,ok,
low-concurrency-20260711T193136.540788972Z,baseline-c20,2026-07-11T19:38:17.170029476Z,1783798697170,3215,14,ok,
low-concurrency-20260711T193136.540788972Z,fair-c20,2026-07-11T19:38:17.201544508Z,1783798697201,3164,16,ok,
low-concurrency-20260711T193136.540788972Z,baseline-c20,2026-07-11T19:38:18.171087453Z,1783798698171,3197,13,ok,
low-concurrency-20260711T193136.540788972Z,fair-c20,2026-07-11T19:38:18.205148936Z,1783798698205,3161,14,ok,
low-concurrency-20260711T193136.540788972Z,baseline-c20,2026-07-11T19:38:19.167391967Z,1783798699167,3172,17,ok,
low-concurrency-20260711T193136.540788972Z,fair-c20,2026-07-11T19:38:19.195015763Z,1783798699195,3208,16,ok,
low-concurrency-20260711T193136.540788972Z,baseline-c20,2026-07-11T19:38:20.167922482Z,1783798700167,3198,16,ok,
low-concurrency-20260711T193136.540788972Z,fair-c20,2026-07-11T19:38:20.203481384Z,1783798700203,3163,18,ok,
low-concurrency-20260711T193136.540788972Z,baseline-c20,2026-07-11T19:38:21.17142924Z,1783798701171,3173,15,ok,
low-concurrency-20260711T193136.540788972Z,fair-c20,2026-07-11T19:38:21.203562775Z,1783798701203,3144,13,ok,
low-concurrency-20260711T193136.540788972Z,baseline-c20,2026-07-11T19:38:22.170899589Z,1783798702170,3152,16,ok,
low-concurrency-20260711T193136.540788972Z,fair-c20,2026-07-11T19:38:22.201482286Z,1783798702201,3186,12,ok,
low-concurrency-20260711T193136.540788972Z,baseline-c20,2026-07-11T19:38:23.166005763Z,1783798703166,3206,13,ok,
low-concurrency-20260711T193136.540788972Z,fair-c20,2026-07-11T19:38:23.193328672Z,1783798703193,3127,13,ok,
low-concurrency-20260711T193136.540788972Z,baseline-c20,2026-07-11T19:38:24.17280521Z,1783798704172,3267,16,ok,
low-concurrency-20260711T193136.540788972Z,fair-c20,2026-07-11T19:38:24.206556696Z,1783798704206,3124,17,ok,
low-concurrency-20260711T193136.540788972Z,baseline-c20,2026-07-11T19:38:25.190035151Z,1783798705190,3173,15,ok,
low-concurrency-20260711T193136.540788972Z,fair-c20,2026-07-11T19:38:25.217335342Z,1783798705217,3127,16,ok,
low-concurrency-20260711T193136.540788972Z,baseline-c20,2026-07-11T19:38:26.1726074Z,1783798706172,3193,14,ok,
low-concurrency-20260711T193136.540788972Z,fair-c20,2026-07-11T19:38:26.217606976Z,1783798706217,3124,17,ok,
low-concurrency-20260711T193136.540788972Z,baseline-c20,2026-07-11T19:38:27.166631177Z,1783798707166,3117,17,ok,
low-concurrency-20260711T193136.540788972Z,fair-c20,2026-07-11T19:38:27.19413749Z,1783798707194,3127,15,ok,
low-concurrency-20260711T193136.540788972Z,baseline-c20,2026-07-11T19:38:28.165622331Z,1783798708165,3129,20,ok,
low-concurrency-20260711T193136.540788972Z,fair-c20,2026-07-11T19:38:28.195171375Z,1783798708195,3164,15,ok,
low-concurrency-20260711T193136.540788972Z,baseline-c20,2026-07-11T19:38:29.173482674Z,1783798709173,3115,17,ok,
low-concurrency-20260711T193136.540788972Z,fair-c20,2026-07-11T19:38:29.204759315Z,1783798709204,3163,12,ok,
low-concurrency-20260711T193136.540788972Z,baseline-c20,2026-07-11T19:38:30.166787876Z,1783798710166,3151,17,ok,
low-concurrency-20260711T193136.540788972Z,fair-c20,2026-07-11T19:38:30.195946035Z,1783798710195,3092,16,ok,
low-concurrency-20260711T193136.540788972Z,baseline-c20,2026-07-11T19:38:31.170964448Z,1783798711170,3116,17,ok,
low-concurrency-20260711T193136.540788972Z,fair-c20,2026-07-11T19:38:31.220591668Z,1783798711220,3076,18,ok,
low-concurrency-20260711T193136.540788972Z,baseline-c20,2026-07-11T19:38:32.168327626Z,1783798712168,3115,15,ok,
low-concurrency-20260711T193136.540788972Z,fair-c20,2026-07-11T19:38:32.200120369Z,1783798712200,3126,16,ok,
low-concurrency-20260711T193136.540788972Z,baseline-c20,2026-07-11T19:38:33.165215817Z,1783798713165,3128,16,ok,
low-concurrency-20260711T193136.540788972Z,fair-c20,2026-07-11T19:38:33.194233941Z,1783798713194,3090,18,ok,
low-concurrency-20260711T193136.540788972Z,baseline-c20,2026-07-11T19:38:34.16605233Z,1783798714166,3135,13,ok,
low-concurrency-20260711T193136.540788972Z,fair-c20,2026-07-11T19:38:34.202516823Z,1783798714202,3060,18,ok,
low-concurrency-20260711T193136.540788972Z,baseline-c20,2026-07-11T19:38:35.166335817Z,1783798715166,3073,17,ok,
low-concurrency-20260711T193136.540788972Z,fair-c20,2026-07-11T19:38:35.197532388Z,1783798715197,3145,12,ok,
low-concurrency-20260711T193136.540788972Z,baseline-c20,2026-07-11T19:38:36.167178366Z,1783798716167,3074,18,ok,
low-concurrency-20260711T193136.540788972Z,fair-c20,2026-07-11T19:38:36.196846656Z,1783798716196,3127,13,ok,
low-concurrency-20260711T193136.540788972Z,baseline-c20,2026-07-11T19:38:37.173477381Z,1783798717173,3063,14,ok,
low-concurrency-20260711T193136.540788972Z,fair-c20,2026-07-11T19:38:37.207560655Z,1783798717207,3075,20,ok,
low-concurrency-20260711T193136.540788972Z,baseline-c20,2026-07-11T19:38:38.164997528Z,1783798718164,3062,14,ok,
low-concurrency-20260711T193136.540788972Z,fair-c20,2026-07-11T19:38:38.196307486Z,1783798718196,3032,16,ok,
low-concurrency-20260711T193136.540788972Z,baseline-c20,2026-07-11T19:38:39.175789937Z,1783798719175,3086,19,ok,
low-concurrency-20260711T193136.540788972Z,fair-c20,2026-07-11T19:38:39.206997943Z,1783798719206,3084,16,ok,
low-concurrency-20260711T193136.540788972Z,baseline-c20,2026-07-11T19:38:40.165392581Z,1783798720165,3028,16,ok,
low-concurrency-20260711T193136.540788972Z,fair-c20,2026-07-11T19:38:40.193831029Z,1783798720193,3027,18,ok,
low-concurrency-20260711T193136.540788972Z,baseline-c20,2026-07-11T19:38:41.168169099Z,1783798721168,3067,23,ok,
low-concurrency-20260711T193136.540788972Z,fair-c20,2026-07-11T19:38:41.197910552Z,1783798721197,3051,20,ok,
low-concurrency-20260711T193136.540788972Z,baseline-c20,2026-07-11T19:38:42.167703225Z,1783798722167,3064,15,ok,
low-concurrency-20260711T193136.540788972Z,fair-c20,2026-07-11T19:38:42.196100548Z,1783798722196,3002,17,ok,
low-concurrency-20260711T193136.540788972Z,baseline-c20,2026-07-11T19:38:43.166263496Z,1783798723166,3018,13,ok,
low-concurrency-20260711T193136.540788972Z,fair-c20,2026-07-11T19:38:43.200990497Z,1783798723200,3002,17,ok,
low-concurrency-20260711T193136.540788972Z,baseline-c20,2026-07-11T19:38:44.170159393Z,1783798724170,3013,17,ok,
low-concurrency-20260711T193136.540788972Z,fair-c20,2026-07-11T19:38:44.199466341Z,1783798724199,3015,16,ok,
low-concurrency-20260711T193136.540788972Z,baseline-c20,2026-07-11T19:38:45.167619982Z,1783798725167,3018,12,ok,
low-concurrency-20260711T193136.540788972Z,fair-c20,2026-07-11T19:38:45.200717388Z,1783798725200,3015,14,ok,
low-concurrency-20260711T193136.540788972Z,baseline-c20,2026-07-11T19:38:46.164705763Z,1783798726164,3018,17,ok,
low-concurrency-20260711T193136.540788972Z,fair-c20,2026-07-11T19:38:46.196539835Z,1783798726196,2975,20,ok,
low-concurrency-20260711T193136.540788972Z,baseline-c20,2026-07-11T19:38:47.169185727Z,1783798727169,3259,17,ok,
low-concurrency-20260711T193136.540788972Z,fair-c20,2026-07-11T19:38:47.201645856Z,1783798727201,3035,14,ok,
low-concurrency-20260711T193136.540788972Z,baseline-c20,2026-07-11T19:38:48.165888881Z,1783798728165,3019,13,ok,
low-concurrency-20260711T193136.540788972Z,fair-c20,2026-07-11T19:38:48.200614586Z,1783798728200,3001,18,ok,
low-concurrency-20260711T193136.540788972Z,baseline-c20,2026-07-11T19:38:49.171497053Z,1783798729171,3123,16,ok,
low-concurrency-20260711T193136.540788972Z,fair-c20,2026-07-11T19:38:49.205262359Z,1783798729205,3058,17,ok,
low-concurrency-20260711T193136.540788972Z,baseline-c20,2026-07-11T19:38:50.167186168Z,1783798730167,3075,18,ok,
low-concurrency-20260711T193136.540788972Z,fair-c20,2026-07-11T19:38:50.196356377Z,1783798730196,2959,14,ok,
low-concurrency-20260711T193136.540788972Z,baseline-c20,2026-07-11T19:38:51.166849036Z,1783798731166,3030,15,ok,
low-concurrency-20260711T193136.540788972Z,fair-c20,2026-07-11T19:38:51.194662164Z,1783798731194,2958,14,ok,
low-concurrency-20260711T193136.540788972Z,baseline-c20,2026-07-11T19:38:52.16884216Z,1783798732168,2961,13,ok,
low-concurrency-20260711T193136.540788972Z,fair-c20,2026-07-11T19:38:52.196705829Z,1783798732196,2961,19,ok,
low-concurrency-20260711T193136.540788972Z,baseline-c20,2026-07-11T19:38:53.171523197Z,1783798733171,2963,17,ok,
low-concurrency-20260711T193136.540788972Z,fair-c20,2026-07-11T19:38:53.20474087Z,1783798733204,2978,17,ok,
low-concurrency-20260711T193136.540788972Z,baseline-c20,2026-07-11T19:38:54.168507384Z,1783798734168,2963,19,ok,
low-concurrency-20260711T193136.540788972Z,fair-c20,2026-07-11T19:38:54.197326125Z,1783798734197,3026,19,ok,
low-concurrency-20260711T193136.540788972Z,baseline-c20,2026-07-11T19:38:55.172623712Z,1783798735172,2979,19,ok,
low-concurrency-20260711T193136.540788972Z,fair-c20,2026-07-11T19:38:55.204489312Z,1783798735204,2963,17,ok,
low-concurrency-20260711T193136.540788972Z,baseline-c20,2026-07-11T19:38:56.17372803Z,1783798736173,3012,19,ok,
low-concurrency-20260711T193136.540788972Z,fair-c20,2026-07-11T19:38:56.205929768Z,1783798736205,2914,16,ok,
low-concurrency-20260711T193136.540788972Z,baseline-c20,2026-07-11T19:38:57.167172661Z,1783798737167,2962,14,ok,
low-concurrency-20260711T193136.540788972Z,fair-c20,2026-07-11T19:38:57.194881485Z,1783798737194,2925,17,ok,
low-concurrency-20260711T193136.540788972Z,baseline-c20,2026-07-11T19:38:58.175678155Z,1783798738175,2972,16,ok,
low-concurrency-20260711T193136.540788972Z,fair-c20,2026-07-11T19:38:58.211837616Z,1783798738211,2947,18,ok,
low-concurrency-20260711T193136.540788972Z,baseline-c20,2026-07-11T19:38:59.165521269Z,1783798739165,2921,17,ok,
low-concurrency-20260711T193136.540788972Z,fair-c20,2026-07-11T19:38:59.200166589Z,1783798739200,2924,16,ok,
low-concurrency-20260711T193136.540788972Z,baseline-c20,2026-07-11T19:39:00.173659282Z,1783798740173,2922,17,ok,
low-concurrency-20260711T193136.540788972Z,fair-c20,2026-07-11T19:39:00.205465293Z,1783798740205,2916,13,ok,
low-concurrency-20260711T193136.540788972Z,baseline-c20,2026-07-11T19:39:01.174063428Z,1783798741174,2963,18,ok,
low-concurrency-20260711T193136.540788972Z,fair-c20,2026-07-11T19:39:01.204697803Z,1783798741204,2915,13,ok,
low-concurrency-20260711T193136.540788972Z,baseline-c20,2026-07-11T19:39:02.172020701Z,1783798742172,2927,16,ok,
low-concurrency-20260711T193136.540788972Z,fair-c20,2026-07-11T19:39:02.200950295Z,1783798742200,2925,16,ok,
low-concurrency-20260711T193136.540788972Z,baseline-c20,2026-07-11T19:39:03.164758965Z,1783798743164,2881,21,ok,
low-concurrency-20260711T193136.540788972Z,fair-c20,2026-07-11T19:39:03.193006151Z,1783798743193,2874,17,ok,
low-concurrency-20260711T193136.540788972Z,baseline-c20,2026-07-11T19:39:04.176286694Z,1783798744176,2915,16,ok,
low-concurrency-20260711T193136.540788972Z,fair-c20,2026-07-11T19:39:04.212859208Z,1783798744212,2918,16,ok,
low-concurrency-20260711T193136.540788972Z,baseline-c20,2026-07-11T19:39:05.164353832Z,1783798745164,2907,17,ok,
low-concurrency-20260711T193136.540788972Z,fair-c20,2026-07-11T19:39:05.190662508Z,1783798745190,2868,18,ok,
low-concurrency-20260711T193136.540788972Z,baseline-c20,2026-07-11T19:39:06.165839505Z,1783798746165,2922,16,ok,
low-concurrency-20260711T193136.540788972Z,fair-c20,2026-07-11T19:39:06.194760413Z,1783798746194,2958,15,ok,
low-concurrency-20260711T193136.540788972Z,baseline-c20,2026-07-11T19:39:07.164067172Z,1783798747164,2895,14,ok,
low-concurrency-20260711T193136.540788972Z,fair-c20,2026-07-11T19:39:07.196145933Z,1783798747196,2858,15,ok,
low-concurrency-20260711T193136.540788972Z,baseline-c20,2026-07-11T19:39:08.166828885Z,1783798748166,2867,18,ok,
low-concurrency-20260711T193136.540788972Z,fair-c20,2026-07-11T19:39:08.200293807Z,1783798748200,2888,19,ok,
low-concurrency-20260711T193136.540788972Z,baseline-c20,2026-07-11T19:39:09.166196811Z,1783798749166,2951,17,ok,
low-concurrency-20260711T193136.540788972Z,fair-c20,2026-07-11T19:39:09.195631501Z,1783798749195,2867,18,ok,
low-concurrency-20260711T193136.540788972Z,baseline-c20,2026-07-11T19:39:10.167618112Z,1783798750167,2861,12,ok,
low-concurrency-20260711T193136.540788972Z,fair-c20,2026-07-11T19:39:10.199901934Z,1783798750199,2858,14,ok,
low-concurrency-20260711T193136.540788972Z,baseline-c20,2026-07-11T19:39:11.18109614Z,1783798751181,2852,17,ok,
low-concurrency-20260711T193136.540788972Z,fair-c20,2026-07-11T19:39:11.215578262Z,1783798751215,2848,14,ok,
low-concurrency-20260711T193136.540788972Z,baseline-c20,2026-07-11T19:39:12.170850324Z,1783798752170,2861,13,ok,
low-concurrency-20260711T193136.540788972Z,fair-c20,2026-07-11T19:39:12.202819939Z,1783798752202,2814,17,ok,
low-concurrency-20260711T193136.540788972Z,baseline-c20,2026-07-11T19:39:13.1697255Z,1783798753169,2865,19,ok,
low-concurrency-20260711T193136.540788972Z,fair-c20,2026-07-11T19:39:13.200770779Z,1783798753200,2841,16,ok,
low-concurrency-20260711T193136.540788972Z,baseline-c20,2026-07-11T19:39:14.166010507Z,1783798754166,2851,17,ok,
low-concurrency-20260711T193136.540788972Z,fair-c20,2026-07-11T19:39:14.194029044Z,1783798754194,2820,17,ok,
low-concurrency-20260711T193136.540788972Z,baseline-c20,2026-07-11T19:39:15.172130773Z,1783798755172,2840,15,ok,
low-concurrency-20260711T193136.540788972Z,fair-c20,2026-07-11T19:39:15.200235476Z,1783798755200,2829,14,ok,
low-concurrency-20260711T193136.540788972Z,baseline-c20,2026-07-11T19:39:16.166414079Z,1783798756166,2809,16,ok,
low-concurrency-20260711T193136.540788972Z,fair-c20,2026-07-11T19:39:16.194987029Z,1783798756194,2815,17,ok,
low-concurrency-20260711T193136.540788972Z,baseline-c20,2026-07-11T19:39:17.163265342Z,1783798757163,2808,16,ok,
low-concurrency-20260711T193136.540788972Z,fair-c20,2026-07-11T19:39:17.194050859Z,1783798757194,2804,14,ok,
low-concurrency-20260711T193136.540788972Z,baseline-c20,2026-07-11T19:39:18.166092329Z,1783798758166,2882,20,ok,
low-concurrency-20260711T193136.540788972Z,fair-c20,2026-07-11T19:39:18.195612727Z,1783798758195,2835,20,ok,
low-concurrency-20260711T193136.540788972Z,baseline-c20,2026-07-11T19:39:19.168545719Z,1783798759168,2784,13,ok,
low-concurrency-20260711T193136.540788972Z,fair-c20,2026-07-11T19:39:19.200365254Z,1783798759200,2796,13,ok,
low-concurrency-20260711T193136.540788972Z,baseline-c20,2026-07-11T19:39:20.167356331Z,1783798760167,2803,18,ok,
low-concurrency-20260711T193136.540788972Z,fair-c20,2026-07-11T19:39:20.205401231Z,1783798760205,2804,14,ok,
low-concurrency-20260711T193136.540788972Z,baseline-c20,2026-07-11T19:39:21.172709089Z,1783798761172,2807,16,ok,
low-concurrency-20260711T193136.540788972Z,fair-c20,2026-07-11T19:39:21.204227943Z,1783798761204,2790,9,ok,
low-concurrency-20260711T193136.540788972Z,baseline-c20,2026-07-11T19:39:22.177465985Z,1783798762177,2765,18,ok,
low-concurrency-20260711T193136.540788972Z,fair-c20,2026-07-11T19:39:22.209804171Z,1783798762209,2795,13,ok,
low-concurrency-20260711T193136.540788972Z,baseline-c20,2026-07-11T19:39:23.16733423Z,1783798763167,2802,18,ok,
low-concurrency-20260711T193136.540788972Z,fair-c20,2026-07-11T19:39:23.196234499Z,1783798763196,2815,17,ok,
low-concurrency-20260711T193136.540788972Z,baseline-c20,2026-07-11T19:39:24.172356321Z,1783798764172,2784,12,ok,
low-concurrency-20260711T193136.540788972Z,fair-c20,2026-07-11T19:39:24.200891349Z,1783798764200,2748,18,ok,
low-concurrency-20260711T193136.540788972Z,baseline-c20,2026-07-11T19:39:25.168329876Z,1783798765168,2746,14,ok,
low-concurrency-20260711T193136.540788972Z,fair-c20,2026-07-11T19:39:25.19465629Z,1783798765194,2754,18,ok,
low-concurrency-20260711T193136.540788972Z,baseline-c20,2026-07-11T19:39:26.170596202Z,1783798766170,2745,15,ok,
low-concurrency-20260711T193136.540788972Z,fair-c20,2026-07-11T19:39:26.201249065Z,1783798766201,2754,18,ok,
low-concurrency-20260711T193136.540788972Z,baseline-c20,2026-07-11T19:39:27.16692684Z,1783798767166,2765,20,ok,
low-concurrency-20260711T193136.540788972Z,fair-c20,2026-07-11T19:39:27.193499863Z,1783798767193,2778,13,ok,
low-concurrency-20260711T193136.540788972Z,baseline-c20,2026-07-11T19:39:28.166080012Z,1783798768166,2818,19,ok,
low-concurrency-20260711T193136.540788972Z,fair-c20,2026-07-11T19:39:28.194994909Z,1783798768194,2748,18,ok,
low-concurrency-20260711T193136.540788972Z,baseline-c20,2026-07-11T19:39:29.173166421Z,1783798769173,2751,15,ok,
low-concurrency-20260711T193136.540788972Z,fair-c20,2026-07-11T19:39:29.203021495Z,1783798769203,2821,18,ok,
low-concurrency-20260711T193136.540788972Z,baseline-c20,2026-07-11T19:39:30.166465256Z,1783798770166,2746,14,ok,
low-concurrency-20260711T193136.540788972Z,fair-c20,2026-07-11T19:39:30.202819075Z,1783798770202,2761,21,ok,
low-concurrency-20260711T193136.540788972Z,baseline-c20,2026-07-11T19:39:31.173725112Z,1783798771173,2714,17,ok,
low-concurrency-20260711T193136.540788972Z,fair-c20,2026-07-11T19:39:31.201118951Z,1783798771201,2716,21,ok,
low-concurrency-20260711T193136.540788972Z,baseline-c20,2026-07-11T19:39:32.165825294Z,1783798772165,2703,13,ok,
low-concurrency-20260711T193136.540788972Z,fair-c20,2026-07-11T19:39:32.197161528Z,1783798772197,2754,21,ok,
low-concurrency-20260711T193136.540788972Z,baseline-c20,2026-07-11T19:39:33.166284792Z,1783798773166,2868,19,ok,
low-concurrency-20260711T193136.540788972Z,fair-c20,2026-07-11T19:39:33.197334127Z,1783798773197,2694,18,ok,
low-concurrency-20260711T193136.540788972Z,baseline-c20,2026-07-11T19:39:34.16477917Z,1783798774164,2723,19,ok,
low-concurrency-20260711T193136.540788972Z,fair-c20,2026-07-11T19:39:34.193541977Z,1783798774193,2715,20,ok,
low-concurrency-20260711T193136.540788972Z,baseline-c20,2026-07-11T19:39:35.165548945Z,1783798775165,2708,16,ok,
low-concurrency-20260711T193136.540788972Z,fair-c20,2026-07-11T19:39:35.195021493Z,1783798775195,2670,16,ok,
low-concurrency-20260711T193136.540788972Z,baseline-c20,2026-07-11T19:39:36.172791549Z,1783798776172,2688,14,ok,
low-concurrency-20260711T193136.540788972Z,fair-c20,2026-07-11T19:39:36.203726203Z,1783798776203,2743,15,ok,
low-concurrency-20260711T193136.540788972Z,baseline-c20,2026-07-11T19:39:37.168095908Z,1783798777168,2720,18,ok,
low-concurrency-20260711T193136.540788972Z,fair-c20,2026-07-11T19:39:37.200133857Z,1783798777200,2682,14,ok,
low-concurrency-20260711T193136.540788972Z,baseline-c20,2026-07-11T19:39:38.165933297Z,1783798778165,2689,13,ok,
low-concurrency-20260711T193136.540788972Z,fair-c20,2026-07-11T19:39:38.195361454Z,1783798778195,2669,15,ok,
low-concurrency-20260711T193136.540788972Z,baseline-c20,2026-07-11T19:39:39.165486884Z,1783798779165,2683,19,ok,
low-concurrency-20260711T193136.540788972Z,fair-c20,2026-07-11T19:39:39.195727947Z,1783798779195,2682,16,ok,
low-concurrency-20260711T193136.540788972Z,baseline-c20,2026-07-11T19:39:40.164849482Z,1783798780164,2701,15,ok,
low-concurrency-20260711T193136.540788972Z,fair-c20,2026-07-11T19:39:40.192375837Z,1783798780192,2638,17,ok,
low-concurrency-20260711T193136.540788972Z,baseline-c20,2026-07-11T19:39:41.172617948Z,1783798781172,2689,15,ok,
low-concurrency-20260711T193136.540788972Z,fair-c20,2026-07-11T19:39:41.217324079Z,1783798781217,2638,17,ok,
low-concurrency-20260711T193136.540788972Z,baseline-c20,2026-07-11T19:39:42.165909232Z,1783798782165,2683,19,ok,
low-concurrency-20260711T193136.540788972Z,fair-c20,2026-07-11T19:39:42.196179761Z,1783798782196,2657,21,ok,
low-concurrency-20260711T193136.540788972Z,baseline-c20,2026-07-11T19:39:43.164733025Z,1783798783164,2668,14,ok,
low-concurrency-20260711T193136.540788972Z,fair-c20,2026-07-11T19:39:43.197417947Z,1783798783197,2701,17,ok,
low-concurrency-20260711T193136.540788972Z,baseline-c20,2026-07-11T19:39:44.211429605Z,1783798784211,2707,17,ok,
low-concurrency-20260711T193136.540788972Z,fair-c20,2026-07-11T19:39:44.432310081Z,1783798784432,2621,15,ok,
low-concurrency-20260711T193136.540788972Z,baseline-c20,2026-07-11T19:39:45.283223445Z,1783798785283,2637,16,ok,
low-concurrency-20260711T193136.540788972Z,fair-c20,2026-07-11T19:39:45.3128614Z,1783798785312,2638,16,ok,
low-concurrency-20260711T193136.540788972Z,baseline-c20,2026-07-11T19:39:46.171233668Z,1783798786171,2642,15,ok,
low-concurrency-20260711T193136.540788972Z,fair-c20,2026-07-11T19:39:46.223848751Z,1783798786223,2626,13,ok,
low-concurrency-20260711T193136.540788972Z,baseline-c20,2026-07-11T19:39:47.173118871Z,1783798787173,2623,17,ok,
low-concurrency-20260711T193136.540788972Z,fair-c20,2026-07-11T19:39:47.203233333Z,1783798787203,2603,18,ok,
low-concurrency-20260711T193136.540788972Z,baseline-c20,2026-07-11T19:39:48.16670751Z,1783798788166,2627,18,ok,
low-concurrency-20260711T193136.540788972Z,fair-c20,2026-07-11T19:39:48.197118553Z,1783798788197,2620,15,ok,
low-concurrency-20260711T193136.540788972Z,baseline-c20,2026-07-11T19:39:49.165966007Z,1783798789165,2622,17,ok,
low-concurrency-20260711T193136.540788972Z,fair-c20,2026-07-11T19:39:49.198628118Z,1783798789198,2586,14,ok,
low-concurrency-20260711T193136.540788972Z,baseline-c20,2026-07-11T19:39:50.175520876Z,1783798790175,2637,16,ok,
low-concurrency-20260711T193136.540788972Z,fair-c20,2026-07-11T19:39:50.211918693Z,1783798790211,2616,14,ok,
low-concurrency-20260711T193136.540788972Z,baseline-c20,2026-07-11T19:39:51.16679217Z,1783798791166,2622,19,ok,
low-concurrency-20260711T193136.540788972Z,fair-c20,2026-07-11T19:39:51.196517645Z,1783798791196,2614,17,ok,
low-concurrency-20260711T193136.540788972Z,baseline-c20,2026-07-11T19:39:52.174556655Z,1783798792174,2584,17,ok,
low-concurrency-20260711T193136.540788972Z,fair-c20,2026-07-11T19:39:52.205288646Z,1783798792205,2587,15,ok,
low-concurrency-20260711T193136.540788972Z,baseline-c20,2026-07-11T19:39:53.171467419Z,1783798793171,2627,19,ok,
low-concurrency-20260711T193136.540788972Z,fair-c20,2026-07-11T19:39:53.200889686Z,1783798793200,2561,21,ok,
low-concurrency-20260711T193136.540788972Z,baseline-c20,2026-07-11T19:39:54.179783346Z,1783798794179,2564,20,ok,
low-concurrency-20260711T193136.540788972Z,fair-c20,2026-07-11T19:39:54.209462313Z,1783798794209,2562,19,ok,
low-concurrency-20260711T193136.540788972Z,baseline-c20,2026-07-11T19:39:55.173892268Z,1783798795173,2712,16,ok,
low-concurrency-20260711T193136.540788972Z,fair-c20,2026-07-11T19:39:55.204387874Z,1783798795204,2625,12,ok,
low-concurrency-20260711T193136.540788972Z,baseline-c20,2026-07-11T19:39:56.173230567Z,1783798796173,2549,19,ok,
low-concurrency-20260711T193136.540788972Z,fair-c20,2026-07-11T19:39:56.208455476Z,1783798796208,2586,12,ok,
low-concurrency-20260711T193136.540788972Z,baseline-c20,2026-07-11T19:39:57.169826655Z,1783798797169,2563,18,ok,
low-concurrency-20260711T193136.540788972Z,fair-c20,2026-07-11T19:39:57.199317042Z,1783798797199,2561,20,ok,
low-concurrency-20260711T193136.540788972Z,baseline-c20,2026-07-11T19:39:58.174068443Z,1783798798174,2563,20,ok,
low-concurrency-20260711T193136.540788972Z,fair-c20,2026-07-11T19:39:58.201982418Z,1783798798201,2571,23,ok,
low-concurrency-20260711T193136.540788972Z,baseline-c20,2026-07-11T19:39:59.165827815Z,1783798799165,2565,17,ok,
low-concurrency-20260711T193136.540788972Z,fair-c20,2026-07-11T19:39:59.198068434Z,1783798799198,2528,20,ok,
low-concurrency-20260711T193136.540788972Z,baseline-c20,2026-07-11T19:40:00.166991606Z,1783798800166,2536,17,ok,
low-concurrency-20260711T193136.540788972Z,fair-c20,2026-07-11T19:40:00.194873324Z,1783798800194,2537,17,ok,
low-concurrency-20260711T193136.540788972Z,baseline-c20,2026-07-11T19:40:01.175370024Z,1783798801175,2649,16,ok,
low-concurrency-20260711T193136.540788972Z,fair-c20,2026-07-11T19:40:01.205050841Z,1783798801205,2522,20,ok,
low-concurrency-20260711T193136.540788972Z,baseline-c20,2026-07-11T19:40:02.173454633Z,1783798802173,2551,17,ok,
low-concurrency-20260711T193136.540788972Z,fair-c20,2026-07-11T19:40:02.204094273Z,1783798802204,2514,18,ok,
low-concurrency-20260711T193136.540788972Z,baseline-c20,2026-07-11T19:40:03.172504529Z,1783798803172,2585,15,ok,
low-concurrency-20260711T193136.540788972Z,fair-c20,2026-07-11T19:40:03.204993865Z,1783798803204,2529,20,ok,
low-concurrency-20260711T193136.540788972Z,baseline-c20,2026-07-11T19:40:04.174272245Z,1783798804174,2515,15,ok,
low-concurrency-20260711T193136.540788972Z,fair-c20,2026-07-11T19:40:04.212376013Z,1783798804212,2484,20,ok,
low-concurrency-20260711T193136.540788972Z,baseline-c20,2026-07-11T19:43:48.977728126Z,1783799028977,632,19,ok,
low-concurrency-20260711T193136.540788972Z,fair-c20,2026-07-11T19:43:49.010386552Z,1783799029010,712,15,ok,
low-concurrency-20260711T193136.540788972Z,baseline-c20,2026-07-11T19:43:49.041223068Z,1783799029041,802,18,ok,
low-concurrency-20260711T193136.540788972Z,fair-c20,2026-07-11T19:43:49.084650521Z,1783799029084,630,19,ok,
low-concurrency-20260711T193136.540788972Z,baseline-c20,2026-07-11T19:43:49.674129406Z,1783799029674,632,19,ok,
low-concurrency-20260711T193136.540788972Z,fair-c20,2026-07-11T19:43:49.732787704Z,1783799029732,627,19,ok,
low-concurrency-20260711T193136.540788972Z,baseline-c20,2026-07-11T19:43:50.692378093Z,1783799030692,627,16,ok,
low-concurrency-20260711T193136.540788972Z,fair-c20,2026-07-11T19:43:50.728099374Z,1783799030728,1092,20,ok,
low-concurrency-20260711T193136.540788972Z,baseline-c20,2026-07-11T19:43:51.675750205Z,1783799031675,623,13,ok,
low-concurrency-20260711T193136.540788972Z,fair-c20,2026-07-11T19:43:51.707633115Z,1783799031707,618,15,ok,
low-concurrency-20260711T193136.540788972Z,baseline-c20,2026-07-11T19:43:52.675152343Z,1783799032675,627,16,ok,
low-concurrency-20260711T193136.540788972Z,fair-c20,2026-07-11T19:43:52.709515435Z,1783799032709,634,17,ok,
low-concurrency-20260711T193136.540788972Z,baseline-c20,2026-07-11T19:43:53.674053804Z,1783799033674,610,14,ok,
low-concurrency-20260711T193136.540788972Z,fair-c20,2026-07-11T19:43:53.708337385Z,1783799033708,606,19,ok,
low-concurrency-20260711T193136.540788972Z,baseline-c20,2026-07-11T19:43:54.672839387Z,1783799034672,627,16,ok,
low-concurrency-20260711T193136.540788972Z,fair-c20,2026-07-11T19:43:54.707340293Z,1783799034707,619,14,ok,
low-concurrency-20260711T193136.540788972Z,baseline-c20,2026-07-11T19:43:55.673301598Z,1783799035673,627,16,ok,
low-concurrency-20260711T193136.540788972Z,fair-c20,2026-07-11T19:43:55.707025787Z,1783799035707,628,18,ok,
low-concurrency-20260711T193136.540788972Z,baseline-c20,2026-07-11T19:43:56.671462505Z,1783799036671,610,14,ok,
low-concurrency-20260711T193136.540788972Z,fair-c20,2026-07-11T19:43:56.716010551Z,1783799036716,622,17,ok,
low-concurrency-20260711T193136.540788972Z,baseline-c20,2026-07-11T19:43:57.67646794Z,1783799037676,628,17,ok,
low-concurrency-20260711T193136.540788972Z,fair-c20,2026-07-11T19:43:57.708551683Z,1783799037708,630,15,ok,
low-concurrency-20260711T193136.540788972Z,baseline-c20,2026-07-11T19:43:58.677462697Z,1783799038677,624,16,ok,
low-concurrency-20260711T193136.540788972Z,fair-c20,2026-07-11T19:43:58.705385997Z,1783799038705,615,16,ok,
low-concurrency-20260711T193136.540788972Z,baseline-c20,2026-07-11T19:43:59.671909459Z,1783799039671,583,13,ok,
low-concurrency-20260711T193136.540788972Z,fair-c20,2026-07-11T19:43:59.704795339Z,1783799039704,571,19,ok,
low-concurrency-20260711T193136.540788972Z,baseline-c20,2026-07-11T19:44:00.683521491Z,1783799040683,632,19,ok,
low-concurrency-20260711T193136.540788972Z,fair-c20,2026-07-11T19:44:00.715835718Z,1783799040715,573,18,ok,
low-concurrency-20260711T193136.540788972Z,baseline-c20,2026-07-11T19:44:01.677367036Z,1783799041677,633,21,ok,
low-concurrency-20260711T193136.540788972Z,fair-c20,2026-07-11T19:44:01.70976883Z,1783799041709,604,20,ok,
low-concurrency-20260711T193136.540788972Z,baseline-c20,2026-07-11T19:44:02.671238753Z,1783799042671,611,17,ok,
low-concurrency-20260711T193136.540788972Z,fair-c20,2026-07-11T19:44:02.698952219Z,1783799042698,570,17,ok,
low-concurrency-20260711T193136.540788972Z,baseline-c20,2026-07-11T19:44:03.672533248Z,1783799043672,585,18,ok,
low-concurrency-20260711T193136.540788972Z,fair-c20,2026-07-11T19:44:03.700297566Z,1783799043700,579,17,ok,
low-concurrency-20260711T193136.540788972Z,baseline-c20,2026-07-11T19:44:04.672130686Z,1783799044672,567,20,ok,
low-concurrency-20260711T193136.540788972Z,fair-c20,2026-07-11T19:44:04.713524263Z,1783799044713,631,19,ok,
low-concurrency-20260711T193136.540788972Z,baseline-c20,2026-07-11T19:44:05.678160529Z,1783799045678,561,15,ok,
low-concurrency-20260711T193136.540788972Z,fair-c20,2026-07-11T19:44:05.708127965Z,1783799045708,582,18,ok,
low-concurrency-20260711T193136.540788972Z,baseline-c20,2026-07-11T19:44:06.680808013Z,1783799046680,548,18,ok,
low-concurrency-20260711T193136.540788972Z,fair-c20,2026-07-11T19:44:06.712176018Z,1783799046712,590,17,ok,
low-concurrency-20260711T193136.540788972Z,baseline-c20,2026-07-11T19:44:07.680267905Z,1783799047680,548,15,ok,
low-concurrency-20260711T193136.540788972Z,fair-c20,2026-07-11T19:44:07.710058138Z,1783799047710,538,18,ok,
low-concurrency-20260711T193136.540788972Z,baseline-c20,2026-07-11T19:44:08.674089617Z,1783799048674,560,17,ok,
low-concurrency-20260711T193136.540788972Z,fair-c20,2026-07-11T19:44:08.702551998Z,1783799048702,570,17,ok,
low-concurrency-20260711T193136.540788972Z,baseline-c20,2026-07-11T19:44:09.677974136Z,1783799049677,567,21,ok,
low-concurrency-20260711T193136.540788972Z,fair-c20,2026-07-11T19:44:09.705875226Z,1783799049705,531,16,ok,
low-concurrency-20260711T193136.540788972Z,baseline-c20,2026-07-11T19:44:10.673099484Z,1783799050673,554,17,ok,
low-concurrency-20260711T193136.540788972Z,fair-c20,2026-07-11T19:44:10.70228847Z,1783799050702,527,18,ok,
low-concurrency-20260711T193136.540788972Z,baseline-c20,2026-07-11T19:44:11.672147314Z,1783799051672,502,22,ok,
low-concurrency-20260711T193136.540788972Z,fair-c20,2026-07-11T19:44:11.700860598Z,1783799051700,500,14,ok,
low-concurrency-20260711T193136.540788972Z,baseline-c20,2026-07-11T19:44:12.67271762Z,1783799052672,582,16,ok,
low-concurrency-20260711T193136.540788972Z,fair-c20,2026-07-11T19:44:12.700036911Z,1783799052700,500,14,ok,
low-concurrency-20260711T193136.540788972Z,baseline-c20,2026-07-11T19:44:13.670839014Z,1783799053670,510,18,ok,
low-concurrency-20260711T193136.540788972Z,fair-c20,2026-07-11T19:44:13.702656058Z,1783799053702,525,18,ok,
low-concurrency-20260711T193136.540788972Z,baseline-c20,2026-07-11T19:44:14.672300168Z,1783799054672,516,16,ok,
low-concurrency-20260711T193136.540788972Z,fair-c20,2026-07-11T19:44:14.699754137Z,1783799054699,500,18,ok,
low-concurrency-20260711T193136.540788972Z,baseline-c20,2026-07-11T19:44:15.677507361Z,1783799055677,489,18,ok,
low-concurrency-20260711T193136.540788972Z,fair-c20,2026-07-11T19:44:15.711183276Z,1783799055711,498,18,ok,
low-concurrency-20260711T193136.540788972Z,baseline-c20,2026-07-11T19:44:16.672950949Z,1783799056672,502,20,ok,
low-concurrency-20260711T193136.540788972Z,fair-c20,2026-07-11T19:44:16.7034187Z,1783799056703,520,15,ok,
low-concurrency-20260711T193136.540788972Z,baseline-c20,2026-07-11T19:44:17.673442209Z,1783799057673,489,17,ok,
low-concurrency-20260711T193136.540788972Z,fair-c20,2026-07-11T19:44:17.708418016Z,1783799057708,539,15,ok,
low-concurrency-20260711T193136.540788972Z,baseline-c20,2026-07-11T19:44:18.67293402Z,1783799058672,476,14,ok,
low-concurrency-20260711T193136.540788972Z,fair-c20,2026-07-11T19:44:18.700332655Z,1783799058700,461,16,ok,
low-concurrency-20260711T193136.540788972Z,baseline-c20,2026-07-11T19:44:19.675718424Z,1783799059675,446,18,ok,
low-concurrency-20260711T193136.540788972Z,fair-c20,2026-07-11T19:44:19.706908192Z,1783799059706,459,18,ok,
low-concurrency-20260711T193136.540788972Z,baseline-c20,2026-07-11T19:44:20.67265098Z,1783799060672,510,16,ok,
low-concurrency-20260711T193136.540788972Z,fair-c20,2026-07-11T19:44:20.702250626Z,1783799060702,553,17,ok,
low-concurrency-20260711T193136.540788972Z,baseline-c20,2026-07-11T19:44:21.68038019Z,1783799061680,443,15,ok,
low-concurrency-20260711T193136.540788972Z,fair-c20,2026-07-11T19:44:21.713091343Z,1783799061713,461,18,ok,
low-concurrency-20260711T193136.540788972Z,baseline-c20,2026-07-11T19:44:22.680993022Z,1783799062680,446,17,ok,
low-concurrency-20260711T193136.540788972Z,fair-c20,2026-07-11T19:44:22.707895233Z,1783799062707,506,17,ok,
low-concurrency-20260711T193136.540788972Z,baseline-c20,2026-07-11T19:44:23.673441987Z,1783799063673,465,16,ok,
low-concurrency-20260711T193136.540788972Z,fair-c20,2026-07-11T19:44:23.706270919Z,1783799063706,436,17,ok,
low-concurrency-20260711T193136.540788972Z,baseline-c20,2026-07-11T19:44:24.672067219Z,1783799064672,425,14,ok,
low-concurrency-20260711T193136.540788972Z,fair-c20,2026-07-11T19:44:24.706042813Z,1783799064706,478,18,ok,
low-concurrency-20260711T193136.540788972Z,baseline-c20,2026-07-11T19:44:25.671820159Z,1783799065671,445,18,ok,
low-concurrency-20260711T193136.540788972Z,fair-c20,2026-07-11T19:44:25.701715757Z,1783799065701,453,18,ok,
low-concurrency-20260711T193136.540788972Z,baseline-c20,2026-07-11T19:44:26.672824729Z,1783799066672,424,15,ok,
low-concurrency-20260711T193136.540788972Z,fair-c20,2026-07-11T19:44:26.703729334Z,1783799066703,468,17,ok,
low-concurrency-20260711T193136.540788972Z,baseline-c20,2026-07-11T19:44:27.672575359Z,1783799067672,489,16,ok,
low-concurrency-20260711T193136.540788972Z,fair-c20,2026-07-11T19:44:27.704143811Z,1783799067704,409,14,ok,
low-concurrency-20260711T193136.540788972Z,baseline-c20,2026-07-11T19:44:28.672536024Z,1783799068672,400,18,ok,
low-concurrency-20260711T193136.540788972Z,fair-c20,2026-07-11T19:44:28.701749998Z,1783799068701,408,14,ok,
low-concurrency-20260711T193136.540788972Z,baseline-c20,2026-07-11T19:44:29.678370251Z,1783799069678,477,14,ok,
low-concurrency-20260711T193136.540788972Z,fair-c20,2026-07-11T19:44:29.717878485Z,1783799069717,436,15,ok,
low-concurrency-20260711T193136.540788972Z,baseline-c20,2026-07-11T19:44:30.673285875Z,1783799070673,426,15,ok,
low-concurrency-20260711T193136.540788972Z,fair-c20,2026-07-11T19:44:30.702362572Z,1783799070702,404,13,ok,
low-concurrency-20260711T193136.540788972Z,baseline-c20,2026-07-11T19:44:31.682484972Z,1783799071682,389,14,ok,
low-concurrency-20260711T193136.540788972Z,fair-c20,2026-07-11T19:44:31.714996891Z,1783799071714,380,19,ok,
low-concurrency-20260711T193136.540788972Z,baseline-c20,2026-07-11T19:44:32.671888316Z,1783799072671,380,13,ok,
low-concurrency-20260711T193136.540788972Z,fair-c20,2026-07-11T19:44:32.703406633Z,1783799072703,421,18,ok,
low-concurrency-20260711T193136.540788972Z,baseline-c20,2026-07-11T19:44:33.673205484Z,1783799073673,443,16,ok,
low-concurrency-20260711T193136.540788972Z,fair-c20,2026-07-11T19:44:33.707938186Z,1783799073707,431,17,ok,
low-concurrency-20260711T193136.540788972Z,baseline-c20,2026-07-11T19:44:34.671139707Z,1783799074671,400,18,ok,
low-concurrency-20260711T193136.540788972Z,fair-c20,2026-07-11T19:44:34.701137332Z,1783799074701,367,18,ok,
low-concurrency-20260711T193136.540788972Z,baseline-c20,2026-07-11T19:44:35.673849882Z,1783799075673,383,15,ok,
low-concurrency-20260711T193136.540788972Z,fair-c20,2026-07-11T19:44:35.706767005Z,1783799075706,412,13,ok,
low-concurrency-20260711T193136.540788972Z,baseline-c20,2026-07-11T19:44:36.670386555Z,1783799076670,414,15,ok,
low-concurrency-20260711T193136.540788972Z,fair-c20,2026-07-11T19:44:36.70562898Z,1783799076705,410,14,ok,
low-concurrency-20260711T193136.540788972Z,baseline-c20,2026-07-11T19:44:37.675523749Z,1783799077675,383,12,ok,
low-concurrency-20260711T193136.540788972Z,fair-c20,2026-07-11T19:44:37.70963178Z,1783799077709,404,12,ok,
low-concurrency-20260711T193136.540788972Z,baseline-c20,2026-07-11T19:44:38.670320788Z,1783799078670,343,19,ok,
low-concurrency-20260711T193136.540788972Z,fair-c20,2026-07-11T19:44:38.697888264Z,1783799078697,365,19,ok,
low-concurrency-20260711T193136.540788972Z,baseline-c20,2026-07-11T19:44:39.673965549Z,1783799079673,362,20,ok,
low-concurrency-20260711T193136.540788972Z,fair-c20,2026-07-11T19:44:39.710600049Z,1783799079710,345,16,ok,
low-concurrency-20260711T193136.540788972Z,baseline-c20,2026-07-11T19:44:40.675103054Z,1783799080675,356,18,ok,
low-concurrency-20260711T193136.540788972Z,fair-c20,2026-07-11T19:44:40.70491579Z,1783799080704,335,17,ok,
low-concurrency-20260711T193136.540788972Z,baseline-c20,2026-07-11T19:44:41.680726158Z,1783799081680,389,16,ok,
low-concurrency-20260711T193136.540788972Z,fair-c20,2026-07-11T19:44:41.711093299Z,1783799081711,381,18,ok,
low-concurrency-20260711T193136.540788972Z,baseline-c20,2026-07-11T19:44:42.672803852Z,1783799082672,341,14,ok,
low-concurrency-20260711T193136.540788972Z,fair-c20,2026-07-11T19:44:42.704224558Z,1783799082704,323,15,ok,
low-concurrency-20260711T193136.540788972Z,baseline-c20,2026-07-11T19:44:43.675899879Z,1783799083675,323,20,ok,
low-concurrency-20260711T193136.540788972Z,fair-c20,2026-07-11T19:44:43.703362623Z,1783799083703,307,15,ok,
low-concurrency-20260711T193136.540788972Z,baseline-c20,2026-07-11T19:44:44.67297773Z,1783799084672,312,13,ok,
low-concurrency-20260711T193136.540788972Z,fair-c20,2026-07-11T19:44:44.706080487Z,1783799084706,337,15,ok,
low-concurrency-20260711T193136.540788972Z,baseline-c20,2026-07-11T19:44:45.673405065Z,1783799085673,342,18,ok,
low-concurrency-20260711T193136.540788972Z,fair-c20,2026-07-11T19:44:45.705986214Z,1783799085705,284,16,ok,
low-concurrency-20260711T193136.540788972Z,baseline-c20,2026-07-11T19:44:46.672781775Z,1783799086672,316,20,ok,
low-concurrency-20260711T193136.540788972Z,fair-c20,2026-07-11T19:44:46.70608749Z,1783799086706,324,14,ok,
low-concurrency-20260711T193136.540788972Z,baseline-c20,2026-07-11T19:44:47.671934201Z,1783799087671,381,14,ok,
low-concurrency-20260711T193136.540788972Z,fair-c20,2026-07-11T19:44:47.702962936Z,1783799087702,306,18,ok,
low-concurrency-20260711T193136.540788972Z,baseline-c20,2026-07-11T19:44:48.675180475Z,1783799088675,312,14,ok,
low-concurrency-20260711T193136.540788972Z,fair-c20,2026-07-11T19:44:48.709489384Z,1783799088709,345,14,ok,
low-concurrency-20260711T193136.540788972Z,baseline-c20,2026-07-11T19:44:49.678931409Z,1783799089678,339,17,ok,
low-concurrency-20260711T193136.540788972Z,fair-c20,2026-07-11T19:44:49.710411583Z,1783799089710,266,15,ok,
low-concurrency-20260711T193136.540788972Z,baseline-c20,2026-07-11T19:44:50.672430898Z,1783799090672,280,16,ok,
low-concurrency-20260711T193136.540788972Z,fair-c20,2026-07-11T19:44:50.698085985Z,1783799090698,334,20,ok,
low-concurrency-20260711T193136.540788972Z,baseline-c20,2026-07-11T19:44:51.675609698Z,1783799091675,260,16,ok,
low-concurrency-20260711T193136.540788972Z,fair-c20,2026-07-11T19:44:51.706449439Z,1783799091706,247,17,ok,
low-concurrency-20260711T193136.540788972Z,baseline-c20,2026-07-11T19:44:52.673727427Z,1783799092673,260,15,ok,
low-concurrency-20260711T193136.540788972Z,fair-c20,2026-07-11T19:44:52.703171112Z,1783799092703,247,19,ok,
low-concurrency-20260711T193136.540788972Z,baseline-c20,2026-07-11T19:44:53.671587195Z,1783799093671,288,16,ok,
low-concurrency-20260711T193136.540788972Z,fair-c20,2026-07-11T19:44:53.701569576Z,1783799093701,358,15,ok,
low-concurrency-20260711T193136.540788972Z,baseline-c20,2026-07-11T19:44:54.674645342Z,1783799094674,321,22,ok,
low-concurrency-20260711T193136.540788972Z,fair-c20,2026-07-11T19:44:54.707336709Z,1783799094707,268,15,ok,
low-concurrency-20260711T193136.540788972Z,baseline-c20,2026-07-11T19:44:55.688051419Z,1783799095688,227,16,ok,
low-concurrency-20260711T193136.540788972Z,fair-c20,2026-07-11T19:44:55.717107989Z,1783799095717,223,18,ok,
low-concurrency-20260711T193136.540788972Z,baseline-c20,2026-07-11T19:44:56.679240641Z,1783799096679,271,20,ok,
low-concurrency-20260711T193136.540788972Z,fair-c20,2026-07-11T19:44:56.724195539Z,1783799096724,224,18,ok,
low-concurrency-20260711T193136.540788972Z,baseline-c20,2026-07-11T19:44:57.67056253Z,1783799097670,238,19,ok,
low-concurrency-20260711T193136.540788972Z,fair-c20,2026-07-11T19:44:57.700127465Z,1783799097700,224,15,ok,
low-concurrency-20260711T193136.540788972Z,baseline-c20,2026-07-11T19:44:58.67320627Z,1783799098673,281,17,ok,
low-concurrency-20260711T193136.540788972Z,fair-c20,2026-07-11T19:44:58.705304781Z,1783799098705,247,15,ok,
low-concurrency-20260711T193136.540788972Z,baseline-c20,2026-07-11T19:44:59.673758402Z,1783799099673,219,16,ok,
low-concurrency-20260711T193136.540788972Z,fair-c20,2026-07-11T19:44:59.706536564Z,1783799099706,224,15,ok,
low-concurrency-20260711T193136.540788972Z,baseline-c20,2026-07-11T19:45:00.675597081Z,1783799100675,219,16,ok,
low-concurrency-20260711T193136.540788972Z,fair-c20,2026-07-11T19:45:00.706039739Z,1783799100706,224,15,ok,
low-concurrency-20260711T193136.540788972Z,baseline-c20,2026-07-11T19:45:01.671945694Z,1783799101671,227,18,ok,
low-concurrency-20260711T193136.540788972Z,fair-c20,2026-07-11T19:45:01.701666114Z,1783799101701,272,16,ok,
low-concurrency-20260711T193136.540788972Z,baseline-c20,2026-07-11T19:45:02.672907896Z,1783799102672,260,16,ok,
low-concurrency-20260711T193136.540788972Z,fair-c20,2026-07-11T19:45:02.707119887Z,1783799102707,176,18,ok,
low-concurrency-20260711T193136.540788972Z,baseline-c20,2026-07-11T19:45:03.67317937Z,1783799103673,184,20,ok,
low-concurrency-20260711T193136.540788972Z,fair-c20,2026-07-11T19:45:03.706219994Z,1783799103706,195,15,ok,
low-concurrency-20260711T193136.540788972Z,baseline-c20,2026-07-11T19:45:04.67945127Z,1783799104679,202,20,ok,
low-concurrency-20260711T193136.540788972Z,fair-c20,2026-07-11T19:45:04.707934485Z,1783799104707,177,15,ok,
low-concurrency-20260711T193136.540788972Z,baseline-c20,2026-07-11T19:45:05.672653305Z,1783799105672,184,20,ok,
low-concurrency-20260711T193136.540788972Z,fair-c20,2026-07-11T19:45:05.70290569Z,1783799105702,154,17,ok,
low-concurrency-20260711T193136.540788972Z,baseline-c20,2026-07-11T19:45:06.678312705Z,1783799106678,173,18,ok,
low-concurrency-20260711T193136.540788972Z,fair-c20,2026-07-11T19:45:06.709506786Z,1783799106709,166,17,ok,
low-concurrency-20260711T193136.540788972Z,baseline-c20,2026-07-11T19:45:07.678662958Z,1783799107678,218,15,ok,
low-concurrency-20260711T193136.540788972Z,fair-c20,2026-07-11T19:45:07.705406812Z,1783799107705,195,17,ok,
low-concurrency-20260711T193136.540788972Z,baseline-c20,2026-07-11T19:45:08.670660172Z,1783799108670,237,17,ok,
low-concurrency-20260711T193136.540788972Z,fair-c20,2026-07-11T19:45:08.69737564Z,1783799108697,167,16,ok,
low-concurrency-20260711T193136.540788972Z,baseline-c20,2026-07-11T19:45:09.680376103Z,1783799109680,145,16,ok,
low-concurrency-20260711T193136.540788972Z,fair-c20,2026-07-11T19:45:09.708481247Z,1783799109708,176,17,ok,
low-concurrency-20260711T193136.540788972Z,baseline-c20,2026-07-11T19:45:10.670989826Z,1783799110670,160,17,ok,
low-concurrency-20260711T193136.540788972Z,fair-c20,2026-07-11T19:45:10.700502043Z,1783799110700,124,19,ok,
low-concurrency-20260711T193136.540788972Z,baseline-c20,2026-07-11T19:45:11.671827162Z,1783799111671,173,19,ok,
low-concurrency-20260711T193136.540788972Z,fair-c20,2026-07-11T19:45:11.697924244Z,1783799111697,259,18,ok,
low-concurrency-20260711T193136.540788972Z,baseline-c20,2026-07-11T19:45:12.672395326Z,1783799112672,183,19,ok,
low-concurrency-20260711T193136.540788972Z,fair-c20,2026-07-11T19:45:12.700778911Z,1783799112700,112,15,ok,
low-concurrency-20260711T193136.540788972Z,baseline-c20,2026-07-11T19:45:13.672315671Z,1783799113672,113,16,ok,
low-concurrency-20260711T193136.540788972Z,fair-c20,2026-07-11T19:45:13.700593404Z,1783799113700,182,18,ok,
low-concurrency-20260711T193136.540788972Z,baseline-c20,2026-07-11T19:45:14.672269707Z,1783799114672,137,15,ok,
low-concurrency-20260711T193136.540788972Z,fair-c20,2026-07-11T19:45:14.700026871Z,1783799114700,124,20,ok,
low-concurrency-20260711T193136.540788972Z,baseline-c20,2026-07-11T19:45:15.675451829Z,1783799115675,101,15,ok,
low-concurrency-20260711T193136.540788972Z,fair-c20,2026-07-11T19:45:15.708308315Z,1783799115708,153,20,ok,
low-concurrency-20260711T193136.540788972Z,baseline-c20,2026-07-11T19:45:16.676679386Z,1783799116676,124,19,ok,
low-concurrency-20260711T193136.540788972Z,fair-c20,2026-07-11T19:45:16.711972712Z,1783799116711,126,17,ok,
low-concurrency-20260711T193136.540788972Z,baseline-c20,2026-07-11T19:45:17.672062967Z,1783799117672,113,16,ok,
low-concurrency-20260711T193136.540788972Z,fair-c20,2026-07-11T19:45:17.704292661Z,1783799117704,130,17,ok,
low-concurrency-20260711T193136.540788972Z,baseline-c20,2026-07-11T19:45:18.672223836Z,1783799118672,101,16,ok,
low-concurrency-20260711T193136.540788972Z,fair-c20,2026-07-11T19:45:18.700569589Z,1783799118700,112,14,ok,
low-concurrency-20260711T193136.540788972Z,baseline-c20,2026-07-11T19:45:19.677783611Z,1783799119677,112,15,ok,
low-concurrency-20260711T193136.540788972Z,fair-c20,2026-07-11T19:45:19.704814876Z,1783799119704,86,20,ok,
low-concurrency-20260711T193136.540788972Z,baseline-c20,2026-07-11T19:45:20.674113053Z,1783799120674,269,18,ok,
low-concurrency-20260711T193136.540788972Z,fair-c20,2026-07-11T19:45:20.701357745Z,1783799120701,76,21,ok,
low-concurrency-20260711T193136.540788972Z,baseline-c20,2026-07-11T19:45:21.674478137Z,1783799121674,119,13,ok,
low-concurrency-20260711T193136.540788972Z,fair-c20,2026-07-11T19:45:21.702874503Z,1783799121702,66,15,ok,
low-concurrency-20260711T193136.540788972Z,baseline-c20,2026-07-11T19:45:22.672678498Z,1783799122672,71,14,ok,
low-concurrency-20260711T193136.540788972Z,fair-c20,2026-07-11T19:45:22.704936055Z,1783799122704,86,17,ok,
low-concurrency-20260711T193136.540788972Z,baseline-c20,2026-07-11T19:45:23.674990532Z,1783799123674,102,14,ok,
low-concurrency-20260711T193136.540788972Z,fair-c20,2026-07-11T19:45:23.709147177Z,1783799123709,76,18,ok,
low-concurrency-20260711T193136.540788972Z,baseline-c20,2026-07-11T19:45:24.674359841Z,1783799124674,47,16,ok,
low-concurrency-20260711T193136.540788972Z,fair-c20,2026-07-11T19:45:24.7055205Z,1783799124705,99,18,ok,
low-concurrency-20260711T193136.540788972Z,baseline-c20,2026-07-11T19:45:25.672319279Z,1783799125672,66,17,ok,
low-concurrency-20260711T193136.540788972Z,fair-c20,2026-07-11T19:45:25.706734171Z,1783799125706,27,17,ok,
low-concurrency-20260711T193136.540788972Z,baseline-c20,2026-07-11T19:45:26.672971542Z,1783799126672,47,16,ok,
low-concurrency-20260711T193136.540788972Z,fair-c20,2026-07-11T19:45:26.705216822Z,1783799126705,137,15,ok,
low-concurrency-20260711T193136.540788972Z,baseline-c20,2026-07-11T19:45:27.681094021Z,1783799127681,47,15,ok,
low-concurrency-20260711T193136.540788972Z,fair-c20,2026-07-11T19:45:27.716295007Z,1783799127716,36,19,ok,
low-concurrency-20260711T193136.540788972Z,baseline-c20,2026-07-11T19:45:28.67170341Z,1783799128671,143,16,ok,
low-concurrency-20260711T193136.540788972Z,fair-c20,2026-07-11T19:45:28.699861189Z,1783799128699,27,17,ok,
low-concurrency-20260711T193136.540788972Z,baseline-c20,2026-07-11T19:45:29.673406969Z,1783799129673,59,19,ok,
low-concurrency-20260711T193136.540788972Z,fair-c20,2026-07-11T19:45:29.702354742Z,1783799129702,38,18,ok,
low-concurrency-20260711T193136.540788972Z,baseline-c20,2026-07-11T19:45:30.670742068Z,1783799130670,47,18,ok,
low-concurrency-20260711T193136.540788972Z,fair-c20,2026-07-11T19:45:30.704045278Z,1783799130704,66,16,ok,
low-concurrency-20260711T193136.540788972Z,baseline-c20,2026-07-11T19:45:31.677978378Z,1783799131677,92,14,ok,
low-concurrency-20260711T193136.540788972Z,fair-c20,2026-07-11T19:45:31.706922729Z,1783799131706,35,18,ok,
low-concurrency-20260711T193136.540788972Z,baseline-c20,2026-07-11T19:45:32.676302755Z,1783799132676,8,17,ok,
low-concurrency-20260711T193136.540788972Z,fair-c20,2026-07-11T19:45:32.708888243Z,1783799132708,0,12,ok,
low-concurrency-20260711T193136.540788972Z,baseline-c20,2026-07-11T19:45:33.671284904Z,1783799133671,65,19,ok,
low-concurrency-20260711T193136.540788972Z,fair-c20,2026-07-11T19:45:33.700943134Z,1783799133700,2,3,ok,
low-concurrency-20260711T193136.540788972Z,baseline-c20,2026-07-11T19:45:34.673605497Z,1783799134673,71,15,ok,
low-concurrency-20260711T193136.540788972Z,fair-c20,2026-07-11T19:45:34.702622321Z,1783799134702,16,14,ok,
low-concurrency-20260711T193136.540788972Z,baseline-c20,2026-07-11T19:45:35.672981845Z,1783799135672,10,20,ok,
low-concurrency-20260711T193136.540788972Z,fair-c20,2026-07-11T19:45:35.703813924Z,1783799135703,0,3,ok,
low-concurrency-20260711T193136.540788972Z,baseline-c20,2026-07-11T19:45:36.679356918Z,1783799136679,1,4,ok,
low-concurrency-20260711T193136.540788972Z,fair-c20,2026-07-11T19:45:36.712840643Z,1783799136712,27,17,ok,
low-concurrency-20260711T193136.540788972Z,baseline-c20,2026-07-11T19:45:37.670574918Z,1783799137670,0,11,ok,
low-concurrency-20260711T193136.540788972Z,fair-c20,2026-07-11T19:45:37.697348732Z,1783799137697,0,3,ok,
low-concurrency-20260711T193136.540788972Z,baseline-c20,2026-07-11T19:45:38.675029583Z,1783799138675,7,18,ok,
low-concurrency-20260711T193136.540788972Z,fair-c20,2026-07-11T19:45:38.705614408Z,1783799138705,0,11,ok,
low-concurrency-20260711T193136.540788972Z,baseline-c20,2026-07-11T19:45:39.678378779Z,1783799139678,1,13,ok,
low-concurrency-20260711T193136.540788972Z,fair-c20,2026-07-11T19:45:39.70784779Z,1783799139707,71,19,ok,
low-concurrency-20260711T193136.540788972Z,baseline-c20,2026-07-11T19:45:40.671642886Z,1783799140671,0,3,ok,
low-concurrency-20260711T193136.540788972Z,fair-c20,2026-07-11T19:45:40.700423693Z,1783799140700,0,4,ok,
low-concurrency-20260711T193136.540788972Z,baseline-c20,2026-07-11T19:45:41.670866855Z,1783799141670,0,4,ok,
low-concurrency-20260711T193136.540788972Z,fair-c20,2026-07-11T19:45:41.700564262Z,1783799141700,0,6,ok,
low-concurrency-20260711T193136.540788972Z,baseline-c20,2026-07-11T19:45:42.670866574Z,1783799142670,0,4,ok,
low-concurrency-20260711T193136.540788972Z,fair-c20,2026-07-11T19:45:42.699106746Z,1783799142699,0,4,ok,
low-concurrency-20260711T193136.540788972Z,baseline-c20,2026-07-11T19:45:43.677660587Z,1783799143677,0,3,ok,
low-concurrency-20260711T193136.540788972Z,fair-c20,2026-07-11T19:45:43.705672212Z,1783799143705,0,5,ok,
low-concurrency-20260711T193136.540788972Z,baseline-c20,2026-07-11T19:45:44.672306759Z,1783799144672,0,4,ok,
low-concurrency-20260711T193136.540788972Z,fair-c20,2026-07-11T19:45:44.703250732Z,1783799144703,0,4,ok,
low-concurrency-20260711T193136.540788972Z,baseline-c20,2026-07-11T19:45:45.670275166Z,1783799145670,0,5,ok,
low-concurrency-20260711T193136.540788972Z,fair-c20,2026-07-11T19:45:45.697976625Z,1783799145697,0,6,ok,
low-concurrency-20260711T193136.540788972Z,baseline-c20,2026-07-11T19:45:46.677094474Z,1783799146677,0,4,ok,
low-concurrency-20260711T193136.540788972Z,fair-c20,2026-07-11T19:45:46.705982482Z,1783799146705,0,5,ok,
low-concurrency-20260711T193136.540788972Z,baseline-c20,2026-07-11T19:45:47.675258422Z,1783799147675,0,6,ok,
low-concurrency-20260711T193136.540788972Z,fair-c20,2026-07-11T19:45:47.702197079Z,1783799147702,0,2,ok,
low-concurrency-20260711T193136.540788972Z,baseline-c20,2026-07-11T19:45:48.676215567Z,1783799148676,0,3,ok,
low-concurrency-20260711T193136.540788972Z,fair-c20,2026-07-11T19:45:48.707056309Z,1783799148707,0,5,ok,
low-concurrency-20260711T193136.540788972Z,baseline-c20,2026-07-11T19:45:49.678172661Z,1783799149678,0,5,ok,
low-concurrency-20260711T193136.540788972Z,fair-c20,2026-07-11T19:45:49.709814546Z,1783799149709,0,4,ok,
low-concurrency-20260711T193136.540788972Z,baseline-c20,2026-07-11T19:45:50.675354838Z,1783799150675,0,7,ok,
low-concurrency-20260711T193136.540788972Z,fair-c20,2026-07-11T19:45:50.746046923Z,1783799150746,0,12,ok,
low-concurrency-20260711T193136.540788972Z,baseline-c20,2026-07-11T19:45:51.675511674Z,1783799151675,0,7,ok,
low-concurrency-20260711T193136.540788972Z,fair-c20,2026-07-11T19:45:51.70439577Z,1783799151704,0,5,ok,
low-concurrency-20260711T193136.540788972Z,baseline-c20,2026-07-11T19:45:52.679440927Z,1783799152679,0,4,ok,
low-concurrency-20260711T193136.540788972Z,fair-c20,2026-07-11T19:45:52.710527384Z,1783799152710,0,3,ok,
low-concurrency-20260711T193136.540788972Z,baseline-c20,2026-07-11T19:45:53.70912023Z,1783799153709,0,3,ok,
low-concurrency-20260711T193136.540788972Z,fair-c20,2026-07-11T19:45:53.742465169Z,1783799153742,0,3,ok,
low-concurrency-20260711T193136.540788972Z,baseline-c20,2026-07-11T19:45:54.672394857Z,1783799154672,0,4,ok,
low-concurrency-20260711T193136.540788972Z,fair-c20,2026-07-11T19:45:54.698598269Z,1783799154698,0,2,ok,
low-concurrency-20260711T193136.540788972Z,baseline-c20,2026-07-11T19:45:55.672977904Z,1783799155672,0,6,ok,
low-concurrency-20260711T193136.540788972Z,fair-c20,2026-07-11T19:45:55.700885664Z,1783799155700,0,3,ok,
low-concurrency-20260711T193136.540788972Z,baseline-c20,2026-07-11T19:45:56.677382725Z,1783799156677,0,5,ok,
low-concurrency-20260711T193136.540788972Z,fair-c20,2026-07-11T19:45:56.70308998Z,1783799156703,0,5,ok,
low-concurrency-20260711T193136.540788972Z,baseline-c20,2026-07-11T19:45:57.671658426Z,1783799157671,0,4,ok,
low-concurrency-20260711T193136.540788972Z,fair-c20,2026-07-11T19:45:57.704566551Z,1783799157704,0,4,ok,
low-concurrency-20260711T193136.540788972Z,baseline-c20,2026-07-11T19:45:58.672326077Z,1783799158672,0,3,ok,
low-concurrency-20260711T193136.540788972Z,fair-c20,2026-07-11T19:45:58.719634557Z,1783799158719,0,4,ok,
low-concurrency-20260711T193136.540788972Z,baseline-c20,2026-07-11T19:45:59.673217282Z,1783799159673,0,4,ok,
low-concurrency-20260711T193136.540788972Z,fair-c20,2026-07-11T19:45:59.701905303Z,1783799159701,0,5,ok,
low-concurrency-20260711T193136.540788972Z,baseline-c20,2026-07-11T19:46:00.678324209Z,1783799160678,0,4,ok,
low-concurrency-20260711T193136.540788972Z,fair-c20,2026-07-11T19:46:00.708604782Z,1783799160708,0,5,ok,
low-concurrency-20260711T193136.540788972Z,baseline-c20,2026-07-11T19:46:01.676773886Z,1783799161676,0,5,ok,
low-concurrency-20260711T193136.540788972Z,fair-c20,2026-07-11T19:46:01.70586722Z,1783799161705,0,6,ok,
low-concurrency-20260711T193136.540788972Z,baseline-c20,2026-07-11T19:46:02.679175917Z,1783799162679,0,3,ok,
low-concurrency-20260711T193136.540788972Z,fair-c20,2026-07-11T19:46:02.712223234Z,1783799162712,0,6,ok,
low-concurrency-20260711T193136.540788972Z,baseline-c20,2026-07-11T19:46:03.672059541Z,1783799163672,0,4,ok,
low-concurrency-20260711T193136.540788972Z,fair-c20,2026-07-11T19:46:03.703503798Z,1783799163703,0,5,ok,
low-concurrency-20260711T193136.540788972Z,baseline-c20,2026-07-11T19:46:04.673232178Z,1783799164673,0,3,ok,
low-concurrency-20260711T193136.540788972Z,fair-c20,2026-07-11T19:46:04.701044549Z,1783799164701,0,6,ok,
low-concurrency-20260711T193136.540788972Z,baseline-c20,2026-07-11T19:46:05.672326065Z,1783799165672,0,4,ok,
low-concurrency-20260711T193136.540788972Z,fair-c20,2026-07-11T19:46:05.702015526Z,1783799165702,0,6,ok,
low-concurrency-20260711T193136.540788972Z,baseline-c20,2026-07-11T19:46:06.67685352Z,1783799166676,0,3,ok,
low-concurrency-20260711T193136.540788972Z,fair-c20,2026-07-11T19:46:06.705134034Z,1783799166705,0,7,ok,
low-concurrency-20260711T193136.540788972Z,baseline-c20,2026-07-11T19:46:07.672371895Z,1783799167672,0,5,ok,
low-concurrency-20260711T193136.540788972Z,fair-c20,2026-07-11T19:46:07.703376225Z,1783799167703,0,4,ok,
low-concurrency-20260711T193136.540788972Z,baseline-c20,2026-07-11T19:46:08.674631649Z,1783799168674,0,5,ok,
low-concurrency-20260711T193136.540788972Z,fair-c20,2026-07-11T19:46:08.701594996Z,1783799168701,0,6,ok,
low-concurrency-20260711T193136.540788972Z,baseline-c20,2026-07-11T19:46:09.678634087Z,1783799169678,0,3,ok,
low-concurrency-20260711T193136.540788972Z,fair-c20,2026-07-11T19:46:09.708912795Z,1783799169708,0,4,ok,
low-concurrency-20260711T193136.540788972Z,baseline-c20,2026-07-11T19:46:10.672428473Z,1783799170672,0,6,ok,
low-concurrency-20260711T193136.540788972Z,fair-c20,2026-07-11T19:46:10.701569396Z,1783799170701,0,4,ok,
low-concurrency-20260711T193136.540788972Z,baseline-c20,2026-07-11T19:46:11.677362714Z,1783799171677,0,3,ok,
low-concurrency-20260711T193136.540788972Z,fair-c20,2026-07-11T19:46:11.706338653Z,1783799171706,0,4,ok,
low-concurrency-20260711T193136.540788972Z,baseline-c20,2026-07-11T19:46:12.677078217Z,1783799172677,0,3,ok,
low-concurrency-20260711T193136.540788972Z,fair-c20,2026-07-11T19:46:12.708756162Z,1783799172708,0,3,ok,
low-concurrency-20260711T193136.540788972Z,baseline-c20,2026-07-11T19:46:13.677771597Z,1783799173677,0,3,ok,
low-concurrency-20260711T193136.540788972Z,fair-c20,2026-07-11T19:46:13.711550513Z,1783799173711,0,3,ok,
low-concurrency-20260711T193136.540788972Z,baseline-c20,2026-07-11T19:46:14.672394846Z,1783799174672,0,2,ok,
low-concurrency-20260711T193136.540788972Z,fair-c20,2026-07-11T19:46:14.704229324Z,1783799174704,0,7,ok,
low-concurrency-20260711T193136.540788972Z,baseline-c20,2026-07-11T19:46:15.67255499Z,1783799175672,0,1,ok,
low-concurrency-20260711T193136.540788972Z,fair-c20,2026-07-11T19:46:15.714539464Z,1783799175714,0,4,ok,
low-concurrency-20260711T193136.540788972Z,baseline-c20,2026-07-11T19:46:16.672247227Z,1783799176672,0,2,ok,
low-concurrency-20260711T193136.540788972Z,fair-c20,2026-07-11T19:46:16.699909248Z,1783799176699,0,2,ok,
low-concurrency-20260711T193136.540788972Z,baseline-c20,2026-07-11T19:46:17.671005141Z,1783799177671,0,2,ok,
low-concurrency-20260711T193136.540788972Z,fair-c20,2026-07-11T19:46:17.699344249Z,1783799177699,0,1,ok,
low-concurrency-20260711T193136.540788972Z,baseline-c20,2026-07-11T19:46:18.671531961Z,1783799178671,0,3,ok,
low-concurrency-20260711T193136.540788972Z,fair-c20,2026-07-11T19:46:18.700388845Z,1783799178700,0,2,ok,
low-concurrency-20260711T193136.540788972Z,baseline-c20,2026-07-11T19:46:19.677545537Z,1783799179677,0,4,ok,
low-concurrency-20260711T193136.540788972Z,fair-c20,2026-07-11T19:46:19.705969569Z,1783799179705,0,4,ok,
low-concurrency-20260711T193136.540788972Z,baseline-c20,2026-07-11T19:46:20.679660752Z,1783799180679,0,5,ok,
low-concurrency-20260711T193136.540788972Z,fair-c20,2026-07-11T19:46:20.719423713Z,1783799180719,0,6,ok,
low-concurrency-20260711T193136.540788972Z,baseline-c20,2026-07-11T19:46:21.674011663Z,1783799181674,0,3,ok,
low-concurrency-20260711T193136.540788972Z,fair-c20,2026-07-11T19:46:21.701571386Z,1783799181701,0,4,ok,
low-concurrency-20260711T193136.540788972Z,baseline-c20,2026-07-11T19:46:22.673112002Z,1783799182673,0,3,ok,
low-concurrency-20260711T193136.540788972Z,fair-c20,2026-07-11T19:46:22.706277787Z,1783799182706,0,8,ok,
low-concurrency-20260711T193136.540788972Z,baseline-c20,2026-07-11T19:46:23.673173964Z,1783799183673,0,4,ok,
low-concurrency-20260711T193136.540788972Z,fair-c20,2026-07-11T19:46:23.707521934Z,1783799183707,0,2,ok,
low-concurrency-20260711T193136.540788972Z,baseline-c20,2026-07-11T19:46:24.676822608Z,1783799184676,0,3,ok,
low-concurrency-20260711T193136.540788972Z,fair-c20,2026-07-11T19:46:24.708457306Z,1783799184708,0,4,ok,
low-concurrency-20260711T193136.540788972Z,baseline-c20,2026-07-11T19:46:25.672536701Z,1783799185672,0,2,ok,
low-concurrency-20260711T193136.540788972Z,fair-c20,2026-07-11T19:46:25.700655603Z,1783799185700,0,4,ok,
low-concurrency-20260711T193136.540788972Z,baseline-c20,2026-07-11T19:46:26.678383754Z,1783799186678,0,4,ok,
low-concurrency-20260711T193136.540788972Z,fair-c20,2026-07-11T19:46:26.705997384Z,1783799186705,0,5,ok,
low-concurrency-20260711T193136.540788972Z,baseline-c20,2026-07-11T19:46:27.67861435Z,1783799187678,0,4,ok,
low-concurrency-20260711T193136.540788972Z,fair-c20,2026-07-11T19:46:27.708364745Z,1783799187708,0,5,ok,
low-concurrency-20260711T193136.540788972Z,baseline-c20,2026-07-11T19:46:28.671265923Z,1783799188671,0,4,ok,
low-concurrency-20260711T193136.540788972Z,fair-c20,2026-07-11T19:46:28.697448679Z,1783799188697,0,4,ok,
low-concurrency-20260711T193136.540788972Z,baseline-c20,2026-07-11T19:46:29.672073869Z,1783799189672,0,5,ok,
low-concurrency-20260711T193136.540788972Z,fair-c20,2026-07-11T19:46:29.699461203Z,1783799189699,0,4,ok,
low-concurrency-20260711T193136.540788972Z,baseline-c20,2026-07-11T19:46:30.676698366Z,1783799190676,0,5,ok,
low-concurrency-20260711T193136.540788972Z,fair-c20,2026-07-11T19:46:30.711427184Z,1783799190711,0,3,ok,
low-concurrency-20260711T193136.540788972Z,baseline-c20,2026-07-11T19:46:31.677555219Z,1783799191677,0,6,ok,
low-concurrency-20260711T193136.540788972Z,fair-c20,2026-07-11T19:46:31.709146164Z,1783799191709,0,4,ok,
low-concurrency-20260711T193136.540788972Z,baseline-c20,2026-07-11T19:46:32.679238861Z,1783799192679,0,1,ok,
low-concurrency-20260711T193136.540788972Z,fair-c20,2026-07-11T19:46:32.709457957Z,1783799192709,0,2,ok,
low-concurrency-20260711T193136.540788972Z,baseline-c20,2026-07-11T19:46:33.683327339Z,1783799193683,0,3,ok,
low-concurrency-20260711T193136.540788972Z,fair-c20,2026-07-11T19:46:33.719674402Z,1783799193719,0,3,ok,
low-concurrency-20260711T193136.540788972Z,baseline-c20,2026-07-11T19:46:34.677878587Z,1783799194677,0,5,ok,
low-concurrency-20260711T193136.540788972Z,fair-c20,2026-07-11T19:46:34.711035812Z,1783799194711,0,3,ok,
low-concurrency-20260711T193136.540788972Z,baseline-c20,2026-07-11T19:46:35.688160287Z,1783799195688,0,5,ok,
low-concurrency-20260711T193136.540788972Z,fair-c20,2026-07-11T19:46:35.721175684Z,1783799195721,0,4,ok,
low-concurrency-20260711T193136.540788972Z,baseline-c20,2026-07-11T19:46:36.678358264Z,1783799196678,0,3,ok,
low-concurrency-20260711T193136.540788972Z,fair-c20,2026-07-11T19:46:36.705956767Z,1783799196705,0,6,ok,
low-concurrency-20260711T193136.540788972Z,baseline-c20,2026-07-11T19:46:37.675273032Z,1783799197675,0,3,ok,
low-concurrency-20260711T193136.540788972Z,fair-c20,2026-07-11T19:46:37.707740725Z,1783799197707,0,5,ok,
low-concurrency-20260711T193136.540788972Z,baseline-c20,2026-07-11T19:46:38.674545595Z,1783799198674,0,3,ok,
low-concurrency-20260711T193136.540788972Z,fair-c20,2026-07-11T19:46:38.702292258Z,1783799198702,0,4,ok,
low-concurrency-20260711T193136.540788972Z,baseline-c20,2026-07-11T19:46:39.675955379Z,1783799199675,0,5,ok,
low-concurrency-20260711T193136.540788972Z,fair-c20,2026-07-11T19:46:39.709463658Z,1783799199709,0,6,ok,
low-concurrency-20260711T193136.540788972Z,baseline-c20,2026-07-11T19:46:40.677496723Z,1783799200677,0,7,ok,
low-concurrency-20260711T193136.540788972Z,fair-c20,2026-07-11T19:46:40.712020485Z,1783799200712,0,4,ok,
low-concurrency-20260711T193136.540788972Z,baseline-c20,2026-07-11T19:46:41.677778605Z,1783799201677,0,7,ok,
low-concurrency-20260711T193136.540788972Z,fair-c20,2026-07-11T19:46:41.704977605Z,1783799201704,0,6,ok,
low-concurrency-20260711T193136.540788972Z,baseline-c20,2026-07-11T19:46:42.672334065Z,1783799202672,0,4,ok,
low-concurrency-20260711T193136.540788972Z,fair-c20,2026-07-11T19:46:42.701543374Z,1783799202701,0,5,ok,
low-concurrency-20260711T193136.540788972Z,baseline-c20,2026-07-11T19:46:43.678784175Z,1783799203678,0,4,ok,
low-concurrency-20260711T193136.540788972Z,fair-c20,2026-07-11T19:46:43.709897909Z,1783799203709,0,4,ok,
low-concurrency-20260711T193136.540788972Z,baseline-c20,2026-07-11T19:46:44.672486679Z,1783799204672,0,4,ok,
low-concurrency-20260711T193136.540788972Z,fair-c20,2026-07-11T19:46:44.700556824Z,1783799204700,0,5,ok,
low-concurrency-20260711T193136.540788972Z,baseline-c20,2026-07-11T19:46:45.678537201Z,1783799205678,0,5,ok,
low-concurrency-20260711T193136.540788972Z,fair-c20,2026-07-11T19:46:45.716055113Z,1783799205716,0,4,ok,
low-concurrency-20260711T193136.540788972Z,baseline-c20,2026-07-11T19:46:46.67992654Z,1783799206679,0,2,ok,
low-concurrency-20260711T193136.540788972Z,fair-c20,2026-07-11T19:46:46.710444408Z,1783799206710,0,5,ok,
low-concurrency-20260711T193136.540788972Z,baseline-c20,2026-07-11T19:46:47.673372238Z,1783799207673,0,4,ok,
low-concurrency-20260711T193136.540788972Z,fair-c20,2026-07-11T19:46:47.702933573Z,1783799207702,0,3,ok,
low-concurrency-20260711T193136.540788972Z,baseline-c20,2026-07-11T19:46:48.673627088Z,1783799208673,0,6,ok,
low-concurrency-20260711T193136.540788972Z,fair-c20,2026-07-11T19:46:48.709329235Z,1783799208709,0,4,ok,
low-concurrency-20260711T193136.540788972Z,baseline-c20,2026-07-11T19:46:49.679209237Z,1783799209679,0,6,ok,
low-concurrency-20260711T193136.540788972Z,fair-c20,2026-07-11T19:46:49.713982895Z,1783799209713,0,3,ok,
low-concurrency-20260711T193136.540788972Z,baseline-c20,2026-07-11T19:46:50.673047922Z,1783799210673,0,4,ok,
low-concurrency-20260711T193136.540788972Z,fair-c20,2026-07-11T19:46:50.700732569Z,1783799210700,0,4,ok,
low-concurrency-20260711T193136.540788972Z,baseline-c20,2026-07-11T19:46:51.672425871Z,1783799211672,0,3,ok,
low-concurrency-20260711T193136.540788972Z,fair-c20,2026-07-11T19:46:51.705601516Z,1783799211705,0,4,ok,
low-concurrency-20260711T193136.540788972Z,baseline-c20,2026-07-11T19:46:52.677174628Z,1783799212677,0,3,ok,
low-concurrency-20260711T193136.540788972Z,fair-c20,2026-07-11T19:46:52.708312153Z,1783799212708,0,4,ok,
low-concurrency-20260711T193136.540788972Z,baseline-c20,2026-07-11T19:46:53.672088866Z,1783799213672,0,8,ok,
low-concurrency-20260711T193136.540788972Z,fair-c20,2026-07-11T19:46:53.700958715Z,1783799213700,0,2,ok,
low-concurrency-20260711T193136.540788972Z,baseline-c20,2026-07-11T19:46:54.674668418Z,1783799214674,0,4,ok,
low-concurrency-20260711T193136.540788972Z,fair-c20,2026-07-11T19:46:54.705957407Z,1783799214705,0,3,ok,
low-concurrency-20260711T193136.540788972Z,baseline-c20,2026-07-11T19:46:55.673806108Z,1783799215673,0,4,ok,
low-concurrency-20260711T193136.540788972Z,fair-c20,2026-07-11T19:46:55.701156878Z,1783799215701,0,3,ok,
low-concurrency-20260711T193136.540788972Z,baseline-c20,2026-07-11T19:46:56.677724069Z,1783799216677,0,2,ok,
low-concurrency-20260711T193136.540788972Z,fair-c20,2026-07-11T19:46:56.705958773Z,1783799216705,0,4,ok,
low-concurrency-20260711T193136.540788972Z,baseline-c20,2026-07-11T19:46:57.671196467Z,1783799217671,0,4,ok,
low-concurrency-20260711T193136.540788972Z,fair-c20,2026-07-11T19:46:57.69924305Z,1783799217699,0,4,ok,
low-concurrency-20260711T193136.540788972Z,baseline-c20,2026-07-11T19:46:58.672059795Z,1783799218672,0,2,ok,
low-concurrency-20260711T193136.540788972Z,fair-c20,2026-07-11T19:46:58.698032456Z,1783799218698,0,4,ok,
low-concurrency-20260711T193136.540788972Z,baseline-c20,2026-07-11T19:46:59.669077405Z,1783799219669,0,4,ok,
low-concurrency-20260711T193136.540788972Z,fair-c20,2026-07-11T19:46:59.697009295Z,1783799219697,0,4,ok,
low-concurrency-20260711T193136.540788972Z,baseline-c20,2026-07-11T19:47:00.678782822Z,1783799220678,0,3,ok,
low-concurrency-20260711T193136.540788972Z,fair-c20,2026-07-11T19:47:00.70562868Z,1783799220705,0,3,ok,
low-concurrency-20260711T193136.540788972Z,baseline-c20,2026-07-11T19:47:01.679240699Z,1783799221679,0,5,ok,
low-concurrency-20260711T193136.540788972Z,fair-c20,2026-07-11T19:47:01.712875097Z,1783799221712,0,4,ok,
low-concurrency-20260711T193136.540788972Z,baseline-c20,2026-07-11T19:47:02.683030274Z,1783799222683,0,6,ok,
low-concurrency-20260711T193136.540788972Z,fair-c20,2026-07-11T19:47:02.710775122Z,1783799222710,0,5,ok,
low-concurrency-20260711T193136.540788972Z,baseline-c20,2026-07-11T19:47:03.676628164Z,1783799223676,0,5,ok,
low-concurrency-20260711T193136.540788972Z,fair-c20,2026-07-11T19:47:03.7080563Z,1783799223708,0,2,ok,
low-concurrency-20260711T193136.540788972Z,baseline-c20,2026-07-11T19:47:04.669861897Z,1783799224669,0,5,ok,
low-concurrency-20260711T193136.540788972Z,fair-c20,2026-07-11T19:47:04.698558826Z,1783799224698,0,3,ok,
low-concurrency-20260711T193136.540788972Z,baseline-c20,2026-07-11T19:47:05.671586654Z,1783799225671,0,3,ok,
low-concurrency-20260711T193136.540788972Z,fair-c20,2026-07-11T19:47:05.697465094Z,1783799225697,0,6,ok,
low-concurrency-20260711T193136.540788972Z,baseline-c20,2026-07-11T19:47:06.677612743Z,1783799226677,0,4,ok,
low-concurrency-20260711T193136.540788972Z,fair-c20,2026-07-11T19:47:06.708406137Z,1783799226708,0,3,ok,
low-concurrency-20260711T193136.540788972Z,baseline-c20,2026-07-11T19:47:07.672131146Z,1783799227672,0,3,ok,
low-concurrency-20260711T193136.540788972Z,fair-c20,2026-07-11T19:47:07.699897177Z,1783799227699,0,4,ok,
low-concurrency-20260711T193136.540788972Z,baseline-c20,2026-07-11T19:47:08.675139981Z,1783799228675,0,3,ok,
low-concurrency-20260711T193136.540788972Z,fair-c20,2026-07-11T19:47:08.706971394Z,1783799228706,0,4,ok,
low-concurrency-20260711T193136.540788972Z,baseline-c20,2026-07-11T19:47:09.679459135Z,1783799229679,0,6,ok,
low-concurrency-20260711T193136.540788972Z,fair-c20,2026-07-11T19:47:09.707416226Z,1783799229707,0,2,ok,
low-concurrency-20260711T193136.540788972Z,baseline-c20,2026-07-11T19:47:10.676200956Z,1783799230676,0,4,ok,
low-concurrency-20260711T193136.540788972Z,fair-c20,2026-07-11T19:47:10.707545673Z,1783799230707,0,2,ok,
low-concurrency-20260711T193136.540788972Z,baseline-c20,2026-07-11T19:47:11.670030184Z,1783799231670,0,4,ok,
low-concurrency-20260711T193136.540788972Z,fair-c20,2026-07-11T19:47:11.697133483Z,1783799231697,0,4,ok,
low-concurrency-20260711T193136.540788972Z,baseline-c20,2026-07-11T19:47:12.673765442Z,1783799232673,0,4,ok,
low-concurrency-20260711T193136.540788972Z,fair-c20,2026-07-11T19:47:12.705568841Z,1783799232705,0,3,ok,
low-concurrency-20260711T193136.540788972Z,baseline-c20,2026-07-11T19:47:13.672777286Z,1783799233672,0,4,ok,
low-concurrency-20260711T193136.540788972Z,fair-c20,2026-07-11T19:47:13.703259431Z,1783799233703,0,0,ok,
low-concurrency-20260711T193136.540788972Z,baseline-c20,2026-07-11T19:47:14.679990195Z,1783799234679,0,4,ok,
low-concurrency-20260711T193136.540788972Z,fair-c20,2026-07-11T19:47:14.71757645Z,1783799234717,0,1,ok,
low-concurrency-20260711T193136.540788972Z,baseline-c20,2026-07-11T19:47:15.6730467Z,1783799235673,0,0,ok,
low-concurrency-20260711T193136.540788972Z,fair-c20,2026-07-11T19:47:15.701998981Z,1783799235701,0,0,ok,
low-concurrency-20260711T193136.540788972Z,baseline-c20,2026-07-11T19:47:16.680969305Z,1783799236680,0,3,ok,
low-concurrency-20260711T193136.540788972Z,fair-c20,2026-07-11T19:47:16.711349423Z,1783799236711,0,0,ok,
low-concurrency-20260711T193136.540788972Z,baseline-c20,2026-07-11T19:47:17.679420307Z,1783799237679,0,0,ok,
low-concurrency-20260711T193136.540788972Z,fair-c20,2026-07-11T19:47:17.710435347Z,1783799237710,0,1,ok,
low-concurrency-20260711T193136.540788972Z,baseline-c20,2026-07-11T19:47:18.67743055Z,1783799238677,0,0,ok,
low-concurrency-20260711T193136.540788972Z,fair-c20,2026-07-11T19:47:18.710352037Z,1783799238710,0,0,ok,
low-concurrency-20260711T193136.540788972Z,baseline-c20,2026-07-11T19:47:19.677192685Z,1783799239677,0,2,ok,
low-concurrency-20260711T193136.540788972Z,fair-c20,2026-07-11T19:47:19.709238077Z,1783799239709,0,2,ok,
low-concurrency-20260711T193136.540788972Z,baseline-c20,2026-07-11T19:47:20.679733992Z,1783799240679,0,0,ok,
low-concurrency-20260711T193136.540788972Z,fair-c20,2026-07-11T19:47:20.712311435Z,1783799240712,0,0,ok,
low-concurrency-20260711T193136.540788972Z,baseline-c20,2026-07-11T19:47:21.67019796Z,1783799241670,0,3,ok,
low-concurrency-20260711T193136.540788972Z,fair-c20,2026-07-11T19:47:21.698607678Z,1783799241698,0,0,ok,
low-concurrency-20260711T193136.540788972Z,baseline-c20,2026-07-11T19:47:22.67748541Z,1783799242677,0,0,ok,
low-concurrency-20260711T193136.540788972Z,fair-c20,2026-07-11T19:47:22.708027389Z,1783799242708,0,1,ok,
low-concurrency-20260711T193136.540788972Z,baseline-c20,2026-07-11T19:47:23.675035338Z,1783799243675,0,0,ok,
low-concurrency-20260711T193136.540788972Z,fair-c20,2026-07-11T19:47:23.708872849Z,1783799243708,0,0,ok,
low-concurrency-20260711T193136.540788972Z,baseline-c20,2026-07-11T19:47:24.670885844Z,1783799244670,0,0,ok,
low-concurrency-20260711T193136.540788972Z,fair-c20,2026-07-11T19:47:24.69639946Z,1783799244696,0,0,ok,
