experiment_id,scenario,sampled_at,sampled_at_ms,elapsed_ms,elapsed_source,approximate_visible,approximate_not_visible,sample_status,sample_error
reaction-20260711T195313.408870065Z,baseline-c100,2026-07-11T19:53:41.434Z,1783799621434,-116,first_a_sqs_sent_timestamp,0,0,ok,
reaction-20260711T195313.408870065Z,fair-c100,2026-07-11T19:53:41.465Z,1783799621465,-168,first_a_sqs_sent_timestamp,158,10,ok,
reaction-20260711T195313.408870065Z,baseline-c100,2026-07-11T19:53:42.442Z,1783799622442,892,first_a_sqs_sent_timestamp,167,5,ok,
reaction-20260711T195313.408870065Z,fair-c100,2026-07-11T19:53:42.47Z,1783799622470,837,first_a_sqs_sent_timestamp,0,0,ok,
reaction-20260711T195313.408870065Z,baseline-c100,2026-07-11T19:53:43.438Z,1783799623438,1888,first_a_sqs_sent_timestamp,0,0,ok,
reaction-20260711T195313.408870065Z,fair-c100,2026-07-11T19:53:43.465Z,1783799623465,1832,first_a_sqs_sent_timestamp,3731,68,ok,
reaction-20260711T195313.408870065Z,baseline-c100,2026-07-11T19:53:44.45Z,1783799624450,2900,first_a_sqs_sent_timestamp,12454,38,ok,
reaction-20260711T195313.408870065Z,fair-c100,2026-07-11T19:53:44.481Z,1783799624481,2848,first_a_sqs_sent_timestamp,0,0,ok,
reaction-20260711T195313.408870065Z,baseline-c100,2026-07-11T19:53:45.449Z,1783799625449,3899,first_a_sqs_sent_timestamp,16809,76,ok,
reaction-20260711T195313.408870065Z,fair-c100,2026-07-11T19:53:45.475Z,1783799625475,3842,first_a_sqs_sent_timestamp,12744,29,ok,
reaction-20260711T195313.408870065Z,baseline-c100,2026-07-11T19:53:46.429Z,1783799626429,4879,first_a_sqs_sent_timestamp,12454,38,ok,
reaction-20260711T195313.408870065Z,fair-c100,2026-07-11T19:53:46.456Z,1783799626456,4823,first_a_sqs_sent_timestamp,0,0,ok,
reaction-20260711T195313.408870065Z,baseline-c100,2026-07-11T19:53:47.483Z,1783799627483,5933,first_a_sqs_sent_timestamp,0,0,ok,
reaction-20260711T195313.408870065Z,fair-c100,2026-07-11T19:53:47.567Z,1783799627567,5934,first_a_sqs_sent_timestamp,23409,39,ok,
reaction-20260711T195313.408870065Z,baseline-c100,2026-07-11T19:53:48.467Z,1783799628467,6917,first_a_sqs_sent_timestamp,16809,76,ok,
reaction-20260711T195313.408870065Z,fair-c100,2026-07-11T19:53:48.532Z,1783799628532,6899,first_a_sqs_sent_timestamp,0,0,ok,
reaction-20260711T195313.408870065Z,baseline-c100,2026-07-11T19:53:49.433Z,1783799629433,7883,first_a_sqs_sent_timestamp,12454,38,ok,
reaction-20260711T195313.408870065Z,fair-c100,2026-07-11T19:53:49.461Z,1783799629461,7828,first_a_sqs_sent_timestamp,28646,67,ok,
reaction-20260711T195313.408870065Z,baseline-c100,2026-07-11T19:53:50.434Z,1783799630434,8884,first_a_sqs_sent_timestamp,3679,88,ok,
reaction-20260711T195313.408870065Z,fair-c100,2026-07-11T19:53:50.465Z,1783799630465,8832,first_a_sqs_sent_timestamp,3731,68,ok,
reaction-20260711T195313.408870065Z,baseline-c100,2026-07-11T19:53:51.434Z,1783799631434,9884,first_a_sqs_sent_timestamp,16809,76,ok,
reaction-20260711T195313.408870065Z,fair-c100,2026-07-11T19:53:51.465Z,1783799631465,9832,first_a_sqs_sent_timestamp,28646,67,ok,
reaction-20260711T195313.408870065Z,baseline-c100,2026-07-11T19:53:52.431Z,1783799632431,10881,first_a_sqs_sent_timestamp,23440,79,ok,
reaction-20260711T195313.408870065Z,fair-c100,2026-07-11T19:53:52.461Z,1783799632461,10828,first_a_sqs_sent_timestamp,0,20,ok,
reaction-20260711T195313.408870065Z,baseline-c100,2026-07-11T19:53:53.435Z,1783799633435,11885,first_a_sqs_sent_timestamp,0,21,ok,
reaction-20260711T195313.408870065Z,fair-c100,2026-07-11T19:53:53.464Z,1783799633464,11831,first_a_sqs_sent_timestamp,29800,76,ok,
reaction-20260711T195313.408870065Z,baseline-c100,2026-07-11T19:53:54.435Z,1783799634435,12885,first_a_sqs_sent_timestamp,12454,38,ok,
reaction-20260711T195313.408870065Z,fair-c100,2026-07-11T19:53:54.484Z,1783799634484,12851,first_a_sqs_sent_timestamp,28646,67,ok,
reaction-20260711T195313.408870065Z,baseline-c100,2026-07-11T19:53:55.433Z,1783799635433,13883,first_a_sqs_sent_timestamp,29605,82,ok,
reaction-20260711T195313.408870065Z,fair-c100,2026-07-11T19:53:55.462Z,1783799635462,13829,first_a_sqs_sent_timestamp,25497,51,ok,
reaction-20260711T195313.408870065Z,baseline-c100,2026-07-11T19:53:56.432Z,1783799636432,14882,first_a_sqs_sent_timestamp,29743,86,ok,
reaction-20260711T195313.408870065Z,fair-c100,2026-07-11T19:53:56.462Z,1783799636462,14829,first_a_sqs_sent_timestamp,29856,52,ok,
reaction-20260711T195313.408870065Z,baseline-c100,2026-07-11T19:53:57.437Z,1783799637437,15887,first_a_sqs_sent_timestamp,29716,76,ok,
reaction-20260711T195313.408870065Z,fair-c100,2026-07-11T19:53:57.468Z,1783799637468,15835,first_a_sqs_sent_timestamp,29721,61,ok,
reaction-20260711T195313.408870065Z,baseline-c100,2026-07-11T19:53:58.432Z,1783799638432,16882,first_a_sqs_sent_timestamp,29527,99,ok,
reaction-20260711T195313.408870065Z,fair-c100,2026-07-11T19:53:58.462Z,1783799638462,16829,first_a_sqs_sent_timestamp,23409,39,ok,
reaction-20260711T195313.408870065Z,baseline-c100,2026-07-11T19:53:59.435Z,1783799639435,17885,first_a_sqs_sent_timestamp,8094,88,ok,
reaction-20260711T195313.408870065Z,fair-c100,2026-07-11T19:53:59.464Z,1783799639464,17831,first_a_sqs_sent_timestamp,29727,68,ok,
reaction-20260711T195313.408870065Z,baseline-c100,2026-07-11T19:54:00.456Z,1783799640456,18906,first_a_sqs_sent_timestamp,29606,84,ok,
reaction-20260711T195313.408870065Z,fair-c100,2026-07-11T19:54:00.483Z,1783799640483,18850,first_a_sqs_sent_timestamp,29727,68,ok,
reaction-20260711T195313.408870065Z,baseline-c100,2026-07-11T19:54:01.439Z,1783799641439,19889,first_a_sqs_sent_timestamp,29514,99,ok,
reaction-20260711T195313.408870065Z,fair-c100,2026-07-11T19:54:01.467Z,1783799641467,19834,first_a_sqs_sent_timestamp,29770,64,ok,
reaction-20260711T195313.408870065Z,baseline-c100,2026-07-11T19:54:02.434Z,1783799642434,20884,first_a_sqs_sent_timestamp,29657,95,ok,
reaction-20260711T195313.408870065Z,fair-c100,2026-07-11T19:54:02.464Z,1783799642464,20831,first_a_sqs_sent_timestamp,29808,87,ok,
reaction-20260711T195313.408870065Z,baseline-c100,2026-07-11T19:54:03.434Z,1783799643434,21884,first_a_sqs_sent_timestamp,29531,114,ok,
reaction-20260711T195313.408870065Z,fair-c100,2026-07-11T19:54:03.463Z,1783799643463,21830,first_a_sqs_sent_timestamp,29673,88,ok,
reaction-20260711T195313.408870065Z,baseline-c100,2026-07-11T19:54:04.435Z,1783799644435,22885,first_a_sqs_sent_timestamp,29426,88,ok,
reaction-20260711T195313.408870065Z,fair-c100,2026-07-11T19:54:04.464Z,1783799644464,22831,first_a_sqs_sent_timestamp,29722,62,ok,
reaction-20260711T195313.408870065Z,baseline-c100,2026-07-11T19:54:05.433Z,1783799645433,23883,first_a_sqs_sent_timestamp,29291,86,ok,
reaction-20260711T195313.408870065Z,fair-c100,2026-07-11T19:54:05.465Z,1783799645465,23832,first_a_sqs_sent_timestamp,12748,45,ok,
reaction-20260711T195313.408870065Z,baseline-c100,2026-07-11T19:54:06.433Z,1783799646433,24883,first_a_sqs_sent_timestamp,23444,94,ok,
reaction-20260711T195313.408870065Z,fair-c100,2026-07-11T19:54:06.463Z,1783799646463,24830,first_a_sqs_sent_timestamp,29549,64,ok,
reaction-20260711T195313.408870065Z,baseline-c100,2026-07-11T19:54:07.433Z,1783799647433,25883,first_a_sqs_sent_timestamp,29299,90,ok,
reaction-20260711T195313.408870065Z,fair-c100,2026-07-11T19:54:07.462Z,1783799647462,25829,first_a_sqs_sent_timestamp,29496,76,ok,
reaction-20260711T195313.408870065Z,baseline-c100,2026-07-11T19:54:08.433Z,1783799648433,26883,first_a_sqs_sent_timestamp,29425,75,ok,
reaction-20260711T195313.408870065Z,fair-c100,2026-07-11T19:54:08.46Z,1783799648460,26827,first_a_sqs_sent_timestamp,29520,46,ok,
reaction-20260711T195313.408870065Z,baseline-c100,2026-07-11T19:54:09.433Z,1783799649433,27883,first_a_sqs_sent_timestamp,29291,86,ok,
reaction-20260711T195313.408870065Z,fair-c100,2026-07-11T19:54:09.46Z,1783799649460,27827,first_a_sqs_sent_timestamp,29515,47,ok,
reaction-20260711T195313.408870065Z,baseline-c100,2026-07-11T19:54:10.431Z,1783799650431,28881,first_a_sqs_sent_timestamp,29123,91,ok,
reaction-20260711T195313.408870065Z,fair-c100,2026-07-11T19:54:10.466Z,1783799650466,28833,first_a_sqs_sent_timestamp,29609,77,ok,
reaction-20260711T195313.408870065Z,baseline-c100,2026-07-11T19:54:11.432Z,1783799651432,29882,first_a_sqs_sent_timestamp,29277,85,ok,
reaction-20260711T195313.408870065Z,fair-c100,2026-07-11T19:54:11.469Z,1783799651469,29836,first_a_sqs_sent_timestamp,29514,50,ok,
reaction-20260711T195313.408870065Z,baseline-c100,2026-07-11T19:54:12.437Z,1783799652437,30887,first_a_sqs_sent_timestamp,29033,89,ok,
reaction-20260711T195313.408870065Z,fair-c100,2026-07-11T19:54:12.464Z,1783799652464,30831,first_a_sqs_sent_timestamp,29383,75,ok,
reaction-20260711T195313.408870065Z,baseline-c100,2026-07-11T19:54:13.431Z,1783799653431,31881,first_a_sqs_sent_timestamp,29511,92,ok,
reaction-20260711T195313.408870065Z,fair-c100,2026-07-11T19:54:13.457Z,1783799653457,31824,first_a_sqs_sent_timestamp,29437,61,ok,
reaction-20260711T195313.408870065Z,baseline-c100,2026-07-11T19:54:14.442Z,1783799654442,32892,first_a_sqs_sent_timestamp,28969,99,ok,
reaction-20260711T195313.408870065Z,fair-c100,2026-07-11T19:54:14.469Z,1783799654469,32836,first_a_sqs_sent_timestamp,29297,50,ok,
reaction-20260711T195313.408870065Z,baseline-c100,2026-07-11T19:54:15.431Z,1783799655431,33881,first_a_sqs_sent_timestamp,29210,93,ok,
reaction-20260711T195313.408870065Z,fair-c100,2026-07-11T19:54:15.461Z,1783799655461,33828,first_a_sqs_sent_timestamp,29357,59,ok,
reaction-20260711T195313.408870065Z,baseline-c100,2026-07-11T19:54:16.432Z,1783799656432,34882,first_a_sqs_sent_timestamp,28965,90,ok,
reaction-20260711T195313.408870065Z,fair-c100,2026-07-11T19:54:16.459Z,1783799656459,34826,first_a_sqs_sent_timestamp,29358,57,ok,
reaction-20260711T195313.408870065Z,baseline-c100,2026-07-11T19:54:17.433Z,1783799657433,35883,first_a_sqs_sent_timestamp,29123,94,ok,
reaction-20260711T195313.408870065Z,fair-c100,2026-07-11T19:54:17.463Z,1783799657463,35830,first_a_sqs_sent_timestamp,29355,59,ok,
reaction-20260711T195313.408870065Z,baseline-c100,2026-07-11T19:54:18.436Z,1783799658436,36886,first_a_sqs_sent_timestamp,28896,98,ok,
reaction-20260711T195313.408870065Z,fair-c100,2026-07-11T19:54:18.465Z,1783799658465,36832,first_a_sqs_sent_timestamp,29200,79,ok,
reaction-20260711T195313.408870065Z,baseline-c100,2026-07-11T19:54:19.435Z,1783799659435,37885,first_a_sqs_sent_timestamp,29097,89,ok,
reaction-20260711T195313.408870065Z,fair-c100,2026-07-11T19:54:19.481Z,1783799659481,37848,first_a_sqs_sent_timestamp,29429,59,ok,
reaction-20260711T195313.408870065Z,baseline-c100,2026-07-11T19:54:20.432Z,1783799660432,38882,first_a_sqs_sent_timestamp,28894,95,ok,
reaction-20260711T195313.408870065Z,fair-c100,2026-07-11T19:54:20.458Z,1783799660458,38825,first_a_sqs_sent_timestamp,29200,79,ok,
reaction-20260711T195313.408870065Z,baseline-c100,2026-07-11T19:54:21.432Z,1783799661432,39882,first_a_sqs_sent_timestamp,28760,74,ok,
reaction-20260711T195313.408870065Z,fair-c100,2026-07-11T19:54:21.463Z,1783799661463,39830,first_a_sqs_sent_timestamp,29199,84,ok,
reaction-20260711T195313.408870065Z,baseline-c100,2026-07-11T19:54:22.432Z,1783799662432,40882,first_a_sqs_sent_timestamp,28814,100,ok,
reaction-20260711T195313.408870065Z,fair-c100,2026-07-11T19:54:22.481Z,1783799662481,40848,first_a_sqs_sent_timestamp,29295,50,ok,
reaction-20260711T195313.408870065Z,baseline-c100,2026-07-11T19:54:23.43Z,1783799663430,41880,first_a_sqs_sent_timestamp,28759,75,ok,
reaction-20260711T195313.408870065Z,fair-c100,2026-07-11T19:54:23.456Z,1783799663456,41823,first_a_sqs_sent_timestamp,29082,66,ok,
reaction-20260711T195313.408870065Z,baseline-c100,2026-07-11T19:54:24.432Z,1783799664432,42882,first_a_sqs_sent_timestamp,28759,75,ok,
reaction-20260711T195313.408870065Z,fair-c100,2026-07-11T19:54:24.465Z,1783799664465,42832,first_a_sqs_sent_timestamp,29200,78,ok,
reaction-20260711T195313.408870065Z,baseline-c100,2026-07-11T19:54:25.432Z,1783799665432,43882,first_a_sqs_sent_timestamp,28814,102,ok,
reaction-20260711T195313.408870065Z,fair-c100,2026-07-11T19:54:25.461Z,1783799665461,43828,first_a_sqs_sent_timestamp,29544,78,ok,
reaction-20260711T195313.408870065Z,baseline-c100,2026-07-11T19:54:26.435Z,1783799666435,44885,first_a_sqs_sent_timestamp,28966,91,ok,
reaction-20260711T195313.408870065Z,fair-c100,2026-07-11T19:54:26.463Z,1783799666463,44830,first_a_sqs_sent_timestamp,29021,79,ok,
reaction-20260711T195313.408870065Z,baseline-c100,2026-07-11T19:54:27.432Z,1783799667432,45882,first_a_sqs_sent_timestamp,29031,85,ok,
reaction-20260711T195313.408870065Z,fair-c100,2026-07-11T19:54:27.459Z,1783799667459,45826,first_a_sqs_sent_timestamp,29082,64,ok,
reaction-20260711T195313.408870065Z,baseline-c100,2026-07-11T19:54:28.431Z,1783799668431,46881,first_a_sqs_sent_timestamp,29120,86,ok,
reaction-20260711T195313.408870065Z,fair-c100,2026-07-11T19:54:28.458Z,1783799668458,46825,first_a_sqs_sent_timestamp,29082,64,ok,
reaction-20260711T195313.408870065Z,baseline-c100,2026-07-11T19:54:29.433Z,1783799669433,47883,first_a_sqs_sent_timestamp,28504,88,ok,
reaction-20260711T195313.408870065Z,fair-c100,2026-07-11T19:54:29.46Z,1783799669460,47827,first_a_sqs_sent_timestamp,29021,76,ok,
reaction-20260711T195313.408870065Z,baseline-c100,2026-07-11T19:54:30.432Z,1783799670432,48882,first_a_sqs_sent_timestamp,28459,93,ok,
reaction-20260711T195313.408870065Z,fair-c100,2026-07-11T19:54:30.462Z,1783799670462,48829,first_a_sqs_sent_timestamp,28918,82,ok,
reaction-20260711T195313.408870065Z,baseline-c100,2026-07-11T19:54:31.435Z,1783799671435,49885,first_a_sqs_sent_timestamp,28567,91,ok,
reaction-20260711T195313.408870065Z,fair-c100,2026-07-11T19:54:31.463Z,1783799671463,49830,first_a_sqs_sent_timestamp,29021,78,ok,
reaction-20260711T195313.408870065Z,baseline-c100,2026-07-11T19:54:32.432Z,1783799672432,50882,first_a_sqs_sent_timestamp,28895,94,ok,
reaction-20260711T195313.408870065Z,fair-c100,2026-07-11T19:54:32.483Z,1783799672483,50850,first_a_sqs_sent_timestamp,28847,80,ok,
reaction-20260711T195313.408870065Z,baseline-c100,2026-07-11T19:54:33.434Z,1783799673434,51884,first_a_sqs_sent_timestamp,28503,85,ok,
reaction-20260711T195313.408870065Z,fair-c100,2026-07-11T19:54:33.463Z,1783799673463,51830,first_a_sqs_sent_timestamp,28917,83,ok,
reaction-20260711T195313.408870065Z,baseline-c100,2026-07-11T19:54:34.435Z,1783799674435,52885,first_a_sqs_sent_timestamp,28347,99,ok,
reaction-20260711T195313.408870065Z,fair-c100,2026-07-11T19:54:34.462Z,1783799674462,52829,first_a_sqs_sent_timestamp,29381,78,ok,
reaction-20260711T195313.408870065Z,baseline-c100,2026-07-11T19:54:35.431Z,1783799675431,53881,first_a_sqs_sent_timestamp,28287,73,ok,
reaction-20260711T195313.408870065Z,fair-c100,2026-07-11T19:54:35.462Z,1783799675462,53829,first_a_sqs_sent_timestamp,28793,73,ok,
reaction-20260711T195313.408870065Z,baseline-c100,2026-07-11T19:54:36.432Z,1783799676432,54882,first_a_sqs_sent_timestamp,28759,77,ok,
reaction-20260711T195313.408870065Z,fair-c100,2026-07-11T19:54:36.46Z,1783799676460,54827,first_a_sqs_sent_timestamp,29144,80,ok,
reaction-20260711T195313.408870065Z,baseline-c100,2026-07-11T19:54:37.431Z,1783799677431,55881,first_a_sqs_sent_timestamp,28313,92,ok,
reaction-20260711T195313.408870065Z,fair-c100,2026-07-11T19:54:37.457Z,1783799677457,55824,first_a_sqs_sent_timestamp,28731,74,ok,
reaction-20260711T195313.408870065Z,baseline-c100,2026-07-11T19:54:38.432Z,1783799678432,56882,first_a_sqs_sent_timestamp,28313,91,ok,
reaction-20260711T195313.408870065Z,fair-c100,2026-07-11T19:54:38.48Z,1783799678480,56847,first_a_sqs_sent_timestamp,28785,68,ok,
reaction-20260711T195313.408870065Z,baseline-c100,2026-07-11T19:54:39.433Z,1783799679433,57883,first_a_sqs_sent_timestamp,28457,92,ok,
reaction-20260711T195313.408870065Z,fair-c100,2026-07-11T19:54:39.46Z,1783799679460,57827,first_a_sqs_sent_timestamp,28731,79,ok,
reaction-20260711T195313.408870065Z,baseline-c100,2026-07-11T19:54:40.432Z,1783799680432,58882,first_a_sqs_sent_timestamp,28183,100,ok,
reaction-20260711T195313.408870065Z,fair-c100,2026-07-11T19:54:40.458Z,1783799680458,58825,first_a_sqs_sent_timestamp,28849,84,ok,
reaction-20260711T195313.408870065Z,baseline-c100,2026-07-11T19:54:41.439Z,1783799681439,59889,first_a_sqs_sent_timestamp,28349,105,ok,
reaction-20260711T195313.408870065Z,fair-c100,2026-07-11T19:54:41.472Z,1783799681472,59839,first_a_sqs_sent_timestamp,29599,58,ok,
reaction-20260711T195313.408870065Z,baseline-c100,2026-07-11T19:54:42.432Z,1783799682432,60882,first_a_sqs_sent_timestamp,28065,92,ok,
reaction-20260711T195313.408870065Z,fair-c100,2026-07-11T19:54:42.458Z,1783799682458,60825,first_a_sqs_sent_timestamp,28728,72,ok,
reaction-20260711T195313.408870065Z,baseline-c100,2026-07-11T19:54:43.432Z,1783799683432,61882,first_a_sqs_sent_timestamp,28067,90,ok,
reaction-20260711T195313.408870065Z,fair-c100,2026-07-11T19:54:43.459Z,1783799683459,61826,first_a_sqs_sent_timestamp,28613,77,ok,
reaction-20260711T195313.408870065Z,baseline-c100,2026-07-11T19:54:44.434Z,1783799684434,62884,first_a_sqs_sent_timestamp,27995,91,ok,
reaction-20260711T195313.408870065Z,fair-c100,2026-07-11T19:54:44.466Z,1783799684466,62833,first_a_sqs_sent_timestamp,28793,75,ok,
reaction-20260711T195313.408870065Z,baseline-c100,2026-07-11T19:54:45.433Z,1783799685433,63883,first_a_sqs_sent_timestamp,27995,94,ok,
reaction-20260711T195313.408870065Z,fair-c100,2026-07-11T19:54:45.463Z,1783799685463,63830,first_a_sqs_sent_timestamp,28502,77,ok,
reaction-20260711T195313.408870065Z,baseline-c100,2026-07-11T19:54:46.431Z,1783799686431,64881,first_a_sqs_sent_timestamp,27995,91,ok,
reaction-20260711T195313.408870065Z,fair-c100,2026-07-11T19:54:46.458Z,1783799686458,64825,first_a_sqs_sent_timestamp,28614,78,ok,
reaction-20260711T195313.408870065Z,baseline-c100,2026-07-11T19:54:47.439Z,1783799687439,65889,first_a_sqs_sent_timestamp,28067,92,ok,
reaction-20260711T195313.408870065Z,fair-c100,2026-07-11T19:54:47.467Z,1783799687467,65834,first_a_sqs_sent_timestamp,28563,75,ok,
reaction-20260711T195313.408870065Z,baseline-c100,2026-07-11T19:54:48.434Z,1783799688434,66884,first_a_sqs_sent_timestamp,27802,82,ok,
reaction-20260711T195313.408870065Z,fair-c100,2026-07-11T19:54:48.464Z,1783799688464,66831,first_a_sqs_sent_timestamp,28594,74,ok,
reaction-20260711T195313.408870065Z,baseline-c100,2026-07-11T19:54:49.434Z,1783799689434,67884,first_a_sqs_sent_timestamp,28183,100,ok,
reaction-20260711T195313.408870065Z,fair-c100,2026-07-11T19:54:49.617Z,1783799689617,67984,first_a_sqs_sent_timestamp,29010,56,ok,
reaction-20260711T195313.408870065Z,baseline-c100,2026-07-11T19:54:50.431Z,1783799690431,68881,first_a_sqs_sent_timestamp,27994,97,ok,
reaction-20260711T195313.408870065Z,fair-c100,2026-07-11T19:54:50.459Z,1783799690459,68826,first_a_sqs_sent_timestamp,28467,50,ok,
reaction-20260711T195313.408870065Z,baseline-c100,2026-07-11T19:54:51.433Z,1783799691433,69883,first_a_sqs_sent_timestamp,27803,76,ok,
reaction-20260711T195313.408870065Z,fair-c100,2026-07-11T19:54:51.459Z,1783799691459,69826,first_a_sqs_sent_timestamp,28430,69,ok,
reaction-20260711T195313.408870065Z,baseline-c100,2026-07-11T19:54:52.434Z,1783799692434,70884,first_a_sqs_sent_timestamp,27725,101,ok,
reaction-20260711T195313.408870065Z,fair-c100,2026-07-11T19:54:52.463Z,1783799692463,70830,first_a_sqs_sent_timestamp,28430,78,ok,
reaction-20260711T195313.408870065Z,baseline-c100,2026-07-11T19:54:53.434Z,1783799693434,71884,first_a_sqs_sent_timestamp,28113,92,ok,
reaction-20260711T195313.408870065Z,fair-c100,2026-07-11T19:54:53.469Z,1783799693469,71836,first_a_sqs_sent_timestamp,28786,64,ok,
reaction-20260711T195313.408870065Z,baseline-c100,2026-07-11T19:54:54.435Z,1783799694435,72885,first_a_sqs_sent_timestamp,27587,95,ok,
reaction-20260711T195313.408870065Z,fair-c100,2026-07-11T19:54:54.466Z,1783799694466,72833,first_a_sqs_sent_timestamp,28470,52,ok,
reaction-20260711T195313.408870065Z,baseline-c100,2026-07-11T19:54:55.433Z,1783799695433,73883,first_a_sqs_sent_timestamp,27726,98,ok,
reaction-20260711T195313.408870065Z,fair-c100,2026-07-11T19:54:55.461Z,1783799695461,73828,first_a_sqs_sent_timestamp,28314,70,ok,
reaction-20260711T195313.408870065Z,baseline-c100,2026-07-11T19:54:56.432Z,1783799696432,74882,first_a_sqs_sent_timestamp,27687,84,ok,
reaction-20260711T195313.408870065Z,fair-c100,2026-07-11T19:54:56.46Z,1783799696460,74827,first_a_sqs_sent_timestamp,28432,60,ok,
reaction-20260711T195313.408870065Z,baseline-c100,2026-07-11T19:54:57.441Z,1783799697441,75891,first_a_sqs_sent_timestamp,27944,95,ok,
reaction-20260711T195313.408870065Z,fair-c100,2026-07-11T19:54:57.47Z,1783799697470,75837,first_a_sqs_sent_timestamp,28236,68,ok,
reaction-20260711T195313.408870065Z,baseline-c100,2026-07-11T19:54:58.433Z,1783799698433,76883,first_a_sqs_sent_timestamp,27480,89,ok,
reaction-20260711T195313.408870065Z,fair-c100,2026-07-11T19:54:58.461Z,1783799698461,76828,first_a_sqs_sent_timestamp,28399,51,ok,
reaction-20260711T195313.408870065Z,baseline-c100,2026-07-11T19:54:59.433Z,1783799699433,77883,first_a_sqs_sent_timestamp,27446,92,ok,
reaction-20260711T195313.408870065Z,fair-c100,2026-07-11T19:54:59.463Z,1783799699463,77830,first_a_sqs_sent_timestamp,28507,81,ok,
reaction-20260711T195313.408870065Z,baseline-c100,2026-07-11T19:55:00.432Z,1783799700432,78882,first_a_sqs_sent_timestamp,28530,82,ok,
reaction-20260711T195313.408870065Z,fair-c100,2026-07-11T19:55:00.486Z,1783799700486,78853,first_a_sqs_sent_timestamp,28286,69,ok,
reaction-20260711T195313.408870065Z,baseline-c100,2026-07-11T19:55:01.432Z,1783799701432,79882,first_a_sqs_sent_timestamp,27345,92,ok,
reaction-20260711T195313.408870065Z,fair-c100,2026-07-11T19:55:01.462Z,1783799701462,79829,first_a_sqs_sent_timestamp,28198,55,ok,
reaction-20260711T195313.408870065Z,baseline-c100,2026-07-11T19:55:02.433Z,1783799702433,80883,first_a_sqs_sent_timestamp,27448,88,ok,
reaction-20260711T195313.408870065Z,fair-c100,2026-07-11T19:55:02.459Z,1783799702459,80826,first_a_sqs_sent_timestamp,28197,58,ok,
reaction-20260711T195313.408870065Z,baseline-c100,2026-07-11T19:55:03.434Z,1783799703434,81884,first_a_sqs_sent_timestamp,27517,87,ok,
reaction-20260711T195313.408870065Z,fair-c100,2026-07-11T19:55:03.462Z,1783799703462,81829,first_a_sqs_sent_timestamp,28143,72,ok,
reaction-20260711T195313.408870065Z,baseline-c100,2026-07-11T19:55:04.433Z,1783799704433,82883,first_a_sqs_sent_timestamp,27227,94,ok,
reaction-20260711T195313.408870065Z,fair-c100,2026-07-11T19:55:04.461Z,1783799704461,82828,first_a_sqs_sent_timestamp,28429,81,ok,
reaction-20260711T195313.408870065Z,baseline-c100,2026-07-11T19:55:05.435Z,1783799705435,83885,first_a_sqs_sent_timestamp,27233,89,ok,
reaction-20260711T195313.408870065Z,fair-c100,2026-07-11T19:55:05.464Z,1783799705464,83831,first_a_sqs_sent_timestamp,28166,68,ok,
reaction-20260711T195313.408870065Z,baseline-c100,2026-07-11T19:55:06.432Z,1783799706432,84882,first_a_sqs_sent_timestamp,27480,88,ok,
reaction-20260711T195313.408870065Z,fair-c100,2026-07-11T19:55:06.46Z,1783799706460,84827,first_a_sqs_sent_timestamp,28309,68,ok,
reaction-20260711T195313.408870065Z,baseline-c100,2026-07-11T19:55:07.434Z,1783799707434,85884,first_a_sqs_sent_timestamp,27801,77,ok,
reaction-20260711T195313.408870065Z,fair-c100,2026-07-11T19:55:07.465Z,1783799707465,85832,first_a_sqs_sent_timestamp,28197,53,ok,
reaction-20260711T195313.408870065Z,baseline-c100,2026-07-11T19:55:08.432Z,1783799708432,86882,first_a_sqs_sent_timestamp,27232,91,ok,
reaction-20260711T195313.408870065Z,fair-c100,2026-07-11T19:55:08.461Z,1783799708461,86828,first_a_sqs_sent_timestamp,27954,82,ok,
reaction-20260711T195313.408870065Z,baseline-c100,2026-07-11T19:55:09.433Z,1783799709433,87883,first_a_sqs_sent_timestamp,27345,95,ok,
reaction-20260711T195313.408870065Z,fair-c100,2026-07-11T19:55:09.459Z,1783799709459,87826,first_a_sqs_sent_timestamp,28008,70,ok,
reaction-20260711T195313.408870065Z,baseline-c100,2026-07-11T19:55:10.433Z,1783799710433,88883,first_a_sqs_sent_timestamp,27226,94,ok,
reaction-20260711T195313.408870065Z,fair-c100,2026-07-11T19:55:10.461Z,1783799710461,88828,first_a_sqs_sent_timestamp,27983,79,ok,
reaction-20260711T195313.408870065Z,baseline-c100,2026-07-11T19:55:11.507Z,1783799711507,89957,first_a_sqs_sent_timestamp,27114,78,ok,
reaction-20260711T195313.408870065Z,fair-c100,2026-07-11T19:55:11.537Z,1783799711537,89904,first_a_sqs_sent_timestamp,27982,81,ok,
reaction-20260711T195313.408870065Z,baseline-c100,2026-07-11T19:55:12.493Z,1783799712493,90943,first_a_sqs_sent_timestamp,27113,80,ok,
reaction-20260711T195313.408870065Z,fair-c100,2026-07-11T19:55:12.524Z,1783799712524,90891,first_a_sqs_sent_timestamp,28089,78,ok,
reaction-20260711T195313.408870065Z,baseline-c100,2026-07-11T19:55:13.437Z,1783799713437,91887,first_a_sqs_sent_timestamp,27001,87,ok,
reaction-20260711T195313.408870065Z,fair-c100,2026-07-11T19:55:13.467Z,1783799713467,91834,first_a_sqs_sent_timestamp,27953,82,ok,
reaction-20260711T195313.408870065Z,baseline-c100,2026-07-11T19:55:14.436Z,1783799714436,92886,first_a_sqs_sent_timestamp,27001,87,ok,
reaction-20260711T195313.408870065Z,fair-c100,2026-07-11T19:55:14.472Z,1783799714472,92839,first_a_sqs_sent_timestamp,28043,70,ok,
reaction-20260711T195313.408870065Z,baseline-c100,2026-07-11T19:55:15.434Z,1783799715434,93884,first_a_sqs_sent_timestamp,27586,90,ok,
reaction-20260711T195313.408870065Z,fair-c100,2026-07-11T19:55:15.469Z,1783799715469,93836,first_a_sqs_sent_timestamp,27749,81,ok,
reaction-20260711T195313.408870065Z,baseline-c100,2026-07-11T19:55:16.434Z,1783799716434,94884,first_a_sqs_sent_timestamp,26939,77,ok,
reaction-20260711T195313.408870065Z,fair-c100,2026-07-11T19:55:16.463Z,1783799716463,94830,first_a_sqs_sent_timestamp,27808,83,ok,
reaction-20260711T195313.408870065Z,baseline-c100,2026-07-11T19:55:17.433Z,1783799717433,95883,first_a_sqs_sent_timestamp,27231,89,ok,
reaction-20260711T195313.408870065Z,fair-c100,2026-07-11T19:55:17.463Z,1783799717463,95830,first_a_sqs_sent_timestamp,28142,73,ok,
reaction-20260711T195313.408870065Z,baseline-c100,2026-07-11T19:55:18.435Z,1783799718435,96885,first_a_sqs_sent_timestamp,27002,83,ok,
reaction-20260711T195313.408870065Z,fair-c100,2026-07-11T19:55:18.463Z,1783799718463,96830,first_a_sqs_sent_timestamp,27650,95,ok,
reaction-20260711T195313.408870065Z,baseline-c100,2026-07-11T19:55:19.431Z,1783799719431,97881,first_a_sqs_sent_timestamp,26832,92,ok,
reaction-20260711T195313.408870065Z,fair-c100,2026-07-11T19:55:19.461Z,1783799719461,97828,first_a_sqs_sent_timestamp,27649,98,ok,
reaction-20260711T195313.408870065Z,baseline-c100,2026-07-11T19:55:20.43Z,1783799720430,98880,first_a_sqs_sent_timestamp,27138,73,ok,
reaction-20260711T195313.408870065Z,fair-c100,2026-07-11T19:55:20.464Z,1783799720464,98831,first_a_sqs_sent_timestamp,27649,98,ok,
reaction-20260711T195313.408870065Z,baseline-c100,2026-07-11T19:55:21.432Z,1783799721432,99882,first_a_sqs_sent_timestamp,26831,98,ok,
reaction-20260711T195313.408870065Z,fair-c100,2026-07-11T19:55:21.461Z,1783799721461,99828,first_a_sqs_sent_timestamp,27807,79,ok,
reaction-20260711T195313.408870065Z,baseline-c100,2026-07-11T19:55:22.452Z,1783799722452,100902,first_a_sqs_sent_timestamp,26755,91,ok,
reaction-20260711T195313.408870065Z,fair-c100,2026-07-11T19:55:22.496Z,1783799722496,100863,first_a_sqs_sent_timestamp,27517,92,ok,
reaction-20260711T195313.408870065Z,baseline-c100,2026-07-11T19:55:23.434Z,1783799723434,101884,first_a_sqs_sent_timestamp,26756,88,ok,
reaction-20260711T195313.408870065Z,fair-c100,2026-07-11T19:55:23.464Z,1783799723464,101831,first_a_sqs_sent_timestamp,28011,71,ok,
reaction-20260711T195313.408870065Z,baseline-c100,2026-07-11T19:55:24.431Z,1783799724431,102881,first_a_sqs_sent_timestamp,26653,95,ok,
reaction-20260711T195313.408870065Z,fair-c100,2026-07-11T19:55:24.458Z,1783799724458,102825,first_a_sqs_sent_timestamp,27647,100,ok,
reaction-20260711T195313.408870065Z,baseline-c100,2026-07-11T19:55:25.432Z,1783799725432,103882,first_a_sqs_sent_timestamp,26553,86,ok,
reaction-20260711T195313.408870065Z,fair-c100,2026-07-11T19:55:25.46Z,1783799725460,103827,first_a_sqs_sent_timestamp,27791,89,ok,
reaction-20260711T195313.408870065Z,baseline-c100,2026-07-11T19:55:26.432Z,1783799726432,104882,first_a_sqs_sent_timestamp,26728,97,ok,
reaction-20260711T195313.408870065Z,fair-c100,2026-07-11T19:55:26.459Z,1783799726459,104826,first_a_sqs_sent_timestamp,27430,76,ok,
reaction-20260711T195313.408870065Z,baseline-c100,2026-07-11T19:55:27.431Z,1783799727431,105881,first_a_sqs_sent_timestamp,27037,102,ok,
reaction-20260711T195313.408870065Z,fair-c100,2026-07-11T19:55:27.458Z,1783799727458,105825,first_a_sqs_sent_timestamp,27404,75,ok,
reaction-20260711T195313.408870065Z,baseline-c100,2026-07-11T19:55:28.43Z,1783799728430,106880,first_a_sqs_sent_timestamp,26417,91,ok,
reaction-20260711T195313.408870065Z,fair-c100,2026-07-11T19:55:28.458Z,1783799728458,106825,first_a_sqs_sent_timestamp,27404,74,ok,
reaction-20260711T195313.408870065Z,baseline-c100,2026-07-11T19:55:29.432Z,1783799729432,107882,first_a_sqs_sent_timestamp,26420,86,ok,
reaction-20260711T195313.408870065Z,fair-c100,2026-07-11T19:55:29.46Z,1783799729460,107827,first_a_sqs_sent_timestamp,27515,87,ok,
reaction-20260711T195313.408870065Z,baseline-c100,2026-07-11T19:55:30.488Z,1783799730488,108938,first_a_sqs_sent_timestamp,26417,91,ok,
reaction-20260711T195313.408870065Z,fair-c100,2026-07-11T19:55:30.569Z,1783799730569,108936,first_a_sqs_sent_timestamp,27853,68,ok,
reaction-20260711T195313.408870065Z,baseline-c100,2026-07-11T19:55:31.442Z,1783799731442,109892,first_a_sqs_sent_timestamp,26553,90,ok,
reaction-20260711T195313.408870065Z,fair-c100,2026-07-11T19:55:31.503Z,1783799731503,109870,first_a_sqs_sent_timestamp,27432,73,ok,
reaction-20260711T195313.408870065Z,baseline-c100,2026-07-11T19:55:32.432Z,1783799732432,110882,first_a_sqs_sent_timestamp,26293,72,ok,
reaction-20260711T195313.408870065Z,fair-c100,2026-07-11T19:55:32.482Z,1783799732482,110849,first_a_sqs_sent_timestamp,27750,86,ok,
reaction-20260711T195313.408870065Z,baseline-c100,2026-07-11T19:55:33.432Z,1783799733432,111882,first_a_sqs_sent_timestamp,26294,69,ok,
reaction-20260711T195313.408870065Z,fair-c100,2026-07-11T19:55:33.481Z,1783799733481,111848,first_a_sqs_sent_timestamp,27190,95,ok,
reaction-20260711T195313.408870065Z,baseline-c100,2026-07-11T19:55:34.432Z,1783799734432,112882,first_a_sqs_sent_timestamp,26417,86,ok,
reaction-20260711T195313.408870065Z,fair-c100,2026-07-11T19:55:34.459Z,1783799734459,112826,first_a_sqs_sent_timestamp,27191,96,ok,
reaction-20260711T195313.408870065Z,baseline-c100,2026-07-11T19:55:35.435Z,1783799735435,113885,first_a_sqs_sent_timestamp,26621,88,ok,
reaction-20260711T195313.408870065Z,fair-c100,2026-07-11T19:55:35.463Z,1783799735463,113830,first_a_sqs_sent_timestamp,27228,90,ok,
reaction-20260711T195313.408870065Z,baseline-c100,2026-07-11T19:55:36.433Z,1783799736433,114883,first_a_sqs_sent_timestamp,26448,95,ok,
reaction-20260711T195313.408870065Z,fair-c100,2026-07-11T19:55:36.464Z,1783799736464,114831,first_a_sqs_sent_timestamp,27453,78,ok,
reaction-20260711T195313.408870065Z,baseline-c100,2026-07-11T19:55:37.441Z,1783799737441,115891,first_a_sqs_sent_timestamp,26293,69,ok,
reaction-20260711T195313.408870065Z,fair-c100,2026-07-11T19:55:37.471Z,1783799737471,115838,first_a_sqs_sent_timestamp,27229,88,ok,
reaction-20260711T195313.408870065Z,baseline-c100,2026-07-11T19:55:38.432Z,1783799738432,116882,first_a_sqs_sent_timestamp,26113,90,ok,
reaction-20260711T195313.408870065Z,fair-c100,2026-07-11T19:55:38.461Z,1783799738461,116828,first_a_sqs_sent_timestamp,27403,76,ok,
reaction-20260711T195313.408870065Z,baseline-c100,2026-07-11T19:55:39.433Z,1783799739433,117883,first_a_sqs_sent_timestamp,26144,98,ok,
reaction-20260711T195313.408870065Z,fair-c100,2026-07-11T19:55:39.461Z,1783799739461,117828,first_a_sqs_sent_timestamp,27263,75,ok,
reaction-20260711T195313.408870065Z,baseline-c100,2026-07-11T19:55:40.439Z,1783799740439,118889,first_a_sqs_sent_timestamp,26181,98,ok,
reaction-20260711T195313.408870065Z,fair-c100,2026-07-11T19:55:40.469Z,1783799740469,118836,first_a_sqs_sent_timestamp,26964,91,ok,
reaction-20260711T195313.408870065Z,baseline-c100,2026-07-11T19:55:41.432Z,1783799741432,119882,first_a_sqs_sent_timestamp,26096,67,ok,
reaction-20260711T195313.408870065Z,fair-c100,2026-07-11T19:55:41.468Z,1783799741468,119835,first_a_sqs_sent_timestamp,27175,77,ok,
reaction-20260711T195313.408870065Z,baseline-c100,2026-07-11T19:55:42.432Z,1783799742432,120882,first_a_sqs_sent_timestamp,26113,93,ok,
reaction-20260711T195313.408870065Z,fair-c100,2026-07-11T19:55:42.489Z,1783799742489,120856,first_a_sqs_sent_timestamp,26993,95,ok,
reaction-20260711T195313.408870065Z,baseline-c100,2026-07-11T19:55:43.436Z,1783799743436,121886,first_a_sqs_sent_timestamp,26096,66,ok,
reaction-20260711T195313.408870065Z,fair-c100,2026-07-11T19:55:43.465Z,1783799743465,121832,first_a_sqs_sent_timestamp,26965,90,ok,
reaction-20260711T195313.408870065Z,baseline-c100,2026-07-11T19:55:44.431Z,1783799744431,122881,first_a_sqs_sent_timestamp,25883,90,ok,
reaction-20260711T195313.408870065Z,fair-c100,2026-07-11T19:55:44.463Z,1783799744463,122830,first_a_sqs_sent_timestamp,27189,97,ok,
reaction-20260711T195313.408870065Z,baseline-c100,2026-07-11T19:55:45.43Z,1783799745430,123880,first_a_sqs_sent_timestamp,25987,89,ok,
reaction-20260711T195313.408870065Z,fair-c100,2026-07-11T19:55:45.482Z,1783799745482,123849,first_a_sqs_sent_timestamp,26777,88,ok,
reaction-20260711T195313.408870065Z,baseline-c100,2026-07-11T19:55:46.431Z,1783799746431,124881,first_a_sqs_sent_timestamp,25884,89,ok,
reaction-20260711T195313.408870065Z,fair-c100,2026-07-11T19:55:46.459Z,1783799746459,124826,first_a_sqs_sent_timestamp,26937,77,ok,
reaction-20260711T195313.408870065Z,baseline-c100,2026-07-11T19:55:47.432Z,1783799747432,125882,first_a_sqs_sent_timestamp,25986,90,ok,
reaction-20260711T195313.408870065Z,fair-c100,2026-07-11T19:55:47.466Z,1783799747466,125833,first_a_sqs_sent_timestamp,26868,84,ok,
reaction-20260711T195313.408870065Z,baseline-c100,2026-07-11T19:55:48.434Z,1783799748434,126884,first_a_sqs_sent_timestamp,25883,91,ok,
reaction-20260711T195313.408870065Z,fair-c100,2026-07-11T19:55:48.463Z,1783799748463,126830,first_a_sqs_sent_timestamp,26642,96,ok,
reaction-20260711T195313.408870065Z,baseline-c100,2026-07-11T19:55:49.433Z,1783799749433,127883,first_a_sqs_sent_timestamp,26280,66,ok,
reaction-20260711T195313.408870065Z,fair-c100,2026-07-11T19:55:49.464Z,1783799749464,127831,first_a_sqs_sent_timestamp,26643,97,ok,
reaction-20260711T195313.408870065Z,baseline-c100,2026-07-11T19:55:50.433Z,1783799750433,128883,first_a_sqs_sent_timestamp,25760,92,ok,
reaction-20260711T195313.408870065Z,fair-c100,2026-07-11T19:55:50.461Z,1783799750461,128828,first_a_sqs_sent_timestamp,26777,79,ok,
reaction-20260711T195313.408870065Z,baseline-c100,2026-07-11T19:55:51.434Z,1783799751434,129884,first_a_sqs_sent_timestamp,25685,95,ok,
reaction-20260711T195313.408870065Z,fair-c100,2026-07-11T19:55:51.46Z,1783799751460,129827,first_a_sqs_sent_timestamp,26549,96,ok,
reaction-20260711T195313.408870065Z,baseline-c100,2026-07-11T19:55:52.435Z,1783799752435,130885,first_a_sqs_sent_timestamp,25885,87,ok,
reaction-20260711T195313.408870065Z,fair-c100,2026-07-11T19:55:52.463Z,1783799752463,130830,first_a_sqs_sent_timestamp,26641,96,ok,
reaction-20260711T195313.408870065Z,baseline-c100,2026-07-11T19:55:53.433Z,1783799753433,131883,first_a_sqs_sent_timestamp,25597,84,ok,
reaction-20260711T195313.408870065Z,fair-c100,2026-07-11T19:55:53.461Z,1783799753461,131828,first_a_sqs_sent_timestamp,26617,71,ok,
reaction-20260711T195313.408870065Z,baseline-c100,2026-07-11T19:55:54.43Z,1783799754430,132880,first_a_sqs_sent_timestamp,25915,95,ok,
reaction-20260711T195313.408870065Z,fair-c100,2026-07-11T19:55:54.486Z,1783799754486,132853,first_a_sqs_sent_timestamp,26704,92,ok,
reaction-20260711T195313.408870065Z,baseline-c100,2026-07-11T19:55:55.431Z,1783799755431,133881,first_a_sqs_sent_timestamp,25518,100,ok,
reaction-20260711T195313.408870065Z,fair-c100,2026-07-11T19:55:55.517Z,1783799755517,133884,first_a_sqs_sent_timestamp,26799,94,ok,
reaction-20260711T195313.408870065Z,baseline-c100,2026-07-11T19:55:56.432Z,1783799756432,134882,first_a_sqs_sent_timestamp,26298,74,ok,
reaction-20260711T195313.408870065Z,fair-c100,2026-07-11T19:55:56.465Z,1783799756465,134832,first_a_sqs_sent_timestamp,26834,79,ok,
reaction-20260711T195313.408870065Z,baseline-c100,2026-07-11T19:55:57.434Z,1783799757434,135884,first_a_sqs_sent_timestamp,26146,96,ok,
reaction-20260711T195313.408870065Z,fair-c100,2026-07-11T19:55:57.464Z,1783799757464,135831,first_a_sqs_sent_timestamp,26479,91,ok,
reaction-20260711T195313.408870065Z,baseline-c100,2026-07-11T19:55:58.43Z,1783799758430,136880,first_a_sqs_sent_timestamp,25521,99,ok,
reaction-20260711T195313.408870065Z,fair-c100,2026-07-11T19:55:58.459Z,1783799758459,136826,first_a_sqs_sent_timestamp,26617,70,ok,
reaction-20260711T195313.408870065Z,baseline-c100,2026-07-11T19:55:59.432Z,1783799759432,137882,first_a_sqs_sent_timestamp,25579,55,ok,
reaction-20260711T195313.408870065Z,fair-c100,2026-07-11T19:55:59.459Z,1783799759459,137826,first_a_sqs_sent_timestamp,26360,77,ok,
reaction-20260711T195313.408870065Z,baseline-c100,2026-07-11T19:56:00.433Z,1783799760433,138883,first_a_sqs_sent_timestamp,25601,81,ok,
reaction-20260711T195313.408870065Z,fair-c100,2026-07-11T19:56:00.463Z,1783799760463,138830,first_a_sqs_sent_timestamp,26549,100,ok,
reaction-20260711T195313.408870065Z,baseline-c100,2026-07-11T19:56:01.437Z,1783799761437,139887,first_a_sqs_sent_timestamp,25523,94,ok,
reaction-20260711T195313.408870065Z,fair-c100,2026-07-11T19:56:01.468Z,1783799761468,139835,first_a_sqs_sent_timestamp,26358,82,ok,
reaction-20260711T195313.408870065Z,baseline-c100,2026-07-11T19:56:02.432Z,1783799762432,140882,first_a_sqs_sent_timestamp,25685,94,ok,
reaction-20260711T195313.408870065Z,fair-c100,2026-07-11T19:56:02.463Z,1783799762463,140830,first_a_sqs_sent_timestamp,26174,86,ok,
reaction-20260711T195313.408870065Z,baseline-c100,2026-07-11T19:56:03.432Z,1783799763432,141882,first_a_sqs_sent_timestamp,25369,84,ok,
reaction-20260711T195313.408870065Z,fair-c100,2026-07-11T19:56:03.488Z,1783799763488,141855,first_a_sqs_sent_timestamp,26411,80,ok,
reaction-20260711T195313.408870065Z,baseline-c100,2026-07-11T19:56:04.431Z,1783799764431,142881,first_a_sqs_sent_timestamp,25430,99,ok,
reaction-20260711T195313.408870065Z,fair-c100,2026-07-11T19:56:04.459Z,1783799764459,142826,first_a_sqs_sent_timestamp,26231,81,ok,
reaction-20260711T195313.408870065Z,baseline-c100,2026-07-11T19:56:05.435Z,1783799765435,143885,first_a_sqs_sent_timestamp,25210,77,ok,
reaction-20260711T195313.408870065Z,fair-c100,2026-07-11T19:56:05.466Z,1783799765466,143833,first_a_sqs_sent_timestamp,26477,96,ok,
reaction-20260711T195313.408870065Z,baseline-c100,2026-07-11T19:56:06.431Z,1783799766431,144881,first_a_sqs_sent_timestamp,25210,78,ok,
reaction-20260711T195313.408870065Z,fair-c100,2026-07-11T19:56:06.466Z,1783799766466,144833,first_a_sqs_sent_timestamp,26172,85,ok,
reaction-20260711T195313.408870065Z,baseline-c100,2026-07-11T19:56:07.433Z,1783799767433,145883,first_a_sqs_sent_timestamp,25446,96,ok,
reaction-20260711T195313.408870065Z,fair-c100,2026-07-11T19:56:07.461Z,1783799767461,145828,first_a_sqs_sent_timestamp,26172,86,ok,
reaction-20260711T195313.408870065Z,baseline-c100,2026-07-11T19:56:08.435Z,1783799768435,146885,first_a_sqs_sent_timestamp,25270,94,ok,
reaction-20260711T195313.408870065Z,fair-c100,2026-07-11T19:56:08.461Z,1783799768461,146828,first_a_sqs_sent_timestamp,26290,90,ok,
reaction-20260711T195313.408870065Z,baseline-c100,2026-07-11T19:56:09.432Z,1783799769432,147882,first_a_sqs_sent_timestamp,25114,85,ok,
reaction-20260711T195313.408870065Z,fair-c100,2026-07-11T19:56:09.459Z,1783799769459,147826,first_a_sqs_sent_timestamp,25930,99,ok,
reaction-20260711T195313.408870065Z,baseline-c100,2026-07-11T19:56:10.431Z,1783799770431,148881,first_a_sqs_sent_timestamp,25339,99,ok,
reaction-20260711T195313.408870065Z,fair-c100,2026-07-11T19:56:10.483Z,1783799770483,148850,first_a_sqs_sent_timestamp,26231,81,ok,
reaction-20260711T195313.408870065Z,baseline-c100,2026-07-11T19:56:11.432Z,1783799771432,149882,first_a_sqs_sent_timestamp,25113,87,ok,
reaction-20260711T195313.408870065Z,fair-c100,2026-07-11T19:56:11.46Z,1783799771460,149827,first_a_sqs_sent_timestamp,26019,88,ok,
reaction-20260711T195313.408870065Z,baseline-c100,2026-07-11T19:56:12.434Z,1783799772434,150884,first_a_sqs_sent_timestamp,25308,81,ok,
reaction-20260711T195313.408870065Z,fair-c100,2026-07-11T19:56:12.466Z,1783799772466,150833,first_a_sqs_sent_timestamp,25835,90,ok,
reaction-20260711T195313.408870065Z,baseline-c100,2026-07-11T19:56:13.433Z,1783799773433,151883,first_a_sqs_sent_timestamp,24932,90,ok,
reaction-20260711T195313.408870065Z,fair-c100,2026-07-11T19:56:13.463Z,1783799773463,151830,first_a_sqs_sent_timestamp,25930,98,ok,
reaction-20260711T195313.408870065Z,baseline-c100,2026-07-11T19:56:14.433Z,1783799774433,152883,first_a_sqs_sent_timestamp,25366,89,ok,
reaction-20260711T195313.408870065Z,fair-c100,2026-07-11T19:56:14.461Z,1783799774461,152828,first_a_sqs_sent_timestamp,25859,95,ok,
reaction-20260711T195313.408870065Z,baseline-c100,2026-07-11T19:56:15.432Z,1783799775432,153882,first_a_sqs_sent_timestamp,24856,93,ok,
reaction-20260711T195313.408870065Z,fair-c100,2026-07-11T19:56:15.461Z,1783799775461,153828,first_a_sqs_sent_timestamp,26035,85,ok,
reaction-20260711T195313.408870065Z,baseline-c100,2026-07-11T19:56:16.432Z,1783799776432,154882,first_a_sqs_sent_timestamp,24861,91,ok,
reaction-20260711T195313.408870065Z,fair-c100,2026-07-11T19:56:16.461Z,1783799776461,154828,first_a_sqs_sent_timestamp,25968,90,ok,
reaction-20260711T195313.408870065Z,baseline-c100,2026-07-11T19:56:17.432Z,1783799777432,155882,first_a_sqs_sent_timestamp,24855,89,ok,
reaction-20260711T195313.408870065Z,fair-c100,2026-07-11T19:56:17.461Z,1783799777461,155828,first_a_sqs_sent_timestamp,25859,94,ok,
reaction-20260711T195313.408870065Z,baseline-c100,2026-07-11T19:56:18.431Z,1783799778431,156881,first_a_sqs_sent_timestamp,24791,82,ok,
reaction-20260711T195313.408870065Z,fair-c100,2026-07-11T19:56:18.459Z,1783799778459,156826,first_a_sqs_sent_timestamp,26094,101,ok,
reaction-20260711T195313.408870065Z,baseline-c100,2026-07-11T19:56:19.435Z,1783799779435,157885,first_a_sqs_sent_timestamp,24898,90,ok,
reaction-20260711T195313.408870065Z,fair-c100,2026-07-11T19:56:19.517Z,1783799779517,157884,first_a_sqs_sent_timestamp,25615,95,ok,
reaction-20260711T195313.408870065Z,baseline-c100,2026-07-11T19:56:20.431Z,1783799780431,158881,first_a_sqs_sent_timestamp,24792,74,ok,
reaction-20260711T195313.408870065Z,fair-c100,2026-07-11T19:56:20.461Z,1783799780461,158828,first_a_sqs_sent_timestamp,25833,90,ok,
reaction-20260711T195313.408870065Z,baseline-c100,2026-07-11T19:56:21.43Z,1783799781430,159880,first_a_sqs_sent_timestamp,24826,98,ok,
reaction-20260711T195313.408870065Z,fair-c100,2026-07-11T19:56:21.476Z,1783799781476,159843,first_a_sqs_sent_timestamp,25613,98,ok,
reaction-20260711T195313.408870065Z,baseline-c100,2026-07-11T19:56:22.437Z,1783799782437,160887,first_a_sqs_sent_timestamp,24705,90,ok,
reaction-20260711T195313.408870065Z,fair-c100,2026-07-11T19:56:22.462Z,1783799782462,160829,first_a_sqs_sent_timestamp,25515,99,ok,
reaction-20260711T195313.408870065Z,baseline-c100,2026-07-11T19:56:23.431Z,1783799783431,161881,first_a_sqs_sent_timestamp,24854,93,ok,
reaction-20260711T195313.408870065Z,fair-c100,2026-07-11T19:56:23.461Z,1783799783461,161828,first_a_sqs_sent_timestamp,25591,91,ok,
reaction-20260711T195313.408870065Z,baseline-c100,2026-07-11T19:56:24.43Z,1783799784430,162880,first_a_sqs_sent_timestamp,24635,88,ok,
reaction-20260711T195313.408870065Z,fair-c100,2026-07-11T19:56:24.46Z,1783799784460,162827,first_a_sqs_sent_timestamp,25591,93,ok,
reaction-20260711T195313.408870065Z,baseline-c100,2026-07-11T19:56:25.429Z,1783799785429,163879,first_a_sqs_sent_timestamp,24559,103,ok,
reaction-20260711T195313.408870065Z,fair-c100,2026-07-11T19:56:25.465Z,1783799785465,163832,first_a_sqs_sent_timestamp,25689,94,ok,
reaction-20260711T195313.408870065Z,baseline-c100,2026-07-11T19:56:26.432Z,1783799786432,164882,first_a_sqs_sent_timestamp,24933,89,ok,
reaction-20260711T195313.408870065Z,fair-c100,2026-07-11T19:56:26.46Z,1783799786460,164827,first_a_sqs_sent_timestamp,25659,85,ok,
reaction-20260711T195313.408870065Z,baseline-c100,2026-07-11T19:56:27.434Z,1783799787434,165884,first_a_sqs_sent_timestamp,24792,75,ok,
reaction-20260711T195313.408870065Z,fair-c100,2026-07-11T19:56:27.464Z,1783799787464,165831,first_a_sqs_sent_timestamp,25387,87,ok,
reaction-20260711T195313.408870065Z,baseline-c100,2026-07-11T19:56:28.43Z,1783799788430,166880,first_a_sqs_sent_timestamp,24634,87,ok,
reaction-20260711T195313.408870065Z,fair-c100,2026-07-11T19:56:28.462Z,1783799788462,166829,first_a_sqs_sent_timestamp,25349,87,ok,
reaction-20260711T195313.408870065Z,baseline-c100,2026-07-11T19:56:29.43Z,1783799789430,167880,first_a_sqs_sent_timestamp,24407,80,ok,
reaction-20260711T195313.408870065Z,fair-c100,2026-07-11T19:56:29.457Z,1783799789457,167824,first_a_sqs_sent_timestamp,25516,97,ok,
reaction-20260711T195313.408870065Z,baseline-c100,2026-07-11T19:56:30.438Z,1783799790438,168888,first_a_sqs_sent_timestamp,24466,77,ok,
reaction-20260711T195313.408870065Z,fair-c100,2026-07-11T19:56:30.466Z,1783799790466,168833,first_a_sqs_sent_timestamp,25210,81,ok,
reaction-20260711T195313.408870065Z,baseline-c100,2026-07-11T19:56:31.434Z,1783799791434,169884,first_a_sqs_sent_timestamp,24702,91,ok,
reaction-20260711T195313.408870065Z,fair-c100,2026-07-11T19:56:31.465Z,1783799791465,169832,first_a_sqs_sent_timestamp,25614,96,ok,
reaction-20260711T195313.408870065Z,baseline-c100,2026-07-11T19:56:32.433Z,1783799792433,170883,first_a_sqs_sent_timestamp,24407,80,ok,
reaction-20260711T195313.408870065Z,fair-c100,2026-07-11T19:56:32.463Z,1783799792463,170830,first_a_sqs_sent_timestamp,25389,89,ok,
reaction-20260711T195313.408870065Z,baseline-c100,2026-07-11T19:56:33.43Z,1783799793430,171880,first_a_sqs_sent_timestamp,24405,87,ok,
reaction-20260711T195313.408870065Z,fair-c100,2026-07-11T19:56:33.46Z,1783799793460,171827,first_a_sqs_sent_timestamp,25350,91,ok,
reaction-20260711T195313.408870065Z,baseline-c100,2026-07-11T19:56:34.434Z,1783799794434,172884,first_a_sqs_sent_timestamp,24464,78,ok,
reaction-20260711T195313.408870065Z,fair-c100,2026-07-11T19:56:34.46Z,1783799794460,172827,first_a_sqs_sent_timestamp,25212,83,ok,
reaction-20260711T195313.408870065Z,baseline-c100,2026-07-11T19:56:35.436Z,1783799795436,173886,first_a_sqs_sent_timestamp,24861,92,ok,
reaction-20260711T195313.408870065Z,fair-c100,2026-07-11T19:56:35.466Z,1783799795466,173833,first_a_sqs_sent_timestamp,25040,88,ok,
reaction-20260711T195313.408870065Z,baseline-c100,2026-07-11T19:56:36.432Z,1783799796432,174882,first_a_sqs_sent_timestamp,24291,89,ok,
reaction-20260711T195313.408870065Z,fair-c100,2026-07-11T19:56:36.462Z,1783799796462,174829,first_a_sqs_sent_timestamp,25930,97,ok,
reaction-20260711T195313.408870065Z,baseline-c100,2026-07-11T19:56:37.434Z,1783799797434,175884,first_a_sqs_sent_timestamp,24193,102,ok,
reaction-20260711T195313.408870065Z,fair-c100,2026-07-11T19:56:37.468Z,1783799797468,175835,first_a_sqs_sent_timestamp,25106,99,ok,
reaction-20260711T195313.408870065Z,baseline-c100,2026-07-11T19:56:38.431Z,1783799798431,176881,first_a_sqs_sent_timestamp,24166,83,ok,
reaction-20260711T195313.408870065Z,fair-c100,2026-07-11T19:56:38.46Z,1783799798460,176827,first_a_sqs_sent_timestamp,25138,95,ok,
reaction-20260711T195313.408870065Z,baseline-c100,2026-07-11T19:56:39.431Z,1783799799431,177881,first_a_sqs_sent_timestamp,24558,101,ok,
reaction-20260711T195313.408870065Z,fair-c100,2026-07-11T19:56:39.458Z,1783799799458,177825,first_a_sqs_sent_timestamp,24974,91,ok,
reaction-20260711T195313.408870065Z,baseline-c100,2026-07-11T19:56:40.432Z,1783799800432,178882,first_a_sqs_sent_timestamp,24167,80,ok,
reaction-20260711T195313.408870065Z,fair-c100,2026-07-11T19:56:40.486Z,1783799800486,178853,first_a_sqs_sent_timestamp,25103,97,ok,
reaction-20260711T195313.408870065Z,baseline-c100,2026-07-11T19:56:41.43Z,1783799801430,179880,first_a_sqs_sent_timestamp,24212,96,ok,
reaction-20260711T195313.408870065Z,fair-c100,2026-07-11T19:56:41.456Z,1783799801456,179823,first_a_sqs_sent_timestamp,25310,97,ok,
reaction-20260711T195313.408870065Z,baseline-c100,2026-07-11T19:56:42.434Z,1783799802434,180884,first_a_sqs_sent_timestamp,24291,93,ok,
reaction-20260711T195313.408870065Z,fair-c100,2026-07-11T19:56:42.462Z,1783799802462,180829,first_a_sqs_sent_timestamp,24973,90,ok,
reaction-20260711T195313.408870065Z,baseline-c100,2026-07-11T19:56:43.432Z,1783799803432,181882,first_a_sqs_sent_timestamp,24167,80,ok,
reaction-20260711T195313.408870065Z,fair-c100,2026-07-11T19:56:43.487Z,1783799803487,181854,first_a_sqs_sent_timestamp,24894,98,ok,
reaction-20260711T195313.408870065Z,baseline-c100,2026-07-11T19:56:44.436Z,1783799804436,182886,first_a_sqs_sent_timestamp,24179,91,ok,
reaction-20260711T195313.408870065Z,fair-c100,2026-07-11T19:56:44.463Z,1783799804463,182830,first_a_sqs_sent_timestamp,24839,74,ok,
reaction-20260711T195313.408870065Z,baseline-c100,2026-07-11T19:56:45.432Z,1783799805432,183882,first_a_sqs_sent_timestamp,24196,99,ok,
reaction-20260711T195313.408870065Z,fair-c100,2026-07-11T19:56:45.461Z,1783799805461,183828,first_a_sqs_sent_timestamp,24796,80,ok,
reaction-20260711T195313.408870065Z,baseline-c100,2026-07-11T19:56:46.435Z,1783799806435,184885,first_a_sqs_sent_timestamp,23942,100,ok,
reaction-20260711T195313.408870065Z,fair-c100,2026-07-11T19:56:46.465Z,1783799806465,184832,first_a_sqs_sent_timestamp,24842,76,ok,
reaction-20260711T195313.408870065Z,baseline-c100,2026-07-11T19:56:47.432Z,1783799807432,185882,first_a_sqs_sent_timestamp,23840,96,ok,
reaction-20260711T195313.408870065Z,fair-c100,2026-07-11T19:56:47.46Z,1783799807460,185827,first_a_sqs_sent_timestamp,25042,85,ok,
reaction-20260711T195313.408870065Z,baseline-c100,2026-07-11T19:56:48.432Z,1783799808432,186882,first_a_sqs_sent_timestamp,23885,81,ok,
reaction-20260711T195313.408870065Z,fair-c100,2026-07-11T19:56:48.46Z,1783799808460,186827,first_a_sqs_sent_timestamp,24799,95,ok,
reaction-20260711T195313.408870065Z,baseline-c100,2026-07-11T19:56:49.432Z,1783799809432,187882,first_a_sqs_sent_timestamp,23808,98,ok,
reaction-20260711T195313.408870065Z,fair-c100,2026-07-11T19:56:49.467Z,1783799809467,187834,first_a_sqs_sent_timestamp,24732,88,ok,
reaction-20260711T195313.408870065Z,baseline-c100,2026-07-11T19:56:50.431Z,1783799810431,188881,first_a_sqs_sent_timestamp,23809,96,ok,
reaction-20260711T195313.408870065Z,fair-c100,2026-07-11T19:56:50.457Z,1783799810457,188824,first_a_sqs_sent_timestamp,24642,97,ok,
reaction-20260711T195313.408870065Z,baseline-c100,2026-07-11T19:56:51.431Z,1783799811431,189881,first_a_sqs_sent_timestamp,23808,92,ok,
reaction-20260711T195313.408870065Z,fair-c100,2026-07-11T19:56:51.457Z,1783799811457,189824,first_a_sqs_sent_timestamp,24564,98,ok,
reaction-20260711T195313.408870065Z,baseline-c100,2026-07-11T19:56:52.432Z,1783799812432,190882,first_a_sqs_sent_timestamp,23882,85,ok,
reaction-20260711T195313.408870065Z,fair-c100,2026-07-11T19:56:52.464Z,1783799812464,190831,first_a_sqs_sent_timestamp,24792,79,ok,
reaction-20260711T195313.408870065Z,baseline-c100,2026-07-11T19:56:53.433Z,1783799813433,191883,first_a_sqs_sent_timestamp,24018,103,ok,
reaction-20260711T195313.408870065Z,fair-c100,2026-07-11T19:56:53.495Z,1783799813495,191862,first_a_sqs_sent_timestamp,24602,72,ok,
reaction-20260711T195313.408870065Z,baseline-c100,2026-07-11T19:56:54.431Z,1783799814431,192881,first_a_sqs_sent_timestamp,23581,82,ok,
reaction-20260711T195313.408870065Z,fair-c100,2026-07-11T19:56:54.459Z,1783799814459,192826,first_a_sqs_sent_timestamp,24541,89,ok,
reaction-20260711T195313.408870065Z,baseline-c100,2026-07-11T19:56:55.438Z,1783799815438,193888,first_a_sqs_sent_timestamp,23602,98,ok,
reaction-20260711T195313.408870065Z,fair-c100,2026-07-11T19:56:55.468Z,1783799815468,193835,first_a_sqs_sent_timestamp,24640,96,ok,
reaction-20260711T195313.408870065Z,baseline-c100,2026-07-11T19:56:56.434Z,1783799816434,194884,first_a_sqs_sent_timestamp,23839,98,ok,
reaction-20260711T195313.408870065Z,fair-c100,2026-07-11T19:56:56.464Z,1783799816464,194831,first_a_sqs_sent_timestamp,24540,85,ok,
reaction-20260711T195313.408870065Z,baseline-c100,2026-07-11T19:56:57.432Z,1783799817432,195882,first_a_sqs_sent_timestamp,23603,100,ok,
reaction-20260711T195313.408870065Z,fair-c100,2026-07-11T19:56:57.463Z,1783799817463,195830,first_a_sqs_sent_timestamp,24565,102,ok,
reaction-20260711T195313.408870065Z,baseline-c100,2026-07-11T19:56:58.435Z,1783799818435,196885,first_a_sqs_sent_timestamp,23559,94,ok,
reaction-20260711T195313.408870065Z,fair-c100,2026-07-11T19:56:58.464Z,1783799818464,196831,first_a_sqs_sent_timestamp,24397,89,ok,
reaction-20260711T195313.408870065Z,baseline-c100,2026-07-11T19:56:59.434Z,1783799819434,197884,first_a_sqs_sent_timestamp,23445,87,ok,
reaction-20260711T195313.408870065Z,fair-c100,2026-07-11T19:56:59.465Z,1783799819465,197832,first_a_sqs_sent_timestamp,24395,92,ok,
reaction-20260711T195313.408870065Z,baseline-c100,2026-07-11T19:57:00.433Z,1783799820433,198883,first_a_sqs_sent_timestamp,23582,82,ok,
reaction-20260711T195313.408870065Z,fair-c100,2026-07-11T19:57:00.464Z,1783799820464,198831,first_a_sqs_sent_timestamp,24565,100,ok,
reaction-20260711T195313.408870065Z,baseline-c100,2026-07-11T19:57:01.431Z,1783799821431,199881,first_a_sqs_sent_timestamp,23310,94,ok,
reaction-20260711T195313.408870065Z,fair-c100,2026-07-11T19:57:01.46Z,1783799821460,199827,first_a_sqs_sent_timestamp,24265,88,ok,
reaction-20260711T195313.408870065Z,baseline-c100,2026-07-11T19:57:02.431Z,1783799822431,200881,first_a_sqs_sent_timestamp,23770,86,ok,
reaction-20260711T195313.408870065Z,fair-c100,2026-07-11T19:57:02.461Z,1783799822461,200828,first_a_sqs_sent_timestamp,24412,95,ok,
reaction-20260711T195313.408870065Z,baseline-c100,2026-07-11T19:57:03.434Z,1783799823434,201884,first_a_sqs_sent_timestamp,23311,93,ok,
reaction-20260711T195313.408870065Z,fair-c100,2026-07-11T19:57:03.462Z,1783799823462,201829,first_a_sqs_sent_timestamp,24188,97,ok,
reaction-20260711T195313.408870065Z,baseline-c100,2026-07-11T19:57:04.431Z,1783799824431,202881,first_a_sqs_sent_timestamp,23312,95,ok,
reaction-20260711T195313.408870065Z,fair-c100,2026-07-11T19:57:04.481Z,1783799824481,202848,first_a_sqs_sent_timestamp,24283,85,ok,
reaction-20260711T195313.408870065Z,baseline-c100,2026-07-11T19:57:05.431Z,1783799825431,203881,first_a_sqs_sent_timestamp,23384,82,ok,
reaction-20260711T195313.408870065Z,fair-c100,2026-07-11T19:57:05.458Z,1783799825458,203825,first_a_sqs_sent_timestamp,24188,97,ok,
reaction-20260711T195313.408870065Z,baseline-c100,2026-07-11T19:57:06.434Z,1783799826434,204884,first_a_sqs_sent_timestamp,23404,83,ok,
reaction-20260711T195313.408870065Z,fair-c100,2026-07-11T19:57:06.464Z,1783799826464,204831,first_a_sqs_sent_timestamp,24334,85,ok,
reaction-20260711T195313.408870065Z,baseline-c100,2026-07-11T19:57:07.434Z,1783799827434,205884,first_a_sqs_sent_timestamp,23528,94,ok,
reaction-20260711T195313.408870065Z,fair-c100,2026-07-11T19:57:07.466Z,1783799827466,205833,first_a_sqs_sent_timestamp,24103,81,ok,
reaction-20260711T195313.408870065Z,baseline-c100,2026-07-11T19:57:08.433Z,1783799828433,206883,first_a_sqs_sent_timestamp,23121,97,ok,
reaction-20260711T195313.408870065Z,fair-c100,2026-07-11T19:57:08.461Z,1783799828461,206828,first_a_sqs_sent_timestamp,23953,96,ok,
reaction-20260711T195313.408870065Z,baseline-c100,2026-07-11T19:57:09.434Z,1783799829434,207884,first_a_sqs_sent_timestamp,23066,77,ok,
reaction-20260711T195313.408870065Z,fair-c100,2026-07-11T19:57:09.464Z,1783799829464,207831,first_a_sqs_sent_timestamp,24023,101,ok,
reaction-20260711T195313.408870065Z,baseline-c100,2026-07-11T19:57:10.431Z,1783799830431,208881,first_a_sqs_sent_timestamp,23068,75,ok,
reaction-20260711T195313.408870065Z,fair-c100,2026-07-11T19:57:10.458Z,1783799830458,208825,first_a_sqs_sent_timestamp,24102,87,ok,
reaction-20260711T195313.408870065Z,baseline-c100,2026-07-11T19:57:11.432Z,1783799831432,209882,first_a_sqs_sent_timestamp,23102,80,ok,
reaction-20260711T195313.408870065Z,fair-c100,2026-07-11T19:57:11.459Z,1783799831459,209826,first_a_sqs_sent_timestamp,23797,101,ok,
reaction-20260711T195313.408870065Z,baseline-c100,2026-07-11T19:57:12.433Z,1783799832433,210883,first_a_sqs_sent_timestamp,23444,92,ok,
reaction-20260711T195313.408870065Z,fair-c100,2026-07-11T19:57:12.461Z,1783799832461,210828,first_a_sqs_sent_timestamp,23952,93,ok,
reaction-20260711T195313.408870065Z,baseline-c100,2026-07-11T19:57:13.434Z,1783799833434,211884,first_a_sqs_sent_timestamp,22906,85,ok,
reaction-20260711T195313.408870065Z,fair-c100,2026-07-11T19:57:13.46Z,1783799833460,211827,first_a_sqs_sent_timestamp,23747,84,ok,
reaction-20260711T195313.408870065Z,baseline-c100,2026-07-11T19:57:14.431Z,1783799834431,212881,first_a_sqs_sent_timestamp,23237,94,ok,
reaction-20260711T195313.408870065Z,fair-c100,2026-07-11T19:57:14.519Z,1783799834519,212886,first_a_sqs_sent_timestamp,24021,98,ok,
reaction-20260711T195313.408870065Z,baseline-c100,2026-07-11T19:57:15.433Z,1783799835433,213883,first_a_sqs_sent_timestamp,23121,100,ok,
reaction-20260711T195313.408870065Z,fair-c100,2026-07-11T19:57:15.463Z,1783799835463,213830,first_a_sqs_sent_timestamp,24161,87,ok,
reaction-20260711T195313.408870065Z,baseline-c100,2026-07-11T19:57:16.433Z,1783799836433,214883,first_a_sqs_sent_timestamp,22906,85,ok,
reaction-20260711T195313.408870065Z,fair-c100,2026-07-11T19:57:16.46Z,1783799836460,214827,first_a_sqs_sent_timestamp,23636,86,ok,
reaction-20260711T195313.408870065Z,baseline-c100,2026-07-11T19:57:17.434Z,1783799837434,215884,first_a_sqs_sent_timestamp,23104,78,ok,
reaction-20260711T195313.408870065Z,fair-c100,2026-07-11T19:57:17.461Z,1783799837461,215828,first_a_sqs_sent_timestamp,23794,101,ok,
reaction-20260711T195313.408870065Z,baseline-c100,2026-07-11T19:57:18.434Z,1783799838434,216884,first_a_sqs_sent_timestamp,22801,79,ok,
reaction-20260711T195313.408870065Z,fair-c100,2026-07-11T19:57:18.462Z,1783799838462,216829,first_a_sqs_sent_timestamp,23991,88,ok,
reaction-20260711T195313.408870065Z,baseline-c100,2026-07-11T19:57:19.434Z,1783799839434,217884,first_a_sqs_sent_timestamp,22906,85,ok,
reaction-20260711T195313.408870065Z,fair-c100,2026-07-11T19:57:19.462Z,1783799839462,217829,first_a_sqs_sent_timestamp,23639,84,ok,
reaction-20260711T195313.408870065Z,baseline-c100,2026-07-11T19:57:20.432Z,1783799840432,218882,first_a_sqs_sent_timestamp,23068,75,ok,
reaction-20260711T195313.408870065Z,fair-c100,2026-07-11T19:57:20.46Z,1783799840460,218827,first_a_sqs_sent_timestamp,23534,103,ok,
reaction-20260711T195313.408870065Z,baseline-c100,2026-07-11T19:57:21.433Z,1783799841433,219883,first_a_sqs_sent_timestamp,23311,95,ok,
reaction-20260711T195313.408870065Z,fair-c100,2026-07-11T19:57:21.46Z,1783799841460,219827,first_a_sqs_sent_timestamp,23533,99,ok,
reaction-20260711T195313.408870065Z,baseline-c100,2026-07-11T19:57:22.433Z,1783799842433,220883,first_a_sqs_sent_timestamp,22830,101,ok,
reaction-20260711T195313.408870065Z,fair-c100,2026-07-11T19:57:22.47Z,1783799842470,220837,first_a_sqs_sent_timestamp,23811,89,ok,
reaction-20260711T195313.408870065Z,baseline-c100,2026-07-11T19:57:23.431Z,1783799843431,221881,first_a_sqs_sent_timestamp,22660,92,ok,
reaction-20260711T195313.408870065Z,fair-c100,2026-07-11T19:57:23.459Z,1783799843459,221826,first_a_sqs_sent_timestamp,23409,78,ok,
reaction-20260711T195313.408870065Z,baseline-c100,2026-07-11T19:57:24.432Z,1783799844432,222882,first_a_sqs_sent_timestamp,22624,70,ok,
reaction-20260711T195313.408870065Z,fair-c100,2026-07-11T19:57:24.484Z,1783799844484,222851,first_a_sqs_sent_timestamp,23382,90,ok,
reaction-20260711T195313.408870065Z,baseline-c100,2026-07-11T19:57:25.433Z,1783799845433,223883,first_a_sqs_sent_timestamp,22585,93,ok,
reaction-20260711T195313.408870065Z,fair-c100,2026-07-11T19:57:25.464Z,1783799845464,223831,first_a_sqs_sent_timestamp,23748,82,ok,
reaction-20260711T195313.408870065Z,baseline-c100,2026-07-11T19:57:26.433Z,1783799846433,224883,first_a_sqs_sent_timestamp,22622,69,ok,
reaction-20260711T195313.408870065Z,fair-c100,2026-07-11T19:57:26.471Z,1783799846471,224838,first_a_sqs_sent_timestamp,23382,90,ok,
reaction-20260711T195313.408870065Z,baseline-c100,2026-07-11T19:57:27.433Z,1783799847433,225883,first_a_sqs_sent_timestamp,22585,93,ok,
reaction-20260711T195313.408870065Z,fair-c100,2026-07-11T19:57:27.479Z,1783799847479,225846,first_a_sqs_sent_timestamp,23373,95,ok,
reaction-20260711T195313.408870065Z,baseline-c100,2026-07-11T19:57:28.431Z,1783799848431,226881,first_a_sqs_sent_timestamp,22729,96,ok,
reaction-20260711T195313.408870065Z,fair-c100,2026-07-11T19:57:28.458Z,1783799848458,226825,first_a_sqs_sent_timestamp,23384,91,ok,
reaction-20260711T195313.408870065Z,baseline-c100,2026-07-11T19:57:29.437Z,1783799849437,227887,first_a_sqs_sent_timestamp,22347,94,ok,
reaction-20260711T195313.408870065Z,fair-c100,2026-07-11T19:57:29.467Z,1783799849467,227834,first_a_sqs_sent_timestamp,23532,100,ok,
reaction-20260711T195313.408870065Z,baseline-c100,2026-07-11T19:57:30.434Z,1783799850434,228884,first_a_sqs_sent_timestamp,22803,81,ok,
reaction-20260711T195313.408870065Z,fair-c100,2026-07-11T19:57:30.467Z,1783799850467,228834,first_a_sqs_sent_timestamp,23582,75,ok,
reaction-20260711T195313.408870065Z,baseline-c100,2026-07-11T19:57:31.434Z,1783799851434,229884,first_a_sqs_sent_timestamp,22565,83,ok,
reaction-20260711T195313.408870065Z,fair-c100,2026-07-11T19:57:31.462Z,1783799851462,229829,first_a_sqs_sent_timestamp,23133,88,ok,
reaction-20260711T195313.408870065Z,baseline-c100,2026-07-11T19:57:32.432Z,1783799852432,230882,first_a_sqs_sent_timestamp,22270,101,ok,
reaction-20260711T195313.408870065Z,fair-c100,2026-07-11T19:57:32.464Z,1783799852464,230831,first_a_sqs_sent_timestamp,23134,90,ok,
reaction-20260711T195313.408870065Z,baseline-c100,2026-07-11T19:57:33.433Z,1783799853433,231883,first_a_sqs_sent_timestamp,22269,102,ok,
reaction-20260711T195313.408870065Z,fair-c100,2026-07-11T19:57:33.463Z,1783799853463,231830,first_a_sqs_sent_timestamp,23203,98,ok,
reaction-20260711T195313.408870065Z,baseline-c100,2026-07-11T19:57:34.43Z,1783799854430,232880,first_a_sqs_sent_timestamp,22380,104,ok,
reaction-20260711T195313.408870065Z,fair-c100,2026-07-11T19:57:34.458Z,1783799854458,232825,first_a_sqs_sent_timestamp,23371,102,ok,
reaction-20260711T195313.408870065Z,baseline-c100,2026-07-11T19:57:35.434Z,1783799855434,233884,first_a_sqs_sent_timestamp,22250,102,ok,
reaction-20260711T195313.408870065Z,fair-c100,2026-07-11T19:57:35.465Z,1783799855465,233832,first_a_sqs_sent_timestamp,23309,81,ok,
reaction-20260711T195313.408870065Z,baseline-c100,2026-07-11T19:57:36.441Z,1783799856441,234891,first_a_sqs_sent_timestamp,22660,92,ok,
reaction-20260711T195313.408870065Z,fair-c100,2026-07-11T19:57:36.469Z,1783799856469,234836,first_a_sqs_sent_timestamp,23408,74,ok,
reaction-20260711T195313.408870065Z,baseline-c100,2026-07-11T19:57:37.433Z,1783799857433,235883,first_a_sqs_sent_timestamp,22349,99,ok,
reaction-20260711T195313.408870065Z,fair-c100,2026-07-11T19:57:37.462Z,1783799857462,235829,first_a_sqs_sent_timestamp,23000,82,ok,
reaction-20260711T195313.408870065Z,baseline-c100,2026-07-11T19:57:38.432Z,1783799858432,236882,first_a_sqs_sent_timestamp,22428,87,ok,
reaction-20260711T195313.408870065Z,fair-c100,2026-07-11T19:57:38.458Z,1783799858458,236825,first_a_sqs_sent_timestamp,23170,85,ok,
reaction-20260711T195313.408870065Z,baseline-c100,2026-07-11T19:57:39.441Z,1783799859441,237891,first_a_sqs_sent_timestamp,21979,97,ok,
reaction-20260711T195313.408870065Z,fair-c100,2026-07-11T19:57:39.469Z,1783799859469,237836,first_a_sqs_sent_timestamp,22961,95,ok,
reaction-20260711T195313.408870065Z,baseline-c100,2026-07-11T19:57:40.434Z,1783799860434,238884,first_a_sqs_sent_timestamp,22126,95,ok,
reaction-20260711T195313.408870065Z,fair-c100,2026-07-11T19:57:40.47Z,1783799860470,238837,first_a_sqs_sent_timestamp,22860,87,ok,
reaction-20260711T195313.408870065Z,baseline-c100,2026-07-11T19:57:41.434Z,1783799861434,239884,first_a_sqs_sent_timestamp,22247,94,ok,
reaction-20260711T195313.408870065Z,fair-c100,2026-07-11T19:57:41.465Z,1783799861465,239832,first_a_sqs_sent_timestamp,22923,94,ok,
reaction-20260711T195313.408870065Z,baseline-c100,2026-07-11T19:57:42.479Z,1783799862479,240929,first_a_sqs_sent_timestamp,22040,91,ok,
reaction-20260711T195313.408870065Z,fair-c100,2026-07-11T19:57:42.508Z,1783799862508,240875,first_a_sqs_sent_timestamp,23038,96,ok,
reaction-20260711T195313.408870065Z,baseline-c100,2026-07-11T19:57:43.435Z,1783799863435,241885,first_a_sqs_sent_timestamp,22057,93,ok,
reaction-20260711T195313.408870065Z,fair-c100,2026-07-11T19:57:43.467Z,1783799863467,241834,first_a_sqs_sent_timestamp,22923,97,ok,
reaction-20260711T195313.408870065Z,baseline-c100,2026-07-11T19:57:44.432Z,1783799864432,242882,first_a_sqs_sent_timestamp,22272,101,ok,
reaction-20260711T195313.408870065Z,fair-c100,2026-07-11T19:57:44.46Z,1783799864460,242827,first_a_sqs_sent_timestamp,22862,86,ok,
reaction-20260711T195313.408870065Z,baseline-c100,2026-07-11T19:57:45.435Z,1783799865435,243885,first_a_sqs_sent_timestamp,21979,97,ok,
reaction-20260711T195313.408870065Z,fair-c100,2026-07-11T19:57:45.486Z,1783799865486,243853,first_a_sqs_sent_timestamp,23000,86,ok,
reaction-20260711T195313.408870065Z,baseline-c100,2026-07-11T19:57:46.433Z,1783799866433,244883,first_a_sqs_sent_timestamp,21887,98,ok,
reaction-20260711T195313.408870065Z,fair-c100,2026-07-11T19:57:46.462Z,1783799866462,244829,first_a_sqs_sent_timestamp,22696,91,ok,
reaction-20260711T195313.408870065Z,baseline-c100,2026-07-11T19:57:47.431Z,1783799867431,245881,first_a_sqs_sent_timestamp,21887,102,ok,
reaction-20260711T195313.408870065Z,fair-c100,2026-07-11T19:57:47.464Z,1783799867464,245831,first_a_sqs_sent_timestamp,22960,93,ok,
reaction-20260711T195313.408870065Z,baseline-c100,2026-07-11T19:57:48.432Z,1783799868432,246882,first_a_sqs_sent_timestamp,21682,78,ok,
reaction-20260711T195313.408870065Z,fair-c100,2026-07-11T19:57:48.461Z,1783799868461,246828,first_a_sqs_sent_timestamp,22696,92,ok,
reaction-20260711T195313.408870065Z,baseline-c100,2026-07-11T19:57:49.432Z,1783799869432,247882,first_a_sqs_sent_timestamp,21790,94,ok,
reaction-20260711T195313.408870065Z,fair-c100,2026-07-11T19:57:49.464Z,1783799869464,247831,first_a_sqs_sent_timestamp,23134,93,ok,
reaction-20260711T195313.408870065Z,baseline-c100,2026-07-11T19:57:50.431Z,1783799870431,248881,first_a_sqs_sent_timestamp,21789,96,ok,
reaction-20260711T195313.408870065Z,fair-c100,2026-07-11T19:57:50.458Z,1783799870458,248825,first_a_sqs_sent_timestamp,22704,97,ok,
reaction-20260711T195313.408870065Z,baseline-c100,2026-07-11T19:57:51.432Z,1783799871432,249882,first_a_sqs_sent_timestamp,21595,97,ok,
reaction-20260711T195313.408870065Z,fair-c100,2026-07-11T19:57:51.481Z,1783799871481,249848,first_a_sqs_sent_timestamp,22545,93,ok,
reaction-20260711T195313.408870065Z,baseline-c100,2026-07-11T19:57:52.433Z,1783799872433,250883,first_a_sqs_sent_timestamp,21595,97,ok,
reaction-20260711T195313.408870065Z,fair-c100,2026-07-11T19:57:52.462Z,1783799872462,250829,first_a_sqs_sent_timestamp,22448,86,ok,
reaction-20260711T195313.408870065Z,baseline-c100,2026-07-11T19:57:53.434Z,1783799873434,251884,first_a_sqs_sent_timestamp,21823,89,ok,
reaction-20260711T195313.408870065Z,fair-c100,2026-07-11T19:57:53.464Z,1783799873464,251831,first_a_sqs_sent_timestamp,22631,91,ok,
reaction-20260711T195313.408870065Z,baseline-c100,2026-07-11T19:57:54.43Z,1783799874430,252880,first_a_sqs_sent_timestamp,21596,94,ok,
reaction-20260711T195313.408870065Z,fair-c100,2026-07-11T19:57:54.459Z,1783799874459,252826,first_a_sqs_sent_timestamp,22697,93,ok,
reaction-20260711T195313.408870065Z,baseline-c100,2026-07-11T19:57:55.434Z,1783799875434,253884,first_a_sqs_sent_timestamp,21925,82,ok,
reaction-20260711T195313.408870065Z,fair-c100,2026-07-11T19:57:55.463Z,1783799875463,253830,first_a_sqs_sent_timestamp,22547,94,ok,
reaction-20260711T195313.408870065Z,baseline-c100,2026-07-11T19:57:56.432Z,1783799876432,254882,first_a_sqs_sent_timestamp,21866,81,ok,
reaction-20260711T195313.408870065Z,fair-c100,2026-07-11T19:57:56.46Z,1783799876460,254827,first_a_sqs_sent_timestamp,22450,86,ok,
reaction-20260711T195313.408870065Z,baseline-c100,2026-07-11T19:57:57.433Z,1783799877433,255883,first_a_sqs_sent_timestamp,21491,95,ok,
reaction-20260711T195313.408870065Z,fair-c100,2026-07-11T19:57:57.465Z,1783799877465,255832,first_a_sqs_sent_timestamp,22619,100,ok,
reaction-20260711T195313.408870065Z,baseline-c100,2026-07-11T19:57:58.434Z,1783799878434,256884,first_a_sqs_sent_timestamp,21595,100,ok,
reaction-20260711T195313.408870065Z,fair-c100,2026-07-11T19:57:58.48Z,1783799878480,256847,first_a_sqs_sent_timestamp,22212,77,ok,
reaction-20260711T195313.408870065Z,baseline-c100,2026-07-11T19:57:59.433Z,1783799879433,257883,first_a_sqs_sent_timestamp,21747,100,ok,
reaction-20260711T195313.408870065Z,fair-c100,2026-07-11T19:57:59.462Z,1783799879462,257829,first_a_sqs_sent_timestamp,22269,75,ok,
reaction-20260711T195313.408870065Z,baseline-c100,2026-07-11T19:58:00.432Z,1783799880432,258882,first_a_sqs_sent_timestamp,21683,84,ok,
reaction-20260711T195313.408870065Z,fair-c100,2026-07-11T19:58:00.459Z,1783799880459,258826,first_a_sqs_sent_timestamp,22231,99,ok,
reaction-20260711T195313.408870065Z,baseline-c100,2026-07-11T19:58:01.432Z,1783799881432,259882,first_a_sqs_sent_timestamp,21390,96,ok,
reaction-20260711T195313.408870065Z,fair-c100,2026-07-11T19:58:01.46Z,1783799881460,259827,first_a_sqs_sent_timestamp,22212,78,ok,
reaction-20260711T195313.408870065Z,baseline-c100,2026-07-11T19:58:02.435Z,1783799882435,260885,first_a_sqs_sent_timestamp,21309,101,ok,
reaction-20260711T195313.408870065Z,fair-c100,2026-07-11T19:58:02.465Z,1783799882465,260832,first_a_sqs_sent_timestamp,22230,98,ok,
reaction-20260711T195313.408870065Z,baseline-c100,2026-07-11T19:58:03.433Z,1783799883433,261883,first_a_sqs_sent_timestamp,21296,78,ok,
reaction-20260711T195313.408870065Z,fair-c100,2026-07-11T19:58:03.462Z,1783799883462,261829,first_a_sqs_sent_timestamp,22169,88,ok,
reaction-20260711T195313.408870065Z,baseline-c100,2026-07-11T19:58:04.431Z,1783799884431,262881,first_a_sqs_sent_timestamp,21296,81,ok,
reaction-20260711T195313.408870065Z,fair-c100,2026-07-11T19:58:04.458Z,1783799884458,262825,first_a_sqs_sent_timestamp,22271,77,ok,
reaction-20260711T195313.408870065Z,baseline-c100,2026-07-11T19:58:05.433Z,1783799885433,263883,first_a_sqs_sent_timestamp,21297,79,ok,
reaction-20260711T195313.408870065Z,fair-c100,2026-07-11T19:58:05.467Z,1783799885467,263834,first_a_sqs_sent_timestamp,22212,78,ok,
reaction-20260711T195313.408870065Z,baseline-c100,2026-07-11T19:58:06.433Z,1783799886433,264883,first_a_sqs_sent_timestamp,21492,94,ok,
reaction-20260711T195313.408870065Z,fair-c100,2026-07-11T19:58:06.482Z,1783799886482,264849,first_a_sqs_sent_timestamp,22308,95,ok,
reaction-20260711T195313.408870065Z,baseline-c100,2026-07-11T19:58:07.435Z,1783799887435,265885,first_a_sqs_sent_timestamp,21251,80,ok,
reaction-20260711T195313.408870065Z,fair-c100,2026-07-11T19:58:07.463Z,1783799887463,265830,first_a_sqs_sent_timestamp,22013,97,ok,
reaction-20260711T195313.408870065Z,baseline-c100,2026-07-11T19:58:08.434Z,1783799888434,266884,first_a_sqs_sent_timestamp,21006,98,ok,
reaction-20260711T195313.408870065Z,fair-c100,2026-07-11T19:58:08.464Z,1783799888464,266831,first_a_sqs_sent_timestamp,22323,83,ok,
reaction-20260711T195313.408870065Z,baseline-c100,2026-07-11T19:58:09.431Z,1783799889431,267881,first_a_sqs_sent_timestamp,21039,90,ok,
reaction-20260711T195313.408870065Z,fair-c100,2026-07-11T19:58:09.464Z,1783799889464,267831,first_a_sqs_sent_timestamp,21925,99,ok,
reaction-20260711T195313.408870065Z,baseline-c100,2026-07-11T19:58:10.433Z,1783799890433,268883,first_a_sqs_sent_timestamp,21386,101,ok,
reaction-20260711T195313.408870065Z,fair-c100,2026-07-11T19:58:10.463Z,1783799890463,268830,first_a_sqs_sent_timestamp,21882,89,ok,
reaction-20260711T195313.408870065Z,baseline-c100,2026-07-11T19:58:11.432Z,1783799891432,269882,first_a_sqs_sent_timestamp,21084,89,ok,
reaction-20260711T195313.408870065Z,fair-c100,2026-07-11T19:58:11.459Z,1783799891459,269826,first_a_sqs_sent_timestamp,21954,81,ok,
reaction-20260711T195313.408870065Z,baseline-c100,2026-07-11T19:58:12.433Z,1783799892433,270883,first_a_sqs_sent_timestamp,20895,98,ok,
reaction-20260711T195313.408870065Z,fair-c100,2026-07-11T19:58:12.46Z,1783799892460,270827,first_a_sqs_sent_timestamp,22010,92,ok,
reaction-20260711T195313.408870065Z,baseline-c100,2026-07-11T19:58:13.434Z,1783799893434,271884,first_a_sqs_sent_timestamp,21310,98,ok,
reaction-20260711T195313.408870065Z,fair-c100,2026-07-11T19:58:13.469Z,1783799893469,271836,first_a_sqs_sent_timestamp,22001,87,ok,
reaction-20260711T195313.408870065Z,baseline-c100,2026-07-11T19:58:14.432Z,1783799894432,272882,first_a_sqs_sent_timestamp,20786,89,ok,
reaction-20260711T195313.408870065Z,fair-c100,2026-07-11T19:58:14.466Z,1783799894466,272833,first_a_sqs_sent_timestamp,21882,93,ok,
reaction-20260711T195313.408870065Z,baseline-c100,2026-07-11T19:58:15.434Z,1783799895434,273884,first_a_sqs_sent_timestamp,21040,89,ok,
reaction-20260711T195313.408870065Z,fair-c100,2026-07-11T19:58:15.462Z,1783799895462,273829,first_a_sqs_sent_timestamp,21651,91,ok,
reaction-20260711T195313.408870065Z,baseline-c100,2026-07-11T19:58:16.431Z,1783799896431,274881,first_a_sqs_sent_timestamp,20713,99,ok,
reaction-20260711T195313.408870065Z,fair-c100,2026-07-11T19:58:16.485Z,1783799896485,274852,first_a_sqs_sent_timestamp,21678,94,ok,
reaction-20260711T195313.408870065Z,baseline-c100,2026-07-11T19:58:17.433Z,1783799897433,275883,first_a_sqs_sent_timestamp,20785,91,ok,
reaction-20260711T195313.408870065Z,fair-c100,2026-07-11T19:58:17.492Z,1783799897492,275859,first_a_sqs_sent_timestamp,21722,72,ok,
reaction-20260711T195313.408870065Z,baseline-c100,2026-07-11T19:58:18.433Z,1783799898433,276883,first_a_sqs_sent_timestamp,20713,102,ok,
reaction-20260711T195313.408870065Z,fair-c100,2026-07-11T19:58:18.463Z,1783799898463,276830,first_a_sqs_sent_timestamp,21615,87,ok,
reaction-20260711T195313.408870065Z,baseline-c100,2026-07-11T19:58:19.433Z,1783799899433,277883,first_a_sqs_sent_timestamp,20853,98,ok,
reaction-20260711T195313.408870065Z,fair-c100,2026-07-11T19:58:19.463Z,1783799899463,277830,first_a_sqs_sent_timestamp,21677,94,ok,
reaction-20260711T195313.408870065Z,baseline-c100,2026-07-11T19:58:20.436Z,1783799900436,278886,first_a_sqs_sent_timestamp,20895,100,ok,
reaction-20260711T195313.408870065Z,fair-c100,2026-07-11T19:58:20.465Z,1783799900465,278832,first_a_sqs_sent_timestamp,21926,96,ok,
reaction-20260711T195313.408870065Z,baseline-c100,2026-07-11T19:58:21.434Z,1783799901434,279884,first_a_sqs_sent_timestamp,20714,94,ok,
reaction-20260711T195313.408870065Z,fair-c100,2026-07-11T19:58:21.464Z,1783799901464,279831,first_a_sqs_sent_timestamp,21811,97,ok,
reaction-20260711T195313.408870065Z,baseline-c100,2026-07-11T19:58:22.433Z,1783799902433,280883,first_a_sqs_sent_timestamp,20565,99,ok,
reaction-20260711T195313.408870065Z,fair-c100,2026-07-11T19:58:22.462Z,1783799902462,280829,first_a_sqs_sent_timestamp,21425,84,ok,
reaction-20260711T195313.408870065Z,baseline-c100,2026-07-11T19:58:23.437Z,1783799903437,281887,first_a_sqs_sent_timestamp,20566,100,ok,
reaction-20260711T195313.408870065Z,fair-c100,2026-07-11T19:58:23.47Z,1783799903470,281837,first_a_sqs_sent_timestamp,21373,94,ok,
reaction-20260711T195313.408870065Z,baseline-c100,2026-07-11T19:58:24.432Z,1783799904432,282882,first_a_sqs_sent_timestamp,21006,92,ok,
reaction-20260711T195313.408870065Z,fair-c100,2026-07-11T19:58:24.459Z,1783799904459,282826,first_a_sqs_sent_timestamp,21370,93,ok,
reaction-20260711T195313.408870065Z,baseline-c100,2026-07-11T19:58:25.435Z,1783799905435,283885,first_a_sqs_sent_timestamp,20785,91,ok,
reaction-20260711T195313.408870065Z,fair-c100,2026-07-11T19:58:25.464Z,1783799905464,283831,first_a_sqs_sent_timestamp,21425,84,ok,
reaction-20260711T195313.408870065Z,baseline-c100,2026-07-11T19:58:26.436Z,1783799906436,284886,first_a_sqs_sent_timestamp,20394,92,ok,
reaction-20260711T195313.408870065Z,fair-c100,2026-07-11T19:58:26.467Z,1783799906467,284834,first_a_sqs_sent_timestamp,21508,89,ok,
reaction-20260711T195313.408870065Z,baseline-c100,2026-07-11T19:58:27.433Z,1783799907433,285883,first_a_sqs_sent_timestamp,20393,96,ok,
reaction-20260711T195313.408870065Z,fair-c100,2026-07-11T19:58:27.499Z,1783799907499,285866,first_a_sqs_sent_timestamp,21445,86,ok,
reaction-20260711T195313.408870065Z,baseline-c100,2026-07-11T19:58:28.435Z,1783799908435,286885,first_a_sqs_sent_timestamp,20363,78,ok,
reaction-20260711T195313.408870065Z,fair-c100,2026-07-11T19:58:28.464Z,1783799908464,286831,first_a_sqs_sent_timestamp,21425,80,ok,
reaction-20260711T195313.408870065Z,baseline-c100,2026-07-11T19:58:29.431Z,1783799909431,287881,first_a_sqs_sent_timestamp,20539,86,ok,
reaction-20260711T195313.408870065Z,fair-c100,2026-07-11T19:58:29.465Z,1783799909465,287832,first_a_sqs_sent_timestamp,21200,94,ok,
reaction-20260711T195313.408870065Z,baseline-c100,2026-07-11T19:58:30.432Z,1783799910432,288882,first_a_sqs_sent_timestamp,20500,85,ok,
reaction-20260711T195313.408870065Z,fair-c100,2026-07-11T19:58:30.463Z,1783799910463,288830,first_a_sqs_sent_timestamp,21178,94,ok,
reaction-20260711T195313.408870065Z,baseline-c100,2026-07-11T19:58:31.434Z,1783799911434,289884,first_a_sqs_sent_timestamp,20393,96,ok,
reaction-20260711T195313.408870065Z,fair-c100,2026-07-11T19:58:31.463Z,1783799911463,289830,first_a_sqs_sent_timestamp,21652,94,ok,
reaction-20260711T195313.408870065Z,baseline-c100,2026-07-11T19:58:32.433Z,1783799912433,290883,first_a_sqs_sent_timestamp,20155,94,ok,
reaction-20260711T195313.408870065Z,fair-c100,2026-07-11T19:58:32.46Z,1783799912460,290827,first_a_sqs_sent_timestamp,21178,92,ok,
reaction-20260711T195313.408870065Z,baseline-c100,2026-07-11T19:58:33.432Z,1783799913432,291882,first_a_sqs_sent_timestamp,21428,88,ok,
reaction-20260711T195313.408870065Z,fair-c100,2026-07-11T19:58:33.462Z,1783799913462,291829,first_a_sqs_sent_timestamp,21201,97,ok,
reaction-20260711T195313.408870065Z,baseline-c100,2026-07-11T19:58:34.434Z,1783799914434,292884,first_a_sqs_sent_timestamp,20565,98,ok,
reaction-20260711T195313.408870065Z,fair-c100,2026-07-11T19:58:34.463Z,1783799914463,292830,first_a_sqs_sent_timestamp,21039,97,ok,
reaction-20260711T195313.408870065Z,baseline-c100,2026-07-11T19:58:35.432Z,1783799915432,293882,first_a_sqs_sent_timestamp,20169,101,ok,
reaction-20260711T195313.408870065Z,fair-c100,2026-07-11T19:58:35.461Z,1783799915461,293828,first_a_sqs_sent_timestamp,21124,98,ok,
reaction-20260711T195313.408870065Z,baseline-c100,2026-07-11T19:58:36.433Z,1783799916433,294883,first_a_sqs_sent_timestamp,20086,88,ok,
reaction-20260711T195313.408870065Z,fair-c100,2026-07-11T19:58:36.483Z,1783799916483,294850,first_a_sqs_sent_timestamp,20960,95,ok,
reaction-20260711T195313.408870065Z,baseline-c100,2026-07-11T19:58:37.432Z,1783799917432,295882,first_a_sqs_sent_timestamp,20057,91,ok,
reaction-20260711T195313.408870065Z,fair-c100,2026-07-11T19:58:37.462Z,1783799917462,295829,first_a_sqs_sent_timestamp,21619,82,ok,
reaction-20260711T195313.408870065Z,baseline-c100,2026-07-11T19:58:38.432Z,1783799918432,296882,first_a_sqs_sent_timestamp,20155,98,ok,
reaction-20260711T195313.408870065Z,fair-c100,2026-07-11T19:58:38.463Z,1783799918463,296830,first_a_sqs_sent_timestamp,21179,89,ok,
reaction-20260711T195313.408870065Z,baseline-c100,2026-07-11T19:58:39.43Z,1783799919430,297880,first_a_sqs_sent_timestamp,20059,89,ok,
reaction-20260711T195313.408870065Z,fair-c100,2026-07-11T19:58:39.46Z,1783799919460,297827,first_a_sqs_sent_timestamp,20967,91,ok,
reaction-20260711T195313.408870065Z,baseline-c100,2026-07-11T19:58:40.436Z,1783799920436,298886,first_a_sqs_sent_timestamp,20363,79,ok,
reaction-20260711T195313.408870065Z,fair-c100,2026-07-11T19:58:40.466Z,1783799920466,298833,first_a_sqs_sent_timestamp,21372,90,ok,
reaction-20260711T195313.408870065Z,baseline-c100,2026-07-11T19:58:41.432Z,1783799921432,299882,first_a_sqs_sent_timestamp,20170,99,ok,
reaction-20260711T195313.408870065Z,fair-c100,2026-07-11T19:58:41.458Z,1783799921458,299825,first_a_sqs_sent_timestamp,20741,87,ok,
reaction-20260711T195313.408870065Z,baseline-c100,2026-07-11T19:58:42.43Z,1783799922430,300880,first_a_sqs_sent_timestamp,20086,89,ok,
reaction-20260711T195313.408870065Z,fair-c100,2026-07-11T19:58:42.457Z,1783799922457,300824,first_a_sqs_sent_timestamp,20803,92,ok,
reaction-20260711T195313.408870065Z,baseline-c100,2026-07-11T19:58:43.435Z,1783799923435,301885,first_a_sqs_sent_timestamp,19915,98,ok,
reaction-20260711T195313.408870065Z,fair-c100,2026-07-11T19:58:43.481Z,1783799923481,301848,first_a_sqs_sent_timestamp,20726,97,ok,
reaction-20260711T195313.408870065Z,baseline-c100,2026-07-11T19:58:44.431Z,1783799924431,302881,first_a_sqs_sent_timestamp,19804,72,ok,
reaction-20260711T195313.408870065Z,fair-c100,2026-07-11T19:58:44.458Z,1783799924458,302825,first_a_sqs_sent_timestamp,20737,91,ok,
reaction-20260711T195313.408870065Z,baseline-c100,2026-07-11T19:58:45.431Z,1783799925431,303881,first_a_sqs_sent_timestamp,19761,91,ok,
reaction-20260711T195313.408870065Z,fair-c100,2026-07-11T19:58:45.459Z,1783799925459,303826,first_a_sqs_sent_timestamp,20886,99,ok,
reaction-20260711T195313.408870065Z,baseline-c100,2026-07-11T19:58:46.432Z,1783799926432,304882,first_a_sqs_sent_timestamp,19802,73,ok,
reaction-20260711T195313.408870065Z,fair-c100,2026-07-11T19:58:46.481Z,1783799926481,304848,first_a_sqs_sent_timestamp,20559,91,ok,
reaction-20260711T195313.408870065Z,baseline-c100,2026-07-11T19:58:47.439Z,1783799927439,305889,first_a_sqs_sent_timestamp,19801,74,ok,
reaction-20260711T195313.408870065Z,fair-c100,2026-07-11T19:58:47.468Z,1783799927468,305835,first_a_sqs_sent_timestamp,20559,96,ok,
reaction-20260711T195313.408870065Z,baseline-c100,2026-07-11T19:58:48.432Z,1783799928432,306882,first_a_sqs_sent_timestamp,19837,95,ok,
reaction-20260711T195313.408870065Z,fair-c100,2026-07-11T19:58:48.461Z,1783799928461,306828,first_a_sqs_sent_timestamp,20737,89,ok,
reaction-20260711T195313.408870065Z,baseline-c100,2026-07-11T19:58:49.432Z,1783799929432,307882,first_a_sqs_sent_timestamp,19761,92,ok,
reaction-20260711T195313.408870065Z,fair-c100,2026-07-11T19:58:49.464Z,1783799929464,307831,first_a_sqs_sent_timestamp,20445,87,ok,
reaction-20260711T195313.408870065Z,baseline-c100,2026-07-11T19:58:50.434Z,1783799930434,308884,first_a_sqs_sent_timestamp,20232,72,ok,
reaction-20260711T195313.408870065Z,fair-c100,2026-07-11T19:58:50.461Z,1783799930461,308828,first_a_sqs_sent_timestamp,20724,99,ok,
reaction-20260711T195313.408870065Z,baseline-c100,2026-07-11T19:58:51.436Z,1783799931436,309886,first_a_sqs_sent_timestamp,19522,94,ok,
reaction-20260711T195313.408870065Z,fair-c100,2026-07-11T19:58:51.464Z,1783799931464,309831,first_a_sqs_sent_timestamp,20560,92,ok,
reaction-20260711T195313.408870065Z,baseline-c100,2026-07-11T19:58:52.431Z,1783799932431,310881,first_a_sqs_sent_timestamp,19522,94,ok,
reaction-20260711T195313.408870065Z,fair-c100,2026-07-11T19:58:52.465Z,1783799932465,310832,first_a_sqs_sent_timestamp,21043,96,ok,
reaction-20260711T195313.408870065Z,baseline-c100,2026-07-11T19:58:53.433Z,1783799933433,311883,first_a_sqs_sent_timestamp,19915,100,ok,
reaction-20260711T195313.408870065Z,fair-c100,2026-07-11T19:58:53.461Z,1783799933461,311828,first_a_sqs_sent_timestamp,20810,91,ok,
reaction-20260711T195313.408870065Z,baseline-c100,2026-07-11T19:58:54.431Z,1783799934431,312881,first_a_sqs_sent_timestamp,19371,100,ok,
reaction-20260711T195313.408870065Z,fair-c100,2026-07-11T19:58:54.457Z,1783799934457,312824,first_a_sqs_sent_timestamp,20259,100,ok,
reaction-20260711T195313.408870065Z,baseline-c100,2026-07-11T19:58:55.436Z,1783799935436,313886,first_a_sqs_sent_timestamp,19464,95,ok,
reaction-20260711T195313.408870065Z,fair-c100,2026-07-11T19:58:55.464Z,1783799935464,313831,first_a_sqs_sent_timestamp,20389,72,ok,
reaction-20260711T195313.408870065Z,baseline-c100,2026-07-11T19:58:56.432Z,1783799936432,314882,first_a_sqs_sent_timestamp,20057,90,ok,
reaction-20260711T195313.408870065Z,fair-c100,2026-07-11T19:58:56.483Z,1783799936483,314850,first_a_sqs_sent_timestamp,20260,98,ok,
reaction-20260711T195313.408870065Z,baseline-c100,2026-07-11T19:58:57.434Z,1783799937434,315884,first_a_sqs_sent_timestamp,19274,95,ok,
reaction-20260711T195313.408870065Z,fair-c100,2026-07-11T19:58:57.482Z,1783799937482,315849,first_a_sqs_sent_timestamp,20444,86,ok,
reaction-20260711T195313.408870065Z,baseline-c100,2026-07-11T19:58:58.432Z,1783799938432,316882,first_a_sqs_sent_timestamp,19370,105,ok,
reaction-20260711T195313.408870065Z,fair-c100,2026-07-11T19:58:58.458Z,1783799938458,316825,first_a_sqs_sent_timestamp,20261,95,ok,
reaction-20260711T195313.408870065Z,baseline-c100,2026-07-11T19:58:59.434Z,1783799939434,317884,first_a_sqs_sent_timestamp,19269,90,ok,
reaction-20260711T195313.408870065Z,fair-c100,2026-07-11T19:58:59.463Z,1783799939463,317830,first_a_sqs_sent_timestamp,20337,93,ok,
reaction-20260711T195313.408870065Z,baseline-c100,2026-07-11T19:59:00.434Z,1783799940434,318884,first_a_sqs_sent_timestamp,19468,97,ok,
reaction-20260711T195313.408870065Z,fair-c100,2026-07-11T19:59:00.465Z,1783799940465,318832,first_a_sqs_sent_timestamp,20207,78,ok,
reaction-20260711T195313.408870065Z,baseline-c100,2026-07-11T19:59:01.433Z,1783799941433,319883,first_a_sqs_sent_timestamp,19370,103,ok,
reaction-20260711T195313.408870065Z,fair-c100,2026-07-11T19:59:01.463Z,1783799941463,319830,first_a_sqs_sent_timestamp,20259,100,ok,
reaction-20260711T195313.408870065Z,baseline-c100,2026-07-11T19:59:02.43Z,1783799942430,320880,first_a_sqs_sent_timestamp,19597,95,ok,
reaction-20260711T195313.408870065Z,fair-c100,2026-07-11T19:59:02.458Z,1783799942458,320825,first_a_sqs_sent_timestamp,20207,72,ok,
reaction-20260711T195313.408870065Z,baseline-c100,2026-07-11T19:59:03.43Z,1783799943430,321880,first_a_sqs_sent_timestamp,19088,93,ok,
reaction-20260711T195313.408870065Z,fair-c100,2026-07-11T19:59:03.457Z,1783799943457,321824,first_a_sqs_sent_timestamp,20129,98,ok,
reaction-20260711T195313.408870065Z,baseline-c100,2026-07-11T19:59:04.434Z,1783799944434,322884,first_a_sqs_sent_timestamp,19274,93,ok,
reaction-20260711T195313.408870065Z,fair-c100,2026-07-11T19:59:04.461Z,1783799944461,322828,first_a_sqs_sent_timestamp,20325,90,ok,
reaction-20260711T195313.408870065Z,baseline-c100,2026-07-11T19:59:05.433Z,1783799945433,323883,first_a_sqs_sent_timestamp,18975,97,ok,
reaction-20260711T195313.408870065Z,fair-c100,2026-07-11T19:59:05.46Z,1783799945460,323827,first_a_sqs_sent_timestamp,19949,96,ok,
reaction-20260711T195313.408870065Z,baseline-c100,2026-07-11T19:59:06.432Z,1783799946432,324882,first_a_sqs_sent_timestamp,19523,93,ok,
reaction-20260711T195313.408870065Z,fair-c100,2026-07-11T19:59:06.459Z,1783799946459,324826,first_a_sqs_sent_timestamp,20447,93,ok,
reaction-20260711T195313.408870065Z,baseline-c100,2026-07-11T19:59:07.432Z,1783799947432,325882,first_a_sqs_sent_timestamp,19129,105,ok,
reaction-20260711T195313.408870065Z,fair-c100,2026-07-11T19:59:07.464Z,1783799947464,325831,first_a_sqs_sent_timestamp,20009,102,ok,
reaction-20260711T195313.408870065Z,baseline-c100,2026-07-11T19:59:08.434Z,1783799948434,326884,first_a_sqs_sent_timestamp,19049,96,ok,
reaction-20260711T195313.408870065Z,fair-c100,2026-07-11T19:59:08.483Z,1783799948483,326850,first_a_sqs_sent_timestamp,19948,101,ok,
reaction-20260711T195313.408870065Z,baseline-c100,2026-07-11T19:59:09.433Z,1783799949433,327883,first_a_sqs_sent_timestamp,19088,95,ok,
reaction-20260711T195313.408870065Z,fair-c100,2026-07-11T19:59:09.462Z,1783799949462,327829,first_a_sqs_sent_timestamp,19939,92,ok,
reaction-20260711T195313.408870065Z,baseline-c100,2026-07-11T19:59:10.442Z,1783799950442,328892,first_a_sqs_sent_timestamp,18839,78,ok,
reaction-20260711T195313.408870065Z,fair-c100,2026-07-11T19:59:10.471Z,1783799950471,328838,first_a_sqs_sent_timestamp,19765,100,ok,
reaction-20260711T195313.408870065Z,baseline-c100,2026-07-11T19:59:11.433Z,1783799951433,329883,first_a_sqs_sent_timestamp,18974,96,ok,
reaction-20260711T195313.408870065Z,fair-c100,2026-07-11T19:59:11.462Z,1783799951462,329829,first_a_sqs_sent_timestamp,20084,63,ok,
reaction-20260711T195313.408870065Z,baseline-c100,2026-07-11T19:59:12.431Z,1783799952431,330881,first_a_sqs_sent_timestamp,18804,97,ok,
reaction-20260711T195313.408870065Z,fair-c100,2026-07-11T19:59:12.464Z,1783799952464,330831,first_a_sqs_sent_timestamp,19840,95,ok,
reaction-20260711T195313.408870065Z,baseline-c100,2026-07-11T19:59:13.433Z,1783799953433,331883,first_a_sqs_sent_timestamp,18732,96,ok,
reaction-20260711T195313.408870065Z,fair-c100,2026-07-11T19:59:13.462Z,1783799953462,331829,first_a_sqs_sent_timestamp,19916,58,ok,
reaction-20260711T195313.408870065Z,baseline-c100,2026-07-11T19:59:14.432Z,1783799954432,332882,first_a_sqs_sent_timestamp,18894,103,ok,
reaction-20260711T195313.408870065Z,fair-c100,2026-07-11T19:59:14.463Z,1783799954463,332830,first_a_sqs_sent_timestamp,19765,93,ok,
reaction-20260711T195313.408870065Z,baseline-c100,2026-07-11T19:59:15.431Z,1783799955431,333881,first_a_sqs_sent_timestamp,18620,90,ok,
reaction-20260711T195313.408870065Z,fair-c100,2026-07-11T19:59:15.458Z,1783799955458,333825,first_a_sqs_sent_timestamp,19572,95,ok,
reaction-20260711T195313.408870065Z,baseline-c100,2026-07-11T19:59:16.433Z,1783799956433,334883,first_a_sqs_sent_timestamp,18838,79,ok,
reaction-20260711T195313.408870065Z,fair-c100,2026-07-11T19:59:16.462Z,1783799956462,334829,first_a_sqs_sent_timestamp,19574,98,ok,
reaction-20260711T195313.408870065Z,baseline-c100,2026-07-11T19:59:17.444Z,1783799957444,335894,first_a_sqs_sent_timestamp,18805,99,ok,
reaction-20260711T195313.408870065Z,fair-c100,2026-07-11T19:59:17.473Z,1783799957473,335840,first_a_sqs_sent_timestamp,19792,105,ok,
reaction-20260711T195313.408870065Z,baseline-c100,2026-07-11T19:59:18.432Z,1783799958432,336882,first_a_sqs_sent_timestamp,18620,90,ok,
reaction-20260711T195313.408870065Z,fair-c100,2026-07-11T19:59:18.484Z,1783799958484,336851,first_a_sqs_sent_timestamp,19618,95,ok,
reaction-20260711T195313.408870065Z,baseline-c100,2026-07-11T19:59:19.434Z,1783799959434,337884,first_a_sqs_sent_timestamp,19269,91,ok,
reaction-20260711T195313.408870065Z,fair-c100,2026-07-11T19:59:19.496Z,1783799959496,337863,first_a_sqs_sent_timestamp,19403,97,ok,
reaction-20260711T195313.408870065Z,baseline-c100,2026-07-11T19:59:20.432Z,1783799960432,338882,first_a_sqs_sent_timestamp,18620,90,ok,
reaction-20260711T195313.408870065Z,fair-c100,2026-07-11T19:59:20.464Z,1783799960464,338831,first_a_sqs_sent_timestamp,19559,81,ok,
reaction-20260711T195313.408870065Z,baseline-c100,2026-07-11T19:59:21.433Z,1783799961433,339883,first_a_sqs_sent_timestamp,18454,91,ok,
reaction-20260711T195313.408870065Z,fair-c100,2026-07-11T19:59:21.463Z,1783799961463,339830,first_a_sqs_sent_timestamp,19405,95,ok,
reaction-20260711T195313.408870065Z,baseline-c100,2026-07-11T19:59:22.435Z,1783799962435,340885,first_a_sqs_sent_timestamp,18555,84,ok,
reaction-20260711T195313.408870065Z,fair-c100,2026-07-11T19:59:22.462Z,1783799962462,340829,first_a_sqs_sent_timestamp,19339,88,ok,
reaction-20260711T195313.408870065Z,baseline-c100,2026-07-11T19:59:23.432Z,1783799963432,341882,first_a_sqs_sent_timestamp,18531,85,ok,
reaction-20260711T195313.408870065Z,fair-c100,2026-07-11T19:59:23.46Z,1783799963460,341827,first_a_sqs_sent_timestamp,19572,94,ok,
reaction-20260711T195313.408870065Z,baseline-c100,2026-07-11T19:59:24.433Z,1783799964433,342883,first_a_sqs_sent_timestamp,18454,91,ok,
reaction-20260711T195313.408870065Z,fair-c100,2026-07-11T19:59:24.462Z,1783799964462,342829,first_a_sqs_sent_timestamp,19240,100,ok,
reaction-20260711T195313.408870065Z,baseline-c100,2026-07-11T19:59:25.432Z,1783799965432,343882,first_a_sqs_sent_timestamp,18314,97,ok,
reaction-20260711T195313.408870065Z,fair-c100,2026-07-11T19:59:25.463Z,1783799965463,343830,first_a_sqs_sent_timestamp,19654,84,ok,
reaction-20260711T195313.408870065Z,baseline-c100,2026-07-11T19:59:26.431Z,1783799966431,344881,first_a_sqs_sent_timestamp,18313,92,ok,
reaction-20260711T195313.408870065Z,fair-c100,2026-07-11T19:59:26.458Z,1783799966458,344825,first_a_sqs_sent_timestamp,19241,100,ok,
reaction-20260711T195313.408870065Z,baseline-c100,2026-07-11T19:59:27.431Z,1783799967431,345881,first_a_sqs_sent_timestamp,18342,100,ok,
reaction-20260711T195313.408870065Z,fair-c100,2026-07-11T19:59:27.461Z,1783799967461,345828,first_a_sqs_sent_timestamp,19717,94,ok,
reaction-20260711T195313.408870065Z,baseline-c100,2026-07-11T19:59:28.43Z,1783799968430,346880,first_a_sqs_sent_timestamp,18878,90,ok,
reaction-20260711T195313.408870065Z,fair-c100,2026-07-11T19:59:28.458Z,1783799968458,346825,first_a_sqs_sent_timestamp,19340,84,ok,
reaction-20260711T195313.408870065Z,baseline-c100,2026-07-11T19:59:29.433Z,1783799969433,347883,first_a_sqs_sent_timestamp,18314,94,ok,
reaction-20260711T195313.408870065Z,fair-c100,2026-07-11T19:59:29.492Z,1783799969492,347859,first_a_sqs_sent_timestamp,19098,84,ok,
reaction-20260711T195313.408870065Z,baseline-c100,2026-07-11T19:59:30.431Z,1783799970431,348881,first_a_sqs_sent_timestamp,18420,84,ok,
reaction-20260711T195313.408870065Z,fair-c100,2026-07-11T19:59:30.462Z,1783799970462,348829,first_a_sqs_sent_timestamp,19078,82,ok,
reaction-20260711T195313.408870065Z,baseline-c100,2026-07-11T19:59:31.434Z,1783799971434,349884,first_a_sqs_sent_timestamp,18111,89,ok,
reaction-20260711T195313.408870065Z,fair-c100,2026-07-11T19:59:31.466Z,1783799971466,349833,first_a_sqs_sent_timestamp,19404,100,ok,
reaction-20260711T195313.408870065Z,baseline-c100,2026-07-11T19:59:32.431Z,1783799972431,350881,first_a_sqs_sent_timestamp,18342,98,ok,
reaction-20260711T195313.408870065Z,fair-c100,2026-07-11T19:59:32.471Z,1783799972471,350838,first_a_sqs_sent_timestamp,19444,81,ok,
reaction-20260711T195313.408870065Z,baseline-c100,2026-07-11T19:59:33.432Z,1783799973432,351882,first_a_sqs_sent_timestamp,18111,98,ok,
reaction-20260711T195313.408870065Z,fair-c100,2026-07-11T19:59:33.46Z,1783799973460,351827,first_a_sqs_sent_timestamp,19164,99,ok,
reaction-20260711T195313.408870065Z,baseline-c100,2026-07-11T19:59:34.431Z,1783799974431,352881,first_a_sqs_sent_timestamp,18453,93,ok,
reaction-20260711T195313.408870065Z,fair-c100,2026-07-11T19:59:34.46Z,1783799974460,352827,first_a_sqs_sent_timestamp,19078,87,ok,
reaction-20260711T195313.408870065Z,baseline-c100,2026-07-11T19:59:35.432Z,1783799975432,353882,first_a_sqs_sent_timestamp,18156,78,ok,
reaction-20260711T195313.408870065Z,fair-c100,2026-07-11T19:59:35.461Z,1783799975461,353828,first_a_sqs_sent_timestamp,18929,94,ok,
reaction-20260711T195313.408870065Z,baseline-c100,2026-07-11T19:59:36.433Z,1783799976433,354883,first_a_sqs_sent_timestamp,18080,97,ok,
reaction-20260711T195313.408870065Z,fair-c100,2026-07-11T19:59:36.464Z,1783799976464,354831,first_a_sqs_sent_timestamp,18959,72,ok,
reaction-20260711T195313.408870065Z,baseline-c100,2026-07-11T19:59:37.43Z,1783799977430,355880,first_a_sqs_sent_timestamp,17924,103,ok,
reaction-20260711T195313.408870065Z,fair-c100,2026-07-11T19:59:37.457Z,1783799977457,355824,first_a_sqs_sent_timestamp,18890,99,ok,
reaction-20260711T195313.408870065Z,baseline-c100,2026-07-11T19:59:38.435Z,1783799978435,356885,first_a_sqs_sent_timestamp,17909,82,ok,
reaction-20260711T195313.408870065Z,fair-c100,2026-07-11T19:59:38.47Z,1783799978470,356837,first_a_sqs_sent_timestamp,19097,86,ok,
reaction-20260711T195313.408870065Z,baseline-c100,2026-07-11T19:59:39.432Z,1783799979432,357882,first_a_sqs_sent_timestamp,17909,82,ok,
reaction-20260711T195313.408870065Z,fair-c100,2026-07-11T19:59:39.457Z,1783799979457,357824,first_a_sqs_sent_timestamp,18703,86,ok,
reaction-20260711T195313.408870065Z,baseline-c100,2026-07-11T19:59:40.436Z,1783799980436,358886,first_a_sqs_sent_timestamp,17925,99,ok,
reaction-20260711T195313.408870065Z,fair-c100,2026-07-11T19:59:40.464Z,1783799980464,358831,first_a_sqs_sent_timestamp,18703,86,ok,
reaction-20260711T195313.408870065Z,baseline-c100,2026-07-11T19:59:41.445Z,1783799981445,359895,first_a_sqs_sent_timestamp,17847,96,ok,
reaction-20260711T195313.408870065Z,fair-c100,2026-07-11T19:59:41.474Z,1783799981474,359841,first_a_sqs_sent_timestamp,18704,80,ok,
reaction-20260711T195313.408870065Z,baseline-c100,2026-07-11T19:59:42.431Z,1783799982431,360881,first_a_sqs_sent_timestamp,17682,93,ok,
reaction-20260711T195313.408870065Z,fair-c100,2026-07-11T19:59:42.491Z,1783799982491,360858,first_a_sqs_sent_timestamp,19240,101,ok,
reaction-20260711T195313.408870065Z,baseline-c100,2026-07-11T19:59:43.433Z,1783799983433,361883,first_a_sqs_sent_timestamp,17909,82,ok,
reaction-20260711T195313.408870065Z,fair-c100,2026-07-11T19:59:43.461Z,1783799983461,361828,first_a_sqs_sent_timestamp,18891,95,ok,
reaction-20260711T195313.408870065Z,baseline-c100,2026-07-11T19:59:44.433Z,1783799984433,362883,first_a_sqs_sent_timestamp,18004,95,ok,
reaction-20260711T195313.408870065Z,fair-c100,2026-07-11T19:59:44.464Z,1783799984464,362831,first_a_sqs_sent_timestamp,18704,89,ok,
reaction-20260711T195313.408870065Z,baseline-c100,2026-07-11T19:59:45.432Z,1783799985432,363882,first_a_sqs_sent_timestamp,17608,94,ok,
reaction-20260711T195313.408870065Z,fair-c100,2026-07-11T19:59:45.462Z,1783799985462,363829,first_a_sqs_sent_timestamp,18960,77,ok,
reaction-20260711T195313.408870065Z,baseline-c100,2026-07-11T19:59:46.432Z,1783799986432,364882,first_a_sqs_sent_timestamp,17581,91,ok,
reaction-20260711T195313.408870065Z,fair-c100,2026-07-11T19:59:46.465Z,1783799986465,364832,first_a_sqs_sent_timestamp,18460,95,ok,
reaction-20260711T195313.408870065Z,baseline-c100,2026-07-11T19:59:47.436Z,1783799987436,365886,first_a_sqs_sent_timestamp,17580,98,ok,
reaction-20260711T195313.408870065Z,fair-c100,2026-07-11T19:59:47.467Z,1783799987467,365834,first_a_sqs_sent_timestamp,18477,94,ok,
reaction-20260711T195313.408870065Z,baseline-c100,2026-07-11T19:59:48.431Z,1783799988431,366881,first_a_sqs_sent_timestamp,17590,89,ok,
reaction-20260711T195313.408870065Z,fair-c100,2026-07-11T19:59:48.459Z,1783799988459,366826,first_a_sqs_sent_timestamp,18929,96,ok,
reaction-20260711T195313.408870065Z,baseline-c100,2026-07-11T19:59:49.432Z,1783799989432,367882,first_a_sqs_sent_timestamp,17608,94,ok,
reaction-20260711T195313.408870065Z,fair-c100,2026-07-11T19:59:49.46Z,1783799989460,367827,first_a_sqs_sent_timestamp,18455,99,ok,
reaction-20260711T195313.408870065Z,baseline-c100,2026-07-11T19:59:50.432Z,1783799990432,368882,first_a_sqs_sent_timestamp,17582,94,ok,
reaction-20260711T195313.408870065Z,fair-c100,2026-07-11T19:59:50.458Z,1783799990458,368825,first_a_sqs_sent_timestamp,18456,94,ok,
reaction-20260711T195313.408870065Z,baseline-c100,2026-07-11T19:59:51.435Z,1783799991435,369885,first_a_sqs_sent_timestamp,17360,99,ok,
reaction-20260711T195313.408870065Z,fair-c100,2026-07-11T19:59:51.463Z,1783799991463,369830,first_a_sqs_sent_timestamp,18532,90,ok,
reaction-20260711T195313.408870065Z,baseline-c100,2026-07-11T19:59:52.433Z,1783799992433,370883,first_a_sqs_sent_timestamp,17590,94,ok,
reaction-20260711T195313.408870065Z,fair-c100,2026-07-11T19:59:52.464Z,1783799992464,370831,first_a_sqs_sent_timestamp,18237,89,ok,
reaction-20260711T195313.408870065Z,baseline-c100,2026-07-11T19:59:53.433Z,1783799993433,371883,first_a_sqs_sent_timestamp,17409,80,ok,
reaction-20260711T195313.408870065Z,fair-c100,2026-07-11T19:59:53.464Z,1783799993464,371831,first_a_sqs_sent_timestamp,18477,91,ok,
reaction-20260711T195313.408870065Z,baseline-c100,2026-07-11T19:59:54.432Z,1783799994432,372882,first_a_sqs_sent_timestamp,17284,96,ok,
reaction-20260711T195313.408870065Z,fair-c100,2026-07-11T19:59:54.46Z,1783799994460,372827,first_a_sqs_sent_timestamp,18457,91,ok,
reaction-20260711T195313.408870065Z,baseline-c100,2026-07-11T19:59:55.433Z,1783799995433,373883,first_a_sqs_sent_timestamp,17359,100,ok,
reaction-20260711T195313.408870065Z,fair-c100,2026-07-11T19:59:55.468Z,1783799995468,373835,first_a_sqs_sent_timestamp,18350,90,ok,
reaction-20260711T195313.408870065Z,baseline-c100,2026-07-11T19:59:56.432Z,1783799996432,374882,first_a_sqs_sent_timestamp,17684,92,ok,
reaction-20260711T195313.408870065Z,fair-c100,2026-07-11T19:59:56.46Z,1783799996460,374827,first_a_sqs_sent_timestamp,18168,88,ok,
reaction-20260711T195313.408870065Z,baseline-c100,2026-07-11T19:59:57.431Z,1783799997431,375881,first_a_sqs_sent_timestamp,18110,95,ok,
reaction-20260711T195313.408870065Z,fair-c100,2026-07-11T19:59:57.46Z,1783799997460,375827,first_a_sqs_sent_timestamp,18853,98,ok,
reaction-20260711T195313.408870065Z,baseline-c100,2026-07-11T19:59:58.432Z,1783799998432,376882,first_a_sqs_sent_timestamp,17119,96,ok,
reaction-20260711T195313.408870065Z,fair-c100,2026-07-11T19:59:58.459Z,1783799998459,376826,first_a_sqs_sent_timestamp,18168,89,ok,
reaction-20260711T195313.408870065Z,baseline-c100,2026-07-11T19:59:59.432Z,1783799999432,377882,first_a_sqs_sent_timestamp,17359,97,ok,
reaction-20260711T195313.408870065Z,fair-c100,2026-07-11T19:59:59.481Z,1783799999481,377848,first_a_sqs_sent_timestamp,18170,82,ok,
reaction-20260711T195313.408870065Z,baseline-c100,2026-07-11T20:00:00.433Z,1783800000433,378883,first_a_sqs_sent_timestamp,17709,98,ok,
reaction-20260711T195313.408870065Z,fair-c100,2026-07-11T20:00:00.464Z,1783800000464,378831,first_a_sqs_sent_timestamp,18233,89,ok,
reaction-20260711T195313.408870065Z,baseline-c100,2026-07-11T20:00:01.434Z,1783800001434,379884,first_a_sqs_sent_timestamp,17141,100,ok,
reaction-20260711T195313.408870065Z,fair-c100,2026-07-11T20:00:01.466Z,1783800001466,379833,first_a_sqs_sent_timestamp,18551,92,ok,
reaction-20260711T195313.408870065Z,baseline-c100,2026-07-11T20:00:02.431Z,1783800002431,380881,first_a_sqs_sent_timestamp,17020,84,ok,
reaction-20260711T195313.408870065Z,fair-c100,2026-07-11T20:00:02.456Z,1783800002456,380823,first_a_sqs_sent_timestamp,18049,79,ok,
reaction-20260711T195313.408870065Z,baseline-c100,2026-07-11T20:00:03.435Z,1783800003435,381885,first_a_sqs_sent_timestamp,17024,87,ok,
reaction-20260711T195313.408870065Z,fair-c100,2026-07-11T20:00:03.463Z,1783800003463,381830,first_a_sqs_sent_timestamp,17907,90,ok,
reaction-20260711T195313.408870065Z,baseline-c100,2026-07-11T20:00:04.433Z,1783800004433,382883,first_a_sqs_sent_timestamp,16883,101,ok,
reaction-20260711T195313.408870065Z,fair-c100,2026-07-11T20:00:04.461Z,1783800004461,382828,first_a_sqs_sent_timestamp,18109,80,ok,
reaction-20260711T195313.408870065Z,baseline-c100,2026-07-11T20:00:05.432Z,1783800005432,383882,first_a_sqs_sent_timestamp,17141,100,ok,
reaction-20260711T195313.408870065Z,fair-c100,2026-07-11T20:00:05.461Z,1783800005461,383828,first_a_sqs_sent_timestamp,17797,86,ok,
reaction-20260711T195313.408870065Z,baseline-c100,2026-07-11T20:00:06.432Z,1783800006432,384882,first_a_sqs_sent_timestamp,16883,96,ok,
reaction-20260711T195313.408870065Z,fair-c100,2026-07-11T20:00:06.463Z,1783800006463,384830,first_a_sqs_sent_timestamp,17975,97,ok,
reaction-20260711T195313.408870065Z,baseline-c100,2026-07-11T20:00:07.431Z,1783800007431,385881,first_a_sqs_sent_timestamp,17284,99,ok,
reaction-20260711T195313.408870065Z,fair-c100,2026-07-11T20:00:07.46Z,1783800007460,385827,first_a_sqs_sent_timestamp,17908,90,ok,
reaction-20260711T195313.408870065Z,baseline-c100,2026-07-11T20:00:08.43Z,1783800008430,386880,first_a_sqs_sent_timestamp,16885,97,ok,
reaction-20260711T195313.408870065Z,fair-c100,2026-07-11T20:00:08.458Z,1783800008458,386825,first_a_sqs_sent_timestamp,18047,83,ok,
reaction-20260711T195313.408870065Z,baseline-c100,2026-07-11T20:00:09.434Z,1783800009434,387884,first_a_sqs_sent_timestamp,16810,95,ok,
reaction-20260711T195313.408870065Z,fair-c100,2026-07-11T20:00:09.465Z,1783800009465,387832,first_a_sqs_sent_timestamp,17737,84,ok,
reaction-20260711T195313.408870065Z,baseline-c100,2026-07-11T20:00:10.431Z,1783800010431,388881,first_a_sqs_sent_timestamp,16744,92,ok,
reaction-20260711T195313.408870065Z,fair-c100,2026-07-11T20:00:10.461Z,1783800010461,388828,first_a_sqs_sent_timestamp,17931,89,ok,
reaction-20260711T195313.408870065Z,baseline-c100,2026-07-11T20:00:11.436Z,1783800011436,389886,first_a_sqs_sent_timestamp,16886,92,ok,
reaction-20260711T195313.408870065Z,fair-c100,2026-07-11T20:00:11.481Z,1783800011481,389848,first_a_sqs_sent_timestamp,18137,100,ok,
reaction-20260711T195313.408870065Z,baseline-c100,2026-07-11T20:00:12.431Z,1783800012431,390881,first_a_sqs_sent_timestamp,17041,95,ok,
reaction-20260711T195313.408870065Z,fair-c100,2026-07-11T20:00:12.457Z,1783800012457,390824,first_a_sqs_sent_timestamp,17537,90,ok,
reaction-20260711T195313.408870065Z,baseline-c100,2026-07-11T20:00:13.432Z,1783800013432,391882,first_a_sqs_sent_timestamp,16744,92,ok,
reaction-20260711T195313.408870065Z,fair-c100,2026-07-11T20:00:13.465Z,1783800013465,391832,first_a_sqs_sent_timestamp,17691,87,ok,
reaction-20260711T195313.408870065Z,baseline-c100,2026-07-11T20:00:14.431Z,1783800014431,392881,first_a_sqs_sent_timestamp,16580,98,ok,
reaction-20260711T195313.408870065Z,fair-c100,2026-07-11T20:00:14.456Z,1783800014456,392823,first_a_sqs_sent_timestamp,17583,100,ok,
reaction-20260711T195313.408870065Z,baseline-c100,2026-07-11T20:00:15.433Z,1783800015433,393883,first_a_sqs_sent_timestamp,16631,79,ok,
reaction-20260711T195313.408870065Z,fair-c100,2026-07-11T20:00:15.459Z,1783800015459,393826,first_a_sqs_sent_timestamp,17582,98,ok,
reaction-20260711T195313.408870065Z,baseline-c100,2026-07-11T20:00:16.433Z,1783800016433,394883,first_a_sqs_sent_timestamp,16884,97,ok,
reaction-20260711T195313.408870065Z,fair-c100,2026-07-11T20:00:16.461Z,1783800016461,394828,first_a_sqs_sent_timestamp,17797,88,ok,
reaction-20260711T195313.408870065Z,baseline-c100,2026-07-11T20:00:17.431Z,1783800017431,395881,first_a_sqs_sent_timestamp,16455,99,ok,
reaction-20260711T195313.408870065Z,fair-c100,2026-07-11T20:00:17.458Z,1783800017458,395825,first_a_sqs_sent_timestamp,17366,93,ok,
reaction-20260711T195313.408870065Z,baseline-c100,2026-07-11T20:00:18.431Z,1783800018431,396881,first_a_sqs_sent_timestamp,16630,81,ok,
reaction-20260711T195313.408870065Z,fair-c100,2026-07-11T20:00:18.459Z,1783800018459,396826,first_a_sqs_sent_timestamp,17582,99,ok,
reaction-20260711T195313.408870065Z,baseline-c100,2026-07-11T20:00:19.431Z,1783800019431,397881,first_a_sqs_sent_timestamp,16579,97,ok,
reaction-20260711T195313.408870065Z,fair-c100,2026-07-11T20:00:19.463Z,1783800019463,397830,first_a_sqs_sent_timestamp,17468,97,ok,
reaction-20260711T195313.408870065Z,baseline-c100,2026-07-11T20:00:20.436Z,1783800020436,398886,first_a_sqs_sent_timestamp,16813,97,ok,
reaction-20260711T195313.408870065Z,fair-c100,2026-07-11T20:00:20.462Z,1783800020462,398829,first_a_sqs_sent_timestamp,17366,97,ok,
reaction-20260711T195313.408870065Z,baseline-c100,2026-07-11T20:00:21.433Z,1783800021433,399883,first_a_sqs_sent_timestamp,16381,91,ok,
reaction-20260711T195313.408870065Z,fair-c100,2026-07-11T20:00:21.484Z,1783800021484,399851,first_a_sqs_sent_timestamp,17736,86,ok,
reaction-20260711T195313.408870065Z,baseline-c100,2026-07-11T20:00:22.433Z,1783800022433,400883,first_a_sqs_sent_timestamp,16384,93,ok,
reaction-20260711T195313.408870065Z,fair-c100,2026-07-11T20:00:22.461Z,1783800022461,400828,first_a_sqs_sent_timestamp,17290,98,ok,
reaction-20260711T195313.408870065Z,baseline-c100,2026-07-11T20:00:23.431Z,1783800023431,401881,first_a_sqs_sent_timestamp,16356,88,ok,
reaction-20260711T195313.408870065Z,fair-c100,2026-07-11T20:00:23.457Z,1783800023457,401824,first_a_sqs_sent_timestamp,17168,98,ok,
reaction-20260711T195313.408870065Z,baseline-c100,2026-07-11T20:00:24.434Z,1783800024434,402884,first_a_sqs_sent_timestamp,16562,85,ok,
reaction-20260711T195313.408870065Z,fair-c100,2026-07-11T20:00:24.504Z,1783800024504,402871,first_a_sqs_sent_timestamp,17290,96,ok,
reaction-20260711T195313.408870065Z,baseline-c100,2026-07-11T20:00:25.434Z,1783800025434,403884,first_a_sqs_sent_timestamp,16355,92,ok,
reaction-20260711T195313.408870065Z,fair-c100,2026-07-11T20:00:25.461Z,1783800025461,403828,first_a_sqs_sent_timestamp,17167,95,ok,
reaction-20260711T195313.408870065Z,baseline-c100,2026-07-11T20:00:26.433Z,1783800026433,404883,first_a_sqs_sent_timestamp,16452,98,ok,
reaction-20260711T195313.408870065Z,fair-c100,2026-07-11T20:00:26.46Z,1783800026460,404827,first_a_sqs_sent_timestamp,17086,97,ok,
reaction-20260711T195313.408870065Z,baseline-c100,2026-07-11T20:00:27.433Z,1783800027433,405883,first_a_sqs_sent_timestamp,16137,95,ok,
reaction-20260711T195313.408870065Z,fair-c100,2026-07-11T20:00:27.461Z,1783800027461,405828,first_a_sqs_sent_timestamp,17660,105,ok,
reaction-20260711T195313.408870065Z,baseline-c100,2026-07-11T20:00:28.434Z,1783800028434,406884,first_a_sqs_sent_timestamp,16382,91,ok,
reaction-20260711T195313.408870065Z,fair-c100,2026-07-11T20:00:28.479Z,1783800028479,406846,first_a_sqs_sent_timestamp,17367,92,ok,
reaction-20260711T195313.408870065Z,baseline-c100,2026-07-11T20:00:29.432Z,1783800029432,407882,first_a_sqs_sent_timestamp,16377,89,ok,
reaction-20260711T195313.408870065Z,fair-c100,2026-07-11T20:00:29.459Z,1783800029459,407826,first_a_sqs_sent_timestamp,16984,98,ok,
reaction-20260711T195313.408870065Z,baseline-c100,2026-07-11T20:00:30.432Z,1783800030432,408882,first_a_sqs_sent_timestamp,16037,84,ok,
reaction-20260711T195313.408870065Z,fair-c100,2026-07-11T20:00:30.458Z,1783800030458,408825,first_a_sqs_sent_timestamp,16985,99,ok,
reaction-20260711T195313.408870065Z,baseline-c100,2026-07-11T20:00:31.433Z,1783800031433,409883,first_a_sqs_sent_timestamp,16100,81,ok,
reaction-20260711T195313.408870065Z,fair-c100,2026-07-11T20:00:31.464Z,1783800031464,409831,first_a_sqs_sent_timestamp,17167,95,ok,
reaction-20260711T195313.408870065Z,baseline-c100,2026-07-11T20:00:32.432Z,1783800032432,410882,first_a_sqs_sent_timestamp,16159,101,ok,
reaction-20260711T195313.408870065Z,fair-c100,2026-07-11T20:00:32.461Z,1783800032461,410828,first_a_sqs_sent_timestamp,17085,97,ok,
reaction-20260711T195313.408870065Z,baseline-c100,2026-07-11T20:00:33.431Z,1783800033431,411881,first_a_sqs_sent_timestamp,15896,93,ok,
reaction-20260711T195313.408870065Z,fair-c100,2026-07-11T20:00:33.459Z,1783800033459,411826,first_a_sqs_sent_timestamp,16983,102,ok,
reaction-20260711T195313.408870065Z,baseline-c100,2026-07-11T20:00:34.431Z,1783800034431,412881,first_a_sqs_sent_timestamp,16097,85,ok,
reaction-20260711T195313.408870065Z,fair-c100,2026-07-11T20:00:34.459Z,1783800034459,412826,first_a_sqs_sent_timestamp,16954,85,ok,
reaction-20260711T195313.408870065Z,baseline-c100,2026-07-11T20:00:35.433Z,1783800035433,413883,first_a_sqs_sent_timestamp,15816,100,ok,
reaction-20260711T195313.408870065Z,fair-c100,2026-07-11T20:00:35.461Z,1783800035461,413828,first_a_sqs_sent_timestamp,16735,94,ok,
reaction-20260711T195313.408870065Z,baseline-c100,2026-07-11T20:00:36.431Z,1783800036431,414881,first_a_sqs_sent_timestamp,15898,95,ok,
reaction-20260711T195313.408870065Z,fair-c100,2026-07-11T20:00:36.458Z,1783800036458,414825,first_a_sqs_sent_timestamp,17274,79,ok,
reaction-20260711T195313.408870065Z,baseline-c100,2026-07-11T20:00:37.434Z,1783800037434,415884,first_a_sqs_sent_timestamp,16137,95,ok,
reaction-20260711T195313.408870065Z,fair-c100,2026-07-11T20:00:37.479Z,1783800037479,415846,first_a_sqs_sent_timestamp,17196,98,ok,
reaction-20260711T195313.408870065Z,baseline-c100,2026-07-11T20:00:38.432Z,1783800038432,416882,first_a_sqs_sent_timestamp,15988,97,ok,
reaction-20260711T195313.408870065Z,fair-c100,2026-07-11T20:00:38.463Z,1783800038463,416830,first_a_sqs_sent_timestamp,16734,92,ok,
reaction-20260711T195313.408870065Z,baseline-c100,2026-07-11T20:00:39.432Z,1783800039432,417882,first_a_sqs_sent_timestamp,16037,81,ok,
reaction-20260711T195313.408870065Z,fair-c100,2026-07-11T20:00:39.463Z,1783800039463,417830,first_a_sqs_sent_timestamp,16735,94,ok,
reaction-20260711T195313.408870065Z,baseline-c100,2026-07-11T20:00:40.431Z,1783800040431,418881,first_a_sqs_sent_timestamp,15706,81,ok,
reaction-20260711T195313.408870065Z,fair-c100,2026-07-11T20:00:40.486Z,1783800040486,418853,first_a_sqs_sent_timestamp,16812,100,ok,
reaction-20260711T195313.408870065Z,baseline-c100,2026-07-11T20:00:41.431Z,1783800041431,419881,first_a_sqs_sent_timestamp,15648,82,ok,
reaction-20260711T195313.408870065Z,fair-c100,2026-07-11T20:00:41.459Z,1783800041459,419826,first_a_sqs_sent_timestamp,16502,98,ok,
reaction-20260711T195313.408870065Z,baseline-c100,2026-07-11T20:00:42.434Z,1783800042434,420884,first_a_sqs_sent_timestamp,15910,96,ok,
reaction-20260711T195313.408870065Z,fair-c100,2026-07-11T20:00:42.464Z,1783800042464,420831,first_a_sqs_sent_timestamp,16763,86,ok,
reaction-20260711T195313.408870065Z,baseline-c100,2026-07-11T20:00:43.432Z,1783800043432,421882,first_a_sqs_sent_timestamp,15646,82,ok,
reaction-20260711T195313.408870065Z,fair-c100,2026-07-11T20:00:43.46Z,1783800043460,421827,first_a_sqs_sent_timestamp,16618,101,ok,
reaction-20260711T195313.408870065Z,baseline-c100,2026-07-11T20:00:44.432Z,1783800044432,422882,first_a_sqs_sent_timestamp,15898,91,ok,
reaction-20260711T195313.408870065Z,fair-c100,2026-07-11T20:00:44.458Z,1783800044458,422825,first_a_sqs_sent_timestamp,16660,96,ok,
reaction-20260711T195313.408870065Z,baseline-c100,2026-07-11T20:00:45.43Z,1783800045430,423880,first_a_sqs_sent_timestamp,15818,97,ok,
reaction-20260711T195313.408870065Z,fair-c100,2026-07-11T20:00:45.457Z,1783800045457,423824,first_a_sqs_sent_timestamp,16375,79,ok,
reaction-20260711T195313.408870065Z,baseline-c100,2026-07-11T20:00:46.434Z,1783800046434,424884,first_a_sqs_sent_timestamp,15528,90,ok,
reaction-20260711T195313.408870065Z,fair-c100,2026-07-11T20:00:46.462Z,1783800046462,424829,first_a_sqs_sent_timestamp,16377,87,ok,
reaction-20260711T195313.408870065Z,baseline-c100,2026-07-11T20:00:47.462Z,1783800047462,425912,first_a_sqs_sent_timestamp,15708,80,ok,
reaction-20260711T195313.408870065Z,fair-c100,2026-07-11T20:00:47.492Z,1783800047492,425859,first_a_sqs_sent_timestamp,16734,93,ok,
reaction-20260711T195313.408870065Z,baseline-c100,2026-07-11T20:00:48.434Z,1783800048434,426884,first_a_sqs_sent_timestamp,15526,93,ok,
reaction-20260711T195313.408870065Z,fair-c100,2026-07-11T20:00:48.461Z,1783800048461,426828,first_a_sqs_sent_timestamp,16834,98,ok,
reaction-20260711T195313.408870065Z,baseline-c100,2026-07-11T20:00:49.432Z,1783800049432,427882,first_a_sqs_sent_timestamp,15332,86,ok,
reaction-20260711T195313.408870065Z,fair-c100,2026-07-11T20:00:49.481Z,1783800049481,427848,first_a_sqs_sent_timestamp,16248,77,ok,
reaction-20260711T195313.408870065Z,baseline-c100,2026-07-11T20:00:50.433Z,1783800050433,428883,first_a_sqs_sent_timestamp,15463,88,ok,
reaction-20260711T195313.408870065Z,fair-c100,2026-07-11T20:00:50.462Z,1783800050462,428829,first_a_sqs_sent_timestamp,16269,93,ok,
reaction-20260711T195313.408870065Z,baseline-c100,2026-07-11T20:00:51.432Z,1783800051432,429882,first_a_sqs_sent_timestamp,15429,98,ok,
reaction-20260711T195313.408870065Z,fair-c100,2026-07-11T20:00:51.47Z,1783800051470,429837,first_a_sqs_sent_timestamp,16270,93,ok,
reaction-20260711T195313.408870065Z,baseline-c100,2026-07-11T20:00:52.432Z,1783800052432,430882,first_a_sqs_sent_timestamp,15257,94,ok,
reaction-20260711T195313.408870065Z,fair-c100,2026-07-11T20:00:52.46Z,1783800052460,430827,first_a_sqs_sent_timestamp,16503,95,ok,
reaction-20260711T195313.408870065Z,baseline-c100,2026-07-11T20:00:53.432Z,1783800053432,431882,first_a_sqs_sent_timestamp,15359,90,ok,
reaction-20260711T195313.408870065Z,fair-c100,2026-07-11T20:00:53.459Z,1783800053459,431826,first_a_sqs_sent_timestamp,16250,79,ok,
reaction-20260711T195313.408870065Z,baseline-c100,2026-07-11T20:00:54.434Z,1783800054434,432884,first_a_sqs_sent_timestamp,15257,91,ok,
reaction-20260711T195313.408870065Z,fair-c100,2026-07-11T20:00:54.461Z,1783800054461,432828,first_a_sqs_sent_timestamp,16438,91,ok,
reaction-20260711T195313.408870065Z,baseline-c100,2026-07-11T20:00:55.431Z,1783800055431,433881,first_a_sqs_sent_timestamp,15140,89,ok,
reaction-20260711T195313.408870065Z,fair-c100,2026-07-11T20:00:55.46Z,1783800055460,433827,first_a_sqs_sent_timestamp,16378,84,ok,
reaction-20260711T195313.408870065Z,baseline-c100,2026-07-11T20:00:56.432Z,1783800056432,434882,first_a_sqs_sent_timestamp,15647,82,ok,
reaction-20260711T195313.408870065Z,fair-c100,2026-07-11T20:00:56.459Z,1783800056459,434826,first_a_sqs_sent_timestamp,16117,81,ok,
reaction-20260711T195313.408870065Z,baseline-c100,2026-07-11T20:00:57.431Z,1783800057431,435881,first_a_sqs_sent_timestamp,15139,93,ok,
reaction-20260711T195313.408870065Z,fair-c100,2026-07-11T20:00:57.458Z,1783800057458,435825,first_a_sqs_sent_timestamp,16421,84,ok,
reaction-20260711T195313.408870065Z,baseline-c100,2026-07-11T20:00:58.434Z,1783800058434,436884,first_a_sqs_sent_timestamp,15257,98,ok,
reaction-20260711T195313.408870065Z,fair-c100,2026-07-11T20:00:58.463Z,1783800058463,436830,first_a_sqs_sent_timestamp,16250,79,ok,
reaction-20260711T195313.408870065Z,baseline-c100,2026-07-11T20:00:59.439Z,1783800059439,437889,first_a_sqs_sent_timestamp,15045,90,ok,
reaction-20260711T195313.408870065Z,fair-c100,2026-07-11T20:00:59.466Z,1783800059466,437833,first_a_sqs_sent_timestamp,16038,96,ok,
reaction-20260711T195313.408870065Z,baseline-c100,2026-07-11T20:01:00.433Z,1783800060433,438883,first_a_sqs_sent_timestamp,15043,87,ok,
reaction-20260711T195313.408870065Z,fair-c100,2026-07-11T20:01:00.585Z,1783800060585,438952,first_a_sqs_sent_timestamp,15872,84,ok,
reaction-20260711T195313.408870065Z,baseline-c100,2026-07-11T20:01:01.432Z,1783800061432,439882,first_a_sqs_sent_timestamp,15671,91,ok,
reaction-20260711T195313.408870065Z,fair-c100,2026-07-11T20:01:01.46Z,1783800061460,439827,first_a_sqs_sent_timestamp,16269,92,ok,
reaction-20260711T195313.408870065Z,baseline-c100,2026-07-11T20:01:02.433Z,1783800062433,440883,first_a_sqs_sent_timestamp,15139,93,ok,
reaction-20260711T195313.408870065Z,fair-c100,2026-07-11T20:01:02.467Z,1783800062467,440834,first_a_sqs_sent_timestamp,16003,86,ok,
reaction-20260711T195313.408870065Z,baseline-c100,2026-07-11T20:01:03.431Z,1783800063431,441881,first_a_sqs_sent_timestamp,14834,97,ok,
reaction-20260711T195313.408870065Z,fair-c100,2026-07-11T20:01:03.459Z,1783800063459,441826,first_a_sqs_sent_timestamp,16115,82,ok,
reaction-20260711T195313.408870065Z,baseline-c100,2026-07-11T20:01:04.433Z,1783800064433,442883,first_a_sqs_sent_timestamp,15045,89,ok,
reaction-20260711T195313.408870065Z,fair-c100,2026-07-11T20:01:04.462Z,1783800064462,442829,first_a_sqs_sent_timestamp,15797,98,ok,
reaction-20260711T195313.408870065Z,baseline-c100,2026-07-11T20:01:05.433Z,1783800065433,443883,first_a_sqs_sent_timestamp,14766,80,ok,
reaction-20260711T195313.408870065Z,fair-c100,2026-07-11T20:01:05.461Z,1783800065461,443828,first_a_sqs_sent_timestamp,15933,95,ok,
reaction-20260711T195313.408870065Z,baseline-c100,2026-07-11T20:01:06.43Z,1783800066430,444880,first_a_sqs_sent_timestamp,14882,83,ok,
reaction-20260711T195313.408870065Z,fair-c100,2026-07-11T20:01:06.46Z,1783800066460,444827,first_a_sqs_sent_timestamp,15639,78,ok,
reaction-20260711T195313.408870065Z,baseline-c100,2026-07-11T20:01:07.433Z,1783800067433,445883,first_a_sqs_sent_timestamp,14833,99,ok,
reaction-20260711T195313.408870065Z,fair-c100,2026-07-11T20:01:07.468Z,1783800067468,445835,first_a_sqs_sent_timestamp,15890,92,ok,
reaction-20260711T195313.408870065Z,baseline-c100,2026-07-11T20:01:08.434Z,1783800068434,446884,first_a_sqs_sent_timestamp,14979,87,ok,
reaction-20260711T195313.408870065Z,fair-c100,2026-07-11T20:01:08.462Z,1783800068462,446829,first_a_sqs_sent_timestamp,15648,96,ok,
reaction-20260711T195313.408870065Z,baseline-c100,2026-07-11T20:01:09.433Z,1783800069433,447883,first_a_sqs_sent_timestamp,15209,93,ok,
reaction-20260711T195313.408870065Z,fair-c100,2026-07-11T20:01:09.465Z,1783800069465,447832,first_a_sqs_sent_timestamp,15638,81,ok,
reaction-20260711T195313.408870065Z,baseline-c100,2026-07-11T20:01:10.434Z,1783800070434,448884,first_a_sqs_sent_timestamp,14768,81,ok,
reaction-20260711T195313.408870065Z,fair-c100,2026-07-11T20:01:10.462Z,1783800070462,448829,first_a_sqs_sent_timestamp,15761,88,ok,
reaction-20260711T195313.408870065Z,baseline-c100,2026-07-11T20:01:11.435Z,1783800071435,449885,first_a_sqs_sent_timestamp,14593,94,ok,
reaction-20260711T195313.408870065Z,fair-c100,2026-07-11T20:01:11.463Z,1783800071463,449830,first_a_sqs_sent_timestamp,15570,96,ok,
reaction-20260711T195313.408870065Z,baseline-c100,2026-07-11T20:01:12.433Z,1783800072433,450883,first_a_sqs_sent_timestamp,14629,89,ok,
reaction-20260711T195313.408870065Z,fair-c100,2026-07-11T20:01:12.485Z,1783800072485,450852,first_a_sqs_sent_timestamp,15723,96,ok,
reaction-20260711T195313.408870065Z,baseline-c100,2026-07-11T20:01:13.437Z,1783800073437,451887,first_a_sqs_sent_timestamp,14834,97,ok,
reaction-20260711T195313.408870065Z,fair-c100,2026-07-11T20:01:13.467Z,1783800073467,451834,first_a_sqs_sent_timestamp,15571,96,ok,
reaction-20260711T195313.408870065Z,baseline-c100,2026-07-11T20:01:14.432Z,1783800074432,452882,first_a_sqs_sent_timestamp,14771,82,ok,
reaction-20260711T195313.408870065Z,fair-c100,2026-07-11T20:01:14.463Z,1783800074463,452830,first_a_sqs_sent_timestamp,15641,81,ok,
reaction-20260711T195313.408870065Z,baseline-c100,2026-07-11T20:01:15.432Z,1783800075432,453882,first_a_sqs_sent_timestamp,14592,96,ok,
reaction-20260711T195313.408870065Z,fair-c100,2026-07-11T20:01:15.459Z,1783800075459,453826,first_a_sqs_sent_timestamp,15335,100,ok,
reaction-20260711T195313.408870065Z,baseline-c100,2026-07-11T20:01:16.434Z,1783800076434,454884,first_a_sqs_sent_timestamp,14628,93,ok,
reaction-20260711T195313.408870065Z,fair-c100,2026-07-11T20:01:16.462Z,1783800076462,454829,first_a_sqs_sent_timestamp,15646,96,ok,
reaction-20260711T195313.408870065Z,baseline-c100,2026-07-11T20:01:17.432Z,1783800077432,455882,first_a_sqs_sent_timestamp,14552,100,ok,
reaction-20260711T195313.408870065Z,fair-c100,2026-07-11T20:01:17.46Z,1783800077460,455827,first_a_sqs_sent_timestamp,15337,99,ok,
reaction-20260711T195313.408870065Z,baseline-c100,2026-07-11T20:01:18.435Z,1783800078435,456885,first_a_sqs_sent_timestamp,14338,87,ok,
reaction-20260711T195313.408870065Z,fair-c100,2026-07-11T20:01:18.462Z,1783800078462,456829,first_a_sqs_sent_timestamp,15335,100,ok,
reaction-20260711T195313.408870065Z,baseline-c100,2026-07-11T20:01:19.433Z,1783800079433,457883,first_a_sqs_sent_timestamp,14882,83,ok,
reaction-20260711T195313.408870065Z,fair-c100,2026-07-11T20:01:19.459Z,1783800079459,457826,first_a_sqs_sent_timestamp,15336,98,ok,
reaction-20260711T195313.408870065Z,baseline-c100,2026-07-11T20:01:20.432Z,1783800080432,458882,first_a_sqs_sent_timestamp,14339,87,ok,
reaction-20260711T195313.408870065Z,fair-c100,2026-07-11T20:01:20.472Z,1783800080472,458839,first_a_sqs_sent_timestamp,15413,92,ok,
reaction-20260711T195313.408870065Z,baseline-c100,2026-07-11T20:01:21.435Z,1783800081435,459885,first_a_sqs_sent_timestamp,14308,83,ok,
reaction-20260711T195313.408870065Z,fair-c100,2026-07-11T20:01:21.465Z,1783800081465,459832,first_a_sqs_sent_timestamp,15336,97,ok,
reaction-20260711T195313.408870065Z,baseline-c100,2026-07-11T20:01:22.433Z,1783800082433,460883,first_a_sqs_sent_timestamp,14337,89,ok,
reaction-20260711T195313.408870065Z,fair-c100,2026-07-11T20:01:22.484Z,1783800082484,460851,first_a_sqs_sent_timestamp,15088,93,ok,
reaction-20260711T195313.408870065Z,baseline-c100,2026-07-11T20:01:23.434Z,1783800083434,461884,first_a_sqs_sent_timestamp,14372,86,ok,
reaction-20260711T195313.408870065Z,fair-c100,2026-07-11T20:01:23.463Z,1783800083463,461830,first_a_sqs_sent_timestamp,15088,90,ok,
reaction-20260711T195313.408870065Z,baseline-c100,2026-07-11T20:01:24.439Z,1783800084439,462889,first_a_sqs_sent_timestamp,14234,95,ok,
reaction-20260711T195313.408870065Z,fair-c100,2026-07-11T20:01:24.467Z,1783800084467,462834,first_a_sqs_sent_timestamp,15359,87,ok,
reaction-20260711T195313.408870065Z,baseline-c100,2026-07-11T20:01:25.432Z,1783800085432,463882,first_a_sqs_sent_timestamp,14307,85,ok,
reaction-20260711T195313.408870065Z,fair-c100,2026-07-11T20:01:25.464Z,1783800085464,463831,first_a_sqs_sent_timestamp,15488,86,ok,
reaction-20260711T195313.408870065Z,baseline-c100,2026-07-11T20:01:26.435Z,1783800086435,464885,first_a_sqs_sent_timestamp,14027,78,ok,
reaction-20260711T195313.408870065Z,fair-c100,2026-07-11T20:01:26.469Z,1783800086469,464836,first_a_sqs_sent_timestamp,14973,98,ok,
reaction-20260711T195313.408870065Z,baseline-c100,2026-07-11T20:01:27.434Z,1783800087434,465884,first_a_sqs_sent_timestamp,14120,95,ok,
reaction-20260711T195313.408870065Z,fair-c100,2026-07-11T20:01:27.463Z,1783800087463,465830,first_a_sqs_sent_timestamp,14973,91,ok,
reaction-20260711T195313.408870065Z,baseline-c100,2026-07-11T20:01:28.434Z,1783800088434,466884,first_a_sqs_sent_timestamp,14026,83,ok,
reaction-20260711T195313.408870065Z,fair-c100,2026-07-11T20:01:28.463Z,1783800088463,466830,first_a_sqs_sent_timestamp,15796,99,ok,
reaction-20260711T195313.408870065Z,baseline-c100,2026-07-11T20:01:29.434Z,1783800089434,467884,first_a_sqs_sent_timestamp,14437,106,ok,
reaction-20260711T195313.408870065Z,fair-c100,2026-07-11T20:01:29.461Z,1783800089461,467828,first_a_sqs_sent_timestamp,14848,88,ok,
reaction-20260711T195313.408870065Z,baseline-c100,2026-07-11T20:01:30.444Z,1783800090444,468894,first_a_sqs_sent_timestamp,14235,94,ok,
reaction-20260711T195313.408870065Z,fair-c100,2026-07-11T20:01:30.48Z,1783800090480,468847,first_a_sqs_sent_timestamp,15119,89,ok,
reaction-20260711T195313.408870065Z,baseline-c100,2026-07-11T20:01:31.431Z,1783800091431,469881,first_a_sqs_sent_timestamp,14030,81,ok,
reaction-20260711T195313.408870065Z,fair-c100,2026-07-11T20:01:31.463Z,1783800091463,469830,first_a_sqs_sent_timestamp,14848,88,ok,
reaction-20260711T195313.408870065Z,baseline-c100,2026-07-11T20:01:32.438Z,1783800092438,470888,first_a_sqs_sent_timestamp,14083,88,ok,
reaction-20260711T195313.408870065Z,fair-c100,2026-07-11T20:01:32.466Z,1783800092466,470833,first_a_sqs_sent_timestamp,14975,91,ok,
reaction-20260711T195313.408870065Z,baseline-c100,2026-07-11T20:01:33.434Z,1783800093434,471884,first_a_sqs_sent_timestamp,13873,93,ok,
reaction-20260711T195313.408870065Z,fair-c100,2026-07-11T20:01:33.462Z,1783800093462,471829,first_a_sqs_sent_timestamp,14778,99,ok,
reaction-20260711T195313.408870065Z,baseline-c100,2026-07-11T20:01:34.431Z,1783800094431,472881,first_a_sqs_sent_timestamp,13794,96,ok,
reaction-20260711T195313.408870065Z,fair-c100,2026-07-11T20:01:34.46Z,1783800094460,472827,first_a_sqs_sent_timestamp,14779,90,ok,
reaction-20260711T195313.408870065Z,baseline-c100,2026-07-11T20:01:35.433Z,1783800095433,473883,first_a_sqs_sent_timestamp,13838,93,ok,
reaction-20260711T195313.408870065Z,fair-c100,2026-07-11T20:01:35.471Z,1783800095471,473838,first_a_sqs_sent_timestamp,14848,91,ok,
reaction-20260711T195313.408870065Z,baseline-c100,2026-07-11T20:01:36.431Z,1783800096431,474881,first_a_sqs_sent_timestamp,13785,74,ok,
reaction-20260711T195313.408870065Z,fair-c100,2026-07-11T20:01:36.458Z,1783800096458,474825,first_a_sqs_sent_timestamp,14703,94,ok,
reaction-20260711T195313.408870065Z,baseline-c100,2026-07-11T20:01:37.431Z,1783800097431,475881,first_a_sqs_sent_timestamp,14403,94,ok,
reaction-20260711T195313.408870065Z,fair-c100,2026-07-11T20:01:37.458Z,1783800097458,475825,first_a_sqs_sent_timestamp,14938,101,ok,
reaction-20260711T195313.408870065Z,baseline-c100,2026-07-11T20:01:38.434Z,1783800098434,476884,first_a_sqs_sent_timestamp,14120,98,ok,
reaction-20260711T195313.408870065Z,fair-c100,2026-07-11T20:01:38.462Z,1783800098462,476829,first_a_sqs_sent_timestamp,14779,97,ok,
reaction-20260711T195313.408870065Z,baseline-c100,2026-07-11T20:01:39.431Z,1783800099431,477881,first_a_sqs_sent_timestamp,13796,90,ok,
reaction-20260711T195313.408870065Z,fair-c100,2026-07-11T20:01:39.482Z,1783800099482,477849,first_a_sqs_sent_timestamp,15090,90,ok,
reaction-20260711T195313.408870065Z,baseline-c100,2026-07-11T20:01:40.436Z,1783800100436,478886,first_a_sqs_sent_timestamp,13541,89,ok,
reaction-20260711T195313.408870065Z,fair-c100,2026-07-11T20:01:40.462Z,1783800100462,478829,first_a_sqs_sent_timestamp,14526,95,ok,
reaction-20260711T195313.408870065Z,baseline-c100,2026-07-11T20:01:41.433Z,1783800101433,479883,first_a_sqs_sent_timestamp,13838,98,ok,
reaction-20260711T195313.408870065Z,fair-c100,2026-07-11T20:01:41.465Z,1783800101465,479832,first_a_sqs_sent_timestamp,15259,96,ok,
reaction-20260711T195313.408870065Z,baseline-c100,2026-07-11T20:01:42.433Z,1783800102433,480883,first_a_sqs_sent_timestamp,13465,92,ok,
reaction-20260711T195313.408870065Z,fair-c100,2026-07-11T20:01:42.479Z,1783800102479,480846,first_a_sqs_sent_timestamp,14378,103,ok,
reaction-20260711T195313.408870065Z,baseline-c100,2026-07-11T20:01:43.43Z,1783800103430,481880,first_a_sqs_sent_timestamp,13873,95,ok,
reaction-20260711T195313.408870065Z,fair-c100,2026-07-11T20:01:43.462Z,1783800103462,481829,first_a_sqs_sent_timestamp,14702,92,ok,
reaction-20260711T195313.408870065Z,baseline-c100,2026-07-11T20:01:44.43Z,1783800104430,482880,first_a_sqs_sent_timestamp,13787,75,ok,
reaction-20260711T195313.408870065Z,fair-c100,2026-07-11T20:01:44.457Z,1783800104457,482824,first_a_sqs_sent_timestamp,14456,95,ok,
reaction-20260711T195313.408870065Z,baseline-c100,2026-07-11T20:01:45.434Z,1783800105434,483884,first_a_sqs_sent_timestamp,13560,98,ok,
reaction-20260711T195313.408870065Z,fair-c100,2026-07-11T20:01:45.466Z,1783800105466,483833,first_a_sqs_sent_timestamp,14378,97,ok,
reaction-20260711T195313.408870065Z,baseline-c100,2026-07-11T20:01:46.434Z,1783800106434,484884,first_a_sqs_sent_timestamp,13465,95,ok,
reaction-20260711T195313.408870065Z,fair-c100,2026-07-11T20:01:46.465Z,1783800106465,484832,first_a_sqs_sent_timestamp,14483,81,ok,
reaction-20260711T195313.408870065Z,baseline-c100,2026-07-11T20:01:47.431Z,1783800107431,485881,first_a_sqs_sent_timestamp,13391,97,ok,
reaction-20260711T195313.408870065Z,fair-c100,2026-07-11T20:01:47.468Z,1783800107468,485835,first_a_sqs_sent_timestamp,14377,103,ok,
reaction-20260711T195313.408870065Z,baseline-c100,2026-07-11T20:01:48.431Z,1783800108431,486881,first_a_sqs_sent_timestamp,13538,90,ok,
reaction-20260711T195313.408870065Z,fair-c100,2026-07-11T20:01:48.46Z,1783800108460,486827,first_a_sqs_sent_timestamp,14525,95,ok,
reaction-20260711T195313.408870065Z,baseline-c100,2026-07-11T20:01:49.435Z,1783800109435,487885,first_a_sqs_sent_timestamp,13466,92,ok,
reaction-20260711T195313.408870065Z,fair-c100,2026-07-11T20:01:49.474Z,1783800109474,487841,first_a_sqs_sent_timestamp,14305,88,ok,
reaction-20260711T195313.408870065Z,baseline-c100,2026-07-11T20:01:50.431Z,1783800110431,488881,first_a_sqs_sent_timestamp,13171,97,ok,
reaction-20260711T195313.408870065Z,fair-c100,2026-07-11T20:01:50.459Z,1783800110459,488826,first_a_sqs_sent_timestamp,14135,96,ok,
reaction-20260711T195313.408870065Z,baseline-c100,2026-07-11T20:01:51.435Z,1783800111435,489885,first_a_sqs_sent_timestamp,13391,94,ok,
reaction-20260711T195313.408870065Z,fair-c100,2026-07-11T20:01:51.462Z,1783800111462,489829,first_a_sqs_sent_timestamp,14093,93,ok,
reaction-20260711T195313.408870065Z,baseline-c100,2026-07-11T20:01:52.432Z,1783800112432,490882,first_a_sqs_sent_timestamp,13093,102,ok,
reaction-20260711T195313.408870065Z,fair-c100,2026-07-11T20:01:52.482Z,1783800112482,490849,first_a_sqs_sent_timestamp,14214,86,ok,
reaction-20260711T195313.408870065Z,baseline-c100,2026-07-11T20:01:53.432Z,1783800113432,491882,first_a_sqs_sent_timestamp,13319,95,ok,
reaction-20260711T195313.408870065Z,fair-c100,2026-07-11T20:01:53.461Z,1783800113461,491828,first_a_sqs_sent_timestamp,14607,87,ok,
reaction-20260711T195313.408870065Z,baseline-c100,2026-07-11T20:01:54.431Z,1783800114431,492881,first_a_sqs_sent_timestamp,13349,102,ok,
reaction-20260711T195313.408870065Z,fair-c100,2026-07-11T20:01:54.468Z,1783800114468,492835,first_a_sqs_sent_timestamp,14458,93,ok,
reaction-20260711T195313.408870065Z,baseline-c100,2026-07-11T20:01:55.432Z,1783800115432,493882,first_a_sqs_sent_timestamp,13017,99,ok,
reaction-20260711T195313.408870065Z,fair-c100,2026-07-11T20:01:55.461Z,1783800115461,493828,first_a_sqs_sent_timestamp,14131,100,ok,
reaction-20260711T195313.408870065Z,baseline-c100,2026-07-11T20:01:56.435Z,1783800116435,494885,first_a_sqs_sent_timestamp,13170,93,ok,
reaction-20260711T195313.408870065Z,fair-c100,2026-07-11T20:01:56.467Z,1783800116467,494834,first_a_sqs_sent_timestamp,14169,95,ok,
reaction-20260711T195313.408870065Z,baseline-c100,2026-07-11T20:01:57.432Z,1783800117432,495882,first_a_sqs_sent_timestamp,13092,98,ok,
reaction-20260711T195313.408870065Z,fair-c100,2026-07-11T20:01:57.46Z,1783800117460,495827,first_a_sqs_sent_timestamp,14092,89,ok,
reaction-20260711T195313.408870065Z,baseline-c100,2026-07-11T20:01:58.433Z,1783800118433,496883,first_a_sqs_sent_timestamp,13201,86,ok,
reaction-20260711T195313.408870065Z,fair-c100,2026-07-11T20:01:58.481Z,1783800118481,496848,first_a_sqs_sent_timestamp,13825,86,ok,
reaction-20260711T195313.408870065Z,baseline-c100,2026-07-11T20:01:59.44Z,1783800119440,497890,first_a_sqs_sent_timestamp,12922,97,ok,
reaction-20260711T195313.408870065Z,fair-c100,2026-07-11T20:01:59.466Z,1783800119466,497833,first_a_sqs_sent_timestamp,13935,66,ok,
reaction-20260711T195313.408870065Z,baseline-c100,2026-07-11T20:02:00.434Z,1783800120434,498884,first_a_sqs_sent_timestamp,13016,100,ok,
reaction-20260711T195313.408870065Z,fair-c100,2026-07-11T20:02:00.462Z,1783800120462,498829,first_a_sqs_sent_timestamp,13865,90,ok,
reaction-20260711T195313.408870065Z,baseline-c100,2026-07-11T20:02:01.431Z,1783800121431,499881,first_a_sqs_sent_timestamp,12998,81,ok,
reaction-20260711T195313.408870065Z,fair-c100,2026-07-11T20:02:01.459Z,1783800121459,499826,first_a_sqs_sent_timestamp,13962,83,ok,
reaction-20260711T195313.408870065Z,baseline-c100,2026-07-11T20:02:02.433Z,1783800122433,500883,first_a_sqs_sent_timestamp,13605,97,ok,
reaction-20260711T195313.408870065Z,fair-c100,2026-07-11T20:02:02.46Z,1783800122460,500827,first_a_sqs_sent_timestamp,13687,85,ok,
reaction-20260711T195313.408870065Z,baseline-c100,2026-07-11T20:02:03.433Z,1783800123433,501883,first_a_sqs_sent_timestamp,12845,96,ok,
reaction-20260711T195313.408870065Z,fair-c100,2026-07-11T20:02:03.463Z,1783800123463,501830,first_a_sqs_sent_timestamp,13890,86,ok,
reaction-20260711T195313.408870065Z,baseline-c100,2026-07-11T20:02:04.433Z,1783800124433,502883,first_a_sqs_sent_timestamp,12751,91,ok,
reaction-20260711T195313.408870065Z,fair-c100,2026-07-11T20:02:04.487Z,1783800124487,502854,first_a_sqs_sent_timestamp,13980,93,ok,
reaction-20260711T195313.408870065Z,baseline-c100,2026-07-11T20:02:05.434Z,1783800125434,503884,first_a_sqs_sent_timestamp,12726,75,ok,
reaction-20260711T195313.408870065Z,fair-c100,2026-07-11T20:02:05.462Z,1783800125462,503829,first_a_sqs_sent_timestamp,13684,90,ok,
reaction-20260711T195313.408870065Z,baseline-c100,2026-07-11T20:02:06.434Z,1783800126434,504884,first_a_sqs_sent_timestamp,12726,75,ok,
reaction-20260711T195313.408870065Z,fair-c100,2026-07-11T20:02:06.463Z,1783800126463,504830,first_a_sqs_sent_timestamp,13826,85,ok,
reaction-20260711T195313.408870065Z,baseline-c100,2026-07-11T20:02:07.432Z,1783800127432,505882,first_a_sqs_sent_timestamp,12782,85,ok,
reaction-20260711T195313.408870065Z,fair-c100,2026-07-11T20:02:07.462Z,1783800127462,505829,first_a_sqs_sent_timestamp,13865,91,ok,
reaction-20260711T195313.408870065Z,baseline-c100,2026-07-11T20:02:08.432Z,1783800128432,506882,first_a_sqs_sent_timestamp,12751,91,ok,
reaction-20260711T195313.408870065Z,fair-c100,2026-07-11T20:02:08.466Z,1783800128466,506833,first_a_sqs_sent_timestamp,13589,96,ok,
reaction-20260711T195313.408870065Z,baseline-c100,2026-07-11T20:02:09.436Z,1783800129436,507886,first_a_sqs_sent_timestamp,12524,86,ok,
reaction-20260711T195313.408870065Z,fair-c100,2026-07-11T20:02:09.467Z,1783800129467,507834,first_a_sqs_sent_timestamp,13683,88,ok,
reaction-20260711T195313.408870065Z,baseline-c100,2026-07-11T20:02:10.432Z,1783800130432,508882,first_a_sqs_sent_timestamp,12654,98,ok,
reaction-20260711T195313.408870065Z,fair-c100,2026-07-11T20:02:10.458Z,1783800130458,508825,first_a_sqs_sent_timestamp,13491,98,ok,
reaction-20260711T195313.408870065Z,baseline-c100,2026-07-11T20:02:11.435Z,1783800131435,509885,first_a_sqs_sent_timestamp,12455,92,ok,
reaction-20260711T195313.408870065Z,fair-c100,2026-07-11T20:02:11.463Z,1783800131463,509830,first_a_sqs_sent_timestamp,13935,60,ok,
reaction-20260711T195313.408870065Z,baseline-c100,2026-07-11T20:02:12.435Z,1783800132435,510885,first_a_sqs_sent_timestamp,12549,94,ok,
reaction-20260711T195313.408870065Z,fair-c100,2026-07-11T20:02:12.465Z,1783800132465,510832,first_a_sqs_sent_timestamp,13590,94,ok,
reaction-20260711T195313.408870065Z,baseline-c100,2026-07-11T20:02:13.432Z,1783800133432,511882,first_a_sqs_sent_timestamp,12549,95,ok,
reaction-20260711T195313.408870065Z,fair-c100,2026-07-11T20:02:13.459Z,1783800133459,511826,first_a_sqs_sent_timestamp,13512,98,ok,
reaction-20260711T195313.408870065Z,baseline-c100,2026-07-11T20:02:14.435Z,1783800134435,512885,first_a_sqs_sent_timestamp,12524,90,ok,
reaction-20260711T195313.408870065Z,fair-c100,2026-07-11T20:02:14.468Z,1783800134468,512835,first_a_sqs_sent_timestamp,13301,82,ok,
reaction-20260711T195313.408870065Z,baseline-c100,2026-07-11T20:02:15.432Z,1783800135432,513882,first_a_sqs_sent_timestamp,12894,84,ok,
reaction-20260711T195313.408870065Z,fair-c100,2026-07-11T20:02:15.461Z,1783800135461,513828,first_a_sqs_sent_timestamp,13434,78,ok,
reaction-20260711T195313.408870065Z,baseline-c100,2026-07-11T20:02:16.437Z,1783800136437,514887,first_a_sqs_sent_timestamp,12921,93,ok,
reaction-20260711T195313.408870065Z,fair-c100,2026-07-11T20:02:16.463Z,1783800136463,514830,first_a_sqs_sent_timestamp,13364,94,ok,
reaction-20260711T195313.408870065Z,baseline-c100,2026-07-11T20:02:17.433Z,1783800137433,515883,first_a_sqs_sent_timestamp,12317,98,ok,
reaction-20260711T195313.408870065Z,fair-c100,2026-07-11T20:02:17.462Z,1783800137462,515829,first_a_sqs_sent_timestamp,13609,91,ok,
reaction-20260711T195313.408870065Z,baseline-c100,2026-07-11T20:02:18.433Z,1783800138433,516883,first_a_sqs_sent_timestamp,12317,98,ok,
reaction-20260711T195313.408870065Z,fair-c100,2026-07-11T20:02:18.46Z,1783800138460,516827,first_a_sqs_sent_timestamp,13302,85,ok,
reaction-20260711T195313.408870065Z,baseline-c100,2026-07-11T20:02:19.432Z,1783800139432,517882,first_a_sqs_sent_timestamp,12456,92,ok,
reaction-20260711T195313.408870065Z,fair-c100,2026-07-11T20:02:19.508Z,1783800139508,517875,first_a_sqs_sent_timestamp,13491,91,ok,
reaction-20260711T195313.408870065Z,baseline-c100,2026-07-11T20:02:20.434Z,1783800140434,518884,first_a_sqs_sent_timestamp,12317,95,ok,
reaction-20260711T195313.408870065Z,fair-c100,2026-07-11T20:02:20.485Z,1783800140485,518852,first_a_sqs_sent_timestamp,13335,92,ok,
reaction-20260711T195313.408870065Z,baseline-c100,2026-07-11T20:02:21.432Z,1783800141432,519882,first_a_sqs_sent_timestamp,12283,93,ok,
reaction-20260711T195313.408870065Z,fair-c100,2026-07-11T20:02:21.462Z,1783800141462,519829,first_a_sqs_sent_timestamp,13239,82,ok,
reaction-20260711T195313.408870065Z,baseline-c100,2026-07-11T20:02:22.432Z,1783800142432,520882,first_a_sqs_sent_timestamp,12151,89,ok,
reaction-20260711T195313.408870065Z,fair-c100,2026-07-11T20:02:22.459Z,1783800142459,520826,first_a_sqs_sent_timestamp,13111,74,ok,
reaction-20260711T195313.408870065Z,baseline-c100,2026-07-11T20:02:23.433Z,1783800143433,521883,first_a_sqs_sent_timestamp,12251,91,ok,
reaction-20260711T195313.408870065Z,fair-c100,2026-07-11T20:02:23.46Z,1783800143460,521827,first_a_sqs_sent_timestamp,13057,86,ok,
reaction-20260711T195313.408870065Z,baseline-c100,2026-07-11T20:02:24.435Z,1783800144435,522885,first_a_sqs_sent_timestamp,12075,96,ok,
reaction-20260711T195313.408870065Z,fair-c100,2026-07-11T20:02:24.471Z,1783800144471,522838,first_a_sqs_sent_timestamp,13112,76,ok,
reaction-20260711T195313.408870065Z,baseline-c100,2026-07-11T20:02:25.432Z,1783800145432,523882,first_a_sqs_sent_timestamp,12356,78,ok,
reaction-20260711T195313.408870065Z,fair-c100,2026-07-11T20:02:25.464Z,1783800145464,523831,first_a_sqs_sent_timestamp,13111,74,ok,
reaction-20260711T195313.408870065Z,baseline-c100,2026-07-11T20:02:26.435Z,1783800146435,524885,first_a_sqs_sent_timestamp,12725,83,ok,
reaction-20260711T195313.408870065Z,fair-c100,2026-07-11T20:02:26.462Z,1783800146462,524829,first_a_sqs_sent_timestamp,13168,90,ok,
reaction-20260711T195313.408870065Z,baseline-c100,2026-07-11T20:02:27.431Z,1783800147431,525881,first_a_sqs_sent_timestamp,11900,81,ok,
reaction-20260711T195313.408870065Z,fair-c100,2026-07-11T20:02:27.466Z,1783800147466,525833,first_a_sqs_sent_timestamp,13058,89,ok,
reaction-20260711T195313.408870065Z,baseline-c100,2026-07-11T20:02:28.435Z,1783800148435,526885,first_a_sqs_sent_timestamp,11898,82,ok,
reaction-20260711T195313.408870065Z,fair-c100,2026-07-11T20:02:28.462Z,1783800148462,526829,first_a_sqs_sent_timestamp,13365,88,ok,
reaction-20260711T195313.408870065Z,baseline-c100,2026-07-11T20:02:29.435Z,1783800149435,527885,first_a_sqs_sent_timestamp,12149,97,ok,
reaction-20260711T195313.408870065Z,fair-c100,2026-07-11T20:02:29.463Z,1783800149463,527830,first_a_sqs_sent_timestamp,12884,99,ok,
reaction-20260711T195313.408870065Z,baseline-c100,2026-07-11T20:02:30.432Z,1783800150432,528882,first_a_sqs_sent_timestamp,11899,80,ok,
reaction-20260711T195313.408870065Z,fair-c100,2026-07-11T20:02:30.462Z,1783800150462,528829,first_a_sqs_sent_timestamp,12872,82,ok,
reaction-20260711T195313.408870065Z,baseline-c100,2026-07-11T20:02:31.432Z,1783800151432,529882,first_a_sqs_sent_timestamp,11776,88,ok,
reaction-20260711T195313.408870065Z,fair-c100,2026-07-11T20:02:31.462Z,1783800151462,529829,first_a_sqs_sent_timestamp,13043,92,ok,
reaction-20260711T195313.408870065Z,baseline-c100,2026-07-11T20:02:32.435Z,1783800152435,530885,first_a_sqs_sent_timestamp,11778,84,ok,
reaction-20260711T195313.408870065Z,fair-c100,2026-07-11T20:02:32.488Z,1783800152488,530855,first_a_sqs_sent_timestamp,12801,89,ok,
reaction-20260711T195313.408870065Z,baseline-c100,2026-07-11T20:02:33.435Z,1783800153435,531885,first_a_sqs_sent_timestamp,12076,92,ok,
reaction-20260711T195313.408870065Z,fair-c100,2026-07-11T20:02:33.463Z,1783800153463,531830,first_a_sqs_sent_timestamp,12884,100,ok,
reaction-20260711T195313.408870065Z,baseline-c100,2026-07-11T20:02:34.433Z,1783800154433,532883,first_a_sqs_sent_timestamp,11922,99,ok,
reaction-20260711T195313.408870065Z,fair-c100,2026-07-11T20:02:34.462Z,1783800154462,532829,first_a_sqs_sent_timestamp,12822,84,ok,
reaction-20260711T195313.408870065Z,baseline-c100,2026-07-11T20:02:35.438Z,1783800155438,533888,first_a_sqs_sent_timestamp,11652,73,ok,
reaction-20260711T195313.408870065Z,fair-c100,2026-07-11T20:02:35.465Z,1783800155465,533832,first_a_sqs_sent_timestamp,12689,74,ok,
reaction-20260711T195313.408870065Z,baseline-c100,2026-07-11T20:02:36.431Z,1783800156431,534881,first_a_sqs_sent_timestamp,11998,100,ok,
reaction-20260711T195313.408870065Z,fair-c100,2026-07-11T20:02:36.461Z,1783800156461,534828,first_a_sqs_sent_timestamp,13300,84,ok,
reaction-20260711T195313.408870065Z,baseline-c100,2026-07-11T20:02:37.43Z,1783800157430,535880,first_a_sqs_sent_timestamp,11608,90,ok,
reaction-20260711T195313.408870065Z,fair-c100,2026-07-11T20:02:37.46Z,1783800157460,535827,first_a_sqs_sent_timestamp,12688,76,ok,
reaction-20260711T195313.408870065Z,baseline-c100,2026-07-11T20:02:38.433Z,1783800158433,536883,first_a_sqs_sent_timestamp,11776,88,ok,
reaction-20260711T195313.408870065Z,fair-c100,2026-07-11T20:02:38.467Z,1783800158467,536834,first_a_sqs_sent_timestamp,12630,81,ok,
reaction-20260711T195313.408870065Z,baseline-c100,2026-07-11T20:02:39.432Z,1783800159432,537882,first_a_sqs_sent_timestamp,11606,95,ok,
reaction-20260711T195313.408870065Z,fair-c100,2026-07-11T20:02:39.467Z,1783800159467,537834,first_a_sqs_sent_timestamp,12800,95,ok,
reaction-20260711T195313.408870065Z,baseline-c100,2026-07-11T20:02:40.434Z,1783800160434,538884,first_a_sqs_sent_timestamp,11535,92,ok,
reaction-20260711T195313.408870065Z,fair-c100,2026-07-11T20:02:40.463Z,1783800160463,538830,first_a_sqs_sent_timestamp,12871,81,ok,
reaction-20260711T195313.408870065Z,baseline-c100,2026-07-11T20:02:41.436Z,1783800161436,539886,first_a_sqs_sent_timestamp,11898,76,ok,
reaction-20260711T195313.408870065Z,fair-c100,2026-07-11T20:02:41.464Z,1783800161464,539831,first_a_sqs_sent_timestamp,12507,97,ok,
reaction-20260711T195313.408870065Z,baseline-c100,2026-07-11T20:02:42.433Z,1783800162433,540883,first_a_sqs_sent_timestamp,11381,94,ok,
reaction-20260711T195313.408870065Z,fair-c100,2026-07-11T20:02:42.464Z,1783800162464,540831,first_a_sqs_sent_timestamp,12343,103,ok,
reaction-20260711T195313.408870065Z,baseline-c100,2026-07-11T20:02:43.431Z,1783800163431,541881,first_a_sqs_sent_timestamp,11379,100,ok,
reaction-20260711T195313.408870065Z,fair-c100,2026-07-11T20:02:43.481Z,1783800163481,541848,first_a_sqs_sent_timestamp,12498,92,ok,
reaction-20260711T195313.408870065Z,baseline-c100,2026-07-11T20:02:44.43Z,1783800164430,542880,first_a_sqs_sent_timestamp,11606,92,ok,
reaction-20260711T195313.408870065Z,fair-c100,2026-07-11T20:02:44.469Z,1783800164469,542836,first_a_sqs_sent_timestamp,12391,92,ok,
reaction-20260711T195313.408870065Z,baseline-c100,2026-07-11T20:02:45.434Z,1783800165434,543884,first_a_sqs_sent_timestamp,12097,101,ok,
reaction-20260711T195313.408870065Z,fair-c100,2026-07-11T20:02:45.461Z,1783800165461,543828,first_a_sqs_sent_timestamp,12283,79,ok,
reaction-20260711T195313.408870065Z,baseline-c100,2026-07-11T20:02:46.432Z,1783800166432,544882,first_a_sqs_sent_timestamp,11227,95,ok,
reaction-20260711T195313.408870065Z,fair-c100,2026-07-11T20:02:46.463Z,1783800166463,544830,first_a_sqs_sent_timestamp,12631,77,ok,
reaction-20260711T195313.408870065Z,baseline-c100,2026-07-11T20:02:47.431Z,1783800167431,545881,first_a_sqs_sent_timestamp,11380,97,ok,
reaction-20260711T195313.408870065Z,fair-c100,2026-07-11T20:02:47.464Z,1783800167464,545831,first_a_sqs_sent_timestamp,12586,86,ok,
reaction-20260711T195313.408870065Z,baseline-c100,2026-07-11T20:02:48.434Z,1783800168434,546884,first_a_sqs_sent_timestamp,11537,90,ok,
reaction-20260711T195313.408870065Z,fair-c100,2026-07-11T20:02:48.463Z,1783800168463,546830,first_a_sqs_sent_timestamp,12422,97,ok,
reaction-20260711T195313.408870065Z,baseline-c100,2026-07-11T20:02:49.432Z,1783800169432,547882,first_a_sqs_sent_timestamp,11475,81,ok,
reaction-20260711T195313.408870065Z,fair-c100,2026-07-11T20:02:49.46Z,1783800169460,547827,first_a_sqs_sent_timestamp,12390,89,ok,
reaction-20260711T195313.408870065Z,baseline-c100,2026-07-11T20:02:50.47Z,1783800170470,548920,first_a_sqs_sent_timestamp,11228,94,ok,
reaction-20260711T195313.408870065Z,fair-c100,2026-07-11T20:02:50.497Z,1783800170497,548864,first_a_sqs_sent_timestamp,12065,100,ok,
reaction-20260711T195313.408870065Z,baseline-c100,2026-07-11T20:02:51.432Z,1783800171432,549882,first_a_sqs_sent_timestamp,11049,104,ok,
reaction-20260711T195313.408870065Z,fair-c100,2026-07-11T20:02:51.482Z,1783800171482,549849,first_a_sqs_sent_timestamp,12142,93,ok,
reaction-20260711T195313.408870065Z,baseline-c100,2026-07-11T20:02:52.433Z,1783800172433,550883,first_a_sqs_sent_timestamp,11654,67,ok,
reaction-20260711T195313.408870065Z,fair-c100,2026-07-11T20:02:52.46Z,1783800172460,550827,first_a_sqs_sent_timestamp,12065,100,ok,
reaction-20260711T195313.408870065Z,baseline-c100,2026-07-11T20:02:53.433Z,1783800173433,551883,first_a_sqs_sent_timestamp,11277,93,ok,
reaction-20260711T195313.408870065Z,fair-c100,2026-07-11T20:02:53.461Z,1783800173461,551828,first_a_sqs_sent_timestamp,12159,98,ok,
reaction-20260711T195313.408870065Z,baseline-c100,2026-07-11T20:02:54.432Z,1783800174432,552882,first_a_sqs_sent_timestamp,11131,90,ok,
reaction-20260711T195313.408870065Z,fair-c100,2026-07-11T20:02:54.461Z,1783800174461,552828,first_a_sqs_sent_timestamp,12143,91,ok,
reaction-20260711T195313.408870065Z,baseline-c100,2026-07-11T20:02:55.432Z,1783800175432,553882,first_a_sqs_sent_timestamp,10949,91,ok,
reaction-20260711T195313.408870065Z,fair-c100,2026-07-11T20:02:55.483Z,1783800175483,553850,first_a_sqs_sent_timestamp,12138,81,ok,
reaction-20260711T195313.408870065Z,baseline-c100,2026-07-11T20:02:56.431Z,1783800176431,554881,first_a_sqs_sent_timestamp,10975,93,ok,
reaction-20260711T195313.408870065Z,fair-c100,2026-07-11T20:02:56.459Z,1783800176459,554826,first_a_sqs_sent_timestamp,12100,80,ok,
reaction-20260711T195313.408870065Z,baseline-c100,2026-07-11T20:02:57.431Z,1783800177431,555881,first_a_sqs_sent_timestamp,10897,93,ok,
reaction-20260711T195313.408870065Z,fair-c100,2026-07-11T20:02:57.465Z,1783800177465,555832,first_a_sqs_sent_timestamp,11855,91,ok,
reaction-20260711T195313.408870065Z,baseline-c100,2026-07-11T20:02:58.432Z,1783800178432,556882,first_a_sqs_sent_timestamp,11152,102,ok,
reaction-20260711T195313.408870065Z,fair-c100,2026-07-11T20:02:58.46Z,1783800178460,556827,first_a_sqs_sent_timestamp,11855,88,ok,
reaction-20260711T195313.408870065Z,baseline-c100,2026-07-11T20:02:59.43Z,1783800179430,557880,first_a_sqs_sent_timestamp,10948,88,ok,
reaction-20260711T195313.408870065Z,fair-c100,2026-07-11T20:02:59.455Z,1783800179455,557822,first_a_sqs_sent_timestamp,11856,91,ok,
reaction-20260711T195313.408870065Z,baseline-c100,2026-07-11T20:03:00.432Z,1783800180432,558882,first_a_sqs_sent_timestamp,10898,94,ok,
reaction-20260711T195313.408870065Z,fair-c100,2026-07-11T20:03:00.462Z,1783800180462,558829,first_a_sqs_sent_timestamp,11763,93,ok,
reaction-20260711T195313.408870065Z,baseline-c100,2026-07-11T20:03:01.433Z,1783800181433,559883,first_a_sqs_sent_timestamp,10975,97,ok,
reaction-20260711T195313.408870065Z,fair-c100,2026-07-11T20:03:01.459Z,1783800181459,559826,first_a_sqs_sent_timestamp,11825,95,ok,
reaction-20260711T195313.408870065Z,baseline-c100,2026-07-11T20:03:02.432Z,1783800182432,560882,first_a_sqs_sent_timestamp,10650,98,ok,
reaction-20260711T195313.408870065Z,fair-c100,2026-07-11T20:03:02.459Z,1783800182459,560826,first_a_sqs_sent_timestamp,11854,91,ok,
reaction-20260711T195313.408870065Z,baseline-c100,2026-07-11T20:03:03.433Z,1783800183433,561883,first_a_sqs_sent_timestamp,11049,107,ok,
reaction-20260711T195313.408870065Z,fair-c100,2026-07-11T20:03:03.461Z,1783800183461,561828,first_a_sqs_sent_timestamp,11921,96,ok,
reaction-20260711T195313.408870065Z,baseline-c100,2026-07-11T20:03:04.431Z,1783800184431,562881,first_a_sqs_sent_timestamp,10690,92,ok,
reaction-20260711T195313.408870065Z,fair-c100,2026-07-11T20:03:04.461Z,1783800184461,562828,first_a_sqs_sent_timestamp,11622,100,ok,
reaction-20260711T195313.408870065Z,baseline-c100,2026-07-11T20:03:05.454Z,1783800185454,563904,first_a_sqs_sent_timestamp,10650,97,ok,
reaction-20260711T195313.408870065Z,fair-c100,2026-07-11T20:03:05.508Z,1783800185508,563875,first_a_sqs_sent_timestamp,11620,98,ok,
reaction-20260711T195313.408870065Z,baseline-c100,2026-07-11T20:03:06.459Z,1783800186459,564909,first_a_sqs_sent_timestamp,10727,101,ok,
reaction-20260711T195313.408870065Z,fair-c100,2026-07-11T20:03:06.522Z,1783800186522,564889,first_a_sqs_sent_timestamp,11588,99,ok,
reaction-20260711T195313.408870065Z,baseline-c100,2026-07-11T20:03:07.431Z,1783800187431,565881,first_a_sqs_sent_timestamp,11088,93,ok,
reaction-20260711T195313.408870065Z,fair-c100,2026-07-11T20:03:07.46Z,1783800187460,565827,first_a_sqs_sent_timestamp,11901,92,ok,
reaction-20260711T195313.408870065Z,baseline-c100,2026-07-11T20:03:08.432Z,1783800188432,566882,first_a_sqs_sent_timestamp,10478,93,ok,
reaction-20260711T195313.408870065Z,fair-c100,2026-07-11T20:03:08.465Z,1783800188465,566832,first_a_sqs_sent_timestamp,12284,79,ok,
reaction-20260711T195313.408870065Z,baseline-c100,2026-07-11T20:03:09.45Z,1783800189450,567900,first_a_sqs_sent_timestamp,10650,98,ok,
reaction-20260711T195313.408870065Z,fair-c100,2026-07-11T20:03:09.491Z,1783800189491,567858,first_a_sqs_sent_timestamp,11541,99,ok,
reaction-20260711T195313.408870065Z,baseline-c100,2026-07-11T20:03:10.429Z,1783800190429,568879,first_a_sqs_sent_timestamp,10432,98,ok,
reaction-20260711T195313.408870065Z,fair-c100,2026-07-11T20:03:10.457Z,1783800190457,568824,first_a_sqs_sent_timestamp,11585,98,ok,
reaction-20260711T195313.408870065Z,baseline-c100,2026-07-11T20:03:11.431Z,1783800191431,569881,first_a_sqs_sent_timestamp,10585,83,ok,
reaction-20260711T195313.408870065Z,fair-c100,2026-07-11T20:03:11.456Z,1783800191456,569823,first_a_sqs_sent_timestamp,11382,90,ok,
reaction-20260711T195313.408870065Z,baseline-c100,2026-07-11T20:03:12.433Z,1783800192433,570883,first_a_sqs_sent_timestamp,10301,95,ok,
reaction-20260711T195313.408870065Z,fair-c100,2026-07-11T20:03:12.485Z,1783800192485,570852,first_a_sqs_sent_timestamp,11620,99,ok,
reaction-20260711T195313.408870065Z,baseline-c100,2026-07-11T20:03:13.434Z,1783800193434,571884,first_a_sqs_sent_timestamp,10375,78,ok,
reaction-20260711T195313.408870065Z,fair-c100,2026-07-11T20:03:13.468Z,1783800193468,571835,first_a_sqs_sent_timestamp,11340,93,ok,
reaction-20260711T195313.408870065Z,baseline-c100,2026-07-11T20:03:14.434Z,1783800194434,572884,first_a_sqs_sent_timestamp,10478,95,ok,
reaction-20260711T195313.408870065Z,fair-c100,2026-07-11T20:03:14.463Z,1783800194463,572830,first_a_sqs_sent_timestamp,11339,97,ok,
reaction-20260711T195313.408870065Z,baseline-c100,2026-07-11T20:03:15.434Z,1783800195434,573884,first_a_sqs_sent_timestamp,10430,97,ok,
reaction-20260711T195313.408870065Z,fair-c100,2026-07-11T20:03:15.462Z,1783800195462,573829,first_a_sqs_sent_timestamp,11451,96,ok,
reaction-20260711T195313.408870065Z,baseline-c100,2026-07-11T20:03:16.434Z,1783800196434,574884,first_a_sqs_sent_timestamp,10300,95,ok,
reaction-20260711T195313.408870065Z,fair-c100,2026-07-11T20:03:16.465Z,1783800196465,574832,first_a_sqs_sent_timestamp,11266,94,ok,
reaction-20260711T195313.408870065Z,baseline-c100,2026-07-11T20:03:17.43Z,1783800197430,575880,first_a_sqs_sent_timestamp,10156,98,ok,
reaction-20260711T195313.408870065Z,fair-c100,2026-07-11T20:03:17.458Z,1783800197458,575825,first_a_sqs_sent_timestamp,11379,89,ok,
reaction-20260711T195313.408870065Z,baseline-c100,2026-07-11T20:03:18.434Z,1783800198434,576884,first_a_sqs_sent_timestamp,10200,90,ok,
reaction-20260711T195313.408870065Z,fair-c100,2026-07-11T20:03:18.46Z,1783800198460,576827,first_a_sqs_sent_timestamp,11825,98,ok,
reaction-20260711T195313.408870065Z,baseline-c100,2026-07-11T20:03:19.432Z,1783800199432,577882,first_a_sqs_sent_timestamp,10299,94,ok,
reaction-20260711T195313.408870065Z,fair-c100,2026-07-11T20:03:19.462Z,1783800199462,577829,first_a_sqs_sent_timestamp,11266,94,ok,
reaction-20260711T195313.408870065Z,baseline-c100,2026-07-11T20:03:20.438Z,1783800200438,578888,first_a_sqs_sent_timestamp,10196,90,ok,
reaction-20260711T195313.408870065Z,fair-c100,2026-07-11T20:03:20.465Z,1783800200465,578832,first_a_sqs_sent_timestamp,11102,90,ok,
reaction-20260711T195313.408870065Z,baseline-c100,2026-07-11T20:03:21.431Z,1783800201431,579881,first_a_sqs_sent_timestamp,10025,82,ok,
reaction-20260711T195313.408870065Z,fair-c100,2026-07-11T20:03:21.482Z,1783800201482,579849,first_a_sqs_sent_timestamp,11168,90,ok,
reaction-20260711T195313.408870065Z,baseline-c100,2026-07-11T20:03:22.432Z,1783800202432,580882,first_a_sqs_sent_timestamp,10392,72,ok,
reaction-20260711T195313.408870065Z,fair-c100,2026-07-11T20:03:22.457Z,1783800202457,580824,first_a_sqs_sent_timestamp,10956,87,ok,
reaction-20260711T195313.408870065Z,baseline-c100,2026-07-11T20:03:23.434Z,1783800203434,581884,first_a_sqs_sent_timestamp,9909,95,ok,
reaction-20260711T195313.408870065Z,fair-c100,2026-07-11T20:03:23.479Z,1783800203479,581846,first_a_sqs_sent_timestamp,10954,89,ok,
reaction-20260711T195313.408870065Z,baseline-c100,2026-07-11T20:03:24.433Z,1783800204433,582883,first_a_sqs_sent_timestamp,10759,91,ok,
reaction-20260711T195313.408870065Z,fair-c100,2026-07-11T20:03:24.459Z,1783800204459,582826,first_a_sqs_sent_timestamp,10954,85,ok,
reaction-20260711T195313.408870065Z,baseline-c100,2026-07-11T20:03:25.433Z,1783800205433,583883,first_a_sqs_sent_timestamp,9910,95,ok,
reaction-20260711T195313.408870065Z,fair-c100,2026-07-11T20:03:25.467Z,1783800205467,583834,first_a_sqs_sent_timestamp,11343,95,ok,
reaction-20260711T195313.408870065Z,baseline-c100,2026-07-11T20:03:26.435Z,1783800206435,584885,first_a_sqs_sent_timestamp,9911,94,ok,
reaction-20260711T195313.408870065Z,fair-c100,2026-07-11T20:03:26.461Z,1783800206461,584828,first_a_sqs_sent_timestamp,11062,100,ok,
reaction-20260711T195313.408870065Z,baseline-c100,2026-07-11T20:03:27.433Z,1783800207433,585883,first_a_sqs_sent_timestamp,9909,95,ok,
reaction-20260711T195313.408870065Z,fair-c100,2026-07-11T20:03:27.462Z,1783800207462,585829,first_a_sqs_sent_timestamp,10821,88,ok,
reaction-20260711T195313.408870065Z,baseline-c100,2026-07-11T20:03:28.431Z,1783800208431,586881,first_a_sqs_sent_timestamp,10373,78,ok,
reaction-20260711T195313.408870065Z,fair-c100,2026-07-11T20:03:28.457Z,1783800208457,586824,first_a_sqs_sent_timestamp,10959,87,ok,
reaction-20260711T195313.408870065Z,baseline-c100,2026-07-11T20:03:29.431Z,1783800209431,587881,first_a_sqs_sent_timestamp,10026,91,ok,
reaction-20260711T195313.408870065Z,fair-c100,2026-07-11T20:03:29.459Z,1783800209459,587826,first_a_sqs_sent_timestamp,11027,97,ok,
reaction-20260711T195313.408870065Z,baseline-c100,2026-07-11T20:03:30.432Z,1783800210432,588882,first_a_sqs_sent_timestamp,10156,98,ok,
reaction-20260711T195313.408870065Z,fair-c100,2026-07-11T20:03:30.459Z,1783800210459,588826,first_a_sqs_sent_timestamp,10783,78,ok,
reaction-20260711T195313.408870065Z,baseline-c100,2026-07-11T20:03:31.432Z,1783800211432,589882,first_a_sqs_sent_timestamp,9841,87,ok,
reaction-20260711T195313.408870065Z,fair-c100,2026-07-11T20:03:31.462Z,1783800211462,589829,first_a_sqs_sent_timestamp,10684,94,ok,
reaction-20260711T195313.408870065Z,baseline-c100,2026-07-11T20:03:32.434Z,1783800212434,590884,first_a_sqs_sent_timestamp,9983,82,ok,
reaction-20260711T195313.408870065Z,fair-c100,2026-07-11T20:03:32.46Z,1783800212460,590827,first_a_sqs_sent_timestamp,10684,86,ok,
reaction-20260711T195313.408870065Z,baseline-c100,2026-07-11T20:03:33.432Z,1783800213432,591882,first_a_sqs_sent_timestamp,9674,97,ok,
reaction-20260711T195313.408870065Z,fair-c100,2026-07-11T20:03:33.462Z,1783800213462,591829,first_a_sqs_sent_timestamp,10822,84,ok,
reaction-20260711T195313.408870065Z,baseline-c100,2026-07-11T20:03:34.434Z,1783800214434,592884,first_a_sqs_sent_timestamp,9909,93,ok,
reaction-20260711T195313.408870065Z,fair-c100,2026-07-11T20:03:34.536Z,1783800214536,592903,first_a_sqs_sent_timestamp,10537,98,ok,
reaction-20260711T195313.408870065Z,baseline-c100,2026-07-11T20:03:35.434Z,1783800215434,593884,first_a_sqs_sent_timestamp,9603,88,ok,
reaction-20260711T195313.408870065Z,fair-c100,2026-07-11T20:03:35.462Z,1783800215462,593829,first_a_sqs_sent_timestamp,11415,93,ok,
reaction-20260711T195313.408870065Z,baseline-c100,2026-07-11T20:03:36.434Z,1783800216434,594884,first_a_sqs_sent_timestamp,9671,96,ok,
reaction-20260711T195313.408870065Z,fair-c100,2026-07-11T20:03:36.467Z,1783800216467,594834,first_a_sqs_sent_timestamp,10538,94,ok,
reaction-20260711T195313.408870065Z,baseline-c100,2026-07-11T20:03:37.434Z,1783800217434,595884,first_a_sqs_sent_timestamp,9565,84,ok,
reaction-20260711T195313.408870065Z,fair-c100,2026-07-11T20:03:37.463Z,1783800217463,595830,first_a_sqs_sent_timestamp,11103,81,ok,
reaction-20260711T195313.408870065Z,baseline-c100,2026-07-11T20:03:38.434Z,1783800218434,596884,first_a_sqs_sent_timestamp,9503,82,ok,
reaction-20260711T195313.408870065Z,fair-c100,2026-07-11T20:03:38.466Z,1783800218466,596833,first_a_sqs_sent_timestamp,10724,84,ok,
reaction-20260711T195313.408870065Z,baseline-c100,2026-07-11T20:03:39.433Z,1783800219433,597883,first_a_sqs_sent_timestamp,9566,83,ok,
reaction-20260711T195313.408870065Z,fair-c100,2026-07-11T20:03:39.46Z,1783800219460,597827,first_a_sqs_sent_timestamp,10781,85,ok,
reaction-20260711T195313.408870065Z,baseline-c100,2026-07-11T20:03:40.433Z,1783800220433,598883,first_a_sqs_sent_timestamp,9702,91,ok,
reaction-20260711T195313.408870065Z,fair-c100,2026-07-11T20:03:40.461Z,1783800220461,598828,first_a_sqs_sent_timestamp,10383,80,ok,
reaction-20260711T195313.408870065Z,baseline-c100,2026-07-11T20:03:41.433Z,1783800221433,599883,first_a_sqs_sent_timestamp,9603,86,ok,
reaction-20260711T195313.408870065Z,fair-c100,2026-07-11T20:03:41.495Z,1783800221495,599862,first_a_sqs_sent_timestamp,10358,74,ok,
reaction-20260711T195313.408870065Z,baseline-c100,2026-07-11T20:03:42.439Z,1783800222439,600889,first_a_sqs_sent_timestamp,9255,84,ok,
reaction-20260711T195313.408870065Z,fair-c100,2026-07-11T20:03:42.471Z,1783800222471,600838,first_a_sqs_sent_timestamp,10538,104,ok,
reaction-20260711T195313.408870065Z,baseline-c100,2026-07-11T20:03:43.433Z,1783800223433,601883,first_a_sqs_sent_timestamp,9629,94,ok,
reaction-20260711T195313.408870065Z,fair-c100,2026-07-11T20:03:43.46Z,1783800223460,601827,first_a_sqs_sent_timestamp,10356,76,ok,
reaction-20260711T195313.408870065Z,baseline-c100,2026-07-11T20:03:44.434Z,1783800224434,602884,first_a_sqs_sent_timestamp,9504,86,ok,
reaction-20260711T195313.408870065Z,fair-c100,2026-07-11T20:03:44.462Z,1783800224462,602829,first_a_sqs_sent_timestamp,10234,76,ok,
reaction-20260711T195313.408870065Z,baseline-c100,2026-07-11T20:03:45.434Z,1783800225434,603884,first_a_sqs_sent_timestamp,9322,100,ok,
reaction-20260711T195313.408870065Z,fair-c100,2026-07-11T20:03:45.463Z,1783800225463,603830,first_a_sqs_sent_timestamp,10234,73,ok,
reaction-20260711T195313.408870065Z,baseline-c100,2026-07-11T20:03:46.434Z,1783800226434,604884,first_a_sqs_sent_timestamp,9283,97,ok,
reaction-20260711T195313.408870065Z,fair-c100,2026-07-11T20:03:46.464Z,1783800226464,604831,first_a_sqs_sent_timestamp,10105,94,ok,
reaction-20260711T195313.408870065Z,baseline-c100,2026-07-11T20:03:47.435Z,1783800227435,605885,first_a_sqs_sent_timestamp,9167,100,ok,
reaction-20260711T195313.408870065Z,fair-c100,2026-07-11T20:03:47.464Z,1783800227464,605831,first_a_sqs_sent_timestamp,10186,97,ok,
reaction-20260711T195313.408870065Z,baseline-c100,2026-07-11T20:03:48.433Z,1783800228433,606883,first_a_sqs_sent_timestamp,9166,90,ok,
reaction-20260711T195313.408870065Z,fair-c100,2026-07-11T20:03:48.462Z,1783800228462,606829,first_a_sqs_sent_timestamp,10382,69,ok,
reaction-20260711T195313.408870065Z,baseline-c100,2026-07-11T20:03:49.44Z,1783800229440,607890,first_a_sqs_sent_timestamp,9062,86,ok,
reaction-20260711T195313.408870065Z,fair-c100,2026-07-11T20:03:49.47Z,1783800229470,607837,first_a_sqs_sent_timestamp,9969,101,ok,
reaction-20260711T195313.408870065Z,baseline-c100,2026-07-11T20:03:50.438Z,1783800230438,608888,first_a_sqs_sent_timestamp,9027,95,ok,
reaction-20260711T195313.408870065Z,fair-c100,2026-07-11T20:03:50.467Z,1783800230467,608834,first_a_sqs_sent_timestamp,10282,69,ok,
reaction-20260711T195313.408870065Z,baseline-c100,2026-07-11T20:03:51.437Z,1783800231437,609887,first_a_sqs_sent_timestamp,9027,95,ok,
reaction-20260711T195313.408870065Z,fair-c100,2026-07-11T20:03:51.466Z,1783800231466,609833,first_a_sqs_sent_timestamp,10186,97,ok,
reaction-20260711T195313.408870065Z,baseline-c100,2026-07-11T20:03:52.432Z,1783800232432,610882,first_a_sqs_sent_timestamp,8809,79,ok,
reaction-20260711T195313.408870065Z,fair-c100,2026-07-11T20:03:52.46Z,1783800232460,610827,first_a_sqs_sent_timestamp,9836,91,ok,
reaction-20260711T195313.408870065Z,baseline-c100,2026-07-11T20:03:53.436Z,1783800233436,611886,first_a_sqs_sent_timestamp,9166,90,ok,
reaction-20260711T195313.408870065Z,fair-c100,2026-07-11T20:03:53.47Z,1783800233470,611837,first_a_sqs_sent_timestamp,9968,90,ok,
reaction-20260711T195313.408870065Z,baseline-c100,2026-07-11T20:03:54.444Z,1783800234444,612894,first_a_sqs_sent_timestamp,8873,105,ok,
reaction-20260711T195313.408870065Z,fair-c100,2026-07-11T20:03:54.473Z,1783800234473,612840,first_a_sqs_sent_timestamp,9836,94,ok,
reaction-20260711T195313.408870065Z,baseline-c100,2026-07-11T20:03:55.432Z,1783800235432,613882,first_a_sqs_sent_timestamp,9062,86,ok,
reaction-20260711T195313.408870065Z,fair-c100,2026-07-11T20:03:55.462Z,1783800235462,613829,first_a_sqs_sent_timestamp,9925,91,ok,
reaction-20260711T195313.408870065Z,baseline-c100,2026-07-11T20:03:56.439Z,1783800236439,614889,first_a_sqs_sent_timestamp,8786,89,ok,
reaction-20260711T195313.408870065Z,fair-c100,2026-07-11T20:03:56.466Z,1783800236466,614833,first_a_sqs_sent_timestamp,9657,86,ok,
reaction-20260711T195313.408870065Z,baseline-c100,2026-07-11T20:03:57.442Z,1783800237442,615892,first_a_sqs_sent_timestamp,8621,97,ok,
reaction-20260711T195313.408870065Z,fair-c100,2026-07-11T20:03:57.474Z,1783800237474,615841,first_a_sqs_sent_timestamp,9752,95,ok,
reaction-20260711T195313.408870065Z,baseline-c100,2026-07-11T20:03:58.441Z,1783800238441,616891,first_a_sqs_sent_timestamp,8717,92,ok,
reaction-20260711T195313.408870065Z,fair-c100,2026-07-11T20:03:58.47Z,1783800238470,616837,first_a_sqs_sent_timestamp,9836,103,ok,
reaction-20260711T195313.408870065Z,baseline-c100,2026-07-11T20:03:59.435Z,1783800239435,617885,first_a_sqs_sent_timestamp,8467,99,ok,
reaction-20260711T195313.408870065Z,fair-c100,2026-07-11T20:03:59.478Z,1783800239478,617845,first_a_sqs_sent_timestamp,9752,95,ok,
reaction-20260711T195313.408870065Z,baseline-c100,2026-07-11T20:04:00.437Z,1783800240437,618887,first_a_sqs_sent_timestamp,8621,97,ok,
reaction-20260711T195313.408870065Z,fair-c100,2026-07-11T20:04:00.468Z,1783800240468,618835,first_a_sqs_sent_timestamp,9847,84,ok,
reaction-20260711T195313.408870065Z,baseline-c100,2026-07-11T20:04:01.441Z,1783800241441,619891,first_a_sqs_sent_timestamp,8415,98,ok,
reaction-20260711T195313.408870065Z,fair-c100,2026-07-11T20:04:01.473Z,1783800241473,619840,first_a_sqs_sent_timestamp,9560,97,ok,
reaction-20260711T195313.408870065Z,baseline-c100,2026-07-11T20:04:02.44Z,1783800242440,620890,first_a_sqs_sent_timestamp,8809,79,ok,
reaction-20260711T195313.408870065Z,fair-c100,2026-07-11T20:04:02.469Z,1783800242469,620836,first_a_sqs_sent_timestamp,9497,85,ok,
reaction-20260711T195313.408870065Z,baseline-c100,2026-07-11T20:04:03.437Z,1783800243437,621887,first_a_sqs_sent_timestamp,8415,98,ok,
reaction-20260711T195313.408870065Z,fair-c100,2026-07-11T20:04:03.47Z,1783800243470,621837,first_a_sqs_sent_timestamp,9538,85,ok,
reaction-20260711T195313.408870065Z,baseline-c100,2026-07-11T20:04:04.441Z,1783800244441,622891,first_a_sqs_sent_timestamp,8786,89,ok,
reaction-20260711T195313.408870065Z,fair-c100,2026-07-11T20:04:04.471Z,1783800244471,622838,first_a_sqs_sent_timestamp,9498,95,ok,
reaction-20260711T195313.408870065Z,baseline-c100,2026-07-11T20:04:05.435Z,1783800245435,623885,first_a_sqs_sent_timestamp,8607,95,ok,
reaction-20260711T195313.408870065Z,fair-c100,2026-07-11T20:04:05.466Z,1783800245466,623833,first_a_sqs_sent_timestamp,9497,85,ok,
reaction-20260711T195313.408870065Z,baseline-c100,2026-07-11T20:04:06.438Z,1783800246438,624888,first_a_sqs_sent_timestamp,8294,87,ok,
reaction-20260711T195313.408870065Z,fair-c100,2026-07-11T20:04:06.467Z,1783800246467,624834,first_a_sqs_sent_timestamp,9449,90,ok,
reaction-20260711T195313.408870065Z,baseline-c100,2026-07-11T20:04:07.432Z,1783800247432,625882,first_a_sqs_sent_timestamp,8164,88,ok,
reaction-20260711T195313.408870065Z,fair-c100,2026-07-11T20:04:07.469Z,1783800247469,625836,first_a_sqs_sent_timestamp,9186,91,ok,
reaction-20260711T195313.408870065Z,baseline-c100,2026-07-11T20:04:08.455Z,1783800248455,626905,first_a_sqs_sent_timestamp,8164,88,ok,
reaction-20260711T195313.408870065Z,fair-c100,2026-07-11T20:04:08.497Z,1783800248497,626864,first_a_sqs_sent_timestamp,9204,100,ok,
reaction-20260711T195313.408870065Z,baseline-c100,2026-07-11T20:04:09.438Z,1783800249438,627888,first_a_sqs_sent_timestamp,8415,98,ok,
reaction-20260711T195313.408870065Z,fair-c100,2026-07-11T20:04:09.466Z,1783800249466,627833,first_a_sqs_sent_timestamp,9204,100,ok,
reaction-20260711T195313.408870065Z,baseline-c100,2026-07-11T20:04:10.438Z,1783800250438,628888,first_a_sqs_sent_timestamp,8200,94,ok,
reaction-20260711T195313.408870065Z,fair-c100,2026-07-11T20:04:10.466Z,1783800250466,628833,first_a_sqs_sent_timestamp,9186,91,ok,
reaction-20260711T195313.408870065Z,baseline-c100,2026-07-11T20:04:11.441Z,1783800251441,629891,first_a_sqs_sent_timestamp,8164,88,ok,
reaction-20260711T195313.408870065Z,fair-c100,2026-07-11T20:04:11.47Z,1783800251470,629837,first_a_sqs_sent_timestamp,9295,99,ok,
reaction-20260711T195313.408870065Z,baseline-c100,2026-07-11T20:04:12.438Z,1783800252438,630888,first_a_sqs_sent_timestamp,7918,88,ok,
reaction-20260711T195313.408870065Z,fair-c100,2026-07-11T20:04:12.468Z,1783800252468,630835,first_a_sqs_sent_timestamp,9204,100,ok,
reaction-20260711T195313.408870065Z,baseline-c100,2026-07-11T20:04:13.433Z,1783800253433,631883,first_a_sqs_sent_timestamp,7986,87,ok,
reaction-20260711T195313.408870065Z,fair-c100,2026-07-11T20:04:13.464Z,1783800253464,631831,first_a_sqs_sent_timestamp,9186,91,ok,
reaction-20260711T195313.408870065Z,baseline-c100,2026-07-11T20:04:14.436Z,1783800254436,632886,first_a_sqs_sent_timestamp,7784,94,ok,
reaction-20260711T195313.408870065Z,fair-c100,2026-07-11T20:04:14.464Z,1783800254464,632831,first_a_sqs_sent_timestamp,8863,97,ok,
reaction-20260711T195313.408870065Z,baseline-c100,2026-07-11T20:04:15.436Z,1783800255436,633886,first_a_sqs_sent_timestamp,7918,88,ok,
reaction-20260711T195313.408870065Z,fair-c100,2026-07-11T20:04:15.467Z,1783800255467,633834,first_a_sqs_sent_timestamp,8918,76,ok,
reaction-20260711T195313.408870065Z,baseline-c100,2026-07-11T20:04:16.43Z,1783800256430,634880,first_a_sqs_sent_timestamp,7877,97,ok,
reaction-20260711T195313.408870065Z,fair-c100,2026-07-11T20:04:16.458Z,1783800256458,634825,first_a_sqs_sent_timestamp,8863,97,ok,
reaction-20260711T195313.408870065Z,baseline-c100,2026-07-11T20:04:17.436Z,1783800257436,635886,first_a_sqs_sent_timestamp,7784,94,ok,
reaction-20260711T195313.408870065Z,fair-c100,2026-07-11T20:04:17.462Z,1783800257462,635829,first_a_sqs_sent_timestamp,8863,97,ok,
reaction-20260711T195313.408870065Z,baseline-c100,2026-07-11T20:04:18.439Z,1783800258439,636889,first_a_sqs_sent_timestamp,7986,87,ok,
reaction-20260711T195313.408870065Z,fair-c100,2026-07-11T20:04:18.468Z,1783800258468,636835,first_a_sqs_sent_timestamp,9401,89,ok,
reaction-20260711T195313.408870065Z,baseline-c100,2026-07-11T20:04:19.442Z,1783800259442,637892,first_a_sqs_sent_timestamp,7601,94,ok,
reaction-20260711T195313.408870065Z,fair-c100,2026-07-11T20:04:19.469Z,1783800259469,637836,first_a_sqs_sent_timestamp,9538,85,ok,
reaction-20260711T195313.408870065Z,baseline-c100,2026-07-11T20:04:20.432Z,1783800260432,638882,first_a_sqs_sent_timestamp,7918,88,ok,
reaction-20260711T195313.408870065Z,fair-c100,2026-07-11T20:04:20.464Z,1783800260464,638831,first_a_sqs_sent_timestamp,8661,96,ok,
reaction-20260711T195313.408870065Z,baseline-c100,2026-07-11T20:04:21.436Z,1783800261436,639886,first_a_sqs_sent_timestamp,7693,92,ok,
reaction-20260711T195313.408870065Z,fair-c100,2026-07-11T20:04:21.467Z,1783800261467,639834,first_a_sqs_sent_timestamp,8661,96,ok,
reaction-20260711T195313.408870065Z,baseline-c100,2026-07-11T20:04:22.438Z,1783800262438,640888,first_a_sqs_sent_timestamp,7601,94,ok,
reaction-20260711T195313.408870065Z,fair-c100,2026-07-11T20:04:22.468Z,1783800262468,640835,first_a_sqs_sent_timestamp,8918,76,ok,
reaction-20260711T195313.408870065Z,baseline-c100,2026-07-11T20:04:23.435Z,1783800263435,641885,first_a_sqs_sent_timestamp,7577,96,ok,
reaction-20260711T195313.408870065Z,fair-c100,2026-07-11T20:04:23.463Z,1783800263463,641830,first_a_sqs_sent_timestamp,8443,97,ok,
reaction-20260711T195313.408870065Z,baseline-c100,2026-07-11T20:04:24.439Z,1783800264439,642889,first_a_sqs_sent_timestamp,7503,99,ok,
reaction-20260711T195313.408870065Z,fair-c100,2026-07-11T20:04:24.467Z,1783800264467,642834,first_a_sqs_sent_timestamp,8661,96,ok,
reaction-20260711T195313.408870065Z,baseline-c100,2026-07-11T20:04:25.463Z,1783800265463,643913,first_a_sqs_sent_timestamp,7503,99,ok,
reaction-20260711T195313.408870065Z,fair-c100,2026-07-11T20:04:25.491Z,1783800265491,643858,first_a_sqs_sent_timestamp,8366,78,ok,
reaction-20260711T195313.408870065Z,baseline-c100,2026-07-11T20:04:26.438Z,1783800266438,644888,first_a_sqs_sent_timestamp,7485,93,ok,
reaction-20260711T195313.408870065Z,fair-c100,2026-07-11T20:04:26.465Z,1783800266465,644832,first_a_sqs_sent_timestamp,8443,97,ok,
reaction-20260711T195313.408870065Z,baseline-c100,2026-07-11T20:04:27.436Z,1783800267436,645886,first_a_sqs_sent_timestamp,7201,99,ok,
reaction-20260711T195313.408870065Z,fair-c100,2026-07-11T20:04:27.466Z,1783800267466,645833,first_a_sqs_sent_timestamp,8443,97,ok,
reaction-20260711T195313.408870065Z,baseline-c100,2026-07-11T20:04:28.434Z,1783800268434,646884,first_a_sqs_sent_timestamp,7270,75,ok,
reaction-20260711T195313.408870065Z,fair-c100,2026-07-11T20:04:28.46Z,1783800268460,646827,first_a_sqs_sent_timestamp,8406,95,ok,
reaction-20260711T195313.408870065Z,baseline-c100,2026-07-11T20:04:29.442Z,1783800269442,647892,first_a_sqs_sent_timestamp,7164,80,ok,
reaction-20260711T195313.408870065Z,fair-c100,2026-07-11T20:04:29.47Z,1783800269470,647837,first_a_sqs_sent_timestamp,8634,95,ok,
reaction-20260711T195313.408870065Z,baseline-c100,2026-07-11T20:04:30.433Z,1783800270433,648883,first_a_sqs_sent_timestamp,7270,75,ok,
reaction-20260711T195313.408870065Z,fair-c100,2026-07-11T20:04:30.46Z,1783800270460,648827,first_a_sqs_sent_timestamp,8153,84,ok,
reaction-20260711T195313.408870065Z,baseline-c100,2026-07-11T20:04:31.431Z,1783800271431,649881,first_a_sqs_sent_timestamp,7270,75,ok,
reaction-20260711T195313.408870065Z,fair-c100,2026-07-11T20:04:31.461Z,1783800271461,649828,first_a_sqs_sent_timestamp,8366,78,ok,
reaction-20260711T195313.408870065Z,baseline-c100,2026-07-11T20:04:32.483Z,1783800272483,650933,first_a_sqs_sent_timestamp,7083,84,ok,
reaction-20260711T195313.408870065Z,fair-c100,2026-07-11T20:04:32.558Z,1783800272558,650925,first_a_sqs_sent_timestamp,8050,93,ok,
reaction-20260711T195313.408870065Z,baseline-c100,2026-07-11T20:04:33.461Z,1783800273461,651911,first_a_sqs_sent_timestamp,7201,99,ok,
reaction-20260711T195313.408870065Z,fair-c100,2026-07-11T20:04:33.529Z,1783800273529,651896,first_a_sqs_sent_timestamp,8223,88,ok,
reaction-20260711T195313.408870065Z,baseline-c100,2026-07-11T20:04:34.469Z,1783800274469,652919,first_a_sqs_sent_timestamp,7083,84,ok,
reaction-20260711T195313.408870065Z,fair-c100,2026-07-11T20:04:34.513Z,1783800274513,652880,first_a_sqs_sent_timestamp,8059,97,ok,
reaction-20260711T195313.408870065Z,baseline-c100,2026-07-11T20:04:35.432Z,1783800275432,653882,first_a_sqs_sent_timestamp,7164,80,ok,
reaction-20260711T195313.408870065Z,fair-c100,2026-07-11T20:04:35.461Z,1783800275461,653828,first_a_sqs_sent_timestamp,8443,97,ok,
reaction-20260711T195313.408870065Z,baseline-c100,2026-07-11T20:04:36.434Z,1783800276434,654884,first_a_sqs_sent_timestamp,6984,100,ok,
reaction-20260711T195313.408870065Z,fair-c100,2026-07-11T20:04:36.465Z,1783800276465,654832,first_a_sqs_sent_timestamp,7861,99,ok,
reaction-20260711T195313.408870065Z,baseline-c100,2026-07-11T20:04:37.438Z,1783800277438,655888,first_a_sqs_sent_timestamp,6804,97,ok,
reaction-20260711T195313.408870065Z,fair-c100,2026-07-11T20:04:37.465Z,1783800277465,655832,first_a_sqs_sent_timestamp,8153,84,ok,
reaction-20260711T195313.408870065Z,baseline-c100,2026-07-11T20:04:38.43Z,1783800278430,656880,first_a_sqs_sent_timestamp,6804,97,ok,
reaction-20260711T195313.408870065Z,fair-c100,2026-07-11T20:04:38.458Z,1783800278458,656825,first_a_sqs_sent_timestamp,7761,98,ok,
reaction-20260711T195313.408870065Z,baseline-c100,2026-07-11T20:04:39.435Z,1783800279435,657885,first_a_sqs_sent_timestamp,6719,87,ok,
reaction-20260711T195313.408870065Z,fair-c100,2026-07-11T20:04:39.46Z,1783800279460,657827,first_a_sqs_sent_timestamp,7765,98,ok,
reaction-20260711T195313.408870065Z,baseline-c100,2026-07-11T20:04:40.432Z,1783800280432,658882,first_a_sqs_sent_timestamp,6804,97,ok,
reaction-20260711T195313.408870065Z,fair-c100,2026-07-11T20:04:40.46Z,1783800280460,658827,first_a_sqs_sent_timestamp,7861,99,ok,
reaction-20260711T195313.408870065Z,baseline-c100,2026-07-11T20:04:41.432Z,1783800281432,659882,first_a_sqs_sent_timestamp,6804,97,ok,
reaction-20260711T195313.408870065Z,fair-c100,2026-07-11T20:04:41.461Z,1783800281461,659828,first_a_sqs_sent_timestamp,8059,97,ok,
reaction-20260711T195313.408870065Z,baseline-c100,2026-07-11T20:04:42.437Z,1783800282437,660887,first_a_sqs_sent_timestamp,6899,86,ok,
reaction-20260711T195313.408870065Z,fair-c100,2026-07-11T20:04:42.463Z,1783800282463,660830,first_a_sqs_sent_timestamp,7761,98,ok,
reaction-20260711T195313.408870065Z,baseline-c100,2026-07-11T20:04:43.435Z,1783800283435,661885,first_a_sqs_sent_timestamp,6546,97,ok,
reaction-20260711T195313.408870065Z,fair-c100,2026-07-11T20:04:43.465Z,1783800283465,661832,first_a_sqs_sent_timestamp,7861,99,ok,
reaction-20260711T195313.408870065Z,baseline-c100,2026-07-11T20:04:44.443Z,1783800284443,662893,first_a_sqs_sent_timestamp,6546,97,ok,
reaction-20260711T195313.408870065Z,fair-c100,2026-07-11T20:04:44.469Z,1783800284469,662836,first_a_sqs_sent_timestamp,7668,93,ok,
reaction-20260711T195313.408870065Z,baseline-c100,2026-07-11T20:04:45.437Z,1783800285437,663887,first_a_sqs_sent_timestamp,6407,87,ok,
reaction-20260711T195313.408870065Z,fair-c100,2026-07-11T20:04:45.465Z,1783800285465,663832,first_a_sqs_sent_timestamp,7594,79,ok,
reaction-20260711T195313.408870065Z,baseline-c100,2026-07-11T20:04:46.438Z,1783800286438,664888,first_a_sqs_sent_timestamp,6812,97,ok,
reaction-20260711T195313.408870065Z,fair-c100,2026-07-11T20:04:46.465Z,1783800286465,664832,first_a_sqs_sent_timestamp,7668,93,ok,
reaction-20260711T195313.408870065Z,baseline-c100,2026-07-11T20:04:47.433Z,1783800287433,665883,first_a_sqs_sent_timestamp,6348,72,ok,
reaction-20260711T195313.408870065Z,fair-c100,2026-07-11T20:04:47.463Z,1783800287463,665830,first_a_sqs_sent_timestamp,7604,78,ok,
reaction-20260711T195313.408870065Z,baseline-c100,2026-07-11T20:04:48.437Z,1783800288437,666887,first_a_sqs_sent_timestamp,6458,83,ok,
reaction-20260711T195313.408870065Z,fair-c100,2026-07-11T20:04:48.463Z,1783800288463,666830,first_a_sqs_sent_timestamp,7497,98,ok,
reaction-20260711T195313.408870065Z,baseline-c100,2026-07-11T20:04:49.435Z,1783800289435,667885,first_a_sqs_sent_timestamp,6407,87,ok,
reaction-20260711T195313.408870065Z,fair-c100,2026-07-11T20:04:49.464Z,1783800289464,667831,first_a_sqs_sent_timestamp,7512,95,ok,
reaction-20260711T195313.408870065Z,baseline-c100,2026-07-11T20:04:50.437Z,1783800290437,668887,first_a_sqs_sent_timestamp,6361,98,ok,
reaction-20260711T195313.408870065Z,fair-c100,2026-07-11T20:04:50.465Z,1783800290465,668832,first_a_sqs_sent_timestamp,7321,88,ok,
reaction-20260711T195313.408870065Z,baseline-c100,2026-07-11T20:04:51.431Z,1783800291431,669881,first_a_sqs_sent_timestamp,6546,97,ok,
reaction-20260711T195313.408870065Z,fair-c100,2026-07-11T20:04:51.458Z,1783800291458,669825,first_a_sqs_sent_timestamp,7335,83,ok,
reaction-20260711T195313.408870065Z,baseline-c100,2026-07-11T20:04:52.431Z,1783800292431,670881,first_a_sqs_sent_timestamp,6361,98,ok,
reaction-20260711T195313.408870065Z,fair-c100,2026-07-11T20:04:52.457Z,1783800292457,670824,first_a_sqs_sent_timestamp,7234,90,ok,
reaction-20260711T195313.408870065Z,baseline-c100,2026-07-11T20:04:53.548Z,1783800293548,671998,first_a_sqs_sent_timestamp,6082,98,ok,
reaction-20260711T195313.408870065Z,fair-c100,2026-07-11T20:04:53.579Z,1783800293579,671946,first_a_sqs_sent_timestamp,7765,98,ok,
reaction-20260711T195313.408870065Z,baseline-c100,2026-07-11T20:04:54.441Z,1783800294441,672891,first_a_sqs_sent_timestamp,6264,100,ok,
reaction-20260711T195313.408870065Z,fair-c100,2026-07-11T20:04:54.47Z,1783800294470,672837,first_a_sqs_sent_timestamp,7234,90,ok,
reaction-20260711T195313.408870065Z,baseline-c100,2026-07-11T20:04:55.432Z,1783800295432,673882,first_a_sqs_sent_timestamp,6082,98,ok,
reaction-20260711T195313.408870065Z,fair-c100,2026-07-11T20:04:55.462Z,1783800295462,673829,first_a_sqs_sent_timestamp,7243,93,ok,
reaction-20260711T195313.408870065Z,baseline-c100,2026-07-11T20:04:56.439Z,1783800296439,674889,first_a_sqs_sent_timestamp,5997,86,ok,
reaction-20260711T195313.408870065Z,fair-c100,2026-07-11T20:04:56.466Z,1783800296466,674833,first_a_sqs_sent_timestamp,7142,93,ok,
reaction-20260711T195313.408870065Z,baseline-c100,2026-07-11T20:04:57.431Z,1783800297431,675881,first_a_sqs_sent_timestamp,6085,101,ok,
reaction-20260711T195313.408870065Z,fair-c100,2026-07-11T20:04:57.459Z,1783800297459,675826,first_a_sqs_sent_timestamp,7142,93,ok,
reaction-20260711T195313.408870065Z,baseline-c100,2026-07-11T20:04:58.433Z,1783800298433,676883,first_a_sqs_sent_timestamp,5848,92,ok,
reaction-20260711T195313.408870065Z,fair-c100,2026-07-11T20:04:58.46Z,1783800298460,676827,first_a_sqs_sent_timestamp,7047,96,ok,
reaction-20260711T195313.408870065Z,baseline-c100,2026-07-11T20:04:59.433Z,1783800299433,677883,first_a_sqs_sent_timestamp,6082,98,ok,
reaction-20260711T195313.408870065Z,fair-c100,2026-07-11T20:04:59.462Z,1783800299462,677829,first_a_sqs_sent_timestamp,6968,90,ok,
reaction-20260711T195313.408870065Z,baseline-c100,2026-07-11T20:05:00.433Z,1783800300433,678883,first_a_sqs_sent_timestamp,5755,93,ok,
reaction-20260711T195313.408870065Z,fair-c100,2026-07-11T20:05:00.461Z,1783800300461,678828,first_a_sqs_sent_timestamp,6968,90,ok,
reaction-20260711T195313.408870065Z,baseline-c100,2026-07-11T20:05:01.433Z,1783800301433,679883,first_a_sqs_sent_timestamp,5743,85,ok,
reaction-20260711T195313.408870065Z,fair-c100,2026-07-11T20:05:01.463Z,1783800301463,679830,first_a_sqs_sent_timestamp,6968,90,ok,
reaction-20260711T195313.408870065Z,baseline-c100,2026-07-11T20:05:02.434Z,1783800302434,680884,first_a_sqs_sent_timestamp,5997,86,ok,
reaction-20260711T195313.408870065Z,fair-c100,2026-07-11T20:05:02.463Z,1783800302463,680830,first_a_sqs_sent_timestamp,6961,86,ok,
reaction-20260711T195313.408870065Z,baseline-c100,2026-07-11T20:05:03.434Z,1783800303434,681884,first_a_sqs_sent_timestamp,5755,93,ok,
reaction-20260711T195313.408870065Z,fair-c100,2026-07-11T20:05:03.463Z,1783800303463,681830,first_a_sqs_sent_timestamp,7234,90,ok,
reaction-20260711T195313.408870065Z,baseline-c100,2026-07-11T20:05:04.439Z,1783800304439,682889,first_a_sqs_sent_timestamp,5647,98,ok,
reaction-20260711T195313.408870065Z,fair-c100,2026-07-11T20:05:04.47Z,1783800304470,682837,first_a_sqs_sent_timestamp,6628,93,ok,
reaction-20260711T195313.408870065Z,baseline-c100,2026-07-11T20:05:05.435Z,1783800305435,683885,first_a_sqs_sent_timestamp,6407,87,ok,
reaction-20260711T195313.408870065Z,fair-c100,2026-07-11T20:05:05.463Z,1783800305463,683830,first_a_sqs_sent_timestamp,6628,93,ok,
reaction-20260711T195313.408870065Z,baseline-c100,2026-07-11T20:05:06.434Z,1783800306434,684884,first_a_sqs_sent_timestamp,5755,93,ok,
reaction-20260711T195313.408870065Z,fair-c100,2026-07-11T20:05:06.463Z,1783800306463,684830,first_a_sqs_sent_timestamp,6628,93,ok,
reaction-20260711T195313.408870065Z,baseline-c100,2026-07-11T20:05:07.433Z,1783800307433,685883,first_a_sqs_sent_timestamp,5647,98,ok,
reaction-20260711T195313.408870065Z,fair-c100,2026-07-11T20:05:07.462Z,1783800307462,685829,first_a_sqs_sent_timestamp,6654,90,ok,
reaction-20260711T195313.408870065Z,baseline-c100,2026-07-11T20:05:08.433Z,1783800308433,686883,first_a_sqs_sent_timestamp,5428,99,ok,
reaction-20260711T195313.408870065Z,fair-c100,2026-07-11T20:05:08.463Z,1783800308463,686830,first_a_sqs_sent_timestamp,6654,90,ok,
reaction-20260711T195313.408870065Z,baseline-c100,2026-07-11T20:05:09.437Z,1783800309437,687887,first_a_sqs_sent_timestamp,5617,97,ok,
reaction-20260711T195313.408870065Z,fair-c100,2026-07-11T20:05:09.484Z,1783800309484,687851,first_a_sqs_sent_timestamp,6396,97,ok,
reaction-20260711T195313.408870065Z,baseline-c100,2026-07-11T20:05:10.436Z,1783800310436,688886,first_a_sqs_sent_timestamp,5468,100,ok,
reaction-20260711T195313.408870065Z,fair-c100,2026-07-11T20:05:10.464Z,1783800310464,688831,first_a_sqs_sent_timestamp,6430,94,ok,
reaction-20260711T195313.408870065Z,baseline-c100,2026-07-11T20:05:11.441Z,1783800311441,689891,first_a_sqs_sent_timestamp,5428,99,ok,
reaction-20260711T195313.408870065Z,fair-c100,2026-07-11T20:05:11.47Z,1783800311470,689837,first_a_sqs_sent_timestamp,6647,90,ok,
reaction-20260711T195313.408870065Z,baseline-c100,2026-07-11T20:05:12.431Z,1783800312431,690881,first_a_sqs_sent_timestamp,5292,81,ok,
reaction-20260711T195313.408870065Z,fair-c100,2026-07-11T20:05:12.458Z,1783800312458,690825,first_a_sqs_sent_timestamp,6628,93,ok,
reaction-20260711T195313.408870065Z,baseline-c100,2026-07-11T20:05:13.431Z,1783800313431,691881,first_a_sqs_sent_timestamp,5402,68,ok,
reaction-20260711T195313.408870065Z,fair-c100,2026-07-11T20:05:13.459Z,1783800313459,691826,first_a_sqs_sent_timestamp,6430,94,ok,
reaction-20260711T195313.408870065Z,baseline-c100,2026-07-11T20:05:14.435Z,1783800314435,692885,first_a_sqs_sent_timestamp,5292,81,ok,
reaction-20260711T195313.408870065Z,fair-c100,2026-07-11T20:05:14.463Z,1783800314463,692830,first_a_sqs_sent_timestamp,6261,78,ok,
reaction-20260711T195313.408870065Z,baseline-c100,2026-07-11T20:05:15.439Z,1783800315439,693889,first_a_sqs_sent_timestamp,5216,94,ok,
reaction-20260711T195313.408870065Z,fair-c100,2026-07-11T20:05:15.468Z,1783800315468,693835,first_a_sqs_sent_timestamp,6181,81,ok,
reaction-20260711T195313.408870065Z,baseline-c100,2026-07-11T20:05:16.439Z,1783800316439,694889,first_a_sqs_sent_timestamp,5251,89,ok,
reaction-20260711T195313.408870065Z,fair-c100,2026-07-11T20:05:16.47Z,1783800316470,694837,first_a_sqs_sent_timestamp,6175,82,ok,
reaction-20260711T195313.408870065Z,baseline-c100,2026-07-11T20:05:17.44Z,1783800317440,695890,first_a_sqs_sent_timestamp,5308,94,ok,
reaction-20260711T195313.408870065Z,fair-c100,2026-07-11T20:05:17.469Z,1783800317469,695836,first_a_sqs_sent_timestamp,6181,81,ok,
reaction-20260711T195313.408870065Z,baseline-c100,2026-07-11T20:05:18.435Z,1783800318435,696885,first_a_sqs_sent_timestamp,5216,94,ok,
reaction-20260711T195313.408870065Z,fair-c100,2026-07-11T20:05:18.462Z,1783800318462,696829,first_a_sqs_sent_timestamp,6175,82,ok,
reaction-20260711T195313.408870065Z,baseline-c100,2026-07-11T20:05:19.432Z,1783800319432,697882,first_a_sqs_sent_timestamp,4896,97,ok,
reaction-20260711T195313.408870065Z,fair-c100,2026-07-11T20:05:19.461Z,1783800319461,697828,first_a_sqs_sent_timestamp,6696,85,ok,
reaction-20260711T195313.408870065Z,baseline-c100,2026-07-11T20:05:20.437Z,1783800320437,698887,first_a_sqs_sent_timestamp,4896,97,ok,
reaction-20260711T195313.408870065Z,fair-c100,2026-07-11T20:05:20.465Z,1783800320465,698832,first_a_sqs_sent_timestamp,6078,97,ok,
reaction-20260711T195313.408870065Z,baseline-c100,2026-07-11T20:05:21.437Z,1783800321437,699887,first_a_sqs_sent_timestamp,4953,86,ok,
reaction-20260711T195313.408870065Z,fair-c100,2026-07-11T20:05:21.465Z,1783800321465,699832,first_a_sqs_sent_timestamp,6181,81,ok,
reaction-20260711T195313.408870065Z,baseline-c100,2026-07-11T20:05:22.44Z,1783800322440,700890,first_a_sqs_sent_timestamp,4953,86,ok,
reaction-20260711T195313.408870065Z,fair-c100,2026-07-11T20:05:22.468Z,1783800322468,700835,first_a_sqs_sent_timestamp,6078,97,ok,
reaction-20260711T195313.408870065Z,baseline-c100,2026-07-11T20:05:23.438Z,1783800323438,701888,first_a_sqs_sent_timestamp,5117,99,ok,
reaction-20260711T195313.408870065Z,fair-c100,2026-07-11T20:05:23.467Z,1783800323467,701834,first_a_sqs_sent_timestamp,6212,88,ok,
reaction-20260711T195313.408870065Z,baseline-c100,2026-07-11T20:05:24.443Z,1783800324443,702893,first_a_sqs_sent_timestamp,4685,85,ok,
reaction-20260711T195313.408870065Z,fair-c100,2026-07-11T20:05:24.474Z,1783800324474,702841,first_a_sqs_sent_timestamp,5807,86,ok,
reaction-20260711T195313.408870065Z,baseline-c100,2026-07-11T20:05:25.435Z,1783800325435,703885,first_a_sqs_sent_timestamp,4896,97,ok,
reaction-20260711T195313.408870065Z,fair-c100,2026-07-11T20:05:25.468Z,1783800325468,703835,first_a_sqs_sent_timestamp,5905,82,ok,
reaction-20260711T195313.408870065Z,baseline-c100,2026-07-11T20:05:26.439Z,1783800326439,704889,first_a_sqs_sent_timestamp,4591,96,ok,
reaction-20260711T195313.408870065Z,fair-c100,2026-07-11T20:05:26.499Z,1783800326499,704866,first_a_sqs_sent_timestamp,5773,85,ok,
reaction-20260711T195313.408870065Z,baseline-c100,2026-07-11T20:05:27.44Z,1783800327440,705890,first_a_sqs_sent_timestamp,4685,85,ok,
reaction-20260711T195313.408870065Z,fair-c100,2026-07-11T20:05:27.468Z,1783800327468,705835,first_a_sqs_sent_timestamp,5817,89,ok,
reaction-20260711T195313.408870065Z,baseline-c100,2026-07-11T20:05:28.434Z,1783800328434,706884,first_a_sqs_sent_timestamp,4951,81,ok,
reaction-20260711T195313.408870065Z,fair-c100,2026-07-11T20:05:28.461Z,1783800328461,706828,first_a_sqs_sent_timestamp,5773,85,ok,
reaction-20260711T195313.408870065Z,baseline-c100,2026-07-11T20:05:29.437Z,1783800329437,707887,first_a_sqs_sent_timestamp,4470,72,ok,
reaction-20260711T195313.408870065Z,fair-c100,2026-07-11T20:05:29.467Z,1783800329467,707834,first_a_sqs_sent_timestamp,5551,96,ok,
reaction-20260711T195313.408870065Z,baseline-c100,2026-07-11T20:05:30.438Z,1783800330438,708888,first_a_sqs_sent_timestamp,4401,88,ok,
reaction-20260711T195313.408870065Z,fair-c100,2026-07-11T20:05:30.467Z,1783800330467,708834,first_a_sqs_sent_timestamp,5807,86,ok,
reaction-20260711T195313.408870065Z,baseline-c100,2026-07-11T20:05:31.432Z,1783800331432,709882,first_a_sqs_sent_timestamp,4685,85,ok,
reaction-20260711T195313.408870065Z,fair-c100,2026-07-11T20:05:31.466Z,1783800331466,709833,first_a_sqs_sent_timestamp,5498,91,ok,
reaction-20260711T195313.408870065Z,baseline-c100,2026-07-11T20:05:32.438Z,1783800332438,710888,first_a_sqs_sent_timestamp,4401,88,ok,
reaction-20260711T195313.408870065Z,fair-c100,2026-07-11T20:05:32.468Z,1783800332468,710835,first_a_sqs_sent_timestamp,5551,96,ok,
reaction-20260711T195313.408870065Z,baseline-c100,2026-07-11T20:05:33.432Z,1783800333432,711882,first_a_sqs_sent_timestamp,4401,88,ok,
reaction-20260711T195313.408870065Z,fair-c100,2026-07-11T20:05:33.461Z,1783800333461,711828,first_a_sqs_sent_timestamp,5728,91,ok,
reaction-20260711T195313.408870065Z,baseline-c100,2026-07-11T20:05:34.433Z,1783800334433,712883,first_a_sqs_sent_timestamp,4591,96,ok,
reaction-20260711T195313.408870065Z,fair-c100,2026-07-11T20:05:34.461Z,1783800334461,712828,first_a_sqs_sent_timestamp,5270,98,ok,
reaction-20260711T195313.408870065Z,baseline-c100,2026-07-11T20:05:35.434Z,1783800335434,713884,first_a_sqs_sent_timestamp,4188,93,ok,
reaction-20260711T195313.408870065Z,fair-c100,2026-07-11T20:05:35.462Z,1783800335462,713829,first_a_sqs_sent_timestamp,5270,98,ok,
reaction-20260711T195313.408870065Z,baseline-c100,2026-07-11T20:05:36.44Z,1783800336440,714890,first_a_sqs_sent_timestamp,4401,88,ok,
reaction-20260711T195313.408870065Z,fair-c100,2026-07-11T20:05:36.469Z,1783800336469,714836,first_a_sqs_sent_timestamp,5411,87,ok,
reaction-20260711T195313.408870065Z,baseline-c100,2026-07-11T20:05:37.438Z,1783800337438,715888,first_a_sqs_sent_timestamp,4188,93,ok,
reaction-20260711T195313.408870065Z,fair-c100,2026-07-11T20:05:37.467Z,1783800337467,715834,first_a_sqs_sent_timestamp,5498,91,ok,
reaction-20260711T195313.408870065Z,baseline-c100,2026-07-11T20:05:38.443Z,1783800338443,716893,first_a_sqs_sent_timestamp,4188,93,ok,
reaction-20260711T195313.408870065Z,fair-c100,2026-07-11T20:05:38.473Z,1783800338473,716840,first_a_sqs_sent_timestamp,5279,95,ok,
reaction-20260711T195313.408870065Z,baseline-c100,2026-07-11T20:05:39.434Z,1783800339434,717884,first_a_sqs_sent_timestamp,4470,72,ok,
reaction-20260711T195313.408870065Z,fair-c100,2026-07-11T20:05:39.463Z,1783800339463,717830,first_a_sqs_sent_timestamp,5073,86,ok,
reaction-20260711T195313.408870065Z,baseline-c100,2026-07-11T20:05:40.438Z,1783800340438,718888,first_a_sqs_sent_timestamp,4057,91,ok,
reaction-20260711T195313.408870065Z,fair-c100,2026-07-11T20:05:40.466Z,1783800340466,718833,first_a_sqs_sent_timestamp,5073,86,ok,
reaction-20260711T195313.408870065Z,baseline-c100,2026-07-11T20:05:41.438Z,1783800341438,719888,first_a_sqs_sent_timestamp,4304,87,ok,
reaction-20260711T195313.408870065Z,fair-c100,2026-07-11T20:05:41.468Z,1783800341468,719835,first_a_sqs_sent_timestamp,5270,98,ok,
reaction-20260711T195313.408870065Z,baseline-c100,2026-07-11T20:05:42.432Z,1783800342432,720882,first_a_sqs_sent_timestamp,3867,97,ok,
reaction-20260711T195313.408870065Z,fair-c100,2026-07-11T20:05:42.459Z,1783800342459,720826,first_a_sqs_sent_timestamp,5073,86,ok,
reaction-20260711T195313.408870065Z,baseline-c100,2026-07-11T20:05:43.432Z,1783800343432,721882,first_a_sqs_sent_timestamp,3870,99,ok,
reaction-20260711T195313.408870065Z,fair-c100,2026-07-11T20:05:43.461Z,1783800343461,721828,first_a_sqs_sent_timestamp,5542,90,ok,
reaction-20260711T195313.408870065Z,baseline-c100,2026-07-11T20:05:44.432Z,1783800344432,722882,first_a_sqs_sent_timestamp,3870,99,ok,
reaction-20260711T195313.408870065Z,fair-c100,2026-07-11T20:05:44.46Z,1783800344460,722827,first_a_sqs_sent_timestamp,5102,94,ok,
reaction-20260711T195313.408870065Z,baseline-c100,2026-07-11T20:05:45.437Z,1783800345437,723887,first_a_sqs_sent_timestamp,3870,99,ok,
reaction-20260711T195313.408870065Z,fair-c100,2026-07-11T20:05:45.465Z,1783800345465,723832,first_a_sqs_sent_timestamp,4933,86,ok,
reaction-20260711T195313.408870065Z,baseline-c100,2026-07-11T20:05:46.549Z,1783800346549,724999,first_a_sqs_sent_timestamp,3962,96,ok,
reaction-20260711T195313.408870065Z,fair-c100,2026-07-11T20:05:46.579Z,1783800346579,724946,first_a_sqs_sent_timestamp,4848,85,ok,
reaction-20260711T195313.408870065Z,baseline-c100,2026-07-11T20:05:47.429Z,1783800347429,725879,first_a_sqs_sent_timestamp,3969,98,ok,
reaction-20260711T195313.408870065Z,fair-c100,2026-07-11T20:05:47.457Z,1783800347457,725824,first_a_sqs_sent_timestamp,4923,92,ok,
reaction-20260711T195313.408870065Z,baseline-c100,2026-07-11T20:05:48.466Z,1783800348466,726916,first_a_sqs_sent_timestamp,3613,77,ok,
reaction-20260711T195313.408870065Z,fair-c100,2026-07-11T20:05:48.493Z,1783800348493,726860,first_a_sqs_sent_timestamp,4933,86,ok,
reaction-20260711T195313.408870065Z,baseline-c100,2026-07-11T20:05:49.429Z,1783800349429,727879,first_a_sqs_sent_timestamp,3589,85,ok,
reaction-20260711T195313.408870065Z,fair-c100,2026-07-11T20:05:49.454Z,1783800349454,727821,first_a_sqs_sent_timestamp,4618,89,ok,
reaction-20260711T195313.408870065Z,baseline-c100,2026-07-11T20:05:50.43Z,1783800350430,728880,first_a_sqs_sent_timestamp,3648,99,ok,
reaction-20260711T195313.408870065Z,fair-c100,2026-07-11T20:05:50.456Z,1783800350456,728823,first_a_sqs_sent_timestamp,4747,83,ok,
reaction-20260711T195313.408870065Z,baseline-c100,2026-07-11T20:05:51.43Z,1783800351430,729880,first_a_sqs_sent_timestamp,3589,85,ok,
reaction-20260711T195313.408870065Z,fair-c100,2026-07-11T20:05:51.456Z,1783800351456,729823,first_a_sqs_sent_timestamp,4580,83,ok,
reaction-20260711T195313.408870065Z,baseline-c100,2026-07-11T20:05:52.433Z,1783800352433,730883,first_a_sqs_sent_timestamp,3425,93,ok,
reaction-20260711T195313.408870065Z,fair-c100,2026-07-11T20:05:52.461Z,1783800352461,730828,first_a_sqs_sent_timestamp,4659,97,ok,
reaction-20260711T195313.408870065Z,baseline-c100,2026-07-11T20:05:53.44Z,1783800353440,731890,first_a_sqs_sent_timestamp,3589,85,ok,
reaction-20260711T195313.408870065Z,fair-c100,2026-07-11T20:05:53.468Z,1783800353468,731835,first_a_sqs_sent_timestamp,4618,89,ok,
reaction-20260711T195313.408870065Z,baseline-c100,2026-07-11T20:05:54.436Z,1783800354436,732886,first_a_sqs_sent_timestamp,3613,77,ok,
reaction-20260711T195313.408870065Z,fair-c100,2026-07-11T20:05:54.464Z,1783800354464,732831,first_a_sqs_sent_timestamp,4559,93,ok,
reaction-20260711T195313.408870065Z,baseline-c100,2026-07-11T20:05:55.43Z,1783800355430,733880,first_a_sqs_sent_timestamp,3285,83,ok,
reaction-20260711T195313.408870065Z,fair-c100,2026-07-11T20:05:55.457Z,1783800355457,733824,first_a_sqs_sent_timestamp,4580,83,ok,
reaction-20260711T195313.408870065Z,baseline-c100,2026-07-11T20:05:56.432Z,1783800356432,734882,first_a_sqs_sent_timestamp,3285,83,ok,
reaction-20260711T195313.408870065Z,fair-c100,2026-07-11T20:05:56.46Z,1783800356460,734827,first_a_sqs_sent_timestamp,4436,88,ok,
reaction-20260711T195313.408870065Z,baseline-c100,2026-07-11T20:05:57.433Z,1783800357433,735883,first_a_sqs_sent_timestamp,3338,98,ok,
reaction-20260711T195313.408870065Z,fair-c100,2026-07-11T20:05:57.46Z,1783800357460,735827,first_a_sqs_sent_timestamp,4804,83,ok,
reaction-20260711T195313.408870065Z,baseline-c100,2026-07-11T20:05:58.431Z,1783800358431,736881,first_a_sqs_sent_timestamp,3870,99,ok,
reaction-20260711T195313.408870065Z,fair-c100,2026-07-11T20:05:58.459Z,1783800358459,736826,first_a_sqs_sent_timestamp,4193,95,ok,
reaction-20260711T195313.408870065Z,baseline-c100,2026-07-11T20:05:59.438Z,1783800359438,737888,first_a_sqs_sent_timestamp,3138,97,ok,
reaction-20260711T195313.408870065Z,fair-c100,2026-07-11T20:05:59.465Z,1783800359465,737832,first_a_sqs_sent_timestamp,4472,87,ok,
reaction-20260711T195313.408870065Z,baseline-c100,2026-07-11T20:06:00.433Z,1783800360433,738883,first_a_sqs_sent_timestamp,3127,95,ok,
reaction-20260711T195313.408870065Z,fair-c100,2026-07-11T20:06:00.459Z,1783800360459,738826,first_a_sqs_sent_timestamp,4193,95,ok,
reaction-20260711T195313.408870065Z,baseline-c100,2026-07-11T20:06:01.429Z,1783800361429,739879,first_a_sqs_sent_timestamp,3138,97,ok,
reaction-20260711T195313.408870065Z,fair-c100,2026-07-11T20:06:01.455Z,1783800361455,739822,first_a_sqs_sent_timestamp,4286,100,ok,
reaction-20260711T195313.408870065Z,baseline-c100,2026-07-11T20:06:02.436Z,1783800362436,740886,first_a_sqs_sent_timestamp,3338,98,ok,
reaction-20260711T195313.408870065Z,fair-c100,2026-07-11T20:06:02.461Z,1783800362461,740828,first_a_sqs_sent_timestamp,4210,82,ok,
reaction-20260711T195313.408870065Z,baseline-c100,2026-07-11T20:06:03.434Z,1783800363434,741884,first_a_sqs_sent_timestamp,2937,93,ok,
reaction-20260711T195313.408870065Z,fair-c100,2026-07-11T20:06:03.46Z,1783800363460,741827,first_a_sqs_sent_timestamp,4118,94,ok,
reaction-20260711T195313.408870065Z,baseline-c100,2026-07-11T20:06:04.432Z,1783800364432,742882,first_a_sqs_sent_timestamp,3867,97,ok,
reaction-20260711T195313.408870065Z,fair-c100,2026-07-11T20:06:04.46Z,1783800364460,742827,first_a_sqs_sent_timestamp,4292,99,ok,
reaction-20260711T195313.408870065Z,baseline-c100,2026-07-11T20:06:05.435Z,1783800365435,743885,first_a_sqs_sent_timestamp,3117,91,ok,
reaction-20260711T195313.408870065Z,fair-c100,2026-07-11T20:06:05.461Z,1783800365461,743828,first_a_sqs_sent_timestamp,4210,82,ok,
reaction-20260711T195313.408870065Z,baseline-c100,2026-07-11T20:06:06.431Z,1783800366431,744881,first_a_sqs_sent_timestamp,2838,99,ok,
reaction-20260711T195313.408870065Z,fair-c100,2026-07-11T20:06:06.458Z,1783800366458,744825,first_a_sqs_sent_timestamp,3876,96,ok,
reaction-20260711T195313.408870065Z,baseline-c100,2026-07-11T20:06:07.439Z,1783800367439,745889,first_a_sqs_sent_timestamp,3138,97,ok,
reaction-20260711T195313.408870065Z,fair-c100,2026-07-11T20:06:07.469Z,1783800367469,745836,first_a_sqs_sent_timestamp,3876,96,ok,
reaction-20260711T195313.408870065Z,baseline-c100,2026-07-11T20:06:08.432Z,1783800368432,746882,first_a_sqs_sent_timestamp,2815,61,ok,
reaction-20260711T195313.408870065Z,fair-c100,2026-07-11T20:06:08.459Z,1783800368459,746826,first_a_sqs_sent_timestamp,3876,96,ok,
reaction-20260711T195313.408870065Z,baseline-c100,2026-07-11T20:06:09.435Z,1783800369435,747885,first_a_sqs_sent_timestamp,3127,95,ok,
reaction-20260711T195313.408870065Z,fair-c100,2026-07-11T20:06:09.461Z,1783800369461,747828,first_a_sqs_sent_timestamp,3762,88,ok,
reaction-20260711T195313.408870065Z,baseline-c100,2026-07-11T20:06:10.443Z,1783800370443,748893,first_a_sqs_sent_timestamp,2937,93,ok,
reaction-20260711T195313.408870065Z,fair-c100,2026-07-11T20:06:10.472Z,1783800370472,748839,first_a_sqs_sent_timestamp,3655,84,ok,
reaction-20260711T195313.408870065Z,baseline-c100,2026-07-11T20:06:11.437Z,1783800371437,749887,first_a_sqs_sent_timestamp,3041,97,ok,
reaction-20260711T195313.408870065Z,fair-c100,2026-07-11T20:06:11.466Z,1783800371466,749833,first_a_sqs_sent_timestamp,3876,96,ok,
reaction-20260711T195313.408870065Z,baseline-c100,2026-07-11T20:06:12.44Z,1783800372440,750890,first_a_sqs_sent_timestamp,2619,95,ok,
reaction-20260711T195313.408870065Z,fair-c100,2026-07-11T20:06:12.469Z,1783800372469,750836,first_a_sqs_sent_timestamp,3928,84,ok,
reaction-20260711T195313.408870065Z,baseline-c100,2026-07-11T20:06:13.566Z,1783800373566,752016,first_a_sqs_sent_timestamp,2726,91,ok,
reaction-20260711T195313.408870065Z,fair-c100,2026-07-11T20:06:13.596Z,1783800373596,751963,first_a_sqs_sent_timestamp,3762,88,ok,
reaction-20260711T195313.408870065Z,baseline-c100,2026-07-11T20:06:14.438Z,1783800374438,752888,first_a_sqs_sent_timestamp,2619,95,ok,
reaction-20260711T195313.408870065Z,fair-c100,2026-07-11T20:06:14.465Z,1783800374465,752832,first_a_sqs_sent_timestamp,3655,84,ok,
reaction-20260711T195313.408870065Z,baseline-c100,2026-07-11T20:06:15.437Z,1783800375437,753887,first_a_sqs_sent_timestamp,2627,100,ok,
reaction-20260711T195313.408870065Z,fair-c100,2026-07-11T20:06:15.465Z,1783800375465,753832,first_a_sqs_sent_timestamp,3839,100,ok,
reaction-20260711T195313.408870065Z,baseline-c100,2026-07-11T20:06:16.439Z,1783800376439,754889,first_a_sqs_sent_timestamp,2619,95,ok,
reaction-20260711T195313.408870065Z,fair-c100,2026-07-11T20:06:16.466Z,1783800376466,754833,first_a_sqs_sent_timestamp,3523,96,ok,
reaction-20260711T195313.408870065Z,baseline-c100,2026-07-11T20:06:17.432Z,1783800377432,755882,first_a_sqs_sent_timestamp,2529,99,ok,
reaction-20260711T195313.408870065Z,fair-c100,2026-07-11T20:06:17.459Z,1783800377459,755826,first_a_sqs_sent_timestamp,3560,95,ok,
reaction-20260711T195313.408870065Z,baseline-c100,2026-07-11T20:06:18.433Z,1783800378433,756883,first_a_sqs_sent_timestamp,2567,95,ok,
reaction-20260711T195313.408870065Z,fair-c100,2026-07-11T20:06:18.461Z,1783800378461,756828,first_a_sqs_sent_timestamp,3564,97,ok,
reaction-20260711T195313.408870065Z,baseline-c100,2026-07-11T20:06:19.432Z,1783800379432,757882,first_a_sqs_sent_timestamp,2307,90,ok,
reaction-20260711T195313.408870065Z,fair-c100,2026-07-11T20:06:19.46Z,1783800379460,757827,first_a_sqs_sent_timestamp,3295,98,ok,
reaction-20260711T195313.408870065Z,baseline-c100,2026-07-11T20:06:20.432Z,1783800380432,758882,first_a_sqs_sent_timestamp,2268,94,ok,
reaction-20260711T195313.408870065Z,fair-c100,2026-07-11T20:06:20.461Z,1783800380461,758828,first_a_sqs_sent_timestamp,3523,96,ok,
reaction-20260711T195313.408870065Z,baseline-c100,2026-07-11T20:06:21.434Z,1783800381434,759884,first_a_sqs_sent_timestamp,2210,99,ok,
reaction-20260711T195313.408870065Z,fair-c100,2026-07-11T20:06:21.462Z,1783800381462,759829,first_a_sqs_sent_timestamp,3295,98,ok,
reaction-20260711T195313.408870065Z,baseline-c100,2026-07-11T20:06:22.44Z,1783800382440,760890,first_a_sqs_sent_timestamp,2815,61,ok,
reaction-20260711T195313.408870065Z,fair-c100,2026-07-11T20:06:22.468Z,1783800382468,760835,first_a_sqs_sent_timestamp,3172,86,ok,
reaction-20260711T195313.408870065Z,baseline-c100,2026-07-11T20:06:23.433Z,1783800383433,761883,first_a_sqs_sent_timestamp,2268,94,ok,
reaction-20260711T195313.408870065Z,fair-c100,2026-07-11T20:06:23.461Z,1783800383461,761828,first_a_sqs_sent_timestamp,3295,98,ok,
reaction-20260711T195313.408870065Z,baseline-c100,2026-07-11T20:06:24.44Z,1783800384440,762890,first_a_sqs_sent_timestamp,1978,95,ok,
reaction-20260711T195313.408870065Z,fair-c100,2026-07-11T20:06:24.473Z,1783800384473,762840,first_a_sqs_sent_timestamp,3305,96,ok,
reaction-20260711T195313.408870065Z,baseline-c100,2026-07-11T20:06:25.441Z,1783800385441,763891,first_a_sqs_sent_timestamp,2429,98,ok,
reaction-20260711T195313.408870065Z,fair-c100,2026-07-11T20:06:25.47Z,1783800385470,763837,first_a_sqs_sent_timestamp,3012,99,ok,
reaction-20260711T195313.408870065Z,baseline-c100,2026-07-11T20:06:26.436Z,1783800386436,764886,first_a_sqs_sent_timestamp,2307,90,ok,
reaction-20260711T195313.408870065Z,fair-c100,2026-07-11T20:06:26.466Z,1783800386466,764833,first_a_sqs_sent_timestamp,3258,89,ok,
reaction-20260711T195313.408870065Z,baseline-c100,2026-07-11T20:06:27.439Z,1783800387439,765889,first_a_sqs_sent_timestamp,1843,85,ok,
reaction-20260711T195313.408870065Z,fair-c100,2026-07-11T20:06:27.466Z,1783800387466,765833,first_a_sqs_sent_timestamp,3400,95,ok,
reaction-20260711T195313.408870065Z,baseline-c100,2026-07-11T20:06:28.431Z,1783800388431,766881,first_a_sqs_sent_timestamp,2210,99,ok,
reaction-20260711T195313.408870065Z,fair-c100,2026-07-11T20:06:28.463Z,1783800388463,766830,first_a_sqs_sent_timestamp,2888,97,ok,
reaction-20260711T195313.408870065Z,baseline-c100,2026-07-11T20:06:29.438Z,1783800389438,767888,first_a_sqs_sent_timestamp,1752,93,ok,
reaction-20260711T195313.408870065Z,fair-c100,2026-07-11T20:06:29.466Z,1783800389466,767833,first_a_sqs_sent_timestamp,2980,98,ok,
reaction-20260711T195313.408870065Z,baseline-c100,2026-07-11T20:06:30.435Z,1783800390435,768885,first_a_sqs_sent_timestamp,1883,87,ok,
reaction-20260711T195313.408870065Z,fair-c100,2026-07-11T20:06:30.464Z,1783800390464,768831,first_a_sqs_sent_timestamp,3487,75,ok,
reaction-20260711T195313.408870065Z,baseline-c100,2026-07-11T20:06:31.433Z,1783800391433,769883,first_a_sqs_sent_timestamp,1891,89,ok,
reaction-20260711T195313.408870065Z,fair-c100,2026-07-11T20:06:31.461Z,1783800391461,769828,first_a_sqs_sent_timestamp,2980,98,ok,
reaction-20260711T195313.408870065Z,baseline-c100,2026-07-11T20:06:32.438Z,1783800392438,770888,first_a_sqs_sent_timestamp,1607,98,ok,
reaction-20260711T195313.408870065Z,fair-c100,2026-07-11T20:06:32.469Z,1783800392469,770836,first_a_sqs_sent_timestamp,2839,90,ok,
reaction-20260711T195313.408870065Z,baseline-c100,2026-07-11T20:06:33.44Z,1783800393440,771890,first_a_sqs_sent_timestamp,1978,95,ok,
reaction-20260711T195313.408870065Z,fair-c100,2026-07-11T20:06:33.47Z,1783800393470,771837,first_a_sqs_sent_timestamp,2711,93,ok,
reaction-20260711T195313.408870065Z,baseline-c100,2026-07-11T20:06:34.433Z,1783800394433,772883,first_a_sqs_sent_timestamp,1619,94,ok,
reaction-20260711T195313.408870065Z,fair-c100,2026-07-11T20:06:34.462Z,1783800394462,772829,first_a_sqs_sent_timestamp,2888,97,ok,
reaction-20260711T195313.408870065Z,baseline-c100,2026-07-11T20:06:35.438Z,1783800395438,773888,first_a_sqs_sent_timestamp,1619,94,ok,
reaction-20260711T195313.408870065Z,fair-c100,2026-07-11T20:06:35.468Z,1783800395468,773835,first_a_sqs_sent_timestamp,2711,93,ok,
reaction-20260711T195313.408870065Z,baseline-c100,2026-07-11T20:06:36.433Z,1783800396433,774883,first_a_sqs_sent_timestamp,1607,98,ok,
reaction-20260711T195313.408870065Z,fair-c100,2026-07-11T20:06:36.461Z,1783800396461,774828,first_a_sqs_sent_timestamp,2652,95,ok,
reaction-20260711T195313.408870065Z,baseline-c100,2026-07-11T20:06:37.437Z,1783800397437,775887,first_a_sqs_sent_timestamp,1418,99,ok,
reaction-20260711T195313.408870065Z,fair-c100,2026-07-11T20:06:37.463Z,1783800397463,775830,first_a_sqs_sent_timestamp,2658,97,ok,
reaction-20260711T195313.408870065Z,baseline-c100,2026-07-11T20:06:38.432Z,1783800398432,776882,first_a_sqs_sent_timestamp,1619,94,ok,
reaction-20260711T195313.408870065Z,fair-c100,2026-07-11T20:06:38.46Z,1783800398460,776827,first_a_sqs_sent_timestamp,2744,90,ok,
reaction-20260711T195313.408870065Z,baseline-c100,2026-07-11T20:06:39.442Z,1783800399442,777892,first_a_sqs_sent_timestamp,1607,98,ok,
reaction-20260711T195313.408870065Z,fair-c100,2026-07-11T20:06:39.47Z,1783800399470,777837,first_a_sqs_sent_timestamp,2530,90,ok,
reaction-20260711T195313.408870065Z,baseline-c100,2026-07-11T20:06:40.431Z,1783800400431,778881,first_a_sqs_sent_timestamp,1522,99,ok,
reaction-20260711T195313.408870065Z,fair-c100,2026-07-11T20:06:40.457Z,1783800400457,778824,first_a_sqs_sent_timestamp,2399,89,ok,
reaction-20260711T195313.408870065Z,baseline-c100,2026-07-11T20:06:41.434Z,1783800401434,779884,first_a_sqs_sent_timestamp,1201,101,ok,
reaction-20260711T195313.408870065Z,fair-c100,2026-07-11T20:06:41.461Z,1783800401461,779828,first_a_sqs_sent_timestamp,2311,88,ok,
reaction-20260711T195313.408870065Z,baseline-c100,2026-07-11T20:06:42.44Z,1783800402440,780890,first_a_sqs_sent_timestamp,1300,102,ok,
reaction-20260711T195313.408870065Z,fair-c100,2026-07-11T20:06:42.472Z,1783800402472,780839,first_a_sqs_sent_timestamp,2711,93,ok,
reaction-20260711T195313.408870065Z,baseline-c100,2026-07-11T20:06:43.434Z,1783800403434,781884,first_a_sqs_sent_timestamp,1334,86,ok,
reaction-20260711T195313.408870065Z,fair-c100,2026-07-11T20:06:43.464Z,1783800403464,781831,first_a_sqs_sent_timestamp,2213,86,ok,
reaction-20260711T195313.408870065Z,baseline-c100,2026-07-11T20:06:44.433Z,1783800404433,782883,first_a_sqs_sent_timestamp,1073,98,ok,
reaction-20260711T195313.408870065Z,fair-c100,2026-07-11T20:06:44.462Z,1783800404462,782829,first_a_sqs_sent_timestamp,2311,88,ok,
reaction-20260711T195313.408870065Z,baseline-c100,2026-07-11T20:06:45.441Z,1783800405441,783891,first_a_sqs_sent_timestamp,1418,99,ok,
reaction-20260711T195313.408870065Z,fair-c100,2026-07-11T20:06:45.469Z,1783800405469,783836,first_a_sqs_sent_timestamp,2213,86,ok,
reaction-20260711T195313.408870065Z,baseline-c100,2026-07-11T20:06:46.439Z,1783800406439,784889,first_a_sqs_sent_timestamp,959,99,ok,
reaction-20260711T195313.408870065Z,fair-c100,2026-07-11T20:06:46.467Z,1783800406467,784834,first_a_sqs_sent_timestamp,2392,89,ok,
reaction-20260711T195313.408870065Z,baseline-c100,2026-07-11T20:06:47.437Z,1783800407437,785887,first_a_sqs_sent_timestamp,1259,88,ok,
reaction-20260711T195313.408870065Z,fair-c100,2026-07-11T20:06:47.467Z,1783800407467,785834,first_a_sqs_sent_timestamp,2361,83,ok,
reaction-20260711T195313.408870065Z,baseline-c100,2026-07-11T20:06:48.431Z,1783800408431,786881,first_a_sqs_sent_timestamp,1056,98,ok,
reaction-20260711T195313.408870065Z,fair-c100,2026-07-11T20:06:48.461Z,1783800408461,786828,first_a_sqs_sent_timestamp,2053,89,ok,
reaction-20260711T195313.408870065Z,baseline-c100,2026-07-11T20:06:49.431Z,1783800409431,787881,first_a_sqs_sent_timestamp,1073,98,ok,
reaction-20260711T195313.408870065Z,fair-c100,2026-07-11T20:06:49.463Z,1783800409463,787830,first_a_sqs_sent_timestamp,2213,86,ok,
reaction-20260711T195313.408870065Z,baseline-c100,2026-07-11T20:06:50.432Z,1783800410432,788882,first_a_sqs_sent_timestamp,1201,101,ok,
reaction-20260711T195313.408870065Z,fair-c100,2026-07-11T20:06:50.461Z,1783800410461,788828,first_a_sqs_sent_timestamp,1955,100,ok,
reaction-20260711T195313.408870065Z,baseline-c100,2026-07-11T20:06:51.432Z,1783800411432,789882,first_a_sqs_sent_timestamp,959,99,ok,
reaction-20260711T195313.408870065Z,fair-c100,2026-07-11T20:06:51.461Z,1783800411461,789828,first_a_sqs_sent_timestamp,2005,67,ok,
reaction-20260711T195313.408870065Z,baseline-c100,2026-07-11T20:06:52.437Z,1783800412437,790887,first_a_sqs_sent_timestamp,890,91,ok,
reaction-20260711T195313.408870065Z,fair-c100,2026-07-11T20:06:52.465Z,1783800412465,790832,first_a_sqs_sent_timestamp,1958,101,ok,
reaction-20260711T195313.408870065Z,baseline-c100,2026-07-11T20:06:53.432Z,1783800413432,791882,first_a_sqs_sent_timestamp,712,87,ok,
reaction-20260711T195313.408870065Z,fair-c100,2026-07-11T20:06:53.461Z,1783800413461,791828,first_a_sqs_sent_timestamp,2005,67,ok,
reaction-20260711T195313.408870065Z,baseline-c100,2026-07-11T20:06:54.432Z,1783800414432,792882,first_a_sqs_sent_timestamp,754,94,ok,
reaction-20260711T195313.408870065Z,fair-c100,2026-07-11T20:06:54.46Z,1783800414460,792827,first_a_sqs_sent_timestamp,1955,100,ok,
reaction-20260711T195313.408870065Z,baseline-c100,2026-07-11T20:06:55.433Z,1783800415433,793883,first_a_sqs_sent_timestamp,980,93,ok,
reaction-20260711T195313.408870065Z,fair-c100,2026-07-11T20:06:55.46Z,1783800415460,793827,first_a_sqs_sent_timestamp,1766,99,ok,
reaction-20260711T195313.408870065Z,baseline-c100,2026-07-11T20:06:56.431Z,1783800416431,794881,first_a_sqs_sent_timestamp,520,97,ok,
reaction-20260711T195313.408870065Z,fair-c100,2026-07-11T20:06:56.458Z,1783800416458,794825,first_a_sqs_sent_timestamp,1872,88,ok,
reaction-20260711T195313.408870065Z,baseline-c100,2026-07-11T20:06:57.433Z,1783800417433,795883,first_a_sqs_sent_timestamp,712,87,ok,
reaction-20260711T195313.408870065Z,fair-c100,2026-07-11T20:06:57.462Z,1783800417462,795829,first_a_sqs_sent_timestamp,1766,99,ok,
reaction-20260711T195313.408870065Z,baseline-c100,2026-07-11T20:06:58.437Z,1783800418437,796887,first_a_sqs_sent_timestamp,510,91,ok,
reaction-20260711T195313.408870065Z,fair-c100,2026-07-11T20:06:58.467Z,1783800418467,796834,first_a_sqs_sent_timestamp,1650,93,ok,
reaction-20260711T195313.408870065Z,baseline-c100,2026-07-11T20:06:59.437Z,1783800419437,797887,first_a_sqs_sent_timestamp,520,97,ok,
reaction-20260711T195313.408870065Z,fair-c100,2026-07-11T20:06:59.464Z,1783800419464,797831,first_a_sqs_sent_timestamp,1521,92,ok,
reaction-20260711T195313.408870065Z,baseline-c100,2026-07-11T20:07:00.43Z,1783800420430,798880,first_a_sqs_sent_timestamp,333,86,ok,
reaction-20260711T195313.408870065Z,fair-c100,2026-07-11T20:07:00.455Z,1783800420455,798822,first_a_sqs_sent_timestamp,1569,81,ok,
reaction-20260711T195313.408870065Z,baseline-c100,2026-07-11T20:07:01.431Z,1783800421431,799881,first_a_sqs_sent_timestamp,520,97,ok,
reaction-20260711T195313.408870065Z,fair-c100,2026-07-11T20:07:01.46Z,1783800421460,799827,first_a_sqs_sent_timestamp,1515,75,ok,
reaction-20260711T195313.408870065Z,baseline-c100,2026-07-11T20:07:02.437Z,1783800422437,800887,first_a_sqs_sent_timestamp,890,91,ok,
reaction-20260711T195313.408870065Z,fair-c100,2026-07-11T20:07:02.465Z,1783800422465,800832,first_a_sqs_sent_timestamp,1674,93,ok,
reaction-20260711T195313.408870065Z,baseline-c100,2026-07-11T20:07:03.436Z,1783800423436,801886,first_a_sqs_sent_timestamp,434,89,ok,
reaction-20260711T195313.408870065Z,fair-c100,2026-07-11T20:07:03.464Z,1783800423464,801831,first_a_sqs_sent_timestamp,1521,92,ok,
reaction-20260711T195313.408870065Z,baseline-c100,2026-07-11T20:07:04.429Z,1783800424429,802879,first_a_sqs_sent_timestamp,510,91,ok,
reaction-20260711T195313.408870065Z,fair-c100,2026-07-11T20:07:04.456Z,1783800424456,802823,first_a_sqs_sent_timestamp,1324,100,ok,
reaction-20260711T195313.408870065Z,baseline-c100,2026-07-11T20:07:05.431Z,1783800425431,803881,first_a_sqs_sent_timestamp,147,98,ok,
reaction-20260711T195313.408870065Z,fair-c100,2026-07-11T20:07:05.461Z,1783800425461,803828,first_a_sqs_sent_timestamp,1245,89,ok,
reaction-20260711T195313.408870065Z,baseline-c100,2026-07-11T20:07:06.548Z,1783800426548,804998,first_a_sqs_sent_timestamp,41,101,ok,
reaction-20260711T195313.408870065Z,fair-c100,2026-07-11T20:07:06.579Z,1783800426579,804946,first_a_sqs_sent_timestamp,1245,89,ok,
reaction-20260711T195313.408870065Z,baseline-c100,2026-07-11T20:07:07.433Z,1783800427433,805883,first_a_sqs_sent_timestamp,113,98,ok,
reaction-20260711T195313.408870065Z,fair-c100,2026-07-11T20:07:07.463Z,1783800427463,805830,first_a_sqs_sent_timestamp,1515,75,ok,
reaction-20260711T195313.408870065Z,baseline-c100,2026-07-11T20:07:08.438Z,1783800428438,806888,first_a_sqs_sent_timestamp,113,98,ok,
reaction-20260711T195313.408870065Z,fair-c100,2026-07-11T20:07:08.467Z,1783800428467,806834,first_a_sqs_sent_timestamp,1324,100,ok,
reaction-20260711T195313.408870065Z,baseline-c100,2026-07-11T20:07:09.435Z,1783800429435,807885,first_a_sqs_sent_timestamp,333,86,ok,
reaction-20260711T195313.408870065Z,fair-c100,2026-07-11T20:07:09.463Z,1783800429463,807830,first_a_sqs_sent_timestamp,1056,87,ok,
reaction-20260711T195313.408870065Z,baseline-c100,2026-07-11T20:07:10.432Z,1783800430432,808882,first_a_sqs_sent_timestamp,0,0,ok,
reaction-20260711T195313.408870065Z,fair-c100,2026-07-11T20:07:10.459Z,1783800430459,808826,first_a_sqs_sent_timestamp,1228,98,ok,
reaction-20260711T195313.408870065Z,baseline-c100,2026-07-11T20:07:11.433Z,1783800431433,809883,first_a_sqs_sent_timestamp,41,101,ok,
reaction-20260711T195313.408870065Z,fair-c100,2026-07-11T20:07:11.46Z,1783800431460,809827,first_a_sqs_sent_timestamp,1056,87,ok,
reaction-20260711T195313.408870065Z,baseline-c100,2026-07-11T20:07:12.431Z,1783800432431,810881,first_a_sqs_sent_timestamp,0,0,ok,
reaction-20260711T195313.408870065Z,fair-c100,2026-07-11T20:07:12.46Z,1783800432460,810827,first_a_sqs_sent_timestamp,1063,92,ok,
reaction-20260711T195313.408870065Z,baseline-c100,2026-07-11T20:07:13.432Z,1783800433432,811882,first_a_sqs_sent_timestamp,0,0,ok,
reaction-20260711T195313.408870065Z,fair-c100,2026-07-11T20:07:13.46Z,1783800433460,811827,first_a_sqs_sent_timestamp,1569,81,ok,
reaction-20260711T195313.408870065Z,baseline-c100,2026-07-11T20:07:14.437Z,1783800434437,812887,first_a_sqs_sent_timestamp,147,98,ok,
reaction-20260711T195313.408870065Z,fair-c100,2026-07-11T20:07:14.466Z,1783800434466,812833,first_a_sqs_sent_timestamp,1063,92,ok,
reaction-20260711T195313.408870065Z,baseline-c100,2026-07-11T20:07:15.438Z,1783800435438,813888,first_a_sqs_sent_timestamp,0,0,ok,
reaction-20260711T195313.408870065Z,fair-c100,2026-07-11T20:07:15.468Z,1783800435468,813835,first_a_sqs_sent_timestamp,758,76,ok,
reaction-20260711T195313.408870065Z,baseline-c100,2026-07-11T20:07:16.433Z,1783800436433,814883,first_a_sqs_sent_timestamp,0,0,ok,
reaction-20260711T195313.408870065Z,fair-c100,2026-07-11T20:07:16.462Z,1783800436462,814829,first_a_sqs_sent_timestamp,920,96,ok,
reaction-20260711T195313.408870065Z,baseline-c100,2026-07-11T20:07:17.433Z,1783800437433,815883,first_a_sqs_sent_timestamp,0,0,ok,
reaction-20260711T195313.408870065Z,fair-c100,2026-07-11T20:07:17.462Z,1783800437462,815829,first_a_sqs_sent_timestamp,662,96,ok,
reaction-20260711T195313.408870065Z,baseline-c100,2026-07-11T20:07:18.437Z,1783800438437,816887,first_a_sqs_sent_timestamp,0,0,ok,
reaction-20260711T195313.408870065Z,fair-c100,2026-07-11T20:07:18.464Z,1783800438464,816831,first_a_sqs_sent_timestamp,1015,92,ok,
reaction-20260711T195313.408870065Z,baseline-c100,2026-07-11T20:07:19.434Z,1783800439434,817884,first_a_sqs_sent_timestamp,0,0,ok,
reaction-20260711T195313.408870065Z,fair-c100,2026-07-11T20:07:19.462Z,1783800439462,817829,first_a_sqs_sent_timestamp,682,92,ok,
reaction-20260711T195313.408870065Z,baseline-c100,2026-07-11T20:07:20.439Z,1783800440439,818889,first_a_sqs_sent_timestamp,0,0,ok,
reaction-20260711T195313.408870065Z,fair-c100,2026-07-11T20:07:20.469Z,1783800440469,818836,first_a_sqs_sent_timestamp,758,76,ok,
reaction-20260711T195313.408870065Z,baseline-c100,2026-07-11T20:07:21.435Z,1783800441435,819885,first_a_sqs_sent_timestamp,0,0,ok,
reaction-20260711T195313.408870065Z,fair-c100,2026-07-11T20:07:21.462Z,1783800441462,819829,first_a_sqs_sent_timestamp,662,96,ok,
reaction-20260711T195313.408870065Z,baseline-c100,2026-07-11T20:07:22.442Z,1783800442442,820892,first_a_sqs_sent_timestamp,0,0,ok,
reaction-20260711T195313.408870065Z,fair-c100,2026-07-11T20:07:22.474Z,1783800442474,820841,first_a_sqs_sent_timestamp,617,68,ok,
reaction-20260711T195313.408870065Z,baseline-c100,2026-07-11T20:07:23.434Z,1783800443434,821884,first_a_sqs_sent_timestamp,0,0,ok,
reaction-20260711T195313.408870065Z,fair-c100,2026-07-11T20:07:23.463Z,1783800443463,821830,first_a_sqs_sent_timestamp,682,92,ok,
reaction-20260711T195313.408870065Z,baseline-c100,2026-07-11T20:07:24.438Z,1783800444438,822888,first_a_sqs_sent_timestamp,0,0,ok,
reaction-20260711T195313.408870065Z,fair-c100,2026-07-11T20:07:24.47Z,1783800444470,822837,first_a_sqs_sent_timestamp,346,98,ok,
reaction-20260711T195313.408870065Z,baseline-c100,2026-07-11T20:07:25.501Z,1783800445501,823951,first_a_sqs_sent_timestamp,0,0,ok,
reaction-20260711T195313.408870065Z,fair-c100,2026-07-11T20:07:25.529Z,1783800445529,823896,first_a_sqs_sent_timestamp,476,92,ok,
reaction-20260711T195313.408870065Z,baseline-c100,2026-07-11T20:07:26.441Z,1783800446441,824891,first_a_sqs_sent_timestamp,0,0,ok,
reaction-20260711T195313.408870065Z,fair-c100,2026-07-11T20:07:26.469Z,1783800446469,824836,first_a_sqs_sent_timestamp,346,98,ok,
reaction-20260711T195313.408870065Z,baseline-c100,2026-07-11T20:07:27.432Z,1783800447432,825882,first_a_sqs_sent_timestamp,0,0,ok,
reaction-20260711T195313.408870065Z,fair-c100,2026-07-11T20:07:27.46Z,1783800447460,825827,first_a_sqs_sent_timestamp,346,98,ok,
reaction-20260711T195313.408870065Z,baseline-c100,2026-07-11T20:07:28.439Z,1783800448439,826889,first_a_sqs_sent_timestamp,0,0,ok,
reaction-20260711T195313.408870065Z,fair-c100,2026-07-11T20:07:28.467Z,1783800448467,826834,first_a_sqs_sent_timestamp,432,93,ok,
reaction-20260711T195313.408870065Z,baseline-c100,2026-07-11T20:07:29.439Z,1783800449439,827889,first_a_sqs_sent_timestamp,0,0,ok,
reaction-20260711T195313.408870065Z,fair-c100,2026-07-11T20:07:29.466Z,1783800449466,827833,first_a_sqs_sent_timestamp,119,100,ok,
reaction-20260711T195313.408870065Z,baseline-c100,2026-07-11T20:07:30.439Z,1783800450439,828889,first_a_sqs_sent_timestamp,244,99,ok,
reaction-20260711T195313.408870065Z,fair-c100,2026-07-11T20:07:30.468Z,1783800450468,828835,first_a_sqs_sent_timestamp,247,95,ok,
reaction-20260711T195313.408870065Z,baseline-c100,2026-07-11T20:07:31.444Z,1783800451444,829894,first_a_sqs_sent_timestamp,0,0,ok,
reaction-20260711T195313.408870065Z,fair-c100,2026-07-11T20:07:31.473Z,1783800451473,829840,first_a_sqs_sent_timestamp,787,83,ok,
reaction-20260711T195313.408870065Z,baseline-c100,2026-07-11T20:07:32.436Z,1783800452436,830886,first_a_sqs_sent_timestamp,0,0,ok,
reaction-20260711T195313.408870065Z,fair-c100,2026-07-11T20:07:32.464Z,1783800452464,830831,first_a_sqs_sent_timestamp,119,100,ok,
reaction-20260711T195313.408870065Z,baseline-c100,2026-07-11T20:07:33.536Z,1783800453536,831986,first_a_sqs_sent_timestamp,0,0,ok,
reaction-20260711T195313.408870065Z,fair-c100,2026-07-11T20:07:33.567Z,1783800453567,831934,first_a_sqs_sent_timestamp,242,96,ok,
reaction-20260711T195313.408870065Z,baseline-c100,2026-07-11T20:07:34.439Z,1783800454439,832889,first_a_sqs_sent_timestamp,0,0,ok,
reaction-20260711T195313.408870065Z,fair-c100,2026-07-11T20:07:34.468Z,1783800454468,832835,first_a_sqs_sent_timestamp,247,95,ok,
reaction-20260711T195313.408870065Z,baseline-c100,2026-07-11T20:07:35.432Z,1783800455432,833882,first_a_sqs_sent_timestamp,0,0,ok,
reaction-20260711T195313.408870065Z,fair-c100,2026-07-11T20:07:35.459Z,1783800455459,833826,first_a_sqs_sent_timestamp,0,60,ok,
reaction-20260711T195313.408870065Z,baseline-c100,2026-07-11T20:07:36.431Z,1783800456431,834881,first_a_sqs_sent_timestamp,0,0,ok,
reaction-20260711T195313.408870065Z,fair-c100,2026-07-11T20:07:36.459Z,1783800456459,834826,first_a_sqs_sent_timestamp,119,100,ok,
reaction-20260711T195313.408870065Z,baseline-c100,2026-07-11T20:07:37.433Z,1783800457433,835883,first_a_sqs_sent_timestamp,0,0,ok,
reaction-20260711T195313.408870065Z,fair-c100,2026-07-11T20:07:37.461Z,1783800457461,835828,first_a_sqs_sent_timestamp,0,0,ok,
reaction-20260711T195313.408870065Z,baseline-c100,2026-07-11T20:07:38.441Z,1783800458441,836891,first_a_sqs_sent_timestamp,0,0,ok,
reaction-20260711T195313.408870065Z,fair-c100,2026-07-11T20:07:38.47Z,1783800458470,836837,first_a_sqs_sent_timestamp,0,0,ok,
reaction-20260711T195313.408870065Z,baseline-c100,2026-07-11T20:07:39.438Z,1783800459438,837888,first_a_sqs_sent_timestamp,0,0,ok,
reaction-20260711T195313.408870065Z,fair-c100,2026-07-11T20:07:39.466Z,1783800459466,837833,first_a_sqs_sent_timestamp,0,0,ok,
reaction-20260711T195313.408870065Z,baseline-c100,2026-07-11T20:07:40.439Z,1783800460439,838889,first_a_sqs_sent_timestamp,0,0,ok,
reaction-20260711T195313.408870065Z,fair-c100,2026-07-11T20:07:40.467Z,1783800460467,838834,first_a_sqs_sent_timestamp,0,0,ok,
reaction-20260711T195313.408870065Z,baseline-c100,2026-07-11T20:07:41.431Z,1783800461431,839881,first_a_sqs_sent_timestamp,0,0,ok,
reaction-20260711T195313.408870065Z,fair-c100,2026-07-11T20:07:41.461Z,1783800461461,839828,first_a_sqs_sent_timestamp,0,60,ok,
