experiment_id,scenario,sampled_at,sampled_at_ms,approximate_visible,approximate_not_visible,sample_status,sample_error
reaction-20260711T195313.408870065Z,baseline-c100,2026-07-11T19:53:41.434664679Z,1783799621434,0,0,ok,
reaction-20260711T195313.408870065Z,fair-c100,2026-07-11T19:53:41.465321268Z,1783799621465,158,10,ok,
reaction-20260711T195313.408870065Z,baseline-c100,2026-07-11T19:53:42.442072424Z,1783799622442,167,5,ok,
reaction-20260711T195313.408870065Z,fair-c100,2026-07-11T19:53:42.470581948Z,1783799622470,0,0,ok,
reaction-20260711T195313.408870065Z,baseline-c100,2026-07-11T19:53:43.438117658Z,1783799623438,0,0,ok,
reaction-20260711T195313.408870065Z,fair-c100,2026-07-11T19:53:43.465983691Z,1783799623465,3731,68,ok,
reaction-20260711T195313.408870065Z,baseline-c100,2026-07-11T19:53:44.450127778Z,1783799624450,12454,38,ok,
reaction-20260711T195313.408870065Z,fair-c100,2026-07-11T19:53:44.481368922Z,1783799624481,0,0,ok,
reaction-20260711T195313.408870065Z,baseline-c100,2026-07-11T19:53:45.449451822Z,1783799625449,16809,76,ok,
reaction-20260711T195313.408870065Z,fair-c100,2026-07-11T19:53:45.475655203Z,1783799625475,12744,29,ok,
reaction-20260711T195313.408870065Z,baseline-c100,2026-07-11T19:53:46.429485443Z,1783799626429,12454,38,ok,
reaction-20260711T195313.408870065Z,fair-c100,2026-07-11T19:53:46.456895847Z,1783799626456,0,0,ok,
reaction-20260711T195313.408870065Z,baseline-c100,2026-07-11T19:53:47.483940056Z,1783799627483,0,0,ok,
reaction-20260711T195313.408870065Z,fair-c100,2026-07-11T19:53:47.567598409Z,1783799627567,23409,39,ok,
reaction-20260711T195313.408870065Z,baseline-c100,2026-07-11T19:53:48.467680771Z,1783799628467,16809,76,ok,
reaction-20260711T195313.408870065Z,fair-c100,2026-07-11T19:53:48.532039971Z,1783799628532,0,0,ok,
reaction-20260711T195313.408870065Z,baseline-c100,2026-07-11T19:53:49.433227101Z,1783799629433,12454,38,ok,
reaction-20260711T195313.408870065Z,fair-c100,2026-07-11T19:53:49.461645093Z,1783799629461,28646,67,ok,
reaction-20260711T195313.408870065Z,baseline-c100,2026-07-11T19:53:50.434658375Z,1783799630434,3679,88,ok,
reaction-20260711T195313.408870065Z,fair-c100,2026-07-11T19:53:50.465604419Z,1783799630465,3731,68,ok,
reaction-20260711T195313.408870065Z,baseline-c100,2026-07-11T19:53:51.434968915Z,1783799631434,16809,76,ok,
reaction-20260711T195313.408870065Z,fair-c100,2026-07-11T19:53:51.465476228Z,1783799631465,28646,67,ok,
reaction-20260711T195313.408870065Z,baseline-c100,2026-07-11T19:53:52.431636156Z,1783799632431,23440,79,ok,
reaction-20260711T195313.408870065Z,fair-c100,2026-07-11T19:53:52.461752152Z,1783799632461,0,20,ok,
reaction-20260711T195313.408870065Z,baseline-c100,2026-07-11T19:53:53.435787467Z,1783799633435,0,21,ok,
reaction-20260711T195313.408870065Z,fair-c100,2026-07-11T19:53:53.464202421Z,1783799633464,29800,76,ok,
reaction-20260711T195313.408870065Z,baseline-c100,2026-07-11T19:53:54.435028003Z,1783799634435,12454,38,ok,
reaction-20260711T195313.408870065Z,fair-c100,2026-07-11T19:53:54.484185171Z,1783799634484,28646,67,ok,
reaction-20260711T195313.408870065Z,baseline-c100,2026-07-11T19:53:55.433063309Z,1783799635433,29605,82,ok,
reaction-20260711T195313.408870065Z,fair-c100,2026-07-11T19:53:55.462895996Z,1783799635462,25497,51,ok,
reaction-20260711T195313.408870065Z,baseline-c100,2026-07-11T19:53:56.432129626Z,1783799636432,29743,86,ok,
reaction-20260711T195313.408870065Z,fair-c100,2026-07-11T19:53:56.462500889Z,1783799636462,29856,52,ok,
reaction-20260711T195313.408870065Z,baseline-c100,2026-07-11T19:53:57.437845921Z,1783799637437,29716,76,ok,
reaction-20260711T195313.408870065Z,fair-c100,2026-07-11T19:53:57.468450632Z,1783799637468,29721,61,ok,
reaction-20260711T195313.408870065Z,baseline-c100,2026-07-11T19:53:58.432055868Z,1783799638432,29527,99,ok,
reaction-20260711T195313.408870065Z,fair-c100,2026-07-11T19:53:58.462436075Z,1783799638462,23409,39,ok,
reaction-20260711T195313.408870065Z,baseline-c100,2026-07-11T19:53:59.435814734Z,1783799639435,8094,88,ok,
reaction-20260711T195313.408870065Z,fair-c100,2026-07-11T19:53:59.464916264Z,1783799639464,29727,68,ok,
reaction-20260711T195313.408870065Z,baseline-c100,2026-07-11T19:54:00.456339001Z,1783799640456,29606,84,ok,
reaction-20260711T195313.408870065Z,fair-c100,2026-07-11T19:54:00.483711332Z,1783799640483,29727,68,ok,
reaction-20260711T195313.408870065Z,baseline-c100,2026-07-11T19:54:01.439499714Z,1783799641439,29514,99,ok,
reaction-20260711T195313.408870065Z,fair-c100,2026-07-11T19:54:01.467946558Z,1783799641467,29770,64,ok,
reaction-20260711T195313.408870065Z,baseline-c100,2026-07-11T19:54:02.434288304Z,1783799642434,29657,95,ok,
reaction-20260711T195313.408870065Z,fair-c100,2026-07-11T19:54:02.46446208Z,1783799642464,29808,87,ok,
reaction-20260711T195313.408870065Z,baseline-c100,2026-07-11T19:54:03.434273378Z,1783799643434,29531,114,ok,
reaction-20260711T195313.408870065Z,fair-c100,2026-07-11T19:54:03.463943617Z,1783799643463,29673,88,ok,
reaction-20260711T195313.408870065Z,baseline-c100,2026-07-11T19:54:04.435197038Z,1783799644435,29426,88,ok,
reaction-20260711T195313.408870065Z,fair-c100,2026-07-11T19:54:04.464981183Z,1783799644464,29722,62,ok,
reaction-20260711T195313.408870065Z,baseline-c100,2026-07-11T19:54:05.433566446Z,1783799645433,29291,86,ok,
reaction-20260711T195313.408870065Z,fair-c100,2026-07-11T19:54:05.465929687Z,1783799645465,12748,45,ok,
reaction-20260711T195313.408870065Z,baseline-c100,2026-07-11T19:54:06.433557836Z,1783799646433,23444,94,ok,
reaction-20260711T195313.408870065Z,fair-c100,2026-07-11T19:54:06.463898552Z,1783799646463,29549,64,ok,
reaction-20260711T195313.408870065Z,baseline-c100,2026-07-11T19:54:07.433412969Z,1783799647433,29299,90,ok,
reaction-20260711T195313.408870065Z,fair-c100,2026-07-11T19:54:07.462050796Z,1783799647462,29496,76,ok,
reaction-20260711T195313.408870065Z,baseline-c100,2026-07-11T19:54:08.43321414Z,1783799648433,29425,75,ok,
reaction-20260711T195313.408870065Z,fair-c100,2026-07-11T19:54:08.460685663Z,1783799648460,29520,46,ok,
reaction-20260711T195313.408870065Z,baseline-c100,2026-07-11T19:54:09.433171904Z,1783799649433,29291,86,ok,
reaction-20260711T195313.408870065Z,fair-c100,2026-07-11T19:54:09.460364744Z,1783799649460,29515,47,ok,
reaction-20260711T195313.408870065Z,baseline-c100,2026-07-11T19:54:10.431498624Z,1783799650431,29123,91,ok,
reaction-20260711T195313.408870065Z,fair-c100,2026-07-11T19:54:10.466560482Z,1783799650466,29609,77,ok,
reaction-20260711T195313.408870065Z,baseline-c100,2026-07-11T19:54:11.432575315Z,1783799651432,29277,85,ok,
reaction-20260711T195313.408870065Z,fair-c100,2026-07-11T19:54:11.469241776Z,1783799651469,29514,50,ok,
reaction-20260711T195313.408870065Z,baseline-c100,2026-07-11T19:54:12.437477689Z,1783799652437,29033,89,ok,
reaction-20260711T195313.408870065Z,fair-c100,2026-07-11T19:54:12.464316525Z,1783799652464,29383,75,ok,
reaction-20260711T195313.408870065Z,baseline-c100,2026-07-11T19:54:13.431457608Z,1783799653431,29511,92,ok,
reaction-20260711T195313.408870065Z,fair-c100,2026-07-11T19:54:13.457494435Z,1783799653457,29437,61,ok,
reaction-20260711T195313.408870065Z,baseline-c100,2026-07-11T19:54:14.442311004Z,1783799654442,28969,99,ok,
reaction-20260711T195313.408870065Z,fair-c100,2026-07-11T19:54:14.46965964Z,1783799654469,29297,50,ok,
reaction-20260711T195313.408870065Z,baseline-c100,2026-07-11T19:54:15.431742896Z,1783799655431,29210,93,ok,
reaction-20260711T195313.408870065Z,fair-c100,2026-07-11T19:54:15.461253228Z,1783799655461,29357,59,ok,
reaction-20260711T195313.408870065Z,baseline-c100,2026-07-11T19:54:16.432636543Z,1783799656432,28965,90,ok,
reaction-20260711T195313.408870065Z,fair-c100,2026-07-11T19:54:16.459150863Z,1783799656459,29358,57,ok,
reaction-20260711T195313.408870065Z,baseline-c100,2026-07-11T19:54:17.433794412Z,1783799657433,29123,94,ok,
reaction-20260711T195313.408870065Z,fair-c100,2026-07-11T19:54:17.463615951Z,1783799657463,29355,59,ok,
reaction-20260711T195313.408870065Z,baseline-c100,2026-07-11T19:54:18.436295258Z,1783799658436,28896,98,ok,
reaction-20260711T195313.408870065Z,fair-c100,2026-07-11T19:54:18.465957529Z,1783799658465,29200,79,ok,
reaction-20260711T195313.408870065Z,baseline-c100,2026-07-11T19:54:19.435725002Z,1783799659435,29097,89,ok,
reaction-20260711T195313.408870065Z,fair-c100,2026-07-11T19:54:19.481771397Z,1783799659481,29429,59,ok,
reaction-20260711T195313.408870065Z,baseline-c100,2026-07-11T19:54:20.432269247Z,1783799660432,28894,95,ok,
reaction-20260711T195313.408870065Z,fair-c100,2026-07-11T19:54:20.458979154Z,1783799660458,29200,79,ok,
reaction-20260711T195313.408870065Z,baseline-c100,2026-07-11T19:54:21.432918804Z,1783799661432,28760,74,ok,
reaction-20260711T195313.408870065Z,fair-c100,2026-07-11T19:54:21.463880333Z,1783799661463,29199,84,ok,
reaction-20260711T195313.408870065Z,baseline-c100,2026-07-11T19:54:22.432214478Z,1783799662432,28814,100,ok,
reaction-20260711T195313.408870065Z,fair-c100,2026-07-11T19:54:22.481249539Z,1783799662481,29295,50,ok,
reaction-20260711T195313.408870065Z,baseline-c100,2026-07-11T19:54:23.430903823Z,1783799663430,28759,75,ok,
reaction-20260711T195313.408870065Z,fair-c100,2026-07-11T19:54:23.456416084Z,1783799663456,29082,66,ok,
reaction-20260711T195313.408870065Z,baseline-c100,2026-07-11T19:54:24.432104037Z,1783799664432,28759,75,ok,
reaction-20260711T195313.408870065Z,fair-c100,2026-07-11T19:54:24.465602166Z,1783799664465,29200,78,ok,
reaction-20260711T195313.408870065Z,baseline-c100,2026-07-11T19:54:25.432582904Z,1783799665432,28814,102,ok,
reaction-20260711T195313.408870065Z,fair-c100,2026-07-11T19:54:25.461931139Z,1783799665461,29544,78,ok,
reaction-20260711T195313.408870065Z,baseline-c100,2026-07-11T19:54:26.435232038Z,1783799666435,28966,91,ok,
reaction-20260711T195313.408870065Z,fair-c100,2026-07-11T19:54:26.463055549Z,1783799666463,29021,79,ok,
reaction-20260711T195313.408870065Z,baseline-c100,2026-07-11T19:54:27.432627051Z,1783799667432,29031,85,ok,
reaction-20260711T195313.408870065Z,fair-c100,2026-07-11T19:54:27.459169471Z,1783799667459,29082,64,ok,
reaction-20260711T195313.408870065Z,baseline-c100,2026-07-11T19:54:28.431592729Z,1783799668431,29120,86,ok,
reaction-20260711T195313.408870065Z,fair-c100,2026-07-11T19:54:28.458633579Z,1783799668458,29082,64,ok,
reaction-20260711T195313.408870065Z,baseline-c100,2026-07-11T19:54:29.433629699Z,1783799669433,28504,88,ok,
reaction-20260711T195313.408870065Z,fair-c100,2026-07-11T19:54:29.460888668Z,1783799669460,29021,76,ok,
reaction-20260711T195313.408870065Z,baseline-c100,2026-07-11T19:54:30.432032953Z,1783799670432,28459,93,ok,
reaction-20260711T195313.408870065Z,fair-c100,2026-07-11T19:54:30.462008206Z,1783799670462,28918,82,ok,
reaction-20260711T195313.408870065Z,baseline-c100,2026-07-11T19:54:31.435138687Z,1783799671435,28567,91,ok,
reaction-20260711T195313.408870065Z,fair-c100,2026-07-11T19:54:31.463841904Z,1783799671463,29021,78,ok,
reaction-20260711T195313.408870065Z,baseline-c100,2026-07-11T19:54:32.432070739Z,1783799672432,28895,94,ok,
reaction-20260711T195313.408870065Z,fair-c100,2026-07-11T19:54:32.483259649Z,1783799672483,28847,80,ok,
reaction-20260711T195313.408870065Z,baseline-c100,2026-07-11T19:54:33.434422027Z,1783799673434,28503,85,ok,
reaction-20260711T195313.408870065Z,fair-c100,2026-07-11T19:54:33.463293399Z,1783799673463,28917,83,ok,
reaction-20260711T195313.408870065Z,baseline-c100,2026-07-11T19:54:34.435330963Z,1783799674435,28347,99,ok,
reaction-20260711T195313.408870065Z,fair-c100,2026-07-11T19:54:34.462599819Z,1783799674462,29381,78,ok,
reaction-20260711T195313.408870065Z,baseline-c100,2026-07-11T19:54:35.431439571Z,1783799675431,28287,73,ok,
reaction-20260711T195313.408870065Z,fair-c100,2026-07-11T19:54:35.462392267Z,1783799675462,28793,73,ok,
reaction-20260711T195313.408870065Z,baseline-c100,2026-07-11T19:54:36.432551323Z,1783799676432,28759,77,ok,
reaction-20260711T195313.408870065Z,fair-c100,2026-07-11T19:54:36.460307938Z,1783799676460,29144,80,ok,
reaction-20260711T195313.408870065Z,baseline-c100,2026-07-11T19:54:37.43188627Z,1783799677431,28313,92,ok,
reaction-20260711T195313.408870065Z,fair-c100,2026-07-11T19:54:37.45789564Z,1783799677457,28731,74,ok,
reaction-20260711T195313.408870065Z,baseline-c100,2026-07-11T19:54:38.432290403Z,1783799678432,28313,91,ok,
reaction-20260711T195313.408870065Z,fair-c100,2026-07-11T19:54:38.480094882Z,1783799678480,28785,68,ok,
reaction-20260711T195313.408870065Z,baseline-c100,2026-07-11T19:54:39.433693084Z,1783799679433,28457,92,ok,
reaction-20260711T195313.408870065Z,fair-c100,2026-07-11T19:54:39.460312361Z,1783799679460,28731,79,ok,
reaction-20260711T195313.408870065Z,baseline-c100,2026-07-11T19:54:40.432195247Z,1783799680432,28183,100,ok,
reaction-20260711T195313.408870065Z,fair-c100,2026-07-11T19:54:40.458187404Z,1783799680458,28849,84,ok,
reaction-20260711T195313.408870065Z,baseline-c100,2026-07-11T19:54:41.439225303Z,1783799681439,28349,105,ok,
reaction-20260711T195313.408870065Z,fair-c100,2026-07-11T19:54:41.472745086Z,1783799681472,29599,58,ok,
reaction-20260711T195313.408870065Z,baseline-c100,2026-07-11T19:54:42.432157783Z,1783799682432,28065,92,ok,
reaction-20260711T195313.408870065Z,fair-c100,2026-07-11T19:54:42.458590994Z,1783799682458,28728,72,ok,
reaction-20260711T195313.408870065Z,baseline-c100,2026-07-11T19:54:43.432063743Z,1783799683432,28067,90,ok,
reaction-20260711T195313.408870065Z,fair-c100,2026-07-11T19:54:43.45902301Z,1783799683459,28613,77,ok,
reaction-20260711T195313.408870065Z,baseline-c100,2026-07-11T19:54:44.434842465Z,1783799684434,27995,91,ok,
reaction-20260711T195313.408870065Z,fair-c100,2026-07-11T19:54:44.466063597Z,1783799684466,28793,75,ok,
reaction-20260711T195313.408870065Z,baseline-c100,2026-07-11T19:54:45.433022187Z,1783799685433,27995,94,ok,
reaction-20260711T195313.408870065Z,fair-c100,2026-07-11T19:54:45.46331288Z,1783799685463,28502,77,ok,
reaction-20260711T195313.408870065Z,baseline-c100,2026-07-11T19:54:46.431102871Z,1783799686431,27995,91,ok,
reaction-20260711T195313.408870065Z,fair-c100,2026-07-11T19:54:46.458197619Z,1783799686458,28614,78,ok,
reaction-20260711T195313.408870065Z,baseline-c100,2026-07-11T19:54:47.439274399Z,1783799687439,28067,92,ok,
reaction-20260711T195313.408870065Z,fair-c100,2026-07-11T19:54:47.467139644Z,1783799687467,28563,75,ok,
reaction-20260711T195313.408870065Z,baseline-c100,2026-07-11T19:54:48.434789228Z,1783799688434,27802,82,ok,
reaction-20260711T195313.408870065Z,fair-c100,2026-07-11T19:54:48.464051222Z,1783799688464,28594,74,ok,
reaction-20260711T195313.408870065Z,baseline-c100,2026-07-11T19:54:49.434116481Z,1783799689434,28183,100,ok,
reaction-20260711T195313.408870065Z,fair-c100,2026-07-11T19:54:49.61768191Z,1783799689617,29010,56,ok,
reaction-20260711T195313.408870065Z,baseline-c100,2026-07-11T19:54:50.43177642Z,1783799690431,27994,97,ok,
reaction-20260711T195313.408870065Z,fair-c100,2026-07-11T19:54:50.459712984Z,1783799690459,28467,50,ok,
reaction-20260711T195313.408870065Z,baseline-c100,2026-07-11T19:54:51.433016395Z,1783799691433,27803,76,ok,
reaction-20260711T195313.408870065Z,fair-c100,2026-07-11T19:54:51.459776607Z,1783799691459,28430,69,ok,
reaction-20260711T195313.408870065Z,baseline-c100,2026-07-11T19:54:52.434926457Z,1783799692434,27725,101,ok,
reaction-20260711T195313.408870065Z,fair-c100,2026-07-11T19:54:52.463427589Z,1783799692463,28430,78,ok,
reaction-20260711T195313.408870065Z,baseline-c100,2026-07-11T19:54:53.434110021Z,1783799693434,28113,92,ok,
reaction-20260711T195313.408870065Z,fair-c100,2026-07-11T19:54:53.46954165Z,1783799693469,28786,64,ok,
reaction-20260711T195313.408870065Z,baseline-c100,2026-07-11T19:54:54.435503989Z,1783799694435,27587,95,ok,
reaction-20260711T195313.408870065Z,fair-c100,2026-07-11T19:54:54.466855481Z,1783799694466,28470,52,ok,
reaction-20260711T195313.408870065Z,baseline-c100,2026-07-11T19:54:55.433985879Z,1783799695433,27726,98,ok,
reaction-20260711T195313.408870065Z,fair-c100,2026-07-11T19:54:55.461231283Z,1783799695461,28314,70,ok,
reaction-20260711T195313.408870065Z,baseline-c100,2026-07-11T19:54:56.432617379Z,1783799696432,27687,84,ok,
reaction-20260711T195313.408870065Z,fair-c100,2026-07-11T19:54:56.460973339Z,1783799696460,28432,60,ok,
reaction-20260711T195313.408870065Z,baseline-c100,2026-07-11T19:54:57.441377655Z,1783799697441,27944,95,ok,
reaction-20260711T195313.408870065Z,fair-c100,2026-07-11T19:54:57.470467134Z,1783799697470,28236,68,ok,
reaction-20260711T195313.408870065Z,baseline-c100,2026-07-11T19:54:58.433166992Z,1783799698433,27480,89,ok,
reaction-20260711T195313.408870065Z,fair-c100,2026-07-11T19:54:58.461776757Z,1783799698461,28399,51,ok,
reaction-20260711T195313.408870065Z,baseline-c100,2026-07-11T19:54:59.433374096Z,1783799699433,27446,92,ok,
reaction-20260711T195313.408870065Z,fair-c100,2026-07-11T19:54:59.463082943Z,1783799699463,28507,81,ok,
reaction-20260711T195313.408870065Z,baseline-c100,2026-07-11T19:55:00.432650845Z,1783799700432,28530,82,ok,
reaction-20260711T195313.408870065Z,fair-c100,2026-07-11T19:55:00.486961751Z,1783799700486,28286,69,ok,
reaction-20260711T195313.408870065Z,baseline-c100,2026-07-11T19:55:01.432069284Z,1783799701432,27345,92,ok,
reaction-20260711T195313.408870065Z,fair-c100,2026-07-11T19:55:01.462608247Z,1783799701462,28198,55,ok,
reaction-20260711T195313.408870065Z,baseline-c100,2026-07-11T19:55:02.433259586Z,1783799702433,27448,88,ok,
reaction-20260711T195313.408870065Z,fair-c100,2026-07-11T19:55:02.459102581Z,1783799702459,28197,58,ok,
reaction-20260711T195313.408870065Z,baseline-c100,2026-07-11T19:55:03.434043995Z,1783799703434,27517,87,ok,
reaction-20260711T195313.408870065Z,fair-c100,2026-07-11T19:55:03.462655116Z,1783799703462,28143,72,ok,
reaction-20260711T195313.408870065Z,baseline-c100,2026-07-11T19:55:04.433084137Z,1783799704433,27227,94,ok,
reaction-20260711T195313.408870065Z,fair-c100,2026-07-11T19:55:04.461064154Z,1783799704461,28429,81,ok,
reaction-20260711T195313.408870065Z,baseline-c100,2026-07-11T19:55:05.435348599Z,1783799705435,27233,89,ok,
reaction-20260711T195313.408870065Z,fair-c100,2026-07-11T19:55:05.464044802Z,1783799705464,28166,68,ok,
reaction-20260711T195313.408870065Z,baseline-c100,2026-07-11T19:55:06.432867143Z,1783799706432,27480,88,ok,
reaction-20260711T195313.408870065Z,fair-c100,2026-07-11T19:55:06.460987604Z,1783799706460,28309,68,ok,
reaction-20260711T195313.408870065Z,baseline-c100,2026-07-11T19:55:07.43443114Z,1783799707434,27801,77,ok,
reaction-20260711T195313.408870065Z,fair-c100,2026-07-11T19:55:07.465135182Z,1783799707465,28197,53,ok,
reaction-20260711T195313.408870065Z,baseline-c100,2026-07-11T19:55:08.432890648Z,1783799708432,27232,91,ok,
reaction-20260711T195313.408870065Z,fair-c100,2026-07-11T19:55:08.461139967Z,1783799708461,27954,82,ok,
reaction-20260711T195313.408870065Z,baseline-c100,2026-07-11T19:55:09.433035769Z,1783799709433,27345,95,ok,
reaction-20260711T195313.408870065Z,fair-c100,2026-07-11T19:55:09.45908402Z,1783799709459,28008,70,ok,
reaction-20260711T195313.408870065Z,baseline-c100,2026-07-11T19:55:10.433544696Z,1783799710433,27226,94,ok,
reaction-20260711T195313.408870065Z,fair-c100,2026-07-11T19:55:10.461183025Z,1783799710461,27983,79,ok,
reaction-20260711T195313.408870065Z,baseline-c100,2026-07-11T19:55:11.507997307Z,1783799711507,27114,78,ok,
reaction-20260711T195313.408870065Z,fair-c100,2026-07-11T19:55:11.537957092Z,1783799711537,27982,81,ok,
reaction-20260711T195313.408870065Z,baseline-c100,2026-07-11T19:55:12.493179344Z,1783799712493,27113,80,ok,
reaction-20260711T195313.408870065Z,fair-c100,2026-07-11T19:55:12.524715544Z,1783799712524,28089,78,ok,
reaction-20260711T195313.408870065Z,baseline-c100,2026-07-11T19:55:13.437693254Z,1783799713437,27001,87,ok,
reaction-20260711T195313.408870065Z,fair-c100,2026-07-11T19:55:13.467201403Z,1783799713467,27953,82,ok,
reaction-20260711T195313.408870065Z,baseline-c100,2026-07-11T19:55:14.436169753Z,1783799714436,27001,87,ok,
reaction-20260711T195313.408870065Z,fair-c100,2026-07-11T19:55:14.472578007Z,1783799714472,28043,70,ok,
reaction-20260711T195313.408870065Z,baseline-c100,2026-07-11T19:55:15.434181815Z,1783799715434,27586,90,ok,
reaction-20260711T195313.408870065Z,fair-c100,2026-07-11T19:55:15.469419059Z,1783799715469,27749,81,ok,
reaction-20260711T195313.408870065Z,baseline-c100,2026-07-11T19:55:16.434122705Z,1783799716434,26939,77,ok,
reaction-20260711T195313.408870065Z,fair-c100,2026-07-11T19:55:16.463227336Z,1783799716463,27808,83,ok,
reaction-20260711T195313.408870065Z,baseline-c100,2026-07-11T19:55:17.433949822Z,1783799717433,27231,89,ok,
reaction-20260711T195313.408870065Z,fair-c100,2026-07-11T19:55:17.463315763Z,1783799717463,28142,73,ok,
reaction-20260711T195313.408870065Z,baseline-c100,2026-07-11T19:55:18.435887194Z,1783799718435,27002,83,ok,
reaction-20260711T195313.408870065Z,fair-c100,2026-07-11T19:55:18.46365619Z,1783799718463,27650,95,ok,
reaction-20260711T195313.408870065Z,baseline-c100,2026-07-11T19:55:19.43133022Z,1783799719431,26832,92,ok,
reaction-20260711T195313.408870065Z,fair-c100,2026-07-11T19:55:19.461892843Z,1783799719461,27649,98,ok,
reaction-20260711T195313.408870065Z,baseline-c100,2026-07-11T19:55:20.430524325Z,1783799720430,27138,73,ok,
reaction-20260711T195313.408870065Z,fair-c100,2026-07-11T19:55:20.464780585Z,1783799720464,27649,98,ok,
reaction-20260711T195313.408870065Z,baseline-c100,2026-07-11T19:55:21.432756892Z,1783799721432,26831,98,ok,
reaction-20260711T195313.408870065Z,fair-c100,2026-07-11T19:55:21.461150322Z,1783799721461,27807,79,ok,
reaction-20260711T195313.408870065Z,baseline-c100,2026-07-11T19:55:22.452918182Z,1783799722452,26755,91,ok,
reaction-20260711T195313.408870065Z,fair-c100,2026-07-11T19:55:22.496441012Z,1783799722496,27517,92,ok,
reaction-20260711T195313.408870065Z,baseline-c100,2026-07-11T19:55:23.434564318Z,1783799723434,26756,88,ok,
reaction-20260711T195313.408870065Z,fair-c100,2026-07-11T19:55:23.464251092Z,1783799723464,28011,71,ok,
reaction-20260711T195313.408870065Z,baseline-c100,2026-07-11T19:55:24.431624157Z,1783799724431,26653,95,ok,
reaction-20260711T195313.408870065Z,fair-c100,2026-07-11T19:55:24.458584101Z,1783799724458,27647,100,ok,
reaction-20260711T195313.408870065Z,baseline-c100,2026-07-11T19:55:25.432453802Z,1783799725432,26553,86,ok,
reaction-20260711T195313.408870065Z,fair-c100,2026-07-11T19:55:25.460552967Z,1783799725460,27791,89,ok,
reaction-20260711T195313.408870065Z,baseline-c100,2026-07-11T19:55:26.432424688Z,1783799726432,26728,97,ok,
reaction-20260711T195313.408870065Z,fair-c100,2026-07-11T19:55:26.459756898Z,1783799726459,27430,76,ok,
reaction-20260711T195313.408870065Z,baseline-c100,2026-07-11T19:55:27.431402204Z,1783799727431,27037,102,ok,
reaction-20260711T195313.408870065Z,fair-c100,2026-07-11T19:55:27.458165608Z,1783799727458,27404,75,ok,
reaction-20260711T195313.408870065Z,baseline-c100,2026-07-11T19:55:28.430604466Z,1783799728430,26417,91,ok,
reaction-20260711T195313.408870065Z,fair-c100,2026-07-11T19:55:28.458285363Z,1783799728458,27404,74,ok,
reaction-20260711T195313.408870065Z,baseline-c100,2026-07-11T19:55:29.432757046Z,1783799729432,26420,86,ok,
reaction-20260711T195313.408870065Z,fair-c100,2026-07-11T19:55:29.460268349Z,1783799729460,27515,87,ok,
reaction-20260711T195313.408870065Z,baseline-c100,2026-07-11T19:55:30.488522636Z,1783799730488,26417,91,ok,
reaction-20260711T195313.408870065Z,fair-c100,2026-07-11T19:55:30.569412621Z,1783799730569,27853,68,ok,
reaction-20260711T195313.408870065Z,baseline-c100,2026-07-11T19:55:31.442949864Z,1783799731442,26553,90,ok,
reaction-20260711T195313.408870065Z,fair-c100,2026-07-11T19:55:31.503135733Z,1783799731503,27432,73,ok,
reaction-20260711T195313.408870065Z,baseline-c100,2026-07-11T19:55:32.432634465Z,1783799732432,26293,72,ok,
reaction-20260711T195313.408870065Z,fair-c100,2026-07-11T19:55:32.482376357Z,1783799732482,27750,86,ok,
reaction-20260711T195313.408870065Z,baseline-c100,2026-07-11T19:55:33.432708048Z,1783799733432,26294,69,ok,
reaction-20260711T195313.408870065Z,fair-c100,2026-07-11T19:55:33.481506764Z,1783799733481,27190,95,ok,
reaction-20260711T195313.408870065Z,baseline-c100,2026-07-11T19:55:34.432010965Z,1783799734432,26417,86,ok,
reaction-20260711T195313.408870065Z,fair-c100,2026-07-11T19:55:34.459496103Z,1783799734459,27191,96,ok,
reaction-20260711T195313.408870065Z,baseline-c100,2026-07-11T19:55:35.435226639Z,1783799735435,26621,88,ok,
reaction-20260711T195313.408870065Z,fair-c100,2026-07-11T19:55:35.463278761Z,1783799735463,27228,90,ok,
reaction-20260711T195313.408870065Z,baseline-c100,2026-07-11T19:55:36.433604464Z,1783799736433,26448,95,ok,
reaction-20260711T195313.408870065Z,fair-c100,2026-07-11T19:55:36.464404815Z,1783799736464,27453,78,ok,
reaction-20260711T195313.408870065Z,baseline-c100,2026-07-11T19:55:37.441591084Z,1783799737441,26293,69,ok,
reaction-20260711T195313.408870065Z,fair-c100,2026-07-11T19:55:37.471374802Z,1783799737471,27229,88,ok,
reaction-20260711T195313.408870065Z,baseline-c100,2026-07-11T19:55:38.432313342Z,1783799738432,26113,90,ok,
reaction-20260711T195313.408870065Z,fair-c100,2026-07-11T19:55:38.461367903Z,1783799738461,27403,76,ok,
reaction-20260711T195313.408870065Z,baseline-c100,2026-07-11T19:55:39.433220069Z,1783799739433,26144,98,ok,
reaction-20260711T195313.408870065Z,fair-c100,2026-07-11T19:55:39.461810824Z,1783799739461,27263,75,ok,
reaction-20260711T195313.408870065Z,baseline-c100,2026-07-11T19:55:40.43997126Z,1783799740439,26181,98,ok,
reaction-20260711T195313.408870065Z,fair-c100,2026-07-11T19:55:40.469477585Z,1783799740469,26964,91,ok,
reaction-20260711T195313.408870065Z,baseline-c100,2026-07-11T19:55:41.432570536Z,1783799741432,26096,67,ok,
reaction-20260711T195313.408870065Z,fair-c100,2026-07-11T19:55:41.468298556Z,1783799741468,27175,77,ok,
reaction-20260711T195313.408870065Z,baseline-c100,2026-07-11T19:55:42.432293818Z,1783799742432,26113,93,ok,
reaction-20260711T195313.408870065Z,fair-c100,2026-07-11T19:55:42.489128928Z,1783799742489,26993,95,ok,
reaction-20260711T195313.408870065Z,baseline-c100,2026-07-11T19:55:43.436891916Z,1783799743436,26096,66,ok,
reaction-20260711T195313.408870065Z,fair-c100,2026-07-11T19:55:43.465716724Z,1783799743465,26965,90,ok,
reaction-20260711T195313.408870065Z,baseline-c100,2026-07-11T19:55:44.431517627Z,1783799744431,25883,90,ok,
reaction-20260711T195313.408870065Z,fair-c100,2026-07-11T19:55:44.463314261Z,1783799744463,27189,97,ok,
reaction-20260711T195313.408870065Z,baseline-c100,2026-07-11T19:55:45.430392272Z,1783799745430,25987,89,ok,
reaction-20260711T195313.408870065Z,fair-c100,2026-07-11T19:55:45.482379541Z,1783799745482,26777,88,ok,
reaction-20260711T195313.408870065Z,baseline-c100,2026-07-11T19:55:46.431433815Z,1783799746431,25884,89,ok,
reaction-20260711T195313.408870065Z,fair-c100,2026-07-11T19:55:46.459257395Z,1783799746459,26937,77,ok,
reaction-20260711T195313.408870065Z,baseline-c100,2026-07-11T19:55:47.432951929Z,1783799747432,25986,90,ok,
reaction-20260711T195313.408870065Z,fair-c100,2026-07-11T19:55:47.466468574Z,1783799747466,26868,84,ok,
reaction-20260711T195313.408870065Z,baseline-c100,2026-07-11T19:55:48.43435523Z,1783799748434,25883,91,ok,
reaction-20260711T195313.408870065Z,fair-c100,2026-07-11T19:55:48.463162172Z,1783799748463,26642,96,ok,
reaction-20260711T195313.408870065Z,baseline-c100,2026-07-11T19:55:49.433452069Z,1783799749433,26280,66,ok,
reaction-20260711T195313.408870065Z,fair-c100,2026-07-11T19:55:49.464661894Z,1783799749464,26643,97,ok,
reaction-20260711T195313.408870065Z,baseline-c100,2026-07-11T19:55:50.433772466Z,1783799750433,25760,92,ok,
reaction-20260711T195313.408870065Z,fair-c100,2026-07-11T19:55:50.46134571Z,1783799750461,26777,79,ok,
reaction-20260711T195313.408870065Z,baseline-c100,2026-07-11T19:55:51.434522252Z,1783799751434,25685,95,ok,
reaction-20260711T195313.408870065Z,fair-c100,2026-07-11T19:55:51.460928369Z,1783799751460,26549,96,ok,
reaction-20260711T195313.408870065Z,baseline-c100,2026-07-11T19:55:52.435642393Z,1783799752435,25885,87,ok,
reaction-20260711T195313.408870065Z,fair-c100,2026-07-11T19:55:52.463870231Z,1783799752463,26641,96,ok,
reaction-20260711T195313.408870065Z,baseline-c100,2026-07-11T19:55:53.433921067Z,1783799753433,25597,84,ok,
reaction-20260711T195313.408870065Z,fair-c100,2026-07-11T19:55:53.46100247Z,1783799753461,26617,71,ok,
reaction-20260711T195313.408870065Z,baseline-c100,2026-07-11T19:55:54.430259716Z,1783799754430,25915,95,ok,
reaction-20260711T195313.408870065Z,fair-c100,2026-07-11T19:55:54.486761582Z,1783799754486,26704,92,ok,
reaction-20260711T195313.408870065Z,baseline-c100,2026-07-11T19:55:55.431027065Z,1783799755431,25518,100,ok,
reaction-20260711T195313.408870065Z,fair-c100,2026-07-11T19:55:55.51704268Z,1783799755517,26799,94,ok,
reaction-20260711T195313.408870065Z,baseline-c100,2026-07-11T19:55:56.432279408Z,1783799756432,26298,74,ok,
reaction-20260711T195313.408870065Z,fair-c100,2026-07-11T19:55:56.46523053Z,1783799756465,26834,79,ok,
reaction-20260711T195313.408870065Z,baseline-c100,2026-07-11T19:55:57.434422363Z,1783799757434,26146,96,ok,
reaction-20260711T195313.408870065Z,fair-c100,2026-07-11T19:55:57.464373124Z,1783799757464,26479,91,ok,
reaction-20260711T195313.408870065Z,baseline-c100,2026-07-11T19:55:58.430805303Z,1783799758430,25521,99,ok,
reaction-20260711T195313.408870065Z,fair-c100,2026-07-11T19:55:58.459925562Z,1783799758459,26617,70,ok,
reaction-20260711T195313.408870065Z,baseline-c100,2026-07-11T19:55:59.432781522Z,1783799759432,25579,55,ok,
reaction-20260711T195313.408870065Z,fair-c100,2026-07-11T19:55:59.459993148Z,1783799759459,26360,77,ok,
reaction-20260711T195313.408870065Z,baseline-c100,2026-07-11T19:56:00.433986666Z,1783799760433,25601,81,ok,
reaction-20260711T195313.408870065Z,fair-c100,2026-07-11T19:56:00.463532825Z,1783799760463,26549,100,ok,
reaction-20260711T195313.408870065Z,baseline-c100,2026-07-11T19:56:01.437372822Z,1783799761437,25523,94,ok,
reaction-20260711T195313.408870065Z,fair-c100,2026-07-11T19:56:01.468128547Z,1783799761468,26358,82,ok,
reaction-20260711T195313.408870065Z,baseline-c100,2026-07-11T19:56:02.432851534Z,1783799762432,25685,94,ok,
reaction-20260711T195313.408870065Z,fair-c100,2026-07-11T19:56:02.46379909Z,1783799762463,26174,86,ok,
reaction-20260711T195313.408870065Z,baseline-c100,2026-07-11T19:56:03.432323803Z,1783799763432,25369,84,ok,
reaction-20260711T195313.408870065Z,fair-c100,2026-07-11T19:56:03.488300885Z,1783799763488,26411,80,ok,
reaction-20260711T195313.408870065Z,baseline-c100,2026-07-11T19:56:04.431906173Z,1783799764431,25430,99,ok,
reaction-20260711T195313.408870065Z,fair-c100,2026-07-11T19:56:04.459622684Z,1783799764459,26231,81,ok,
reaction-20260711T195313.408870065Z,baseline-c100,2026-07-11T19:56:05.435251876Z,1783799765435,25210,77,ok,
reaction-20260711T195313.408870065Z,fair-c100,2026-07-11T19:56:05.466010771Z,1783799765466,26477,96,ok,
reaction-20260711T195313.408870065Z,baseline-c100,2026-07-11T19:56:06.43161391Z,1783799766431,25210,78,ok,
reaction-20260711T195313.408870065Z,fair-c100,2026-07-11T19:56:06.466125841Z,1783799766466,26172,85,ok,
reaction-20260711T195313.408870065Z,baseline-c100,2026-07-11T19:56:07.433011524Z,1783799767433,25446,96,ok,
reaction-20260711T195313.408870065Z,fair-c100,2026-07-11T19:56:07.461845731Z,1783799767461,26172,86,ok,
reaction-20260711T195313.408870065Z,baseline-c100,2026-07-11T19:56:08.435011457Z,1783799768435,25270,94,ok,
reaction-20260711T195313.408870065Z,fair-c100,2026-07-11T19:56:08.4615954Z,1783799768461,26290,90,ok,
reaction-20260711T195313.408870065Z,baseline-c100,2026-07-11T19:56:09.432596987Z,1783799769432,25114,85,ok,
reaction-20260711T195313.408870065Z,fair-c100,2026-07-11T19:56:09.459499412Z,1783799769459,25930,99,ok,
reaction-20260711T195313.408870065Z,baseline-c100,2026-07-11T19:56:10.431968595Z,1783799770431,25339,99,ok,
reaction-20260711T195313.408870065Z,fair-c100,2026-07-11T19:56:10.48382457Z,1783799770483,26231,81,ok,
reaction-20260711T195313.408870065Z,baseline-c100,2026-07-11T19:56:11.432056865Z,1783799771432,25113,87,ok,
reaction-20260711T195313.408870065Z,fair-c100,2026-07-11T19:56:11.460033759Z,1783799771460,26019,88,ok,
reaction-20260711T195313.408870065Z,baseline-c100,2026-07-11T19:56:12.434925421Z,1783799772434,25308,81,ok,
reaction-20260711T195313.408870065Z,fair-c100,2026-07-11T19:56:12.466847225Z,1783799772466,25835,90,ok,
reaction-20260711T195313.408870065Z,baseline-c100,2026-07-11T19:56:13.433872093Z,1783799773433,24932,90,ok,
reaction-20260711T195313.408870065Z,fair-c100,2026-07-11T19:56:13.463807474Z,1783799773463,25930,98,ok,
reaction-20260711T195313.408870065Z,baseline-c100,2026-07-11T19:56:14.433308604Z,1783799774433,25366,89,ok,
reaction-20260711T195313.408870065Z,fair-c100,2026-07-11T19:56:14.461449001Z,1783799774461,25859,95,ok,
reaction-20260711T195313.408870065Z,baseline-c100,2026-07-11T19:56:15.432794196Z,1783799775432,24856,93,ok,
reaction-20260711T195313.408870065Z,fair-c100,2026-07-11T19:56:15.461938594Z,1783799775461,26035,85,ok,
reaction-20260711T195313.408870065Z,baseline-c100,2026-07-11T19:56:16.432801308Z,1783799776432,24861,91,ok,
reaction-20260711T195313.408870065Z,fair-c100,2026-07-11T19:56:16.461104702Z,1783799776461,25968,90,ok,
reaction-20260711T195313.408870065Z,baseline-c100,2026-07-11T19:56:17.432942508Z,1783799777432,24855,89,ok,
reaction-20260711T195313.408870065Z,fair-c100,2026-07-11T19:56:17.461091408Z,1783799777461,25859,94,ok,
reaction-20260711T195313.408870065Z,baseline-c100,2026-07-11T19:56:18.431840233Z,1783799778431,24791,82,ok,
reaction-20260711T195313.408870065Z,fair-c100,2026-07-11T19:56:18.459990309Z,1783799778459,26094,101,ok,
reaction-20260711T195313.408870065Z,baseline-c100,2026-07-11T19:56:19.435270101Z,1783799779435,24898,90,ok,
reaction-20260711T195313.408870065Z,fair-c100,2026-07-11T19:56:19.517968576Z,1783799779517,25615,95,ok,
reaction-20260711T195313.408870065Z,baseline-c100,2026-07-11T19:56:20.431677452Z,1783799780431,24792,74,ok,
reaction-20260711T195313.408870065Z,fair-c100,2026-07-11T19:56:20.461029323Z,1783799780461,25833,90,ok,
reaction-20260711T195313.408870065Z,baseline-c100,2026-07-11T19:56:21.430847368Z,1783799781430,24826,98,ok,
reaction-20260711T195313.408870065Z,fair-c100,2026-07-11T19:56:21.476364621Z,1783799781476,25613,98,ok,
reaction-20260711T195313.408870065Z,baseline-c100,2026-07-11T19:56:22.437693864Z,1783799782437,24705,90,ok,
reaction-20260711T195313.408870065Z,fair-c100,2026-07-11T19:56:22.462898984Z,1783799782462,25515,99,ok,
reaction-20260711T195313.408870065Z,baseline-c100,2026-07-11T19:56:23.431463794Z,1783799783431,24854,93,ok,
reaction-20260711T195313.408870065Z,fair-c100,2026-07-11T19:56:23.461798506Z,1783799783461,25591,91,ok,
reaction-20260711T195313.408870065Z,baseline-c100,2026-07-11T19:56:24.430892707Z,1783799784430,24635,88,ok,
reaction-20260711T195313.408870065Z,fair-c100,2026-07-11T19:56:24.460241749Z,1783799784460,25591,93,ok,
reaction-20260711T195313.408870065Z,baseline-c100,2026-07-11T19:56:25.429760669Z,1783799785429,24559,103,ok,
reaction-20260711T195313.408870065Z,fair-c100,2026-07-11T19:56:25.4654205Z,1783799785465,25689,94,ok,
reaction-20260711T195313.408870065Z,baseline-c100,2026-07-11T19:56:26.432613806Z,1783799786432,24933,89,ok,
reaction-20260711T195313.408870065Z,fair-c100,2026-07-11T19:56:26.460298098Z,1783799786460,25659,85,ok,
reaction-20260711T195313.408870065Z,baseline-c100,2026-07-11T19:56:27.4349835Z,1783799787434,24792,75,ok,
reaction-20260711T195313.408870065Z,fair-c100,2026-07-11T19:56:27.464213197Z,1783799787464,25387,87,ok,
reaction-20260711T195313.408870065Z,baseline-c100,2026-07-11T19:56:28.430536125Z,1783799788430,24634,87,ok,
reaction-20260711T195313.408870065Z,fair-c100,2026-07-11T19:56:28.462452346Z,1783799788462,25349,87,ok,
reaction-20260711T195313.408870065Z,baseline-c100,2026-07-11T19:56:29.43006451Z,1783799789430,24407,80,ok,
reaction-20260711T195313.408870065Z,fair-c100,2026-07-11T19:56:29.457230313Z,1783799789457,25516,97,ok,
reaction-20260711T195313.408870065Z,baseline-c100,2026-07-11T19:56:30.438660226Z,1783799790438,24466,77,ok,
reaction-20260711T195313.408870065Z,fair-c100,2026-07-11T19:56:30.4666068Z,1783799790466,25210,81,ok,
reaction-20260711T195313.408870065Z,baseline-c100,2026-07-11T19:56:31.434636183Z,1783799791434,24702,91,ok,
reaction-20260711T195313.408870065Z,fair-c100,2026-07-11T19:56:31.465526512Z,1783799791465,25614,96,ok,
reaction-20260711T195313.408870065Z,baseline-c100,2026-07-11T19:56:32.433083271Z,1783799792433,24407,80,ok,
reaction-20260711T195313.408870065Z,fair-c100,2026-07-11T19:56:32.463856705Z,1783799792463,25389,89,ok,
reaction-20260711T195313.408870065Z,baseline-c100,2026-07-11T19:56:33.430463474Z,1783799793430,24405,87,ok,
reaction-20260711T195313.408870065Z,fair-c100,2026-07-11T19:56:33.460182071Z,1783799793460,25350,91,ok,
reaction-20260711T195313.408870065Z,baseline-c100,2026-07-11T19:56:34.434160423Z,1783799794434,24464,78,ok,
reaction-20260711T195313.408870065Z,fair-c100,2026-07-11T19:56:34.460725561Z,1783799794460,25212,83,ok,
reaction-20260711T195313.408870065Z,baseline-c100,2026-07-11T19:56:35.436517016Z,1783799795436,24861,92,ok,
reaction-20260711T195313.408870065Z,fair-c100,2026-07-11T19:56:35.466193146Z,1783799795466,25040,88,ok,
reaction-20260711T195313.408870065Z,baseline-c100,2026-07-11T19:56:36.432343524Z,1783799796432,24291,89,ok,
reaction-20260711T195313.408870065Z,fair-c100,2026-07-11T19:56:36.462157994Z,1783799796462,25930,97,ok,
reaction-20260711T195313.408870065Z,baseline-c100,2026-07-11T19:56:37.434800043Z,1783799797434,24193,102,ok,
reaction-20260711T195313.408870065Z,fair-c100,2026-07-11T19:56:37.468321612Z,1783799797468,25106,99,ok,
reaction-20260711T195313.408870065Z,baseline-c100,2026-07-11T19:56:38.4316714Z,1783799798431,24166,83,ok,
reaction-20260711T195313.408870065Z,fair-c100,2026-07-11T19:56:38.460318237Z,1783799798460,25138,95,ok,
reaction-20260711T195313.408870065Z,baseline-c100,2026-07-11T19:56:39.43150975Z,1783799799431,24558,101,ok,
reaction-20260711T195313.408870065Z,fair-c100,2026-07-11T19:56:39.458517204Z,1783799799458,24974,91,ok,
reaction-20260711T195313.408870065Z,baseline-c100,2026-07-11T19:56:40.432501964Z,1783799800432,24167,80,ok,
reaction-20260711T195313.408870065Z,fair-c100,2026-07-11T19:56:40.486750421Z,1783799800486,25103,97,ok,
reaction-20260711T195313.408870065Z,baseline-c100,2026-07-11T19:56:41.430646057Z,1783799801430,24212,96,ok,
reaction-20260711T195313.408870065Z,fair-c100,2026-07-11T19:56:41.456226385Z,1783799801456,25310,97,ok,
reaction-20260711T195313.408870065Z,baseline-c100,2026-07-11T19:56:42.43420404Z,1783799802434,24291,93,ok,
reaction-20260711T195313.408870065Z,fair-c100,2026-07-11T19:56:42.462176052Z,1783799802462,24973,90,ok,
reaction-20260711T195313.408870065Z,baseline-c100,2026-07-11T19:56:43.43200547Z,1783799803432,24167,80,ok,
reaction-20260711T195313.408870065Z,fair-c100,2026-07-11T19:56:43.487433252Z,1783799803487,24894,98,ok,
reaction-20260711T195313.408870065Z,baseline-c100,2026-07-11T19:56:44.436623954Z,1783799804436,24179,91,ok,
reaction-20260711T195313.408870065Z,fair-c100,2026-07-11T19:56:44.46398715Z,1783799804463,24839,74,ok,
reaction-20260711T195313.408870065Z,baseline-c100,2026-07-11T19:56:45.432765647Z,1783799805432,24196,99,ok,
reaction-20260711T195313.408870065Z,fair-c100,2026-07-11T19:56:45.461096279Z,1783799805461,24796,80,ok,
reaction-20260711T195313.408870065Z,baseline-c100,2026-07-11T19:56:46.435718001Z,1783799806435,23942,100,ok,
reaction-20260711T195313.408870065Z,fair-c100,2026-07-11T19:56:46.46587204Z,1783799806465,24842,76,ok,
reaction-20260711T195313.408870065Z,baseline-c100,2026-07-11T19:56:47.432489632Z,1783799807432,23840,96,ok,
reaction-20260711T195313.408870065Z,fair-c100,2026-07-11T19:56:47.46027982Z,1783799807460,25042,85,ok,
reaction-20260711T195313.408870065Z,baseline-c100,2026-07-11T19:56:48.432006642Z,1783799808432,23885,81,ok,
reaction-20260711T195313.408870065Z,fair-c100,2026-07-11T19:56:48.460252291Z,1783799808460,24799,95,ok,
reaction-20260711T195313.408870065Z,baseline-c100,2026-07-11T19:56:49.432999088Z,1783799809432,23808,98,ok,
reaction-20260711T195313.408870065Z,fair-c100,2026-07-11T19:56:49.467337489Z,1783799809467,24732,88,ok,
reaction-20260711T195313.408870065Z,baseline-c100,2026-07-11T19:56:50.431854515Z,1783799810431,23809,96,ok,
reaction-20260711T195313.408870065Z,fair-c100,2026-07-11T19:56:50.457980075Z,1783799810457,24642,97,ok,
reaction-20260711T195313.408870065Z,baseline-c100,2026-07-11T19:56:51.431428633Z,1783799811431,23808,92,ok,
reaction-20260711T195313.408870065Z,fair-c100,2026-07-11T19:56:51.457567297Z,1783799811457,24564,98,ok,
reaction-20260711T195313.408870065Z,baseline-c100,2026-07-11T19:56:52.432093684Z,1783799812432,23882,85,ok,
reaction-20260711T195313.408870065Z,fair-c100,2026-07-11T19:56:52.464990583Z,1783799812464,24792,79,ok,
reaction-20260711T195313.408870065Z,baseline-c100,2026-07-11T19:56:53.433292001Z,1783799813433,24018,103,ok,
reaction-20260711T195313.408870065Z,fair-c100,2026-07-11T19:56:53.495987775Z,1783799813495,24602,72,ok,
reaction-20260711T195313.408870065Z,baseline-c100,2026-07-11T19:56:54.431913229Z,1783799814431,23581,82,ok,
reaction-20260711T195313.408870065Z,fair-c100,2026-07-11T19:56:54.459163663Z,1783799814459,24541,89,ok,
reaction-20260711T195313.408870065Z,baseline-c100,2026-07-11T19:56:55.43855621Z,1783799815438,23602,98,ok,
reaction-20260711T195313.408870065Z,fair-c100,2026-07-11T19:56:55.468726455Z,1783799815468,24640,96,ok,
reaction-20260711T195313.408870065Z,baseline-c100,2026-07-11T19:56:56.434467237Z,1783799816434,23839,98,ok,
reaction-20260711T195313.408870065Z,fair-c100,2026-07-11T19:56:56.464818412Z,1783799816464,24540,85,ok,
reaction-20260711T195313.408870065Z,baseline-c100,2026-07-11T19:56:57.43252189Z,1783799817432,23603,100,ok,
reaction-20260711T195313.408870065Z,fair-c100,2026-07-11T19:56:57.463188256Z,1783799817463,24565,102,ok,
reaction-20260711T195313.408870065Z,baseline-c100,2026-07-11T19:56:58.435656736Z,1783799818435,23559,94,ok,
reaction-20260711T195313.408870065Z,fair-c100,2026-07-11T19:56:58.464611147Z,1783799818464,24397,89,ok,
reaction-20260711T195313.408870065Z,baseline-c100,2026-07-11T19:56:59.434616476Z,1783799819434,23445,87,ok,
reaction-20260711T195313.408870065Z,fair-c100,2026-07-11T19:56:59.465585502Z,1783799819465,24395,92,ok,
reaction-20260711T195313.408870065Z,baseline-c100,2026-07-11T19:57:00.433535845Z,1783799820433,23582,82,ok,
reaction-20260711T195313.408870065Z,fair-c100,2026-07-11T19:57:00.464211658Z,1783799820464,24565,100,ok,
reaction-20260711T195313.408870065Z,baseline-c100,2026-07-11T19:57:01.431984969Z,1783799821431,23310,94,ok,
reaction-20260711T195313.408870065Z,fair-c100,2026-07-11T19:57:01.460080473Z,1783799821460,24265,88,ok,
reaction-20260711T195313.408870065Z,baseline-c100,2026-07-11T19:57:02.431983021Z,1783799822431,23770,86,ok,
reaction-20260711T195313.408870065Z,fair-c100,2026-07-11T19:57:02.46177473Z,1783799822461,24412,95,ok,
reaction-20260711T195313.408870065Z,baseline-c100,2026-07-11T19:57:03.43414591Z,1783799823434,23311,93,ok,
reaction-20260711T195313.408870065Z,fair-c100,2026-07-11T19:57:03.462839655Z,1783799823462,24188,97,ok,
reaction-20260711T195313.408870065Z,baseline-c100,2026-07-11T19:57:04.431880995Z,1783799824431,23312,95,ok,
reaction-20260711T195313.408870065Z,fair-c100,2026-07-11T19:57:04.481442294Z,1783799824481,24283,85,ok,
reaction-20260711T195313.408870065Z,baseline-c100,2026-07-11T19:57:05.431866725Z,1783799825431,23384,82,ok,
reaction-20260711T195313.408870065Z,fair-c100,2026-07-11T19:57:05.458545644Z,1783799825458,24188,97,ok,
reaction-20260711T195313.408870065Z,baseline-c100,2026-07-11T19:57:06.434903469Z,1783799826434,23404,83,ok,
reaction-20260711T195313.408870065Z,fair-c100,2026-07-11T19:57:06.464120252Z,1783799826464,24334,85,ok,
reaction-20260711T195313.408870065Z,baseline-c100,2026-07-11T19:57:07.434269706Z,1783799827434,23528,94,ok,
reaction-20260711T195313.408870065Z,fair-c100,2026-07-11T19:57:07.466072582Z,1783799827466,24103,81,ok,
reaction-20260711T195313.408870065Z,baseline-c100,2026-07-11T19:57:08.433572915Z,1783799828433,23121,97,ok,
reaction-20260711T195313.408870065Z,fair-c100,2026-07-11T19:57:08.461076442Z,1783799828461,23953,96,ok,
reaction-20260711T195313.408870065Z,baseline-c100,2026-07-11T19:57:09.434376377Z,1783799829434,23066,77,ok,
reaction-20260711T195313.408870065Z,fair-c100,2026-07-11T19:57:09.464058615Z,1783799829464,24023,101,ok,
reaction-20260711T195313.408870065Z,baseline-c100,2026-07-11T19:57:10.431561811Z,1783799830431,23068,75,ok,
reaction-20260711T195313.408870065Z,fair-c100,2026-07-11T19:57:10.458909632Z,1783799830458,24102,87,ok,
reaction-20260711T195313.408870065Z,baseline-c100,2026-07-11T19:57:11.432833726Z,1783799831432,23102,80,ok,
reaction-20260711T195313.408870065Z,fair-c100,2026-07-11T19:57:11.459902992Z,1783799831459,23797,101,ok,
reaction-20260711T195313.408870065Z,baseline-c100,2026-07-11T19:57:12.433714134Z,1783799832433,23444,92,ok,
reaction-20260711T195313.408870065Z,fair-c100,2026-07-11T19:57:12.461766336Z,1783799832461,23952,93,ok,
reaction-20260711T195313.408870065Z,baseline-c100,2026-07-11T19:57:13.434180147Z,1783799833434,22906,85,ok,
reaction-20260711T195313.408870065Z,fair-c100,2026-07-11T19:57:13.460702466Z,1783799833460,23747,84,ok,
reaction-20260711T195313.408870065Z,baseline-c100,2026-07-11T19:57:14.431976874Z,1783799834431,23237,94,ok,
reaction-20260711T195313.408870065Z,fair-c100,2026-07-11T19:57:14.519033878Z,1783799834519,24021,98,ok,
reaction-20260711T195313.408870065Z,baseline-c100,2026-07-11T19:57:15.433972289Z,1783799835433,23121,100,ok,
reaction-20260711T195313.408870065Z,fair-c100,2026-07-11T19:57:15.463775999Z,1783799835463,24161,87,ok,
reaction-20260711T195313.408870065Z,baseline-c100,2026-07-11T19:57:16.433304124Z,1783799836433,22906,85,ok,
reaction-20260711T195313.408870065Z,fair-c100,2026-07-11T19:57:16.460493856Z,1783799836460,23636,86,ok,
reaction-20260711T195313.408870065Z,baseline-c100,2026-07-11T19:57:17.434134816Z,1783799837434,23104,78,ok,
reaction-20260711T195313.408870065Z,fair-c100,2026-07-11T19:57:17.461509491Z,1783799837461,23794,101,ok,
reaction-20260711T195313.408870065Z,baseline-c100,2026-07-11T19:57:18.434183653Z,1783799838434,22801,79,ok,
reaction-20260711T195313.408870065Z,fair-c100,2026-07-11T19:57:18.462752356Z,1783799838462,23991,88,ok,
reaction-20260711T195313.408870065Z,baseline-c100,2026-07-11T19:57:19.434249531Z,1783799839434,22906,85,ok,
reaction-20260711T195313.408870065Z,fair-c100,2026-07-11T19:57:19.462886023Z,1783799839462,23639,84,ok,
reaction-20260711T195313.408870065Z,baseline-c100,2026-07-11T19:57:20.432507859Z,1783799840432,23068,75,ok,
reaction-20260711T195313.408870065Z,fair-c100,2026-07-11T19:57:20.460781306Z,1783799840460,23534,103,ok,
reaction-20260711T195313.408870065Z,baseline-c100,2026-07-11T19:57:21.433165439Z,1783799841433,23311,95,ok,
reaction-20260711T195313.408870065Z,fair-c100,2026-07-11T19:57:21.4606002Z,1783799841460,23533,99,ok,
reaction-20260711T195313.408870065Z,baseline-c100,2026-07-11T19:57:22.43315514Z,1783799842433,22830,101,ok,
reaction-20260711T195313.408870065Z,fair-c100,2026-07-11T19:57:22.470045083Z,1783799842470,23811,89,ok,
reaction-20260711T195313.408870065Z,baseline-c100,2026-07-11T19:57:23.431067132Z,1783799843431,22660,92,ok,
reaction-20260711T195313.408870065Z,fair-c100,2026-07-11T19:57:23.459183587Z,1783799843459,23409,78,ok,
reaction-20260711T195313.408870065Z,baseline-c100,2026-07-11T19:57:24.432817276Z,1783799844432,22624,70,ok,
reaction-20260711T195313.408870065Z,fair-c100,2026-07-11T19:57:24.484001749Z,1783799844484,23382,90,ok,
reaction-20260711T195313.408870065Z,baseline-c100,2026-07-11T19:57:25.433488603Z,1783799845433,22585,93,ok,
reaction-20260711T195313.408870065Z,fair-c100,2026-07-11T19:57:25.464433795Z,1783799845464,23748,82,ok,
reaction-20260711T195313.408870065Z,baseline-c100,2026-07-11T19:57:26.433072614Z,1783799846433,22622,69,ok,
reaction-20260711T195313.408870065Z,fair-c100,2026-07-11T19:57:26.471273932Z,1783799846471,23382,90,ok,
reaction-20260711T195313.408870065Z,baseline-c100,2026-07-11T19:57:27.433170262Z,1783799847433,22585,93,ok,
reaction-20260711T195313.408870065Z,fair-c100,2026-07-11T19:57:27.479040109Z,1783799847479,23373,95,ok,
reaction-20260711T195313.408870065Z,baseline-c100,2026-07-11T19:57:28.431321958Z,1783799848431,22729,96,ok,
reaction-20260711T195313.408870065Z,fair-c100,2026-07-11T19:57:28.45847509Z,1783799848458,23384,91,ok,
reaction-20260711T195313.408870065Z,baseline-c100,2026-07-11T19:57:29.437511245Z,1783799849437,22347,94,ok,
reaction-20260711T195313.408870065Z,fair-c100,2026-07-11T19:57:29.467076661Z,1783799849467,23532,100,ok,
reaction-20260711T195313.408870065Z,baseline-c100,2026-07-11T19:57:30.434778203Z,1783799850434,22803,81,ok,
reaction-20260711T195313.408870065Z,fair-c100,2026-07-11T19:57:30.46706087Z,1783799850467,23582,75,ok,
reaction-20260711T195313.408870065Z,baseline-c100,2026-07-11T19:57:31.434273461Z,1783799851434,22565,83,ok,
reaction-20260711T195313.408870065Z,fair-c100,2026-07-11T19:57:31.462500864Z,1783799851462,23133,88,ok,
reaction-20260711T195313.408870065Z,baseline-c100,2026-07-11T19:57:32.432993371Z,1783799852432,22270,101,ok,
reaction-20260711T195313.408870065Z,fair-c100,2026-07-11T19:57:32.464660771Z,1783799852464,23134,90,ok,
reaction-20260711T195313.408870065Z,baseline-c100,2026-07-11T19:57:33.433441944Z,1783799853433,22269,102,ok,
reaction-20260711T195313.408870065Z,fair-c100,2026-07-11T19:57:33.463830937Z,1783799853463,23203,98,ok,
reaction-20260711T195313.408870065Z,baseline-c100,2026-07-11T19:57:34.43061445Z,1783799854430,22380,104,ok,
reaction-20260711T195313.408870065Z,fair-c100,2026-07-11T19:57:34.45826612Z,1783799854458,23371,102,ok,
reaction-20260711T195313.408870065Z,baseline-c100,2026-07-11T19:57:35.434730985Z,1783799855434,22250,102,ok,
reaction-20260711T195313.408870065Z,fair-c100,2026-07-11T19:57:35.465169729Z,1783799855465,23309,81,ok,
reaction-20260711T195313.408870065Z,baseline-c100,2026-07-11T19:57:36.441111333Z,1783799856441,22660,92,ok,
reaction-20260711T195313.408870065Z,fair-c100,2026-07-11T19:57:36.469099431Z,1783799856469,23408,74,ok,
reaction-20260711T195313.408870065Z,baseline-c100,2026-07-11T19:57:37.433339751Z,1783799857433,22349,99,ok,
reaction-20260711T195313.408870065Z,fair-c100,2026-07-11T19:57:37.462932309Z,1783799857462,23000,82,ok,
reaction-20260711T195313.408870065Z,baseline-c100,2026-07-11T19:57:38.432815603Z,1783799858432,22428,87,ok,
reaction-20260711T195313.408870065Z,fair-c100,2026-07-11T19:57:38.45885252Z,1783799858458,23170,85,ok,
reaction-20260711T195313.408870065Z,baseline-c100,2026-07-11T19:57:39.441808766Z,1783799859441,21979,97,ok,
reaction-20260711T195313.408870065Z,fair-c100,2026-07-11T19:57:39.469489144Z,1783799859469,22961,95,ok,
reaction-20260711T195313.408870065Z,baseline-c100,2026-07-11T19:57:40.434067142Z,1783799860434,22126,95,ok,
reaction-20260711T195313.408870065Z,fair-c100,2026-07-11T19:57:40.47025481Z,1783799860470,22860,87,ok,
reaction-20260711T195313.408870065Z,baseline-c100,2026-07-11T19:57:41.434245806Z,1783799861434,22247,94,ok,
reaction-20260711T195313.408870065Z,fair-c100,2026-07-11T19:57:41.465665798Z,1783799861465,22923,94,ok,
reaction-20260711T195313.408870065Z,baseline-c100,2026-07-11T19:57:42.479059042Z,1783799862479,22040,91,ok,
reaction-20260711T195313.408870065Z,fair-c100,2026-07-11T19:57:42.50805354Z,1783799862508,23038,96,ok,
reaction-20260711T195313.408870065Z,baseline-c100,2026-07-11T19:57:43.435507267Z,1783799863435,22057,93,ok,
reaction-20260711T195313.408870065Z,fair-c100,2026-07-11T19:57:43.467295469Z,1783799863467,22923,97,ok,
reaction-20260711T195313.408870065Z,baseline-c100,2026-07-11T19:57:44.432029828Z,1783799864432,22272,101,ok,
reaction-20260711T195313.408870065Z,fair-c100,2026-07-11T19:57:44.460852445Z,1783799864460,22862,86,ok,
reaction-20260711T195313.408870065Z,baseline-c100,2026-07-11T19:57:45.435346313Z,1783799865435,21979,97,ok,
reaction-20260711T195313.408870065Z,fair-c100,2026-07-11T19:57:45.486035215Z,1783799865486,23000,86,ok,
reaction-20260711T195313.408870065Z,baseline-c100,2026-07-11T19:57:46.433242686Z,1783799866433,21887,98,ok,
reaction-20260711T195313.408870065Z,fair-c100,2026-07-11T19:57:46.462184756Z,1783799866462,22696,91,ok,
reaction-20260711T195313.408870065Z,baseline-c100,2026-07-11T19:57:47.43196173Z,1783799867431,21887,102,ok,
reaction-20260711T195313.408870065Z,fair-c100,2026-07-11T19:57:47.46466467Z,1783799867464,22960,93,ok,
reaction-20260711T195313.408870065Z,baseline-c100,2026-07-11T19:57:48.432678611Z,1783799868432,21682,78,ok,
reaction-20260711T195313.408870065Z,fair-c100,2026-07-11T19:57:48.461265558Z,1783799868461,22696,92,ok,
reaction-20260711T195313.408870065Z,baseline-c100,2026-07-11T19:57:49.432638008Z,1783799869432,21790,94,ok,
reaction-20260711T195313.408870065Z,fair-c100,2026-07-11T19:57:49.46402161Z,1783799869464,23134,93,ok,
reaction-20260711T195313.408870065Z,baseline-c100,2026-07-11T19:57:50.431490456Z,1783799870431,21789,96,ok,
reaction-20260711T195313.408870065Z,fair-c100,2026-07-11T19:57:50.458765674Z,1783799870458,22704,97,ok,
reaction-20260711T195313.408870065Z,baseline-c100,2026-07-11T19:57:51.432593369Z,1783799871432,21595,97,ok,
reaction-20260711T195313.408870065Z,fair-c100,2026-07-11T19:57:51.481692603Z,1783799871481,22545,93,ok,
reaction-20260711T195313.408870065Z,baseline-c100,2026-07-11T19:57:52.433255808Z,1783799872433,21595,97,ok,
reaction-20260711T195313.408870065Z,fair-c100,2026-07-11T19:57:52.462555345Z,1783799872462,22448,86,ok,
reaction-20260711T195313.408870065Z,baseline-c100,2026-07-11T19:57:53.43443702Z,1783799873434,21823,89,ok,
reaction-20260711T195313.408870065Z,fair-c100,2026-07-11T19:57:53.46472361Z,1783799873464,22631,91,ok,
reaction-20260711T195313.408870065Z,baseline-c100,2026-07-11T19:57:54.43095895Z,1783799874430,21596,94,ok,
reaction-20260711T195313.408870065Z,fair-c100,2026-07-11T19:57:54.459548772Z,1783799874459,22697,93,ok,
reaction-20260711T195313.408870065Z,baseline-c100,2026-07-11T19:57:55.434142065Z,1783799875434,21925,82,ok,
reaction-20260711T195313.408870065Z,fair-c100,2026-07-11T19:57:55.463496248Z,1783799875463,22547,94,ok,
reaction-20260711T195313.408870065Z,baseline-c100,2026-07-11T19:57:56.43233469Z,1783799876432,21866,81,ok,
reaction-20260711T195313.408870065Z,fair-c100,2026-07-11T19:57:56.460756672Z,1783799876460,22450,86,ok,
reaction-20260711T195313.408870065Z,baseline-c100,2026-07-11T19:57:57.433910982Z,1783799877433,21491,95,ok,
reaction-20260711T195313.408870065Z,fair-c100,2026-07-11T19:57:57.46597564Z,1783799877465,22619,100,ok,
reaction-20260711T195313.408870065Z,baseline-c100,2026-07-11T19:57:58.43453592Z,1783799878434,21595,100,ok,
reaction-20260711T195313.408870065Z,fair-c100,2026-07-11T19:57:58.480259356Z,1783799878480,22212,77,ok,
reaction-20260711T195313.408870065Z,baseline-c100,2026-07-11T19:57:59.433853387Z,1783799879433,21747,100,ok,
reaction-20260711T195313.408870065Z,fair-c100,2026-07-11T19:57:59.462531342Z,1783799879462,22269,75,ok,
reaction-20260711T195313.408870065Z,baseline-c100,2026-07-11T19:58:00.432803826Z,1783799880432,21683,84,ok,
reaction-20260711T195313.408870065Z,fair-c100,2026-07-11T19:58:00.459971391Z,1783799880459,22231,99,ok,
reaction-20260711T195313.408870065Z,baseline-c100,2026-07-11T19:58:01.432342177Z,1783799881432,21390,96,ok,
reaction-20260711T195313.408870065Z,fair-c100,2026-07-11T19:58:01.460133498Z,1783799881460,22212,78,ok,
reaction-20260711T195313.408870065Z,baseline-c100,2026-07-11T19:58:02.435216181Z,1783799882435,21309,101,ok,
reaction-20260711T195313.408870065Z,fair-c100,2026-07-11T19:58:02.465424081Z,1783799882465,22230,98,ok,
reaction-20260711T195313.408870065Z,baseline-c100,2026-07-11T19:58:03.433046859Z,1783799883433,21296,78,ok,
reaction-20260711T195313.408870065Z,fair-c100,2026-07-11T19:58:03.462200848Z,1783799883462,22169,88,ok,
reaction-20260711T195313.408870065Z,baseline-c100,2026-07-11T19:58:04.431077857Z,1783799884431,21296,81,ok,
reaction-20260711T195313.408870065Z,fair-c100,2026-07-11T19:58:04.458645117Z,1783799884458,22271,77,ok,
reaction-20260711T195313.408870065Z,baseline-c100,2026-07-11T19:58:05.433123035Z,1783799885433,21297,79,ok,
reaction-20260711T195313.408870065Z,fair-c100,2026-07-11T19:58:05.46778036Z,1783799885467,22212,78,ok,
reaction-20260711T195313.408870065Z,baseline-c100,2026-07-11T19:58:06.433727092Z,1783799886433,21492,94,ok,
reaction-20260711T195313.408870065Z,fair-c100,2026-07-11T19:58:06.482885161Z,1783799886482,22308,95,ok,
reaction-20260711T195313.408870065Z,baseline-c100,2026-07-11T19:58:07.435961441Z,1783799887435,21251,80,ok,
reaction-20260711T195313.408870065Z,fair-c100,2026-07-11T19:58:07.463427597Z,1783799887463,22013,97,ok,
reaction-20260711T195313.408870065Z,baseline-c100,2026-07-11T19:58:08.434029486Z,1783799888434,21006,98,ok,
reaction-20260711T195313.408870065Z,fair-c100,2026-07-11T19:58:08.464128562Z,1783799888464,22323,83,ok,
reaction-20260711T195313.408870065Z,baseline-c100,2026-07-11T19:58:09.431972981Z,1783799889431,21039,90,ok,
reaction-20260711T195313.408870065Z,fair-c100,2026-07-11T19:58:09.464488387Z,1783799889464,21925,99,ok,
reaction-20260711T195313.408870065Z,baseline-c100,2026-07-11T19:58:10.433862588Z,1783799890433,21386,101,ok,
reaction-20260711T195313.408870065Z,fair-c100,2026-07-11T19:58:10.463130676Z,1783799890463,21882,89,ok,
reaction-20260711T195313.408870065Z,baseline-c100,2026-07-11T19:58:11.432806499Z,1783799891432,21084,89,ok,
reaction-20260711T195313.408870065Z,fair-c100,2026-07-11T19:58:11.459916888Z,1783799891459,21954,81,ok,
reaction-20260711T195313.408870065Z,baseline-c100,2026-07-11T19:58:12.433192686Z,1783799892433,20895,98,ok,
reaction-20260711T195313.408870065Z,fair-c100,2026-07-11T19:58:12.460100795Z,1783799892460,22010,92,ok,
reaction-20260711T195313.408870065Z,baseline-c100,2026-07-11T19:58:13.434113606Z,1783799893434,21310,98,ok,
reaction-20260711T195313.408870065Z,fair-c100,2026-07-11T19:58:13.46930817Z,1783799893469,22001,87,ok,
reaction-20260711T195313.408870065Z,baseline-c100,2026-07-11T19:58:14.43269277Z,1783799894432,20786,89,ok,
reaction-20260711T195313.408870065Z,fair-c100,2026-07-11T19:58:14.466126691Z,1783799894466,21882,93,ok,
reaction-20260711T195313.408870065Z,baseline-c100,2026-07-11T19:58:15.434511232Z,1783799895434,21040,89,ok,
reaction-20260711T195313.408870065Z,fair-c100,2026-07-11T19:58:15.462171861Z,1783799895462,21651,91,ok,
reaction-20260711T195313.408870065Z,baseline-c100,2026-07-11T19:58:16.431851249Z,1783799896431,20713,99,ok,
reaction-20260711T195313.408870065Z,fair-c100,2026-07-11T19:58:16.4859909Z,1783799896485,21678,94,ok,
reaction-20260711T195313.408870065Z,baseline-c100,2026-07-11T19:58:17.433982351Z,1783799897433,20785,91,ok,
reaction-20260711T195313.408870065Z,fair-c100,2026-07-11T19:58:17.492651175Z,1783799897492,21722,72,ok,
reaction-20260711T195313.408870065Z,baseline-c100,2026-07-11T19:58:18.433937302Z,1783799898433,20713,102,ok,
reaction-20260711T195313.408870065Z,fair-c100,2026-07-11T19:58:18.463934286Z,1783799898463,21615,87,ok,
reaction-20260711T195313.408870065Z,baseline-c100,2026-07-11T19:58:19.433810422Z,1783799899433,20853,98,ok,
reaction-20260711T195313.408870065Z,fair-c100,2026-07-11T19:58:19.463220269Z,1783799899463,21677,94,ok,
reaction-20260711T195313.408870065Z,baseline-c100,2026-07-11T19:58:20.436272597Z,1783799900436,20895,100,ok,
reaction-20260711T195313.408870065Z,fair-c100,2026-07-11T19:58:20.465555543Z,1783799900465,21926,96,ok,
reaction-20260711T195313.408870065Z,baseline-c100,2026-07-11T19:58:21.434706866Z,1783799901434,20714,94,ok,
reaction-20260711T195313.408870065Z,fair-c100,2026-07-11T19:58:21.464221585Z,1783799901464,21811,97,ok,
reaction-20260711T195313.408870065Z,baseline-c100,2026-07-11T19:58:22.433941021Z,1783799902433,20565,99,ok,
reaction-20260711T195313.408870065Z,fair-c100,2026-07-11T19:58:22.462092639Z,1783799902462,21425,84,ok,
reaction-20260711T195313.408870065Z,baseline-c100,2026-07-11T19:58:23.437130847Z,1783799903437,20566,100,ok,
reaction-20260711T195313.408870065Z,fair-c100,2026-07-11T19:58:23.470100307Z,1783799903470,21373,94,ok,
reaction-20260711T195313.408870065Z,baseline-c100,2026-07-11T19:58:24.432170412Z,1783799904432,21006,92,ok,
reaction-20260711T195313.408870065Z,fair-c100,2026-07-11T19:58:24.45965555Z,1783799904459,21370,93,ok,
reaction-20260711T195313.408870065Z,baseline-c100,2026-07-11T19:58:25.435786646Z,1783799905435,20785,91,ok,
reaction-20260711T195313.408870065Z,fair-c100,2026-07-11T19:58:25.464324736Z,1783799905464,21425,84,ok,
reaction-20260711T195313.408870065Z,baseline-c100,2026-07-11T19:58:26.43627454Z,1783799906436,20394,92,ok,
reaction-20260711T195313.408870065Z,fair-c100,2026-07-11T19:58:26.467048259Z,1783799906467,21508,89,ok,
reaction-20260711T195313.408870065Z,baseline-c100,2026-07-11T19:58:27.433064004Z,1783799907433,20393,96,ok,
reaction-20260711T195313.408870065Z,fair-c100,2026-07-11T19:58:27.499231574Z,1783799907499,21445,86,ok,
reaction-20260711T195313.408870065Z,baseline-c100,2026-07-11T19:58:28.43526244Z,1783799908435,20363,78,ok,
reaction-20260711T195313.408870065Z,fair-c100,2026-07-11T19:58:28.464878466Z,1783799908464,21425,80,ok,
reaction-20260711T195313.408870065Z,baseline-c100,2026-07-11T19:58:29.431848949Z,1783799909431,20539,86,ok,
reaction-20260711T195313.408870065Z,fair-c100,2026-07-11T19:58:29.465157243Z,1783799909465,21200,94,ok,
reaction-20260711T195313.408870065Z,baseline-c100,2026-07-11T19:58:30.432015793Z,1783799910432,20500,85,ok,
reaction-20260711T195313.408870065Z,fair-c100,2026-07-11T19:58:30.463054696Z,1783799910463,21178,94,ok,
reaction-20260711T195313.408870065Z,baseline-c100,2026-07-11T19:58:31.434008011Z,1783799911434,20393,96,ok,
reaction-20260711T195313.408870065Z,fair-c100,2026-07-11T19:58:31.463204406Z,1783799911463,21652,94,ok,
reaction-20260711T195313.408870065Z,baseline-c100,2026-07-11T19:58:32.433236994Z,1783799912433,20155,94,ok,
reaction-20260711T195313.408870065Z,fair-c100,2026-07-11T19:58:32.460405678Z,1783799912460,21178,92,ok,
reaction-20260711T195313.408870065Z,baseline-c100,2026-07-11T19:58:33.432771502Z,1783799913432,21428,88,ok,
reaction-20260711T195313.408870065Z,fair-c100,2026-07-11T19:58:33.462215271Z,1783799913462,21201,97,ok,
reaction-20260711T195313.408870065Z,baseline-c100,2026-07-11T19:58:34.434451245Z,1783799914434,20565,98,ok,
reaction-20260711T195313.408870065Z,fair-c100,2026-07-11T19:58:34.463201655Z,1783799914463,21039,97,ok,
reaction-20260711T195313.408870065Z,baseline-c100,2026-07-11T19:58:35.432148791Z,1783799915432,20169,101,ok,
reaction-20260711T195313.408870065Z,fair-c100,2026-07-11T19:58:35.461216676Z,1783799915461,21124,98,ok,
reaction-20260711T195313.408870065Z,baseline-c100,2026-07-11T19:58:36.433161418Z,1783799916433,20086,88,ok,
reaction-20260711T195313.408870065Z,fair-c100,2026-07-11T19:58:36.48376795Z,1783799916483,20960,95,ok,
reaction-20260711T195313.408870065Z,baseline-c100,2026-07-11T19:58:37.432159273Z,1783799917432,20057,91,ok,
reaction-20260711T195313.408870065Z,fair-c100,2026-07-11T19:58:37.462434169Z,1783799917462,21619,82,ok,
reaction-20260711T195313.408870065Z,baseline-c100,2026-07-11T19:58:38.432596463Z,1783799918432,20155,98,ok,
reaction-20260711T195313.408870065Z,fair-c100,2026-07-11T19:58:38.463632375Z,1783799918463,21179,89,ok,
reaction-20260711T195313.408870065Z,baseline-c100,2026-07-11T19:58:39.430824864Z,1783799919430,20059,89,ok,
reaction-20260711T195313.408870065Z,fair-c100,2026-07-11T19:58:39.460080436Z,1783799919460,20967,91,ok,
reaction-20260711T195313.408870065Z,baseline-c100,2026-07-11T19:58:40.436454045Z,1783799920436,20363,79,ok,
reaction-20260711T195313.408870065Z,fair-c100,2026-07-11T19:58:40.466650046Z,1783799920466,21372,90,ok,
reaction-20260711T195313.408870065Z,baseline-c100,2026-07-11T19:58:41.432240785Z,1783799921432,20170,99,ok,
reaction-20260711T195313.408870065Z,fair-c100,2026-07-11T19:58:41.45813443Z,1783799921458,20741,87,ok,
reaction-20260711T195313.408870065Z,baseline-c100,2026-07-11T19:58:42.430620567Z,1783799922430,20086,89,ok,
reaction-20260711T195313.408870065Z,fair-c100,2026-07-11T19:58:42.45718515Z,1783799922457,20803,92,ok,
reaction-20260711T195313.408870065Z,baseline-c100,2026-07-11T19:58:43.435357153Z,1783799923435,19915,98,ok,
reaction-20260711T195313.408870065Z,fair-c100,2026-07-11T19:58:43.481442071Z,1783799923481,20726,97,ok,
reaction-20260711T195313.408870065Z,baseline-c100,2026-07-11T19:58:44.431846165Z,1783799924431,19804,72,ok,
reaction-20260711T195313.408870065Z,fair-c100,2026-07-11T19:58:44.458123199Z,1783799924458,20737,91,ok,
reaction-20260711T195313.408870065Z,baseline-c100,2026-07-11T19:58:45.43143193Z,1783799925431,19761,91,ok,
reaction-20260711T195313.408870065Z,fair-c100,2026-07-11T19:58:45.459532944Z,1783799925459,20886,99,ok,
reaction-20260711T195313.408870065Z,baseline-c100,2026-07-11T19:58:46.432887205Z,1783799926432,19802,73,ok,
reaction-20260711T195313.408870065Z,fair-c100,2026-07-11T19:58:46.481341005Z,1783799926481,20559,91,ok,
reaction-20260711T195313.408870065Z,baseline-c100,2026-07-11T19:58:47.439858879Z,1783799927439,19801,74,ok,
reaction-20260711T195313.408870065Z,fair-c100,2026-07-11T19:58:47.4686096Z,1783799927468,20559,96,ok,
reaction-20260711T195313.408870065Z,baseline-c100,2026-07-11T19:58:48.432129335Z,1783799928432,19837,95,ok,
reaction-20260711T195313.408870065Z,fair-c100,2026-07-11T19:58:48.461853306Z,1783799928461,20737,89,ok,
reaction-20260711T195313.408870065Z,baseline-c100,2026-07-11T19:58:49.432773066Z,1783799929432,19761,92,ok,
reaction-20260711T195313.408870065Z,fair-c100,2026-07-11T19:58:49.464566741Z,1783799929464,20445,87,ok,
reaction-20260711T195313.408870065Z,baseline-c100,2026-07-11T19:58:50.434106799Z,1783799930434,20232,72,ok,
reaction-20260711T195313.408870065Z,fair-c100,2026-07-11T19:58:50.461994666Z,1783799930461,20724,99,ok,
reaction-20260711T195313.408870065Z,baseline-c100,2026-07-11T19:58:51.436188763Z,1783799931436,19522,94,ok,
reaction-20260711T195313.408870065Z,fair-c100,2026-07-11T19:58:51.464447977Z,1783799931464,20560,92,ok,
reaction-20260711T195313.408870065Z,baseline-c100,2026-07-11T19:58:52.431688353Z,1783799932431,19522,94,ok,
reaction-20260711T195313.408870065Z,fair-c100,2026-07-11T19:58:52.465902428Z,1783799932465,21043,96,ok,
reaction-20260711T195313.408870065Z,baseline-c100,2026-07-11T19:58:53.433871953Z,1783799933433,19915,100,ok,
reaction-20260711T195313.408870065Z,fair-c100,2026-07-11T19:58:53.461813355Z,1783799933461,20810,91,ok,
reaction-20260711T195313.408870065Z,baseline-c100,2026-07-11T19:58:54.431276813Z,1783799934431,19371,100,ok,
reaction-20260711T195313.408870065Z,fair-c100,2026-07-11T19:58:54.457686157Z,1783799934457,20259,100,ok,
reaction-20260711T195313.408870065Z,baseline-c100,2026-07-11T19:58:55.436594804Z,1783799935436,19464,95,ok,
reaction-20260711T195313.408870065Z,fair-c100,2026-07-11T19:58:55.464409212Z,1783799935464,20389,72,ok,
reaction-20260711T195313.408870065Z,baseline-c100,2026-07-11T19:58:56.432319504Z,1783799936432,20057,90,ok,
reaction-20260711T195313.408870065Z,fair-c100,2026-07-11T19:58:56.483797204Z,1783799936483,20260,98,ok,
reaction-20260711T195313.408870065Z,baseline-c100,2026-07-11T19:58:57.43427073Z,1783799937434,19274,95,ok,
reaction-20260711T195313.408870065Z,fair-c100,2026-07-11T19:58:57.482981281Z,1783799937482,20444,86,ok,
reaction-20260711T195313.408870065Z,baseline-c100,2026-07-11T19:58:58.432229418Z,1783799938432,19370,105,ok,
reaction-20260711T195313.408870065Z,fair-c100,2026-07-11T19:58:58.458121436Z,1783799938458,20261,95,ok,
reaction-20260711T195313.408870065Z,baseline-c100,2026-07-11T19:58:59.434167609Z,1783799939434,19269,90,ok,
reaction-20260711T195313.408870065Z,fair-c100,2026-07-11T19:58:59.463964358Z,1783799939463,20337,93,ok,
reaction-20260711T195313.408870065Z,baseline-c100,2026-07-11T19:59:00.43425433Z,1783799940434,19468,97,ok,
reaction-20260711T195313.408870065Z,fair-c100,2026-07-11T19:59:00.46525329Z,1783799940465,20207,78,ok,
reaction-20260711T195313.408870065Z,baseline-c100,2026-07-11T19:59:01.433705099Z,1783799941433,19370,103,ok,
reaction-20260711T195313.408870065Z,fair-c100,2026-07-11T19:59:01.463735818Z,1783799941463,20259,100,ok,
reaction-20260711T195313.408870065Z,baseline-c100,2026-07-11T19:59:02.430165138Z,1783799942430,19597,95,ok,
reaction-20260711T195313.408870065Z,fair-c100,2026-07-11T19:59:02.458882422Z,1783799942458,20207,72,ok,
reaction-20260711T195313.408870065Z,baseline-c100,2026-07-11T19:59:03.430124276Z,1783799943430,19088,93,ok,
reaction-20260711T195313.408870065Z,fair-c100,2026-07-11T19:59:03.457138528Z,1783799943457,20129,98,ok,
reaction-20260711T195313.408870065Z,baseline-c100,2026-07-11T19:59:04.434555211Z,1783799944434,19274,93,ok,
reaction-20260711T195313.408870065Z,fair-c100,2026-07-11T19:59:04.461904449Z,1783799944461,20325,90,ok,
reaction-20260711T195313.408870065Z,baseline-c100,2026-07-11T19:59:05.433433192Z,1783799945433,18975,97,ok,
reaction-20260711T195313.408870065Z,fair-c100,2026-07-11T19:59:05.460470316Z,1783799945460,19949,96,ok,
reaction-20260711T195313.408870065Z,baseline-c100,2026-07-11T19:59:06.432589338Z,1783799946432,19523,93,ok,
reaction-20260711T195313.408870065Z,fair-c100,2026-07-11T19:59:06.459102411Z,1783799946459,20447,93,ok,
reaction-20260711T195313.408870065Z,baseline-c100,2026-07-11T19:59:07.432832848Z,1783799947432,19129,105,ok,
reaction-20260711T195313.408870065Z,fair-c100,2026-07-11T19:59:07.46451062Z,1783799947464,20009,102,ok,
reaction-20260711T195313.408870065Z,baseline-c100,2026-07-11T19:59:08.434881157Z,1783799948434,19049,96,ok,
reaction-20260711T195313.408870065Z,fair-c100,2026-07-11T19:59:08.483398726Z,1783799948483,19948,101,ok,
reaction-20260711T195313.408870065Z,baseline-c100,2026-07-11T19:59:09.433619418Z,1783799949433,19088,95,ok,
reaction-20260711T195313.408870065Z,fair-c100,2026-07-11T19:59:09.462288313Z,1783799949462,19939,92,ok,
reaction-20260711T195313.408870065Z,baseline-c100,2026-07-11T19:59:10.442172944Z,1783799950442,18839,78,ok,
reaction-20260711T195313.408870065Z,fair-c100,2026-07-11T19:59:10.471477362Z,1783799950471,19765,100,ok,
reaction-20260711T195313.408870065Z,baseline-c100,2026-07-11T19:59:11.433654447Z,1783799951433,18974,96,ok,
reaction-20260711T195313.408870065Z,fair-c100,2026-07-11T19:59:11.462287227Z,1783799951462,20084,63,ok,
reaction-20260711T195313.408870065Z,baseline-c100,2026-07-11T19:59:12.431605697Z,1783799952431,18804,97,ok,
reaction-20260711T195313.408870065Z,fair-c100,2026-07-11T19:59:12.464010966Z,1783799952464,19840,95,ok,
reaction-20260711T195313.408870065Z,baseline-c100,2026-07-11T19:59:13.433033627Z,1783799953433,18732,96,ok,
reaction-20260711T195313.408870065Z,fair-c100,2026-07-11T19:59:13.462552887Z,1783799953462,19916,58,ok,
reaction-20260711T195313.408870065Z,baseline-c100,2026-07-11T19:59:14.432855129Z,1783799954432,18894,103,ok,
reaction-20260711T195313.408870065Z,fair-c100,2026-07-11T19:59:14.463865824Z,1783799954463,19765,93,ok,
reaction-20260711T195313.408870065Z,baseline-c100,2026-07-11T19:59:15.43120341Z,1783799955431,18620,90,ok,
reaction-20260711T195313.408870065Z,fair-c100,2026-07-11T19:59:15.458479002Z,1783799955458,19572,95,ok,
reaction-20260711T195313.408870065Z,baseline-c100,2026-07-11T19:59:16.433705521Z,1783799956433,18838,79,ok,
reaction-20260711T195313.408870065Z,fair-c100,2026-07-11T19:59:16.462546739Z,1783799956462,19574,98,ok,
reaction-20260711T195313.408870065Z,baseline-c100,2026-07-11T19:59:17.444954043Z,1783799957444,18805,99,ok,
reaction-20260711T195313.408870065Z,fair-c100,2026-07-11T19:59:17.473038479Z,1783799957473,19792,105,ok,
reaction-20260711T195313.408870065Z,baseline-c100,2026-07-11T19:59:18.432337524Z,1783799958432,18620,90,ok,
reaction-20260711T195313.408870065Z,fair-c100,2026-07-11T19:59:18.484469826Z,1783799958484,19618,95,ok,
reaction-20260711T195313.408870065Z,baseline-c100,2026-07-11T19:59:19.434451628Z,1783799959434,19269,91,ok,
reaction-20260711T195313.408870065Z,fair-c100,2026-07-11T19:59:19.496896815Z,1783799959496,19403,97,ok,
reaction-20260711T195313.408870065Z,baseline-c100,2026-07-11T19:59:20.432287822Z,1783799960432,18620,90,ok,
reaction-20260711T195313.408870065Z,fair-c100,2026-07-11T19:59:20.464947858Z,1783799960464,19559,81,ok,
reaction-20260711T195313.408870065Z,baseline-c100,2026-07-11T19:59:21.433175152Z,1783799961433,18454,91,ok,
reaction-20260711T195313.408870065Z,fair-c100,2026-07-11T19:59:21.463895462Z,1783799961463,19405,95,ok,
reaction-20260711T195313.408870065Z,baseline-c100,2026-07-11T19:59:22.435205423Z,1783799962435,18555,84,ok,
reaction-20260711T195313.408870065Z,fair-c100,2026-07-11T19:59:22.462501515Z,1783799962462,19339,88,ok,
reaction-20260711T195313.408870065Z,baseline-c100,2026-07-11T19:59:23.432066387Z,1783799963432,18531,85,ok,
reaction-20260711T195313.408870065Z,fair-c100,2026-07-11T19:59:23.46054005Z,1783799963460,19572,94,ok,
reaction-20260711T195313.408870065Z,baseline-c100,2026-07-11T19:59:24.433987609Z,1783799964433,18454,91,ok,
reaction-20260711T195313.408870065Z,fair-c100,2026-07-11T19:59:24.462292944Z,1783799964462,19240,100,ok,
reaction-20260711T195313.408870065Z,baseline-c100,2026-07-11T19:59:25.432056035Z,1783799965432,18314,97,ok,
reaction-20260711T195313.408870065Z,fair-c100,2026-07-11T19:59:25.463848581Z,1783799965463,19654,84,ok,
reaction-20260711T195313.408870065Z,baseline-c100,2026-07-11T19:59:26.431468016Z,1783799966431,18313,92,ok,
reaction-20260711T195313.408870065Z,fair-c100,2026-07-11T19:59:26.458958683Z,1783799966458,19241,100,ok,
reaction-20260711T195313.408870065Z,baseline-c100,2026-07-11T19:59:27.431796274Z,1783799967431,18342,100,ok,
reaction-20260711T195313.408870065Z,fair-c100,2026-07-11T19:59:27.461973177Z,1783799967461,19717,94,ok,
reaction-20260711T195313.408870065Z,baseline-c100,2026-07-11T19:59:28.430797633Z,1783799968430,18878,90,ok,
reaction-20260711T195313.408870065Z,fair-c100,2026-07-11T19:59:28.458880338Z,1783799968458,19340,84,ok,
reaction-20260711T195313.408870065Z,baseline-c100,2026-07-11T19:59:29.433033042Z,1783799969433,18314,94,ok,
reaction-20260711T195313.408870065Z,fair-c100,2026-07-11T19:59:29.492645995Z,1783799969492,19098,84,ok,
reaction-20260711T195313.408870065Z,baseline-c100,2026-07-11T19:59:30.431642111Z,1783799970431,18420,84,ok,
reaction-20260711T195313.408870065Z,fair-c100,2026-07-11T19:59:30.46242616Z,1783799970462,19078,82,ok,
reaction-20260711T195313.408870065Z,baseline-c100,2026-07-11T19:59:31.434734082Z,1783799971434,18111,89,ok,
reaction-20260711T195313.408870065Z,fair-c100,2026-07-11T19:59:31.46685591Z,1783799971466,19404,100,ok,
reaction-20260711T195313.408870065Z,baseline-c100,2026-07-11T19:59:32.431797938Z,1783799972431,18342,98,ok,
reaction-20260711T195313.408870065Z,fair-c100,2026-07-11T19:59:32.471418402Z,1783799972471,19444,81,ok,
reaction-20260711T195313.408870065Z,baseline-c100,2026-07-11T19:59:33.432332391Z,1783799973432,18111,98,ok,
reaction-20260711T195313.408870065Z,fair-c100,2026-07-11T19:59:33.460049281Z,1783799973460,19164,99,ok,
reaction-20260711T195313.408870065Z,baseline-c100,2026-07-11T19:59:34.431730332Z,1783799974431,18453,93,ok,
reaction-20260711T195313.408870065Z,fair-c100,2026-07-11T19:59:34.460328477Z,1783799974460,19078,87,ok,
reaction-20260711T195313.408870065Z,baseline-c100,2026-07-11T19:59:35.43233071Z,1783799975432,18156,78,ok,
reaction-20260711T195313.408870065Z,fair-c100,2026-07-11T19:59:35.461205582Z,1783799975461,18929,94,ok,
reaction-20260711T195313.408870065Z,baseline-c100,2026-07-11T19:59:36.433020121Z,1783799976433,18080,97,ok,
reaction-20260711T195313.408870065Z,fair-c100,2026-07-11T19:59:36.464681675Z,1783799976464,18959,72,ok,
reaction-20260711T195313.408870065Z,baseline-c100,2026-07-11T19:59:37.430106691Z,1783799977430,17924,103,ok,
reaction-20260711T195313.408870065Z,fair-c100,2026-07-11T19:59:37.457936251Z,1783799977457,18890,99,ok,
reaction-20260711T195313.408870065Z,baseline-c100,2026-07-11T19:59:38.435016859Z,1783799978435,17909,82,ok,
reaction-20260711T195313.408870065Z,fair-c100,2026-07-11T19:59:38.470434794Z,1783799978470,19097,86,ok,
reaction-20260711T195313.408870065Z,baseline-c100,2026-07-11T19:59:39.432051334Z,1783799979432,17909,82,ok,
reaction-20260711T195313.408870065Z,fair-c100,2026-07-11T19:59:39.457390181Z,1783799979457,18703,86,ok,
reaction-20260711T195313.408870065Z,baseline-c100,2026-07-11T19:59:40.436666919Z,1783799980436,17925,99,ok,
reaction-20260711T195313.408870065Z,fair-c100,2026-07-11T19:59:40.464781981Z,1783799980464,18703,86,ok,
reaction-20260711T195313.408870065Z,baseline-c100,2026-07-11T19:59:41.445203049Z,1783799981445,17847,96,ok,
reaction-20260711T195313.408870065Z,fair-c100,2026-07-11T19:59:41.474594272Z,1783799981474,18704,80,ok,
reaction-20260711T195313.408870065Z,baseline-c100,2026-07-11T19:59:42.431866677Z,1783799982431,17682,93,ok,
reaction-20260711T195313.408870065Z,fair-c100,2026-07-11T19:59:42.491102014Z,1783799982491,19240,101,ok,
reaction-20260711T195313.408870065Z,baseline-c100,2026-07-11T19:59:43.43396265Z,1783799983433,17909,82,ok,
reaction-20260711T195313.408870065Z,fair-c100,2026-07-11T19:59:43.461615271Z,1783799983461,18891,95,ok,
reaction-20260711T195313.408870065Z,baseline-c100,2026-07-11T19:59:44.433653808Z,1783799984433,18004,95,ok,
reaction-20260711T195313.408870065Z,fair-c100,2026-07-11T19:59:44.464725986Z,1783799984464,18704,89,ok,
reaction-20260711T195313.408870065Z,baseline-c100,2026-07-11T19:59:45.432900841Z,1783799985432,17608,94,ok,
reaction-20260711T195313.408870065Z,fair-c100,2026-07-11T19:59:45.462194066Z,1783799985462,18960,77,ok,
reaction-20260711T195313.408870065Z,baseline-c100,2026-07-11T19:59:46.432148693Z,1783799986432,17581,91,ok,
reaction-20260711T195313.408870065Z,fair-c100,2026-07-11T19:59:46.465217556Z,1783799986465,18460,95,ok,
reaction-20260711T195313.408870065Z,baseline-c100,2026-07-11T19:59:47.43690836Z,1783799987436,17580,98,ok,
reaction-20260711T195313.408870065Z,fair-c100,2026-07-11T19:59:47.467956961Z,1783799987467,18477,94,ok,
reaction-20260711T195313.408870065Z,baseline-c100,2026-07-11T19:59:48.431838226Z,1783799988431,17590,89,ok,
reaction-20260711T195313.408870065Z,fair-c100,2026-07-11T19:59:48.459418279Z,1783799988459,18929,96,ok,
reaction-20260711T195313.408870065Z,baseline-c100,2026-07-11T19:59:49.432347564Z,1783799989432,17608,94,ok,
reaction-20260711T195313.408870065Z,fair-c100,2026-07-11T19:59:49.46011325Z,1783799989460,18455,99,ok,
reaction-20260711T195313.408870065Z,baseline-c100,2026-07-11T19:59:50.432248919Z,1783799990432,17582,94,ok,
reaction-20260711T195313.408870065Z,fair-c100,2026-07-11T19:59:50.458485237Z,1783799990458,18456,94,ok,
reaction-20260711T195313.408870065Z,baseline-c100,2026-07-11T19:59:51.435146133Z,1783799991435,17360,99,ok,
reaction-20260711T195313.408870065Z,fair-c100,2026-07-11T19:59:51.463891591Z,1783799991463,18532,90,ok,
reaction-20260711T195313.408870065Z,baseline-c100,2026-07-11T19:59:52.433997587Z,1783799992433,17590,94,ok,
reaction-20260711T195313.408870065Z,fair-c100,2026-07-11T19:59:52.464423233Z,1783799992464,18237,89,ok,
reaction-20260711T195313.408870065Z,baseline-c100,2026-07-11T19:59:53.43369588Z,1783799993433,17409,80,ok,
reaction-20260711T195313.408870065Z,fair-c100,2026-07-11T19:59:53.464065578Z,1783799993464,18477,91,ok,
reaction-20260711T195313.408870065Z,baseline-c100,2026-07-11T19:59:54.432166781Z,1783799994432,17284,96,ok,
reaction-20260711T195313.408870065Z,fair-c100,2026-07-11T19:59:54.460149128Z,1783799994460,18457,91,ok,
reaction-20260711T195313.408870065Z,baseline-c100,2026-07-11T19:59:55.433976482Z,1783799995433,17359,100,ok,
reaction-20260711T195313.408870065Z,fair-c100,2026-07-11T19:59:55.468080829Z,1783799995468,18350,90,ok,
reaction-20260711T195313.408870065Z,baseline-c100,2026-07-11T19:59:56.432426311Z,1783799996432,17684,92,ok,
reaction-20260711T195313.408870065Z,fair-c100,2026-07-11T19:59:56.460102905Z,1783799996460,18168,88,ok,
reaction-20260711T195313.408870065Z,baseline-c100,2026-07-11T19:59:57.431269034Z,1783799997431,18110,95,ok,
reaction-20260711T195313.408870065Z,fair-c100,2026-07-11T19:59:57.460725044Z,1783799997460,18853,98,ok,
reaction-20260711T195313.408870065Z,baseline-c100,2026-07-11T19:59:58.432747745Z,1783799998432,17119,96,ok,
reaction-20260711T195313.408870065Z,fair-c100,2026-07-11T19:59:58.459541809Z,1783799998459,18168,89,ok,
reaction-20260711T195313.408870065Z,baseline-c100,2026-07-11T19:59:59.432633375Z,1783799999432,17359,97,ok,
reaction-20260711T195313.408870065Z,fair-c100,2026-07-11T19:59:59.481114214Z,1783799999481,18170,82,ok,
reaction-20260711T195313.408870065Z,baseline-c100,2026-07-11T20:00:00.433630307Z,1783800000433,17709,98,ok,
reaction-20260711T195313.408870065Z,fair-c100,2026-07-11T20:00:00.464186393Z,1783800000464,18233,89,ok,
reaction-20260711T195313.408870065Z,baseline-c100,2026-07-11T20:00:01.434515991Z,1783800001434,17141,100,ok,
reaction-20260711T195313.408870065Z,fair-c100,2026-07-11T20:00:01.466669483Z,1783800001466,18551,92,ok,
reaction-20260711T195313.408870065Z,baseline-c100,2026-07-11T20:00:02.431362271Z,1783800002431,17020,84,ok,
reaction-20260711T195313.408870065Z,fair-c100,2026-07-11T20:00:02.456695959Z,1783800002456,18049,79,ok,
reaction-20260711T195313.408870065Z,baseline-c100,2026-07-11T20:00:03.435923077Z,1783800003435,17024,87,ok,
reaction-20260711T195313.408870065Z,fair-c100,2026-07-11T20:00:03.463066919Z,1783800003463,17907,90,ok,
reaction-20260711T195313.408870065Z,baseline-c100,2026-07-11T20:00:04.433321492Z,1783800004433,16883,101,ok,
reaction-20260711T195313.408870065Z,fair-c100,2026-07-11T20:00:04.4618337Z,1783800004461,18109,80,ok,
reaction-20260711T195313.408870065Z,baseline-c100,2026-07-11T20:00:05.432782129Z,1783800005432,17141,100,ok,
reaction-20260711T195313.408870065Z,fair-c100,2026-07-11T20:00:05.461273863Z,1783800005461,17797,86,ok,
reaction-20260711T195313.408870065Z,baseline-c100,2026-07-11T20:00:06.432825975Z,1783800006432,16883,96,ok,
reaction-20260711T195313.408870065Z,fair-c100,2026-07-11T20:00:06.463564135Z,1783800006463,17975,97,ok,
reaction-20260711T195313.408870065Z,baseline-c100,2026-07-11T20:00:07.431774229Z,1783800007431,17284,99,ok,
reaction-20260711T195313.408870065Z,fair-c100,2026-07-11T20:00:07.460485523Z,1783800007460,17908,90,ok,
reaction-20260711T195313.408870065Z,baseline-c100,2026-07-11T20:00:08.430924104Z,1783800008430,16885,97,ok,
reaction-20260711T195313.408870065Z,fair-c100,2026-07-11T20:00:08.458229479Z,1783800008458,18047,83,ok,
reaction-20260711T195313.408870065Z,baseline-c100,2026-07-11T20:00:09.434046108Z,1783800009434,16810,95,ok,
reaction-20260711T195313.408870065Z,fair-c100,2026-07-11T20:00:09.465826399Z,1783800009465,17737,84,ok,
reaction-20260711T195313.408870065Z,baseline-c100,2026-07-11T20:00:10.431419743Z,1783800010431,16744,92,ok,
reaction-20260711T195313.408870065Z,fair-c100,2026-07-11T20:00:10.461687382Z,1783800010461,17931,89,ok,
reaction-20260711T195313.408870065Z,baseline-c100,2026-07-11T20:00:11.43611053Z,1783800011436,16886,92,ok,
reaction-20260711T195313.408870065Z,fair-c100,2026-07-11T20:00:11.481925921Z,1783800011481,18137,100,ok,
reaction-20260711T195313.408870065Z,baseline-c100,2026-07-11T20:00:12.431008883Z,1783800012431,17041,95,ok,
reaction-20260711T195313.408870065Z,fair-c100,2026-07-11T20:00:12.457245721Z,1783800012457,17537,90,ok,
reaction-20260711T195313.408870065Z,baseline-c100,2026-07-11T20:00:13.432818789Z,1783800013432,16744,92,ok,
reaction-20260711T195313.408870065Z,fair-c100,2026-07-11T20:00:13.465678173Z,1783800013465,17691,87,ok,
reaction-20260711T195313.408870065Z,baseline-c100,2026-07-11T20:00:14.431274741Z,1783800014431,16580,98,ok,
reaction-20260711T195313.408870065Z,fair-c100,2026-07-11T20:00:14.45663478Z,1783800014456,17583,100,ok,
reaction-20260711T195313.408870065Z,baseline-c100,2026-07-11T20:00:15.433530557Z,1783800015433,16631,79,ok,
reaction-20260711T195313.408870065Z,fair-c100,2026-07-11T20:00:15.459561793Z,1783800015459,17582,98,ok,
reaction-20260711T195313.408870065Z,baseline-c100,2026-07-11T20:00:16.433551712Z,1783800016433,16884,97,ok,
reaction-20260711T195313.408870065Z,fair-c100,2026-07-11T20:00:16.461050015Z,1783800016461,17797,88,ok,
reaction-20260711T195313.408870065Z,baseline-c100,2026-07-11T20:00:17.431499991Z,1783800017431,16455,99,ok,
reaction-20260711T195313.408870065Z,fair-c100,2026-07-11T20:00:17.458450448Z,1783800017458,17366,93,ok,
reaction-20260711T195313.408870065Z,baseline-c100,2026-07-11T20:00:18.431990799Z,1783800018431,16630,81,ok,
reaction-20260711T195313.408870065Z,fair-c100,2026-07-11T20:00:18.459230186Z,1783800018459,17582,99,ok,
reaction-20260711T195313.408870065Z,baseline-c100,2026-07-11T20:00:19.431775736Z,1783800019431,16579,97,ok,
reaction-20260711T195313.408870065Z,fair-c100,2026-07-11T20:00:19.463442496Z,1783800019463,17468,97,ok,
reaction-20260711T195313.408870065Z,baseline-c100,2026-07-11T20:00:20.436498275Z,1783800020436,16813,97,ok,
reaction-20260711T195313.408870065Z,fair-c100,2026-07-11T20:00:20.462317081Z,1783800020462,17366,97,ok,
reaction-20260711T195313.408870065Z,baseline-c100,2026-07-11T20:00:21.433446793Z,1783800021433,16381,91,ok,
reaction-20260711T195313.408870065Z,fair-c100,2026-07-11T20:00:21.484008288Z,1783800021484,17736,86,ok,
reaction-20260711T195313.408870065Z,baseline-c100,2026-07-11T20:00:22.433019079Z,1783800022433,16384,93,ok,
reaction-20260711T195313.408870065Z,fair-c100,2026-07-11T20:00:22.461908725Z,1783800022461,17290,98,ok,
reaction-20260711T195313.408870065Z,baseline-c100,2026-07-11T20:00:23.431157032Z,1783800023431,16356,88,ok,
reaction-20260711T195313.408870065Z,fair-c100,2026-07-11T20:00:23.457537788Z,1783800023457,17168,98,ok,
reaction-20260711T195313.408870065Z,baseline-c100,2026-07-11T20:00:24.434892089Z,1783800024434,16562,85,ok,
reaction-20260711T195313.408870065Z,fair-c100,2026-07-11T20:00:24.504421892Z,1783800024504,17290,96,ok,
reaction-20260711T195313.408870065Z,baseline-c100,2026-07-11T20:00:25.434183373Z,1783800025434,16355,92,ok,
reaction-20260711T195313.408870065Z,fair-c100,2026-07-11T20:00:25.461689585Z,1783800025461,17167,95,ok,
reaction-20260711T195313.408870065Z,baseline-c100,2026-07-11T20:00:26.433074238Z,1783800026433,16452,98,ok,
reaction-20260711T195313.408870065Z,fair-c100,2026-07-11T20:00:26.460955463Z,1783800026460,17086,97,ok,
reaction-20260711T195313.408870065Z,baseline-c100,2026-07-11T20:00:27.433674676Z,1783800027433,16137,95,ok,
reaction-20260711T195313.408870065Z,fair-c100,2026-07-11T20:00:27.461656819Z,1783800027461,17660,105,ok,
reaction-20260711T195313.408870065Z,baseline-c100,2026-07-11T20:00:28.43401736Z,1783800028434,16382,91,ok,
reaction-20260711T195313.408870065Z,fair-c100,2026-07-11T20:00:28.479836108Z,1783800028479,17367,92,ok,
reaction-20260711T195313.408870065Z,baseline-c100,2026-07-11T20:00:29.432470189Z,1783800029432,16377,89,ok,
reaction-20260711T195313.408870065Z,fair-c100,2026-07-11T20:00:29.459912712Z,1783800029459,16984,98,ok,
reaction-20260711T195313.408870065Z,baseline-c100,2026-07-11T20:00:30.432232928Z,1783800030432,16037,84,ok,
reaction-20260711T195313.408870065Z,fair-c100,2026-07-11T20:00:30.458833033Z,1783800030458,16985,99,ok,
reaction-20260711T195313.408870065Z,baseline-c100,2026-07-11T20:00:31.433746162Z,1783800031433,16100,81,ok,
reaction-20260711T195313.408870065Z,fair-c100,2026-07-11T20:00:31.464184961Z,1783800031464,17167,95,ok,
reaction-20260711T195313.408870065Z,baseline-c100,2026-07-11T20:00:32.43257413Z,1783800032432,16159,101,ok,
reaction-20260711T195313.408870065Z,fair-c100,2026-07-11T20:00:32.461261359Z,1783800032461,17085,97,ok,
reaction-20260711T195313.408870065Z,baseline-c100,2026-07-11T20:00:33.431843665Z,1783800033431,15896,93,ok,
reaction-20260711T195313.408870065Z,fair-c100,2026-07-11T20:00:33.459013749Z,1783800033459,16983,102,ok,
reaction-20260711T195313.408870065Z,baseline-c100,2026-07-11T20:00:34.431519564Z,1783800034431,16097,85,ok,
reaction-20260711T195313.408870065Z,fair-c100,2026-07-11T20:00:34.459084645Z,1783800034459,16954,85,ok,
reaction-20260711T195313.408870065Z,baseline-c100,2026-07-11T20:00:35.433102794Z,1783800035433,15816,100,ok,
reaction-20260711T195313.408870065Z,fair-c100,2026-07-11T20:00:35.461854294Z,1783800035461,16735,94,ok,
reaction-20260711T195313.408870065Z,baseline-c100,2026-07-11T20:00:36.431231366Z,1783800036431,15898,95,ok,
reaction-20260711T195313.408870065Z,fair-c100,2026-07-11T20:00:36.458988885Z,1783800036458,17274,79,ok,
reaction-20260711T195313.408870065Z,baseline-c100,2026-07-11T20:00:37.434067559Z,1783800037434,16137,95,ok,
reaction-20260711T195313.408870065Z,fair-c100,2026-07-11T20:00:37.479233765Z,1783800037479,17196,98,ok,
reaction-20260711T195313.408870065Z,baseline-c100,2026-07-11T20:00:38.432735895Z,1783800038432,15988,97,ok,
reaction-20260711T195313.408870065Z,fair-c100,2026-07-11T20:00:38.463402968Z,1783800038463,16734,92,ok,
reaction-20260711T195313.408870065Z,baseline-c100,2026-07-11T20:00:39.432806998Z,1783800039432,16037,81,ok,
reaction-20260711T195313.408870065Z,fair-c100,2026-07-11T20:00:39.463857974Z,1783800039463,16735,94,ok,
reaction-20260711T195313.408870065Z,baseline-c100,2026-07-11T20:00:40.431983611Z,1783800040431,15706,81,ok,
reaction-20260711T195313.408870065Z,fair-c100,2026-07-11T20:00:40.486659467Z,1783800040486,16812,100,ok,
reaction-20260711T195313.408870065Z,baseline-c100,2026-07-11T20:00:41.4312571Z,1783800041431,15648,82,ok,
reaction-20260711T195313.408870065Z,fair-c100,2026-07-11T20:00:41.459088038Z,1783800041459,16502,98,ok,
reaction-20260711T195313.408870065Z,baseline-c100,2026-07-11T20:00:42.434541643Z,1783800042434,15910,96,ok,
reaction-20260711T195313.408870065Z,fair-c100,2026-07-11T20:00:42.464221563Z,1783800042464,16763,86,ok,
reaction-20260711T195313.408870065Z,baseline-c100,2026-07-11T20:00:43.432587196Z,1783800043432,15646,82,ok,
reaction-20260711T195313.408870065Z,fair-c100,2026-07-11T20:00:43.460225576Z,1783800043460,16618,101,ok,
reaction-20260711T195313.408870065Z,baseline-c100,2026-07-11T20:00:44.432053902Z,1783800044432,15898,91,ok,
reaction-20260711T195313.408870065Z,fair-c100,2026-07-11T20:00:44.458823177Z,1783800044458,16660,96,ok,
reaction-20260711T195313.408870065Z,baseline-c100,2026-07-11T20:00:45.43075232Z,1783800045430,15818,97,ok,
reaction-20260711T195313.408870065Z,fair-c100,2026-07-11T20:00:45.457574955Z,1783800045457,16375,79,ok,
reaction-20260711T195313.408870065Z,baseline-c100,2026-07-11T20:00:46.434034908Z,1783800046434,15528,90,ok,
reaction-20260711T195313.408870065Z,fair-c100,2026-07-11T20:00:46.462759589Z,1783800046462,16377,87,ok,
reaction-20260711T195313.408870065Z,baseline-c100,2026-07-11T20:00:47.462594465Z,1783800047462,15708,80,ok,
reaction-20260711T195313.408870065Z,fair-c100,2026-07-11T20:00:47.492031014Z,1783800047492,16734,93,ok,
reaction-20260711T195313.408870065Z,baseline-c100,2026-07-11T20:00:48.434932587Z,1783800048434,15526,93,ok,
reaction-20260711T195313.408870065Z,fair-c100,2026-07-11T20:00:48.461906577Z,1783800048461,16834,98,ok,
reaction-20260711T195313.408870065Z,baseline-c100,2026-07-11T20:00:49.432900432Z,1783800049432,15332,86,ok,
reaction-20260711T195313.408870065Z,fair-c100,2026-07-11T20:00:49.481856336Z,1783800049481,16248,77,ok,
reaction-20260711T195313.408870065Z,baseline-c100,2026-07-11T20:00:50.433577462Z,1783800050433,15463,88,ok,
reaction-20260711T195313.408870065Z,fair-c100,2026-07-11T20:00:50.462189451Z,1783800050462,16269,93,ok,
reaction-20260711T195313.408870065Z,baseline-c100,2026-07-11T20:00:51.432762782Z,1783800051432,15429,98,ok,
reaction-20260711T195313.408870065Z,fair-c100,2026-07-11T20:00:51.470798722Z,1783800051470,16270,93,ok,
reaction-20260711T195313.408870065Z,baseline-c100,2026-07-11T20:00:52.432963019Z,1783800052432,15257,94,ok,
reaction-20260711T195313.408870065Z,fair-c100,2026-07-11T20:00:52.4608628Z,1783800052460,16503,95,ok,
reaction-20260711T195313.408870065Z,baseline-c100,2026-07-11T20:00:53.432661679Z,1783800053432,15359,90,ok,
reaction-20260711T195313.408870065Z,fair-c100,2026-07-11T20:00:53.459993441Z,1783800053459,16250,79,ok,
reaction-20260711T195313.408870065Z,baseline-c100,2026-07-11T20:00:54.434144536Z,1783800054434,15257,91,ok,
reaction-20260711T195313.408870065Z,fair-c100,2026-07-11T20:00:54.461788413Z,1783800054461,16438,91,ok,
reaction-20260711T195313.408870065Z,baseline-c100,2026-07-11T20:00:55.431871999Z,1783800055431,15140,89,ok,
reaction-20260711T195313.408870065Z,fair-c100,2026-07-11T20:00:55.460528422Z,1783800055460,16378,84,ok,
reaction-20260711T195313.408870065Z,baseline-c100,2026-07-11T20:00:56.432745161Z,1783800056432,15647,82,ok,
reaction-20260711T195313.408870065Z,fair-c100,2026-07-11T20:00:56.459191452Z,1783800056459,16117,81,ok,
reaction-20260711T195313.408870065Z,baseline-c100,2026-07-11T20:00:57.431153052Z,1783800057431,15139,93,ok,
reaction-20260711T195313.408870065Z,fair-c100,2026-07-11T20:00:57.458605993Z,1783800057458,16421,84,ok,
reaction-20260711T195313.408870065Z,baseline-c100,2026-07-11T20:00:58.434826918Z,1783800058434,15257,98,ok,
reaction-20260711T195313.408870065Z,fair-c100,2026-07-11T20:00:58.463337127Z,1783800058463,16250,79,ok,
reaction-20260711T195313.408870065Z,baseline-c100,2026-07-11T20:00:59.439593813Z,1783800059439,15045,90,ok,
reaction-20260711T195313.408870065Z,fair-c100,2026-07-11T20:00:59.46698011Z,1783800059466,16038,96,ok,
reaction-20260711T195313.408870065Z,baseline-c100,2026-07-11T20:01:00.433626689Z,1783800060433,15043,87,ok,
reaction-20260711T195313.408870065Z,fair-c100,2026-07-11T20:01:00.585123332Z,1783800060585,15872,84,ok,
reaction-20260711T195313.408870065Z,baseline-c100,2026-07-11T20:01:01.432029473Z,1783800061432,15671,91,ok,
reaction-20260711T195313.408870065Z,fair-c100,2026-07-11T20:01:01.460860775Z,1783800061460,16269,92,ok,
reaction-20260711T195313.408870065Z,baseline-c100,2026-07-11T20:01:02.433357916Z,1783800062433,15139,93,ok,
reaction-20260711T195313.408870065Z,fair-c100,2026-07-11T20:01:02.467505132Z,1783800062467,16003,86,ok,
reaction-20260711T195313.408870065Z,baseline-c100,2026-07-11T20:01:03.431602736Z,1783800063431,14834,97,ok,
reaction-20260711T195313.408870065Z,fair-c100,2026-07-11T20:01:03.459654966Z,1783800063459,16115,82,ok,
reaction-20260711T195313.408870065Z,baseline-c100,2026-07-11T20:01:04.433404945Z,1783800064433,15045,89,ok,
reaction-20260711T195313.408870065Z,fair-c100,2026-07-11T20:01:04.462093242Z,1783800064462,15797,98,ok,
reaction-20260711T195313.408870065Z,baseline-c100,2026-07-11T20:01:05.433522739Z,1783800065433,14766,80,ok,
reaction-20260711T195313.408870065Z,fair-c100,2026-07-11T20:01:05.461063277Z,1783800065461,15933,95,ok,
reaction-20260711T195313.408870065Z,baseline-c100,2026-07-11T20:01:06.430781415Z,1783800066430,14882,83,ok,
reaction-20260711T195313.408870065Z,fair-c100,2026-07-11T20:01:06.46077913Z,1783800066460,15639,78,ok,
reaction-20260711T195313.408870065Z,baseline-c100,2026-07-11T20:01:07.433460123Z,1783800067433,14833,99,ok,
reaction-20260711T195313.408870065Z,fair-c100,2026-07-11T20:01:07.468319572Z,1783800067468,15890,92,ok,
reaction-20260711T195313.408870065Z,baseline-c100,2026-07-11T20:01:08.434191693Z,1783800068434,14979,87,ok,
reaction-20260711T195313.408870065Z,fair-c100,2026-07-11T20:01:08.462949973Z,1783800068462,15648,96,ok,
reaction-20260711T195313.408870065Z,baseline-c100,2026-07-11T20:01:09.433544049Z,1783800069433,15209,93,ok,
reaction-20260711T195313.408870065Z,fair-c100,2026-07-11T20:01:09.465674105Z,1783800069465,15638,81,ok,
reaction-20260711T195313.408870065Z,baseline-c100,2026-07-11T20:01:10.434045502Z,1783800070434,14768,81,ok,
reaction-20260711T195313.408870065Z,fair-c100,2026-07-11T20:01:10.4622139Z,1783800070462,15761,88,ok,
reaction-20260711T195313.408870065Z,baseline-c100,2026-07-11T20:01:11.435806496Z,1783800071435,14593,94,ok,
reaction-20260711T195313.408870065Z,fair-c100,2026-07-11T20:01:11.463897208Z,1783800071463,15570,96,ok,
reaction-20260711T195313.408870065Z,baseline-c100,2026-07-11T20:01:12.433755956Z,1783800072433,14629,89,ok,
reaction-20260711T195313.408870065Z,fair-c100,2026-07-11T20:01:12.485394007Z,1783800072485,15723,96,ok,
reaction-20260711T195313.408870065Z,baseline-c100,2026-07-11T20:01:13.437797638Z,1783800073437,14834,97,ok,
reaction-20260711T195313.408870065Z,fair-c100,2026-07-11T20:01:13.467852517Z,1783800073467,15571,96,ok,
reaction-20260711T195313.408870065Z,baseline-c100,2026-07-11T20:01:14.432346474Z,1783800074432,14771,82,ok,
reaction-20260711T195313.408870065Z,fair-c100,2026-07-11T20:01:14.463484912Z,1783800074463,15641,81,ok,
reaction-20260711T195313.408870065Z,baseline-c100,2026-07-11T20:01:15.432703273Z,1783800075432,14592,96,ok,
reaction-20260711T195313.408870065Z,fair-c100,2026-07-11T20:01:15.459335101Z,1783800075459,15335,100,ok,
reaction-20260711T195313.408870065Z,baseline-c100,2026-07-11T20:01:16.434346031Z,1783800076434,14628,93,ok,
reaction-20260711T195313.408870065Z,fair-c100,2026-07-11T20:01:16.462953537Z,1783800076462,15646,96,ok,
reaction-20260711T195313.408870065Z,baseline-c100,2026-07-11T20:01:17.432504394Z,1783800077432,14552,100,ok,
reaction-20260711T195313.408870065Z,fair-c100,2026-07-11T20:01:17.460224019Z,1783800077460,15337,99,ok,
reaction-20260711T195313.408870065Z,baseline-c100,2026-07-11T20:01:18.435389922Z,1783800078435,14338,87,ok,
reaction-20260711T195313.408870065Z,fair-c100,2026-07-11T20:01:18.462524057Z,1783800078462,15335,100,ok,
reaction-20260711T195313.408870065Z,baseline-c100,2026-07-11T20:01:19.433162447Z,1783800079433,14882,83,ok,
reaction-20260711T195313.408870065Z,fair-c100,2026-07-11T20:01:19.459993538Z,1783800079459,15336,98,ok,
reaction-20260711T195313.408870065Z,baseline-c100,2026-07-11T20:01:20.4325836Z,1783800080432,14339,87,ok,
reaction-20260711T195313.408870065Z,fair-c100,2026-07-11T20:01:20.472352612Z,1783800080472,15413,92,ok,
reaction-20260711T195313.408870065Z,baseline-c100,2026-07-11T20:01:21.435724691Z,1783800081435,14308,83,ok,
reaction-20260711T195313.408870065Z,fair-c100,2026-07-11T20:01:21.465841018Z,1783800081465,15336,97,ok,
reaction-20260711T195313.408870065Z,baseline-c100,2026-07-11T20:01:22.433597502Z,1783800082433,14337,89,ok,
reaction-20260711T195313.408870065Z,fair-c100,2026-07-11T20:01:22.484044713Z,1783800082484,15088,93,ok,
reaction-20260711T195313.408870065Z,baseline-c100,2026-07-11T20:01:23.434059944Z,1783800083434,14372,86,ok,
reaction-20260711T195313.408870065Z,fair-c100,2026-07-11T20:01:23.463927738Z,1783800083463,15088,90,ok,
reaction-20260711T195313.408870065Z,baseline-c100,2026-07-11T20:01:24.439409905Z,1783800084439,14234,95,ok,
reaction-20260711T195313.408870065Z,fair-c100,2026-07-11T20:01:24.467500362Z,1783800084467,15359,87,ok,
reaction-20260711T195313.408870065Z,baseline-c100,2026-07-11T20:01:25.43288169Z,1783800085432,14307,85,ok,
reaction-20260711T195313.408870065Z,fair-c100,2026-07-11T20:01:25.464492275Z,1783800085464,15488,86,ok,
reaction-20260711T195313.408870065Z,baseline-c100,2026-07-11T20:01:26.435524465Z,1783800086435,14027,78,ok,
reaction-20260711T195313.408870065Z,fair-c100,2026-07-11T20:01:26.469692033Z,1783800086469,14973,98,ok,
reaction-20260711T195313.408870065Z,baseline-c100,2026-07-11T20:01:27.434862713Z,1783800087434,14120,95,ok,
reaction-20260711T195313.408870065Z,fair-c100,2026-07-11T20:01:27.463977034Z,1783800087463,14973,91,ok,
reaction-20260711T195313.408870065Z,baseline-c100,2026-07-11T20:01:28.434383781Z,1783800088434,14026,83,ok,
reaction-20260711T195313.408870065Z,fair-c100,2026-07-11T20:01:28.463236488Z,1783800088463,15796,99,ok,
reaction-20260711T195313.408870065Z,baseline-c100,2026-07-11T20:01:29.434983162Z,1783800089434,14437,106,ok,
reaction-20260711T195313.408870065Z,fair-c100,2026-07-11T20:01:29.461799287Z,1783800089461,14848,88,ok,
reaction-20260711T195313.408870065Z,baseline-c100,2026-07-11T20:01:30.444306427Z,1783800090444,14235,94,ok,
reaction-20260711T195313.408870065Z,fair-c100,2026-07-11T20:01:30.48090762Z,1783800090480,15119,89,ok,
reaction-20260711T195313.408870065Z,baseline-c100,2026-07-11T20:01:31.431944517Z,1783800091431,14030,81,ok,
reaction-20260711T195313.408870065Z,fair-c100,2026-07-11T20:01:31.463158149Z,1783800091463,14848,88,ok,
reaction-20260711T195313.408870065Z,baseline-c100,2026-07-11T20:01:32.438015001Z,1783800092438,14083,88,ok,
reaction-20260711T195313.408870065Z,fair-c100,2026-07-11T20:01:32.466454638Z,1783800092466,14975,91,ok,
reaction-20260711T195313.408870065Z,baseline-c100,2026-07-11T20:01:33.43440255Z,1783800093434,13873,93,ok,
reaction-20260711T195313.408870065Z,fair-c100,2026-07-11T20:01:33.462070216Z,1783800093462,14778,99,ok,
reaction-20260711T195313.408870065Z,baseline-c100,2026-07-11T20:01:34.431161826Z,1783800094431,13794,96,ok,
reaction-20260711T195313.408870065Z,fair-c100,2026-07-11T20:01:34.460241161Z,1783800094460,14779,90,ok,
reaction-20260711T195313.408870065Z,baseline-c100,2026-07-11T20:01:35.433747387Z,1783800095433,13838,93,ok,
reaction-20260711T195313.408870065Z,fair-c100,2026-07-11T20:01:35.471604265Z,1783800095471,14848,91,ok,
reaction-20260711T195313.408870065Z,baseline-c100,2026-07-11T20:01:36.431938112Z,1783800096431,13785,74,ok,
reaction-20260711T195313.408870065Z,fair-c100,2026-07-11T20:01:36.458555876Z,1783800096458,14703,94,ok,
reaction-20260711T195313.408870065Z,baseline-c100,2026-07-11T20:01:37.431002464Z,1783800097431,14403,94,ok,
reaction-20260711T195313.408870065Z,fair-c100,2026-07-11T20:01:37.458328799Z,1783800097458,14938,101,ok,
reaction-20260711T195313.408870065Z,baseline-c100,2026-07-11T20:01:38.434183867Z,1783800098434,14120,98,ok,
reaction-20260711T195313.408870065Z,fair-c100,2026-07-11T20:01:38.462796948Z,1783800098462,14779,97,ok,
reaction-20260711T195313.408870065Z,baseline-c100,2026-07-11T20:01:39.431159832Z,1783800099431,13796,90,ok,
reaction-20260711T195313.408870065Z,fair-c100,2026-07-11T20:01:39.482268043Z,1783800099482,15090,90,ok,
reaction-20260711T195313.408870065Z,baseline-c100,2026-07-11T20:01:40.43602765Z,1783800100436,13541,89,ok,
reaction-20260711T195313.408870065Z,fair-c100,2026-07-11T20:01:40.462609823Z,1783800100462,14526,95,ok,
reaction-20260711T195313.408870065Z,baseline-c100,2026-07-11T20:01:41.43386667Z,1783800101433,13838,98,ok,
reaction-20260711T195313.408870065Z,fair-c100,2026-07-11T20:01:41.46536082Z,1783800101465,15259,96,ok,
reaction-20260711T195313.408870065Z,baseline-c100,2026-07-11T20:01:42.433834492Z,1783800102433,13465,92,ok,
reaction-20260711T195313.408870065Z,fair-c100,2026-07-11T20:01:42.479743237Z,1783800102479,14378,103,ok,
reaction-20260711T195313.408870065Z,baseline-c100,2026-07-11T20:01:43.430991761Z,1783800103430,13873,95,ok,
reaction-20260711T195313.408870065Z,fair-c100,2026-07-11T20:01:43.46225875Z,1783800103462,14702,92,ok,
reaction-20260711T195313.408870065Z,baseline-c100,2026-07-11T20:01:44.430300686Z,1783800104430,13787,75,ok,
reaction-20260711T195313.408870065Z,fair-c100,2026-07-11T20:01:44.457302373Z,1783800104457,14456,95,ok,
reaction-20260711T195313.408870065Z,baseline-c100,2026-07-11T20:01:45.434502428Z,1783800105434,13560,98,ok,
reaction-20260711T195313.408870065Z,fair-c100,2026-07-11T20:01:45.466023078Z,1783800105466,14378,97,ok,
reaction-20260711T195313.408870065Z,baseline-c100,2026-07-11T20:01:46.434776322Z,1783800106434,13465,95,ok,
reaction-20260711T195313.408870065Z,fair-c100,2026-07-11T20:01:46.465071719Z,1783800106465,14483,81,ok,
reaction-20260711T195313.408870065Z,baseline-c100,2026-07-11T20:01:47.431899861Z,1783800107431,13391,97,ok,
reaction-20260711T195313.408870065Z,fair-c100,2026-07-11T20:01:47.468293289Z,1783800107468,14377,103,ok,
reaction-20260711T195313.408870065Z,baseline-c100,2026-07-11T20:01:48.431945312Z,1783800108431,13538,90,ok,
reaction-20260711T195313.408870065Z,fair-c100,2026-07-11T20:01:48.460802967Z,1783800108460,14525,95,ok,
reaction-20260711T195313.408870065Z,baseline-c100,2026-07-11T20:01:49.435598232Z,1783800109435,13466,92,ok,
reaction-20260711T195313.408870065Z,fair-c100,2026-07-11T20:01:49.474992721Z,1783800109474,14305,88,ok,
reaction-20260711T195313.408870065Z,baseline-c100,2026-07-11T20:01:50.431126543Z,1783800110431,13171,97,ok,
reaction-20260711T195313.408870065Z,fair-c100,2026-07-11T20:01:50.459471045Z,1783800110459,14135,96,ok,
reaction-20260711T195313.408870065Z,baseline-c100,2026-07-11T20:01:51.435718399Z,1783800111435,13391,94,ok,
reaction-20260711T195313.408870065Z,fair-c100,2026-07-11T20:01:51.462781259Z,1783800111462,14093,93,ok,
reaction-20260711T195313.408870065Z,baseline-c100,2026-07-11T20:01:52.432582523Z,1783800112432,13093,102,ok,
reaction-20260711T195313.408870065Z,fair-c100,2026-07-11T20:01:52.482483705Z,1783800112482,14214,86,ok,
reaction-20260711T195313.408870065Z,baseline-c100,2026-07-11T20:01:53.432369694Z,1783800113432,13319,95,ok,
reaction-20260711T195313.408870065Z,fair-c100,2026-07-11T20:01:53.461321071Z,1783800113461,14607,87,ok,
reaction-20260711T195313.408870065Z,baseline-c100,2026-07-11T20:01:54.431013847Z,1783800114431,13349,102,ok,
reaction-20260711T195313.408870065Z,fair-c100,2026-07-11T20:01:54.468614063Z,1783800114468,14458,93,ok,
reaction-20260711T195313.408870065Z,baseline-c100,2026-07-11T20:01:55.432564367Z,1783800115432,13017,99,ok,
reaction-20260711T195313.408870065Z,fair-c100,2026-07-11T20:01:55.461797933Z,1783800115461,14131,100,ok,
reaction-20260711T195313.408870065Z,baseline-c100,2026-07-11T20:01:56.43588427Z,1783800116435,13170,93,ok,
reaction-20260711T195313.408870065Z,fair-c100,2026-07-11T20:01:56.467545093Z,1783800116467,14169,95,ok,
reaction-20260711T195313.408870065Z,baseline-c100,2026-07-11T20:01:57.432624771Z,1783800117432,13092,98,ok,
reaction-20260711T195313.408870065Z,fair-c100,2026-07-11T20:01:57.460887177Z,1783800117460,14092,89,ok,
reaction-20260711T195313.408870065Z,baseline-c100,2026-07-11T20:01:58.4334085Z,1783800118433,13201,86,ok,
reaction-20260711T195313.408870065Z,fair-c100,2026-07-11T20:01:58.481942277Z,1783800118481,13825,86,ok,
reaction-20260711T195313.408870065Z,baseline-c100,2026-07-11T20:01:59.440716342Z,1783800119440,12922,97,ok,
reaction-20260711T195313.408870065Z,fair-c100,2026-07-11T20:01:59.466843317Z,1783800119466,13935,66,ok,
reaction-20260711T195313.408870065Z,baseline-c100,2026-07-11T20:02:00.434135698Z,1783800120434,13016,100,ok,
reaction-20260711T195313.408870065Z,fair-c100,2026-07-11T20:02:00.462161647Z,1783800120462,13865,90,ok,
reaction-20260711T195313.408870065Z,baseline-c100,2026-07-11T20:02:01.431821218Z,1783800121431,12998,81,ok,
reaction-20260711T195313.408870065Z,fair-c100,2026-07-11T20:02:01.459354159Z,1783800121459,13962,83,ok,
reaction-20260711T195313.408870065Z,baseline-c100,2026-07-11T20:02:02.433244743Z,1783800122433,13605,97,ok,
reaction-20260711T195313.408870065Z,fair-c100,2026-07-11T20:02:02.460541366Z,1783800122460,13687,85,ok,
reaction-20260711T195313.408870065Z,baseline-c100,2026-07-11T20:02:03.433748533Z,1783800123433,12845,96,ok,
reaction-20260711T195313.408870065Z,fair-c100,2026-07-11T20:02:03.463137177Z,1783800123463,13890,86,ok,
reaction-20260711T195313.408870065Z,baseline-c100,2026-07-11T20:02:04.433386087Z,1783800124433,12751,91,ok,
reaction-20260711T195313.408870065Z,fair-c100,2026-07-11T20:02:04.487791742Z,1783800124487,13980,93,ok,
reaction-20260711T195313.408870065Z,baseline-c100,2026-07-11T20:02:05.434067379Z,1783800125434,12726,75,ok,
reaction-20260711T195313.408870065Z,fair-c100,2026-07-11T20:02:05.462593401Z,1783800125462,13684,90,ok,
reaction-20260711T195313.408870065Z,baseline-c100,2026-07-11T20:02:06.43464802Z,1783800126434,12726,75,ok,
reaction-20260711T195313.408870065Z,fair-c100,2026-07-11T20:02:06.463462462Z,1783800126463,13826,85,ok,
reaction-20260711T195313.408870065Z,baseline-c100,2026-07-11T20:02:07.432888047Z,1783800127432,12782,85,ok,
reaction-20260711T195313.408870065Z,fair-c100,2026-07-11T20:02:07.462839009Z,1783800127462,13865,91,ok,
reaction-20260711T195313.408870065Z,baseline-c100,2026-07-11T20:02:08.432803532Z,1783800128432,12751,91,ok,
reaction-20260711T195313.408870065Z,fair-c100,2026-07-11T20:02:08.466334107Z,1783800128466,13589,96,ok,
reaction-20260711T195313.408870065Z,baseline-c100,2026-07-11T20:02:09.436545624Z,1783800129436,12524,86,ok,
reaction-20260711T195313.408870065Z,fair-c100,2026-07-11T20:02:09.467282586Z,1783800129467,13683,88,ok,
reaction-20260711T195313.408870065Z,baseline-c100,2026-07-11T20:02:10.432207344Z,1783800130432,12654,98,ok,
reaction-20260711T195313.408870065Z,fair-c100,2026-07-11T20:02:10.45891739Z,1783800130458,13491,98,ok,
reaction-20260711T195313.408870065Z,baseline-c100,2026-07-11T20:02:11.435069207Z,1783800131435,12455,92,ok,
reaction-20260711T195313.408870065Z,fair-c100,2026-07-11T20:02:11.463423861Z,1783800131463,13935,60,ok,
reaction-20260711T195313.408870065Z,baseline-c100,2026-07-11T20:02:12.435691634Z,1783800132435,12549,94,ok,
reaction-20260711T195313.408870065Z,fair-c100,2026-07-11T20:02:12.465038266Z,1783800132465,13590,94,ok,
reaction-20260711T195313.408870065Z,baseline-c100,2026-07-11T20:02:13.432146104Z,1783800133432,12549,95,ok,
reaction-20260711T195313.408870065Z,fair-c100,2026-07-11T20:02:13.459573269Z,1783800133459,13512,98,ok,
reaction-20260711T195313.408870065Z,baseline-c100,2026-07-11T20:02:14.435111142Z,1783800134435,12524,90,ok,
reaction-20260711T195313.408870065Z,fair-c100,2026-07-11T20:02:14.468412541Z,1783800134468,13301,82,ok,
reaction-20260711T195313.408870065Z,baseline-c100,2026-07-11T20:02:15.432117965Z,1783800135432,12894,84,ok,
reaction-20260711T195313.408870065Z,fair-c100,2026-07-11T20:02:15.461492074Z,1783800135461,13434,78,ok,
reaction-20260711T195313.408870065Z,baseline-c100,2026-07-11T20:02:16.43703525Z,1783800136437,12921,93,ok,
reaction-20260711T195313.408870065Z,fair-c100,2026-07-11T20:02:16.463482795Z,1783800136463,13364,94,ok,
reaction-20260711T195313.408870065Z,baseline-c100,2026-07-11T20:02:17.433380057Z,1783800137433,12317,98,ok,
reaction-20260711T195313.408870065Z,fair-c100,2026-07-11T20:02:17.46238017Z,1783800137462,13609,91,ok,
reaction-20260711T195313.408870065Z,baseline-c100,2026-07-11T20:02:18.433570852Z,1783800138433,12317,98,ok,
reaction-20260711T195313.408870065Z,fair-c100,2026-07-11T20:02:18.460768251Z,1783800138460,13302,85,ok,
reaction-20260711T195313.408870065Z,baseline-c100,2026-07-11T20:02:19.432424517Z,1783800139432,12456,92,ok,
reaction-20260711T195313.408870065Z,fair-c100,2026-07-11T20:02:19.508632394Z,1783800139508,13491,91,ok,
reaction-20260711T195313.408870065Z,baseline-c100,2026-07-11T20:02:20.434508008Z,1783800140434,12317,95,ok,
reaction-20260711T195313.408870065Z,fair-c100,2026-07-11T20:02:20.485113849Z,1783800140485,13335,92,ok,
reaction-20260711T195313.408870065Z,baseline-c100,2026-07-11T20:02:21.432922569Z,1783800141432,12283,93,ok,
reaction-20260711T195313.408870065Z,fair-c100,2026-07-11T20:02:21.462041048Z,1783800141462,13239,82,ok,
reaction-20260711T195313.408870065Z,baseline-c100,2026-07-11T20:02:22.432697817Z,1783800142432,12151,89,ok,
reaction-20260711T195313.408870065Z,fair-c100,2026-07-11T20:02:22.459802885Z,1783800142459,13111,74,ok,
reaction-20260711T195313.408870065Z,baseline-c100,2026-07-11T20:02:23.433039427Z,1783800143433,12251,91,ok,
reaction-20260711T195313.408870065Z,fair-c100,2026-07-11T20:02:23.460655882Z,1783800143460,13057,86,ok,
reaction-20260711T195313.408870065Z,baseline-c100,2026-07-11T20:02:24.43526862Z,1783800144435,12075,96,ok,
reaction-20260711T195313.408870065Z,fair-c100,2026-07-11T20:02:24.471021771Z,1783800144471,13112,76,ok,
reaction-20260711T195313.408870065Z,baseline-c100,2026-07-11T20:02:25.432694961Z,1783800145432,12356,78,ok,
reaction-20260711T195313.408870065Z,fair-c100,2026-07-11T20:02:25.464376022Z,1783800145464,13111,74,ok,
reaction-20260711T195313.408870065Z,baseline-c100,2026-07-11T20:02:26.435345532Z,1783800146435,12725,83,ok,
reaction-20260711T195313.408870065Z,fair-c100,2026-07-11T20:02:26.462603697Z,1783800146462,13168,90,ok,
reaction-20260711T195313.408870065Z,baseline-c100,2026-07-11T20:02:27.431811446Z,1783800147431,11900,81,ok,
reaction-20260711T195313.408870065Z,fair-c100,2026-07-11T20:02:27.466013326Z,1783800147466,13058,89,ok,
reaction-20260711T195313.408870065Z,baseline-c100,2026-07-11T20:02:28.435009136Z,1783800148435,11898,82,ok,
reaction-20260711T195313.408870065Z,fair-c100,2026-07-11T20:02:28.462725772Z,1783800148462,13365,88,ok,
reaction-20260711T195313.408870065Z,baseline-c100,2026-07-11T20:02:29.435004479Z,1783800149435,12149,97,ok,
reaction-20260711T195313.408870065Z,fair-c100,2026-07-11T20:02:29.463981589Z,1783800149463,12884,99,ok,
reaction-20260711T195313.408870065Z,baseline-c100,2026-07-11T20:02:30.43219171Z,1783800150432,11899,80,ok,
reaction-20260711T195313.408870065Z,fair-c100,2026-07-11T20:02:30.462961276Z,1783800150462,12872,82,ok,
reaction-20260711T195313.408870065Z,baseline-c100,2026-07-11T20:02:31.432798505Z,1783800151432,11776,88,ok,
reaction-20260711T195313.408870065Z,fair-c100,2026-07-11T20:02:31.462194628Z,1783800151462,13043,92,ok,
reaction-20260711T195313.408870065Z,baseline-c100,2026-07-11T20:02:32.43572122Z,1783800152435,11778,84,ok,
reaction-20260711T195313.408870065Z,fair-c100,2026-07-11T20:02:32.488775009Z,1783800152488,12801,89,ok,
reaction-20260711T195313.408870065Z,baseline-c100,2026-07-11T20:02:33.435445209Z,1783800153435,12076,92,ok,
reaction-20260711T195313.408870065Z,fair-c100,2026-07-11T20:02:33.463632262Z,1783800153463,12884,100,ok,
reaction-20260711T195313.408870065Z,baseline-c100,2026-07-11T20:02:34.433396959Z,1783800154433,11922,99,ok,
reaction-20260711T195313.408870065Z,fair-c100,2026-07-11T20:02:34.462297493Z,1783800154462,12822,84,ok,
reaction-20260711T195313.408870065Z,baseline-c100,2026-07-11T20:02:35.438478052Z,1783800155438,11652,73,ok,
reaction-20260711T195313.408870065Z,fair-c100,2026-07-11T20:02:35.465534629Z,1783800155465,12689,74,ok,
reaction-20260711T195313.408870065Z,baseline-c100,2026-07-11T20:02:36.431987814Z,1783800156431,11998,100,ok,
reaction-20260711T195313.408870065Z,fair-c100,2026-07-11T20:02:36.461500062Z,1783800156461,13300,84,ok,
reaction-20260711T195313.408870065Z,baseline-c100,2026-07-11T20:02:37.430926666Z,1783800157430,11608,90,ok,
reaction-20260711T195313.408870065Z,fair-c100,2026-07-11T20:02:37.460452082Z,1783800157460,12688,76,ok,
reaction-20260711T195313.408870065Z,baseline-c100,2026-07-11T20:02:38.433664345Z,1783800158433,11776,88,ok,
reaction-20260711T195313.408870065Z,fair-c100,2026-07-11T20:02:38.467247775Z,1783800158467,12630,81,ok,
reaction-20260711T195313.408870065Z,baseline-c100,2026-07-11T20:02:39.432359859Z,1783800159432,11606,95,ok,
reaction-20260711T195313.408870065Z,fair-c100,2026-07-11T20:02:39.467919523Z,1783800159467,12800,95,ok,
reaction-20260711T195313.408870065Z,baseline-c100,2026-07-11T20:02:40.43428481Z,1783800160434,11535,92,ok,
reaction-20260711T195313.408870065Z,fair-c100,2026-07-11T20:02:40.463729426Z,1783800160463,12871,81,ok,
reaction-20260711T195313.408870065Z,baseline-c100,2026-07-11T20:02:41.436245771Z,1783800161436,11898,76,ok,
reaction-20260711T195313.408870065Z,fair-c100,2026-07-11T20:02:41.464143372Z,1783800161464,12507,97,ok,
reaction-20260711T195313.408870065Z,baseline-c100,2026-07-11T20:02:42.433026452Z,1783800162433,11381,94,ok,
reaction-20260711T195313.408870065Z,fair-c100,2026-07-11T20:02:42.464489412Z,1783800162464,12343,103,ok,
reaction-20260711T195313.408870065Z,baseline-c100,2026-07-11T20:02:43.431489217Z,1783800163431,11379,100,ok,
reaction-20260711T195313.408870065Z,fair-c100,2026-07-11T20:02:43.481506775Z,1783800163481,12498,92,ok,
reaction-20260711T195313.408870065Z,baseline-c100,2026-07-11T20:02:44.430899703Z,1783800164430,11606,92,ok,
reaction-20260711T195313.408870065Z,fair-c100,2026-07-11T20:02:44.469954217Z,1783800164469,12391,92,ok,
reaction-20260711T195313.408870065Z,baseline-c100,2026-07-11T20:02:45.434425015Z,1783800165434,12097,101,ok,
reaction-20260711T195313.408870065Z,fair-c100,2026-07-11T20:02:45.461903792Z,1783800165461,12283,79,ok,
reaction-20260711T195313.408870065Z,baseline-c100,2026-07-11T20:02:46.432387675Z,1783800166432,11227,95,ok,
reaction-20260711T195313.408870065Z,fair-c100,2026-07-11T20:02:46.463410285Z,1783800166463,12631,77,ok,
reaction-20260711T195313.408870065Z,baseline-c100,2026-07-11T20:02:47.431510893Z,1783800167431,11380,97,ok,
reaction-20260711T195313.408870065Z,fair-c100,2026-07-11T20:02:47.464207598Z,1783800167464,12586,86,ok,
reaction-20260711T195313.408870065Z,baseline-c100,2026-07-11T20:02:48.434427795Z,1783800168434,11537,90,ok,
reaction-20260711T195313.408870065Z,fair-c100,2026-07-11T20:02:48.463266868Z,1783800168463,12422,97,ok,
reaction-20260711T195313.408870065Z,baseline-c100,2026-07-11T20:02:49.432189926Z,1783800169432,11475,81,ok,
reaction-20260711T195313.408870065Z,fair-c100,2026-07-11T20:02:49.460090284Z,1783800169460,12390,89,ok,
reaction-20260711T195313.408870065Z,baseline-c100,2026-07-11T20:02:50.47016838Z,1783800170470,11228,94,ok,
reaction-20260711T195313.408870065Z,fair-c100,2026-07-11T20:02:50.497896098Z,1783800170497,12065,100,ok,
reaction-20260711T195313.408870065Z,baseline-c100,2026-07-11T20:02:51.432783338Z,1783800171432,11049,104,ok,
reaction-20260711T195313.408870065Z,fair-c100,2026-07-11T20:02:51.482087549Z,1783800171482,12142,93,ok,
reaction-20260711T195313.408870065Z,baseline-c100,2026-07-11T20:02:52.433973357Z,1783800172433,11654,67,ok,
reaction-20260711T195313.408870065Z,fair-c100,2026-07-11T20:02:52.460590231Z,1783800172460,12065,100,ok,
reaction-20260711T195313.408870065Z,baseline-c100,2026-07-11T20:02:53.433158937Z,1783800173433,11277,93,ok,
reaction-20260711T195313.408870065Z,fair-c100,2026-07-11T20:02:53.461826875Z,1783800173461,12159,98,ok,
reaction-20260711T195313.408870065Z,baseline-c100,2026-07-11T20:02:54.432091537Z,1783800174432,11131,90,ok,
reaction-20260711T195313.408870065Z,fair-c100,2026-07-11T20:02:54.461480215Z,1783800174461,12143,91,ok,
reaction-20260711T195313.408870065Z,baseline-c100,2026-07-11T20:02:55.432988945Z,1783800175432,10949,91,ok,
reaction-20260711T195313.408870065Z,fair-c100,2026-07-11T20:02:55.483891326Z,1783800175483,12138,81,ok,
reaction-20260711T195313.408870065Z,baseline-c100,2026-07-11T20:02:56.431737574Z,1783800176431,10975,93,ok,
reaction-20260711T195313.408870065Z,fair-c100,2026-07-11T20:02:56.459625502Z,1783800176459,12100,80,ok,
reaction-20260711T195313.408870065Z,baseline-c100,2026-07-11T20:02:57.431736081Z,1783800177431,10897,93,ok,
reaction-20260711T195313.408870065Z,fair-c100,2026-07-11T20:02:57.465894525Z,1783800177465,11855,91,ok,
reaction-20260711T195313.408870065Z,baseline-c100,2026-07-11T20:02:58.43247026Z,1783800178432,11152,102,ok,
reaction-20260711T195313.408870065Z,fair-c100,2026-07-11T20:02:58.460088448Z,1783800178460,11855,88,ok,
reaction-20260711T195313.408870065Z,baseline-c100,2026-07-11T20:02:59.430418011Z,1783800179430,10948,88,ok,
reaction-20260711T195313.408870065Z,fair-c100,2026-07-11T20:02:59.455744504Z,1783800179455,11856,91,ok,
reaction-20260711T195313.408870065Z,baseline-c100,2026-07-11T20:03:00.432063285Z,1783800180432,10898,94,ok,
reaction-20260711T195313.408870065Z,fair-c100,2026-07-11T20:03:00.4622329Z,1783800180462,11763,93,ok,
reaction-20260711T195313.408870065Z,baseline-c100,2026-07-11T20:03:01.433314926Z,1783800181433,10975,97,ok,
reaction-20260711T195313.408870065Z,fair-c100,2026-07-11T20:03:01.459932699Z,1783800181459,11825,95,ok,
reaction-20260711T195313.408870065Z,baseline-c100,2026-07-11T20:03:02.432744967Z,1783800182432,10650,98,ok,
reaction-20260711T195313.408870065Z,fair-c100,2026-07-11T20:03:02.459297236Z,1783800182459,11854,91,ok,
reaction-20260711T195313.408870065Z,baseline-c100,2026-07-11T20:03:03.433311386Z,1783800183433,11049,107,ok,
reaction-20260711T195313.408870065Z,fair-c100,2026-07-11T20:03:03.461664434Z,1783800183461,11921,96,ok,
reaction-20260711T195313.408870065Z,baseline-c100,2026-07-11T20:03:04.431816752Z,1783800184431,10690,92,ok,
reaction-20260711T195313.408870065Z,fair-c100,2026-07-11T20:03:04.461256348Z,1783800184461,11622,100,ok,
reaction-20260711T195313.408870065Z,baseline-c100,2026-07-11T20:03:05.45444994Z,1783800185454,10650,97,ok,
reaction-20260711T195313.408870065Z,fair-c100,2026-07-11T20:03:05.508841028Z,1783800185508,11620,98,ok,
reaction-20260711T195313.408870065Z,baseline-c100,2026-07-11T20:03:06.459597487Z,1783800186459,10727,101,ok,
reaction-20260711T195313.408870065Z,fair-c100,2026-07-11T20:03:06.522004835Z,1783800186522,11588,99,ok,
reaction-20260711T195313.408870065Z,baseline-c100,2026-07-11T20:03:07.431462748Z,1783800187431,11088,93,ok,
reaction-20260711T195313.408870065Z,fair-c100,2026-07-11T20:03:07.460148924Z,1783800187460,11901,92,ok,
reaction-20260711T195313.408870065Z,baseline-c100,2026-07-11T20:03:08.432197576Z,1783800188432,10478,93,ok,
reaction-20260711T195313.408870065Z,fair-c100,2026-07-11T20:03:08.465064587Z,1783800188465,12284,79,ok,
reaction-20260711T195313.408870065Z,baseline-c100,2026-07-11T20:03:09.450151072Z,1783800189450,10650,98,ok,
reaction-20260711T195313.408870065Z,fair-c100,2026-07-11T20:03:09.491009767Z,1783800189491,11541,99,ok,
reaction-20260711T195313.408870065Z,baseline-c100,2026-07-11T20:03:10.429909972Z,1783800190429,10432,98,ok,
reaction-20260711T195313.408870065Z,fair-c100,2026-07-11T20:03:10.45738386Z,1783800190457,11585,98,ok,
reaction-20260711T195313.408870065Z,baseline-c100,2026-07-11T20:03:11.431295252Z,1783800191431,10585,83,ok,
reaction-20260711T195313.408870065Z,fair-c100,2026-07-11T20:03:11.45633138Z,1783800191456,11382,90,ok,
reaction-20260711T195313.408870065Z,baseline-c100,2026-07-11T20:03:12.433487003Z,1783800192433,10301,95,ok,
reaction-20260711T195313.408870065Z,fair-c100,2026-07-11T20:03:12.485621111Z,1783800192485,11620,99,ok,
reaction-20260711T195313.408870065Z,baseline-c100,2026-07-11T20:03:13.434130093Z,1783800193434,10375,78,ok,
reaction-20260711T195313.408870065Z,fair-c100,2026-07-11T20:03:13.468142587Z,1783800193468,11340,93,ok,
reaction-20260711T195313.408870065Z,baseline-c100,2026-07-11T20:03:14.4341853Z,1783800194434,10478,95,ok,
reaction-20260711T195313.408870065Z,fair-c100,2026-07-11T20:03:14.46348631Z,1783800194463,11339,97,ok,
reaction-20260711T195313.408870065Z,baseline-c100,2026-07-11T20:03:15.434783915Z,1783800195434,10430,97,ok,
reaction-20260711T195313.408870065Z,fair-c100,2026-07-11T20:03:15.462458259Z,1783800195462,11451,96,ok,
reaction-20260711T195313.408870065Z,baseline-c100,2026-07-11T20:03:16.434365258Z,1783800196434,10300,95,ok,
reaction-20260711T195313.408870065Z,fair-c100,2026-07-11T20:03:16.465207738Z,1783800196465,11266,94,ok,
reaction-20260711T195313.408870065Z,baseline-c100,2026-07-11T20:03:17.430846018Z,1783800197430,10156,98,ok,
reaction-20260711T195313.408870065Z,fair-c100,2026-07-11T20:03:17.45843704Z,1783800197458,11379,89,ok,
reaction-20260711T195313.408870065Z,baseline-c100,2026-07-11T20:03:18.434265021Z,1783800198434,10200,90,ok,
reaction-20260711T195313.408870065Z,fair-c100,2026-07-11T20:03:18.460871369Z,1783800198460,11825,98,ok,
reaction-20260711T195313.408870065Z,baseline-c100,2026-07-11T20:03:19.432323174Z,1783800199432,10299,94,ok,
reaction-20260711T195313.408870065Z,fair-c100,2026-07-11T20:03:19.46235794Z,1783800199462,11266,94,ok,
reaction-20260711T195313.408870065Z,baseline-c100,2026-07-11T20:03:20.438156057Z,1783800200438,10196,90,ok,
reaction-20260711T195313.408870065Z,fair-c100,2026-07-11T20:03:20.465253697Z,1783800200465,11102,90,ok,
reaction-20260711T195313.408870065Z,baseline-c100,2026-07-11T20:03:21.431746024Z,1783800201431,10025,82,ok,
reaction-20260711T195313.408870065Z,fair-c100,2026-07-11T20:03:21.48273267Z,1783800201482,11168,90,ok,
reaction-20260711T195313.408870065Z,baseline-c100,2026-07-11T20:03:22.432075801Z,1783800202432,10392,72,ok,
reaction-20260711T195313.408870065Z,fair-c100,2026-07-11T20:03:22.457598153Z,1783800202457,10956,87,ok,
reaction-20260711T195313.408870065Z,baseline-c100,2026-07-11T20:03:23.434573375Z,1783800203434,9909,95,ok,
reaction-20260711T195313.408870065Z,fair-c100,2026-07-11T20:03:23.479860632Z,1783800203479,10954,89,ok,
reaction-20260711T195313.408870065Z,baseline-c100,2026-07-11T20:03:24.433056076Z,1783800204433,10759,91,ok,
reaction-20260711T195313.408870065Z,fair-c100,2026-07-11T20:03:24.45983193Z,1783800204459,10954,85,ok,
reaction-20260711T195313.408870065Z,baseline-c100,2026-07-11T20:03:25.433879407Z,1783800205433,9910,95,ok,
reaction-20260711T195313.408870065Z,fair-c100,2026-07-11T20:03:25.467403901Z,1783800205467,11343,95,ok,
reaction-20260711T195313.408870065Z,baseline-c100,2026-07-11T20:03:26.435290965Z,1783800206435,9911,94,ok,
reaction-20260711T195313.408870065Z,fair-c100,2026-07-11T20:03:26.461781716Z,1783800206461,11062,100,ok,
reaction-20260711T195313.408870065Z,baseline-c100,2026-07-11T20:03:27.433862923Z,1783800207433,9909,95,ok,
reaction-20260711T195313.408870065Z,fair-c100,2026-07-11T20:03:27.46232598Z,1783800207462,10821,88,ok,
reaction-20260711T195313.408870065Z,baseline-c100,2026-07-11T20:03:28.431191116Z,1783800208431,10373,78,ok,
reaction-20260711T195313.408870065Z,fair-c100,2026-07-11T20:03:28.45740976Z,1783800208457,10959,87,ok,
reaction-20260711T195313.408870065Z,baseline-c100,2026-07-11T20:03:29.431852568Z,1783800209431,10026,91,ok,
reaction-20260711T195313.408870065Z,fair-c100,2026-07-11T20:03:29.459974281Z,1783800209459,11027,97,ok,
reaction-20260711T195313.408870065Z,baseline-c100,2026-07-11T20:03:30.43234037Z,1783800210432,10156,98,ok,
reaction-20260711T195313.408870065Z,fair-c100,2026-07-11T20:03:30.459819289Z,1783800210459,10783,78,ok,
reaction-20260711T195313.408870065Z,baseline-c100,2026-07-11T20:03:31.432162973Z,1783800211432,9841,87,ok,
reaction-20260711T195313.408870065Z,fair-c100,2026-07-11T20:03:31.462411387Z,1783800211462,10684,94,ok,
reaction-20260711T195313.408870065Z,baseline-c100,2026-07-11T20:03:32.434033547Z,1783800212434,9983,82,ok,
reaction-20260711T195313.408870065Z,fair-c100,2026-07-11T20:03:32.460948556Z,1783800212460,10684,86,ok,
reaction-20260711T195313.408870065Z,baseline-c100,2026-07-11T20:03:33.432508955Z,1783800213432,9674,97,ok,
reaction-20260711T195313.408870065Z,fair-c100,2026-07-11T20:03:33.462621623Z,1783800213462,10822,84,ok,
reaction-20260711T195313.408870065Z,baseline-c100,2026-07-11T20:03:34.434274243Z,1783800214434,9909,93,ok,
reaction-20260711T195313.408870065Z,fair-c100,2026-07-11T20:03:34.536434632Z,1783800214536,10537,98,ok,
reaction-20260711T195313.408870065Z,baseline-c100,2026-07-11T20:03:35.434558846Z,1783800215434,9603,88,ok,
reaction-20260711T195313.408870065Z,fair-c100,2026-07-11T20:03:35.462935306Z,1783800215462,11415,93,ok,
reaction-20260711T195313.408870065Z,baseline-c100,2026-07-11T20:03:36.434753917Z,1783800216434,9671,96,ok,
reaction-20260711T195313.408870065Z,fair-c100,2026-07-11T20:03:36.467176926Z,1783800216467,10538,94,ok,
reaction-20260711T195313.408870065Z,baseline-c100,2026-07-11T20:03:37.43451492Z,1783800217434,9565,84,ok,
reaction-20260711T195313.408870065Z,fair-c100,2026-07-11T20:03:37.463219365Z,1783800217463,11103,81,ok,
reaction-20260711T195313.408870065Z,baseline-c100,2026-07-11T20:03:38.434522013Z,1783800218434,9503,82,ok,
reaction-20260711T195313.408870065Z,fair-c100,2026-07-11T20:03:38.466077882Z,1783800218466,10724,84,ok,
reaction-20260711T195313.408870065Z,baseline-c100,2026-07-11T20:03:39.433556917Z,1783800219433,9566,83,ok,
reaction-20260711T195313.408870065Z,fair-c100,2026-07-11T20:03:39.460778778Z,1783800219460,10781,85,ok,
reaction-20260711T195313.408870065Z,baseline-c100,2026-07-11T20:03:40.43390561Z,1783800220433,9702,91,ok,
reaction-20260711T195313.408870065Z,fair-c100,2026-07-11T20:03:40.461452309Z,1783800220461,10383,80,ok,
reaction-20260711T195313.408870065Z,baseline-c100,2026-07-11T20:03:41.433570655Z,1783800221433,9603,86,ok,
reaction-20260711T195313.408870065Z,fair-c100,2026-07-11T20:03:41.495150118Z,1783800221495,10358,74,ok,
reaction-20260711T195313.408870065Z,baseline-c100,2026-07-11T20:03:42.439532263Z,1783800222439,9255,84,ok,
reaction-20260711T195313.408870065Z,fair-c100,2026-07-11T20:03:42.471210429Z,1783800222471,10538,104,ok,
reaction-20260711T195313.408870065Z,baseline-c100,2026-07-11T20:03:43.433113235Z,1783800223433,9629,94,ok,
reaction-20260711T195313.408870065Z,fair-c100,2026-07-11T20:03:43.460717788Z,1783800223460,10356,76,ok,
reaction-20260711T195313.408870065Z,baseline-c100,2026-07-11T20:03:44.434791469Z,1783800224434,9504,86,ok,
reaction-20260711T195313.408870065Z,fair-c100,2026-07-11T20:03:44.462961821Z,1783800224462,10234,76,ok,
reaction-20260711T195313.408870065Z,baseline-c100,2026-07-11T20:03:45.43431418Z,1783800225434,9322,100,ok,
reaction-20260711T195313.408870065Z,fair-c100,2026-07-11T20:03:45.463522899Z,1783800225463,10234,73,ok,
reaction-20260711T195313.408870065Z,baseline-c100,2026-07-11T20:03:46.434014661Z,1783800226434,9283,97,ok,
reaction-20260711T195313.408870065Z,fair-c100,2026-07-11T20:03:46.46499071Z,1783800226464,10105,94,ok,
reaction-20260711T195313.408870065Z,baseline-c100,2026-07-11T20:03:47.435172038Z,1783800227435,9167,100,ok,
reaction-20260711T195313.408870065Z,fair-c100,2026-07-11T20:03:47.464684788Z,1783800227464,10186,97,ok,
reaction-20260711T195313.408870065Z,baseline-c100,2026-07-11T20:03:48.433305193Z,1783800228433,9166,90,ok,
reaction-20260711T195313.408870065Z,fair-c100,2026-07-11T20:03:48.462492601Z,1783800228462,10382,69,ok,
reaction-20260711T195313.408870065Z,baseline-c100,2026-07-11T20:03:49.440778888Z,1783800229440,9062,86,ok,
reaction-20260711T195313.408870065Z,fair-c100,2026-07-11T20:03:49.47039982Z,1783800229470,9969,101,ok,
reaction-20260711T195313.408870065Z,baseline-c100,2026-07-11T20:03:50.43882343Z,1783800230438,9027,95,ok,
reaction-20260711T195313.408870065Z,fair-c100,2026-07-11T20:03:50.467488491Z,1783800230467,10282,69,ok,
reaction-20260711T195313.408870065Z,baseline-c100,2026-07-11T20:03:51.437895519Z,1783800231437,9027,95,ok,
reaction-20260711T195313.408870065Z,fair-c100,2026-07-11T20:03:51.466267031Z,1783800231466,10186,97,ok,
reaction-20260711T195313.408870065Z,baseline-c100,2026-07-11T20:03:52.432309762Z,1783800232432,8809,79,ok,
reaction-20260711T195313.408870065Z,fair-c100,2026-07-11T20:03:52.460382971Z,1783800232460,9836,91,ok,
reaction-20260711T195313.408870065Z,baseline-c100,2026-07-11T20:03:53.436924Z,1783800233436,9166,90,ok,
reaction-20260711T195313.408870065Z,fair-c100,2026-07-11T20:03:53.470164986Z,1783800233470,9968,90,ok,
reaction-20260711T195313.408870065Z,baseline-c100,2026-07-11T20:03:54.444752831Z,1783800234444,8873,105,ok,
reaction-20260711T195313.408870065Z,fair-c100,2026-07-11T20:03:54.473104272Z,1783800234473,9836,94,ok,
reaction-20260711T195313.408870065Z,baseline-c100,2026-07-11T20:03:55.432436834Z,1783800235432,9062,86,ok,
reaction-20260711T195313.408870065Z,fair-c100,2026-07-11T20:03:55.462235572Z,1783800235462,9925,91,ok,
reaction-20260711T195313.408870065Z,baseline-c100,2026-07-11T20:03:56.439353427Z,1783800236439,8786,89,ok,
reaction-20260711T195313.408870065Z,fair-c100,2026-07-11T20:03:56.466254468Z,1783800236466,9657,86,ok,
reaction-20260711T195313.408870065Z,baseline-c100,2026-07-11T20:03:57.442078292Z,1783800237442,8621,97,ok,
reaction-20260711T195313.408870065Z,fair-c100,2026-07-11T20:03:57.474245619Z,1783800237474,9752,95,ok,
reaction-20260711T195313.408870065Z,baseline-c100,2026-07-11T20:03:58.441331134Z,1783800238441,8717,92,ok,
reaction-20260711T195313.408870065Z,fair-c100,2026-07-11T20:03:58.470993526Z,1783800238470,9836,103,ok,
reaction-20260711T195313.408870065Z,baseline-c100,2026-07-11T20:03:59.435499648Z,1783800239435,8467,99,ok,
reaction-20260711T195313.408870065Z,fair-c100,2026-07-11T20:03:59.478117876Z,1783800239478,9752,95,ok,
reaction-20260711T195313.408870065Z,baseline-c100,2026-07-11T20:04:00.437389812Z,1783800240437,8621,97,ok,
reaction-20260711T195313.408870065Z,fair-c100,2026-07-11T20:04:00.468167382Z,1783800240468,9847,84,ok,
reaction-20260711T195313.408870065Z,baseline-c100,2026-07-11T20:04:01.441054114Z,1783800241441,8415,98,ok,
reaction-20260711T195313.408870065Z,fair-c100,2026-07-11T20:04:01.473046104Z,1783800241473,9560,97,ok,
reaction-20260711T195313.408870065Z,baseline-c100,2026-07-11T20:04:02.440341383Z,1783800242440,8809,79,ok,
reaction-20260711T195313.408870065Z,fair-c100,2026-07-11T20:04:02.469915062Z,1783800242469,9497,85,ok,
reaction-20260711T195313.408870065Z,baseline-c100,2026-07-11T20:04:03.437222262Z,1783800243437,8415,98,ok,
reaction-20260711T195313.408870065Z,fair-c100,2026-07-11T20:04:03.470974593Z,1783800243470,9538,85,ok,
reaction-20260711T195313.408870065Z,baseline-c100,2026-07-11T20:04:04.441515468Z,1783800244441,8786,89,ok,
reaction-20260711T195313.408870065Z,fair-c100,2026-07-11T20:04:04.471876762Z,1783800244471,9498,95,ok,
reaction-20260711T195313.408870065Z,baseline-c100,2026-07-11T20:04:05.435586002Z,1783800245435,8607,95,ok,
reaction-20260711T195313.408870065Z,fair-c100,2026-07-11T20:04:05.466580612Z,1783800245466,9497,85,ok,
reaction-20260711T195313.408870065Z,baseline-c100,2026-07-11T20:04:06.43803261Z,1783800246438,8294,87,ok,
reaction-20260711T195313.408870065Z,fair-c100,2026-07-11T20:04:06.467840444Z,1783800246467,9449,90,ok,
reaction-20260711T195313.408870065Z,baseline-c100,2026-07-11T20:04:07.432391674Z,1783800247432,8164,88,ok,
reaction-20260711T195313.408870065Z,fair-c100,2026-07-11T20:04:07.469219506Z,1783800247469,9186,91,ok,
reaction-20260711T195313.408870065Z,baseline-c100,2026-07-11T20:04:08.455938164Z,1783800248455,8164,88,ok,
reaction-20260711T195313.408870065Z,fair-c100,2026-07-11T20:04:08.497056731Z,1783800248497,9204,100,ok,
reaction-20260711T195313.408870065Z,baseline-c100,2026-07-11T20:04:09.438941157Z,1783800249438,8415,98,ok,
reaction-20260711T195313.408870065Z,fair-c100,2026-07-11T20:04:09.466930072Z,1783800249466,9204,100,ok,
reaction-20260711T195313.408870065Z,baseline-c100,2026-07-11T20:04:10.438061554Z,1783800250438,8200,94,ok,
reaction-20260711T195313.408870065Z,fair-c100,2026-07-11T20:04:10.466322061Z,1783800250466,9186,91,ok,
reaction-20260711T195313.408870065Z,baseline-c100,2026-07-11T20:04:11.441356317Z,1783800251441,8164,88,ok,
reaction-20260711T195313.408870065Z,fair-c100,2026-07-11T20:04:11.47012328Z,1783800251470,9295,99,ok,
reaction-20260711T195313.408870065Z,baseline-c100,2026-07-11T20:04:12.438917951Z,1783800252438,7918,88,ok,
reaction-20260711T195313.408870065Z,fair-c100,2026-07-11T20:04:12.468805227Z,1783800252468,9204,100,ok,
reaction-20260711T195313.408870065Z,baseline-c100,2026-07-11T20:04:13.433675228Z,1783800253433,7986,87,ok,
reaction-20260711T195313.408870065Z,fair-c100,2026-07-11T20:04:13.464987442Z,1783800253464,9186,91,ok,
reaction-20260711T195313.408870065Z,baseline-c100,2026-07-11T20:04:14.436963588Z,1783800254436,7784,94,ok,
reaction-20260711T195313.408870065Z,fair-c100,2026-07-11T20:04:14.464771984Z,1783800254464,8863,97,ok,
reaction-20260711T195313.408870065Z,baseline-c100,2026-07-11T20:04:15.436176561Z,1783800255436,7918,88,ok,
reaction-20260711T195313.408870065Z,fair-c100,2026-07-11T20:04:15.467406183Z,1783800255467,8918,76,ok,
reaction-20260711T195313.408870065Z,baseline-c100,2026-07-11T20:04:16.43084635Z,1783800256430,7877,97,ok,
reaction-20260711T195313.408870065Z,fair-c100,2026-07-11T20:04:16.458798315Z,1783800256458,8863,97,ok,
reaction-20260711T195313.408870065Z,baseline-c100,2026-07-11T20:04:17.436479368Z,1783800257436,7784,94,ok,
reaction-20260711T195313.408870065Z,fair-c100,2026-07-11T20:04:17.462240642Z,1783800257462,8863,97,ok,
reaction-20260711T195313.408870065Z,baseline-c100,2026-07-11T20:04:18.439521061Z,1783800258439,7986,87,ok,
reaction-20260711T195313.408870065Z,fair-c100,2026-07-11T20:04:18.468015386Z,1783800258468,9401,89,ok,
reaction-20260711T195313.408870065Z,baseline-c100,2026-07-11T20:04:19.442256843Z,1783800259442,7601,94,ok,
reaction-20260711T195313.408870065Z,fair-c100,2026-07-11T20:04:19.469432793Z,1783800259469,9538,85,ok,
reaction-20260711T195313.408870065Z,baseline-c100,2026-07-11T20:04:20.432938221Z,1783800260432,7918,88,ok,
reaction-20260711T195313.408870065Z,fair-c100,2026-07-11T20:04:20.464444585Z,1783800260464,8661,96,ok,
reaction-20260711T195313.408870065Z,baseline-c100,2026-07-11T20:04:21.436927988Z,1783800261436,7693,92,ok,
reaction-20260711T195313.408870065Z,fair-c100,2026-07-11T20:04:21.467649633Z,1783800261467,8661,96,ok,
reaction-20260711T195313.408870065Z,baseline-c100,2026-07-11T20:04:22.438861452Z,1783800262438,7601,94,ok,
reaction-20260711T195313.408870065Z,fair-c100,2026-07-11T20:04:22.468160523Z,1783800262468,8918,76,ok,
reaction-20260711T195313.408870065Z,baseline-c100,2026-07-11T20:04:23.435479419Z,1783800263435,7577,96,ok,
reaction-20260711T195313.408870065Z,fair-c100,2026-07-11T20:04:23.463759816Z,1783800263463,8443,97,ok,
reaction-20260711T195313.408870065Z,baseline-c100,2026-07-11T20:04:24.439154874Z,1783800264439,7503,99,ok,
reaction-20260711T195313.408870065Z,fair-c100,2026-07-11T20:04:24.467301729Z,1783800264467,8661,96,ok,
reaction-20260711T195313.408870065Z,baseline-c100,2026-07-11T20:04:25.46307864Z,1783800265463,7503,99,ok,
reaction-20260711T195313.408870065Z,fair-c100,2026-07-11T20:04:25.491471084Z,1783800265491,8366,78,ok,
reaction-20260711T195313.408870065Z,baseline-c100,2026-07-11T20:04:26.438254492Z,1783800266438,7485,93,ok,
reaction-20260711T195313.408870065Z,fair-c100,2026-07-11T20:04:26.465728431Z,1783800266465,8443,97,ok,
reaction-20260711T195313.408870065Z,baseline-c100,2026-07-11T20:04:27.436515761Z,1783800267436,7201,99,ok,
reaction-20260711T195313.408870065Z,fair-c100,2026-07-11T20:04:27.4668919Z,1783800267466,8443,97,ok,
reaction-20260711T195313.408870065Z,baseline-c100,2026-07-11T20:04:28.434070971Z,1783800268434,7270,75,ok,
reaction-20260711T195313.408870065Z,fair-c100,2026-07-11T20:04:28.460864331Z,1783800268460,8406,95,ok,
reaction-20260711T195313.408870065Z,baseline-c100,2026-07-11T20:04:29.442040877Z,1783800269442,7164,80,ok,
reaction-20260711T195313.408870065Z,fair-c100,2026-07-11T20:04:29.470873651Z,1783800269470,8634,95,ok,
reaction-20260711T195313.408870065Z,baseline-c100,2026-07-11T20:04:30.433257336Z,1783800270433,7270,75,ok,
reaction-20260711T195313.408870065Z,fair-c100,2026-07-11T20:04:30.460925478Z,1783800270460,8153,84,ok,
reaction-20260711T195313.408870065Z,baseline-c100,2026-07-11T20:04:31.431342823Z,1783800271431,7270,75,ok,
reaction-20260711T195313.408870065Z,fair-c100,2026-07-11T20:04:31.461227011Z,1783800271461,8366,78,ok,
reaction-20260711T195313.408870065Z,baseline-c100,2026-07-11T20:04:32.483662739Z,1783800272483,7083,84,ok,
reaction-20260711T195313.408870065Z,fair-c100,2026-07-11T20:04:32.558350545Z,1783800272558,8050,93,ok,
reaction-20260711T195313.408870065Z,baseline-c100,2026-07-11T20:04:33.461146126Z,1783800273461,7201,99,ok,
reaction-20260711T195313.408870065Z,fair-c100,2026-07-11T20:04:33.52950039Z,1783800273529,8223,88,ok,
reaction-20260711T195313.408870065Z,baseline-c100,2026-07-11T20:04:34.469247062Z,1783800274469,7083,84,ok,
reaction-20260711T195313.408870065Z,fair-c100,2026-07-11T20:04:34.513032434Z,1783800274513,8059,97,ok,
reaction-20260711T195313.408870065Z,baseline-c100,2026-07-11T20:04:35.432987902Z,1783800275432,7164,80,ok,
reaction-20260711T195313.408870065Z,fair-c100,2026-07-11T20:04:35.461746966Z,1783800275461,8443,97,ok,
reaction-20260711T195313.408870065Z,baseline-c100,2026-07-11T20:04:36.434042569Z,1783800276434,6984,100,ok,
reaction-20260711T195313.408870065Z,fair-c100,2026-07-11T20:04:36.465334046Z,1783800276465,7861,99,ok,
reaction-20260711T195313.408870065Z,baseline-c100,2026-07-11T20:04:37.43883145Z,1783800277438,6804,97,ok,
reaction-20260711T195313.408870065Z,fair-c100,2026-07-11T20:04:37.465160029Z,1783800277465,8153,84,ok,
reaction-20260711T195313.408870065Z,baseline-c100,2026-07-11T20:04:38.430136934Z,1783800278430,6804,97,ok,
reaction-20260711T195313.408870065Z,fair-c100,2026-07-11T20:04:38.458055784Z,1783800278458,7761,98,ok,
reaction-20260711T195313.408870065Z,baseline-c100,2026-07-11T20:04:39.435199442Z,1783800279435,6719,87,ok,
reaction-20260711T195313.408870065Z,fair-c100,2026-07-11T20:04:39.460439611Z,1783800279460,7765,98,ok,
reaction-20260711T195313.408870065Z,baseline-c100,2026-07-11T20:04:40.432820586Z,1783800280432,6804,97,ok,
reaction-20260711T195313.408870065Z,fair-c100,2026-07-11T20:04:40.460041428Z,1783800280460,7861,99,ok,
reaction-20260711T195313.408870065Z,baseline-c100,2026-07-11T20:04:41.432826743Z,1783800281432,6804,97,ok,
reaction-20260711T195313.408870065Z,fair-c100,2026-07-11T20:04:41.461374157Z,1783800281461,8059,97,ok,
reaction-20260711T195313.408870065Z,baseline-c100,2026-07-11T20:04:42.43788364Z,1783800282437,6899,86,ok,
reaction-20260711T195313.408870065Z,fair-c100,2026-07-11T20:04:42.463261919Z,1783800282463,7761,98,ok,
reaction-20260711T195313.408870065Z,baseline-c100,2026-07-11T20:04:43.43572037Z,1783800283435,6546,97,ok,
reaction-20260711T195313.408870065Z,fair-c100,2026-07-11T20:04:43.465846067Z,1783800283465,7861,99,ok,
reaction-20260711T195313.408870065Z,baseline-c100,2026-07-11T20:04:44.443018192Z,1783800284443,6546,97,ok,
reaction-20260711T195313.408870065Z,fair-c100,2026-07-11T20:04:44.469712516Z,1783800284469,7668,93,ok,
reaction-20260711T195313.408870065Z,baseline-c100,2026-07-11T20:04:45.43728694Z,1783800285437,6407,87,ok,
reaction-20260711T195313.408870065Z,fair-c100,2026-07-11T20:04:45.465320901Z,1783800285465,7594,79,ok,
reaction-20260711T195313.408870065Z,baseline-c100,2026-07-11T20:04:46.438597289Z,1783800286438,6812,97,ok,
reaction-20260711T195313.408870065Z,fair-c100,2026-07-11T20:04:46.465288569Z,1783800286465,7668,93,ok,
reaction-20260711T195313.408870065Z,baseline-c100,2026-07-11T20:04:47.433908738Z,1783800287433,6348,72,ok,
reaction-20260711T195313.408870065Z,fair-c100,2026-07-11T20:04:47.46321652Z,1783800287463,7604,78,ok,
reaction-20260711T195313.408870065Z,baseline-c100,2026-07-11T20:04:48.437292802Z,1783800288437,6458,83,ok,
reaction-20260711T195313.408870065Z,fair-c100,2026-07-11T20:04:48.463849207Z,1783800288463,7497,98,ok,
reaction-20260711T195313.408870065Z,baseline-c100,2026-07-11T20:04:49.43598131Z,1783800289435,6407,87,ok,
reaction-20260711T195313.408870065Z,fair-c100,2026-07-11T20:04:49.464907264Z,1783800289464,7512,95,ok,
reaction-20260711T195313.408870065Z,baseline-c100,2026-07-11T20:04:50.437689672Z,1783800290437,6361,98,ok,
reaction-20260711T195313.408870065Z,fair-c100,2026-07-11T20:04:50.46513051Z,1783800290465,7321,88,ok,
reaction-20260711T195313.408870065Z,baseline-c100,2026-07-11T20:04:51.431445621Z,1783800291431,6546,97,ok,
reaction-20260711T195313.408870065Z,fair-c100,2026-07-11T20:04:51.458381014Z,1783800291458,7335,83,ok,
reaction-20260711T195313.408870065Z,baseline-c100,2026-07-11T20:04:52.431465357Z,1783800292431,6361,98,ok,
reaction-20260711T195313.408870065Z,fair-c100,2026-07-11T20:04:52.457747178Z,1783800292457,7234,90,ok,
reaction-20260711T195313.408870065Z,baseline-c100,2026-07-11T20:04:53.548002243Z,1783800293548,6082,98,ok,
reaction-20260711T195313.408870065Z,fair-c100,2026-07-11T20:04:53.579176704Z,1783800293579,7765,98,ok,
reaction-20260711T195313.408870065Z,baseline-c100,2026-07-11T20:04:54.441240343Z,1783800294441,6264,100,ok,
reaction-20260711T195313.408870065Z,fair-c100,2026-07-11T20:04:54.470155474Z,1783800294470,7234,90,ok,
reaction-20260711T195313.408870065Z,baseline-c100,2026-07-11T20:04:55.432598575Z,1783800295432,6082,98,ok,
reaction-20260711T195313.408870065Z,fair-c100,2026-07-11T20:04:55.462653542Z,1783800295462,7243,93,ok,
reaction-20260711T195313.408870065Z,baseline-c100,2026-07-11T20:04:56.439510963Z,1783800296439,5997,86,ok,
reaction-20260711T195313.408870065Z,fair-c100,2026-07-11T20:04:56.466401994Z,1783800296466,7142,93,ok,
reaction-20260711T195313.408870065Z,baseline-c100,2026-07-11T20:04:57.431047391Z,1783800297431,6085,101,ok,
reaction-20260711T195313.408870065Z,fair-c100,2026-07-11T20:04:57.459055629Z,1783800297459,7142,93,ok,
reaction-20260711T195313.408870065Z,baseline-c100,2026-07-11T20:04:58.433719399Z,1783800298433,5848,92,ok,
reaction-20260711T195313.408870065Z,fair-c100,2026-07-11T20:04:58.460578056Z,1783800298460,7047,96,ok,
reaction-20260711T195313.408870065Z,baseline-c100,2026-07-11T20:04:59.433926479Z,1783800299433,6082,98,ok,
reaction-20260711T195313.408870065Z,fair-c100,2026-07-11T20:04:59.462157198Z,1783800299462,6968,90,ok,
reaction-20260711T195313.408870065Z,baseline-c100,2026-07-11T20:05:00.433397059Z,1783800300433,5755,93,ok,
reaction-20260711T195313.408870065Z,fair-c100,2026-07-11T20:05:00.461158698Z,1783800300461,6968,90,ok,
reaction-20260711T195313.408870065Z,baseline-c100,2026-07-11T20:05:01.433303945Z,1783800301433,5743,85,ok,
reaction-20260711T195313.408870065Z,fair-c100,2026-07-11T20:05:01.463010804Z,1783800301463,6968,90,ok,
reaction-20260711T195313.408870065Z,baseline-c100,2026-07-11T20:05:02.434157753Z,1783800302434,5997,86,ok,
reaction-20260711T195313.408870065Z,fair-c100,2026-07-11T20:05:02.463450202Z,1783800302463,6961,86,ok,
reaction-20260711T195313.408870065Z,baseline-c100,2026-07-11T20:05:03.434969363Z,1783800303434,5755,93,ok,
reaction-20260711T195313.408870065Z,fair-c100,2026-07-11T20:05:03.46383701Z,1783800303463,7234,90,ok,
reaction-20260711T195313.408870065Z,baseline-c100,2026-07-11T20:05:04.439440703Z,1783800304439,5647,98,ok,
reaction-20260711T195313.408870065Z,fair-c100,2026-07-11T20:05:04.470029119Z,1783800304470,6628,93,ok,
reaction-20260711T195313.408870065Z,baseline-c100,2026-07-11T20:05:05.435001899Z,1783800305435,6407,87,ok,
reaction-20260711T195313.408870065Z,fair-c100,2026-07-11T20:05:05.46383941Z,1783800305463,6628,93,ok,
reaction-20260711T195313.408870065Z,baseline-c100,2026-07-11T20:05:06.434551015Z,1783800306434,5755,93,ok,
reaction-20260711T195313.408870065Z,fair-c100,2026-07-11T20:05:06.463048992Z,1783800306463,6628,93,ok,
reaction-20260711T195313.408870065Z,baseline-c100,2026-07-11T20:05:07.433329529Z,1783800307433,5647,98,ok,
reaction-20260711T195313.408870065Z,fair-c100,2026-07-11T20:05:07.462964121Z,1783800307462,6654,90,ok,
reaction-20260711T195313.408870065Z,baseline-c100,2026-07-11T20:05:08.433681914Z,1783800308433,5428,99,ok,
reaction-20260711T195313.408870065Z,fair-c100,2026-07-11T20:05:08.463244262Z,1783800308463,6654,90,ok,
reaction-20260711T195313.408870065Z,baseline-c100,2026-07-11T20:05:09.437865278Z,1783800309437,5617,97,ok,
reaction-20260711T195313.408870065Z,fair-c100,2026-07-11T20:05:09.484491618Z,1783800309484,6396,97,ok,
reaction-20260711T195313.408870065Z,baseline-c100,2026-07-11T20:05:10.436936569Z,1783800310436,5468,100,ok,
reaction-20260711T195313.408870065Z,fair-c100,2026-07-11T20:05:10.464347697Z,1783800310464,6430,94,ok,
reaction-20260711T195313.408870065Z,baseline-c100,2026-07-11T20:05:11.441054337Z,1783800311441,5428,99,ok,
reaction-20260711T195313.408870065Z,fair-c100,2026-07-11T20:05:11.470074134Z,1783800311470,6647,90,ok,
reaction-20260711T195313.408870065Z,baseline-c100,2026-07-11T20:05:12.431007031Z,1783800312431,5292,81,ok,
reaction-20260711T195313.408870065Z,fair-c100,2026-07-11T20:05:12.458355622Z,1783800312458,6628,93,ok,
reaction-20260711T195313.408870065Z,baseline-c100,2026-07-11T20:05:13.431650165Z,1783800313431,5402,68,ok,
reaction-20260711T195313.408870065Z,fair-c100,2026-07-11T20:05:13.459239353Z,1783800313459,6430,94,ok,
reaction-20260711T195313.408870065Z,baseline-c100,2026-07-11T20:05:14.435580785Z,1783800314435,5292,81,ok,
reaction-20260711T195313.408870065Z,fair-c100,2026-07-11T20:05:14.463544437Z,1783800314463,6261,78,ok,
reaction-20260711T195313.408870065Z,baseline-c100,2026-07-11T20:05:15.439748176Z,1783800315439,5216,94,ok,
reaction-20260711T195313.408870065Z,fair-c100,2026-07-11T20:05:15.468180585Z,1783800315468,6181,81,ok,
reaction-20260711T195313.408870065Z,baseline-c100,2026-07-11T20:05:16.439935771Z,1783800316439,5251,89,ok,
reaction-20260711T195313.408870065Z,fair-c100,2026-07-11T20:05:16.470036069Z,1783800316470,6175,82,ok,
reaction-20260711T195313.408870065Z,baseline-c100,2026-07-11T20:05:17.440817211Z,1783800317440,5308,94,ok,
reaction-20260711T195313.408870065Z,fair-c100,2026-07-11T20:05:17.469541829Z,1783800317469,6181,81,ok,
reaction-20260711T195313.408870065Z,baseline-c100,2026-07-11T20:05:18.435201695Z,1783800318435,5216,94,ok,
reaction-20260711T195313.408870065Z,fair-c100,2026-07-11T20:05:18.462826958Z,1783800318462,6175,82,ok,
reaction-20260711T195313.408870065Z,baseline-c100,2026-07-11T20:05:19.4323395Z,1783800319432,4896,97,ok,
reaction-20260711T195313.408870065Z,fair-c100,2026-07-11T20:05:19.461152275Z,1783800319461,6696,85,ok,
reaction-20260711T195313.408870065Z,baseline-c100,2026-07-11T20:05:20.43777687Z,1783800320437,4896,97,ok,
reaction-20260711T195313.408870065Z,fair-c100,2026-07-11T20:05:20.465004727Z,1783800320465,6078,97,ok,
reaction-20260711T195313.408870065Z,baseline-c100,2026-07-11T20:05:21.437869344Z,1783800321437,4953,86,ok,
reaction-20260711T195313.408870065Z,fair-c100,2026-07-11T20:05:21.465339714Z,1783800321465,6181,81,ok,
reaction-20260711T195313.408870065Z,baseline-c100,2026-07-11T20:05:22.440062027Z,1783800322440,4953,86,ok,
reaction-20260711T195313.408870065Z,fair-c100,2026-07-11T20:05:22.468123326Z,1783800322468,6078,97,ok,
reaction-20260711T195313.408870065Z,baseline-c100,2026-07-11T20:05:23.438895992Z,1783800323438,5117,99,ok,
reaction-20260711T195313.408870065Z,fair-c100,2026-07-11T20:05:23.467747144Z,1783800323467,6212,88,ok,
reaction-20260711T195313.408870065Z,baseline-c100,2026-07-11T20:05:24.443978338Z,1783800324443,4685,85,ok,
reaction-20260711T195313.408870065Z,fair-c100,2026-07-11T20:05:24.474349374Z,1783800324474,5807,86,ok,
reaction-20260711T195313.408870065Z,baseline-c100,2026-07-11T20:05:25.435819094Z,1783800325435,4896,97,ok,
reaction-20260711T195313.408870065Z,fair-c100,2026-07-11T20:05:25.468321518Z,1783800325468,5905,82,ok,
reaction-20260711T195313.408870065Z,baseline-c100,2026-07-11T20:05:26.439430244Z,1783800326439,4591,96,ok,
reaction-20260711T195313.408870065Z,fair-c100,2026-07-11T20:05:26.499578983Z,1783800326499,5773,85,ok,
reaction-20260711T195313.408870065Z,baseline-c100,2026-07-11T20:05:27.440342006Z,1783800327440,4685,85,ok,
reaction-20260711T195313.408870065Z,fair-c100,2026-07-11T20:05:27.468791543Z,1783800327468,5817,89,ok,
reaction-20260711T195313.408870065Z,baseline-c100,2026-07-11T20:05:28.434006598Z,1783800328434,4951,81,ok,
reaction-20260711T195313.408870065Z,fair-c100,2026-07-11T20:05:28.461297855Z,1783800328461,5773,85,ok,
reaction-20260711T195313.408870065Z,baseline-c100,2026-07-11T20:05:29.437928819Z,1783800329437,4470,72,ok,
reaction-20260711T195313.408870065Z,fair-c100,2026-07-11T20:05:29.467088588Z,1783800329467,5551,96,ok,
reaction-20260711T195313.408870065Z,baseline-c100,2026-07-11T20:05:30.438120502Z,1783800330438,4401,88,ok,
reaction-20260711T195313.408870065Z,fair-c100,2026-07-11T20:05:30.46753492Z,1783800330467,5807,86,ok,
reaction-20260711T195313.408870065Z,baseline-c100,2026-07-11T20:05:31.432017822Z,1783800331432,4685,85,ok,
reaction-20260711T195313.408870065Z,fair-c100,2026-07-11T20:05:31.46603451Z,1783800331466,5498,91,ok,
reaction-20260711T195313.408870065Z,baseline-c100,2026-07-11T20:05:32.438439288Z,1783800332438,4401,88,ok,
reaction-20260711T195313.408870065Z,fair-c100,2026-07-11T20:05:32.468683361Z,1783800332468,5551,96,ok,
reaction-20260711T195313.408870065Z,baseline-c100,2026-07-11T20:05:33.432265882Z,1783800333432,4401,88,ok,
reaction-20260711T195313.408870065Z,fair-c100,2026-07-11T20:05:33.461857067Z,1783800333461,5728,91,ok,
reaction-20260711T195313.408870065Z,baseline-c100,2026-07-11T20:05:34.433596632Z,1783800334433,4591,96,ok,
reaction-20260711T195313.408870065Z,fair-c100,2026-07-11T20:05:34.461808264Z,1783800334461,5270,98,ok,
reaction-20260711T195313.408870065Z,baseline-c100,2026-07-11T20:05:35.43464559Z,1783800335434,4188,93,ok,
reaction-20260711T195313.408870065Z,fair-c100,2026-07-11T20:05:35.462198209Z,1783800335462,5270,98,ok,
reaction-20260711T195313.408870065Z,baseline-c100,2026-07-11T20:05:36.440539765Z,1783800336440,4401,88,ok,
reaction-20260711T195313.408870065Z,fair-c100,2026-07-11T20:05:36.469205655Z,1783800336469,5411,87,ok,
reaction-20260711T195313.408870065Z,baseline-c100,2026-07-11T20:05:37.438917226Z,1783800337438,4188,93,ok,
reaction-20260711T195313.408870065Z,fair-c100,2026-07-11T20:05:37.46762885Z,1783800337467,5498,91,ok,
reaction-20260711T195313.408870065Z,baseline-c100,2026-07-11T20:05:38.443597001Z,1783800338443,4188,93,ok,
reaction-20260711T195313.408870065Z,fair-c100,2026-07-11T20:05:38.473199586Z,1783800338473,5279,95,ok,
reaction-20260711T195313.408870065Z,baseline-c100,2026-07-11T20:05:39.43488952Z,1783800339434,4470,72,ok,
reaction-20260711T195313.408870065Z,fair-c100,2026-07-11T20:05:39.463952072Z,1783800339463,5073,86,ok,
reaction-20260711T195313.408870065Z,baseline-c100,2026-07-11T20:05:40.438524243Z,1783800340438,4057,91,ok,
reaction-20260711T195313.408870065Z,fair-c100,2026-07-11T20:05:40.466838123Z,1783800340466,5073,86,ok,
reaction-20260711T195313.408870065Z,baseline-c100,2026-07-11T20:05:41.438811402Z,1783800341438,4304,87,ok,
reaction-20260711T195313.408870065Z,fair-c100,2026-07-11T20:05:41.468268332Z,1783800341468,5270,98,ok,
reaction-20260711T195313.408870065Z,baseline-c100,2026-07-11T20:05:42.432480114Z,1783800342432,3867,97,ok,
reaction-20260711T195313.408870065Z,fair-c100,2026-07-11T20:05:42.459277319Z,1783800342459,5073,86,ok,
reaction-20260711T195313.408870065Z,baseline-c100,2026-07-11T20:05:43.432822206Z,1783800343432,3870,99,ok,
reaction-20260711T195313.408870065Z,fair-c100,2026-07-11T20:05:43.461543611Z,1783800343461,5542,90,ok,
reaction-20260711T195313.408870065Z,baseline-c100,2026-07-11T20:05:44.432801367Z,1783800344432,3870,99,ok,
reaction-20260711T195313.408870065Z,fair-c100,2026-07-11T20:05:44.460891025Z,1783800344460,5102,94,ok,
reaction-20260711T195313.408870065Z,baseline-c100,2026-07-11T20:05:45.437623338Z,1783800345437,3870,99,ok,
reaction-20260711T195313.408870065Z,fair-c100,2026-07-11T20:05:45.46549443Z,1783800345465,4933,86,ok,
reaction-20260711T195313.408870065Z,baseline-c100,2026-07-11T20:05:46.549634339Z,1783800346549,3962,96,ok,
reaction-20260711T195313.408870065Z,fair-c100,2026-07-11T20:05:46.579032472Z,1783800346579,4848,85,ok,
reaction-20260711T195313.408870065Z,baseline-c100,2026-07-11T20:05:47.42997364Z,1783800347429,3969,98,ok,
reaction-20260711T195313.408870065Z,fair-c100,2026-07-11T20:05:47.457710418Z,1783800347457,4923,92,ok,
reaction-20260711T195313.408870065Z,baseline-c100,2026-07-11T20:05:48.466607483Z,1783800348466,3613,77,ok,
reaction-20260711T195313.408870065Z,fair-c100,2026-07-11T20:05:48.493736225Z,1783800348493,4933,86,ok,
reaction-20260711T195313.408870065Z,baseline-c100,2026-07-11T20:05:49.42926947Z,1783800349429,3589,85,ok,
reaction-20260711T195313.408870065Z,fair-c100,2026-07-11T20:05:49.454144502Z,1783800349454,4618,89,ok,
reaction-20260711T195313.408870065Z,baseline-c100,2026-07-11T20:05:50.430453185Z,1783800350430,3648,99,ok,
reaction-20260711T195313.408870065Z,fair-c100,2026-07-11T20:05:50.456212818Z,1783800350456,4747,83,ok,
reaction-20260711T195313.408870065Z,baseline-c100,2026-07-11T20:05:51.430369196Z,1783800351430,3589,85,ok,
reaction-20260711T195313.408870065Z,fair-c100,2026-07-11T20:05:51.456571465Z,1783800351456,4580,83,ok,
reaction-20260711T195313.408870065Z,baseline-c100,2026-07-11T20:05:52.433911961Z,1783800352433,3425,93,ok,
reaction-20260711T195313.408870065Z,fair-c100,2026-07-11T20:05:52.461916331Z,1783800352461,4659,97,ok,
reaction-20260711T195313.408870065Z,baseline-c100,2026-07-11T20:05:53.440150917Z,1783800353440,3589,85,ok,
reaction-20260711T195313.408870065Z,fair-c100,2026-07-11T20:05:53.468378491Z,1783800353468,4618,89,ok,
reaction-20260711T195313.408870065Z,baseline-c100,2026-07-11T20:05:54.436971005Z,1783800354436,3613,77,ok,
reaction-20260711T195313.408870065Z,fair-c100,2026-07-11T20:05:54.464002293Z,1783800354464,4559,93,ok,
reaction-20260711T195313.408870065Z,baseline-c100,2026-07-11T20:05:55.430064938Z,1783800355430,3285,83,ok,
reaction-20260711T195313.408870065Z,fair-c100,2026-07-11T20:05:55.457034149Z,1783800355457,4580,83,ok,
reaction-20260711T195313.408870065Z,baseline-c100,2026-07-11T20:05:56.43299796Z,1783800356432,3285,83,ok,
reaction-20260711T195313.408870065Z,fair-c100,2026-07-11T20:05:56.460021341Z,1783800356460,4436,88,ok,
reaction-20260711T195313.408870065Z,baseline-c100,2026-07-11T20:05:57.43348257Z,1783800357433,3338,98,ok,
reaction-20260711T195313.408870065Z,fair-c100,2026-07-11T20:05:57.460295345Z,1783800357460,4804,83,ok,
reaction-20260711T195313.408870065Z,baseline-c100,2026-07-11T20:05:58.431400132Z,1783800358431,3870,99,ok,
reaction-20260711T195313.408870065Z,fair-c100,2026-07-11T20:05:58.459179186Z,1783800358459,4193,95,ok,
reaction-20260711T195313.408870065Z,baseline-c100,2026-07-11T20:05:59.438568448Z,1783800359438,3138,97,ok,
reaction-20260711T195313.408870065Z,fair-c100,2026-07-11T20:05:59.465845718Z,1783800359465,4472,87,ok,
reaction-20260711T195313.408870065Z,baseline-c100,2026-07-11T20:06:00.433366333Z,1783800360433,3127,95,ok,
reaction-20260711T195313.408870065Z,fair-c100,2026-07-11T20:06:00.459655809Z,1783800360459,4193,95,ok,
reaction-20260711T195313.408870065Z,baseline-c100,2026-07-11T20:06:01.429826917Z,1783800361429,3138,97,ok,
reaction-20260711T195313.408870065Z,fair-c100,2026-07-11T20:06:01.455940436Z,1783800361455,4286,100,ok,
reaction-20260711T195313.408870065Z,baseline-c100,2026-07-11T20:06:02.436685169Z,1783800362436,3338,98,ok,
reaction-20260711T195313.408870065Z,fair-c100,2026-07-11T20:06:02.461581029Z,1783800362461,4210,82,ok,
reaction-20260711T195313.408870065Z,baseline-c100,2026-07-11T20:06:03.434916743Z,1783800363434,2937,93,ok,
reaction-20260711T195313.408870065Z,fair-c100,2026-07-11T20:06:03.460579293Z,1783800363460,4118,94,ok,
reaction-20260711T195313.408870065Z,baseline-c100,2026-07-11T20:06:04.432573856Z,1783800364432,3867,97,ok,
reaction-20260711T195313.408870065Z,fair-c100,2026-07-11T20:06:04.460048293Z,1783800364460,4292,99,ok,
reaction-20260711T195313.408870065Z,baseline-c100,2026-07-11T20:06:05.435570814Z,1783800365435,3117,91,ok,
reaction-20260711T195313.408870065Z,fair-c100,2026-07-11T20:06:05.461639111Z,1783800365461,4210,82,ok,
reaction-20260711T195313.408870065Z,baseline-c100,2026-07-11T20:06:06.431491921Z,1783800366431,2838,99,ok,
reaction-20260711T195313.408870065Z,fair-c100,2026-07-11T20:06:06.458246653Z,1783800366458,3876,96,ok,
reaction-20260711T195313.408870065Z,baseline-c100,2026-07-11T20:06:07.439161304Z,1783800367439,3138,97,ok,
reaction-20260711T195313.408870065Z,fair-c100,2026-07-11T20:06:07.469185373Z,1783800367469,3876,96,ok,
reaction-20260711T195313.408870065Z,baseline-c100,2026-07-11T20:06:08.432133102Z,1783800368432,2815,61,ok,
reaction-20260711T195313.408870065Z,fair-c100,2026-07-11T20:06:08.459499931Z,1783800368459,3876,96,ok,
reaction-20260711T195313.408870065Z,baseline-c100,2026-07-11T20:06:09.435222191Z,1783800369435,3127,95,ok,
reaction-20260711T195313.408870065Z,fair-c100,2026-07-11T20:06:09.461689548Z,1783800369461,3762,88,ok,
reaction-20260711T195313.408870065Z,baseline-c100,2026-07-11T20:06:10.443014076Z,1783800370443,2937,93,ok,
reaction-20260711T195313.408870065Z,fair-c100,2026-07-11T20:06:10.472356473Z,1783800370472,3655,84,ok,
reaction-20260711T195313.408870065Z,baseline-c100,2026-07-11T20:06:11.437250462Z,1783800371437,3041,97,ok,
reaction-20260711T195313.408870065Z,fair-c100,2026-07-11T20:06:11.46659582Z,1783800371466,3876,96,ok,
reaction-20260711T195313.408870065Z,baseline-c100,2026-07-11T20:06:12.440195606Z,1783800372440,2619,95,ok,
reaction-20260711T195313.408870065Z,fair-c100,2026-07-11T20:06:12.469556701Z,1783800372469,3928,84,ok,
reaction-20260711T195313.408870065Z,baseline-c100,2026-07-11T20:06:13.566528492Z,1783800373566,2726,91,ok,
reaction-20260711T195313.408870065Z,fair-c100,2026-07-11T20:06:13.596759898Z,1783800373596,3762,88,ok,
reaction-20260711T195313.408870065Z,baseline-c100,2026-07-11T20:06:14.438491315Z,1783800374438,2619,95,ok,
reaction-20260711T195313.408870065Z,fair-c100,2026-07-11T20:06:14.465830807Z,1783800374465,3655,84,ok,
reaction-20260711T195313.408870065Z,baseline-c100,2026-07-11T20:06:15.43763703Z,1783800375437,2627,100,ok,
reaction-20260711T195313.408870065Z,fair-c100,2026-07-11T20:06:15.465378635Z,1783800375465,3839,100,ok,
reaction-20260711T195313.408870065Z,baseline-c100,2026-07-11T20:06:16.439669589Z,1783800376439,2619,95,ok,
reaction-20260711T195313.408870065Z,fair-c100,2026-07-11T20:06:16.46681342Z,1783800376466,3523,96,ok,
reaction-20260711T195313.408870065Z,baseline-c100,2026-07-11T20:06:17.432330847Z,1783800377432,2529,99,ok,
reaction-20260711T195313.408870065Z,fair-c100,2026-07-11T20:06:17.45959837Z,1783800377459,3560,95,ok,
reaction-20260711T195313.408870065Z,baseline-c100,2026-07-11T20:06:18.433178086Z,1783800378433,2567,95,ok,
reaction-20260711T195313.408870065Z,fair-c100,2026-07-11T20:06:18.461155644Z,1783800378461,3564,97,ok,
reaction-20260711T195313.408870065Z,baseline-c100,2026-07-11T20:06:19.432320643Z,1783800379432,2307,90,ok,
reaction-20260711T195313.408870065Z,fair-c100,2026-07-11T20:06:19.460224073Z,1783800379460,3295,98,ok,
reaction-20260711T195313.408870065Z,baseline-c100,2026-07-11T20:06:20.432617576Z,1783800380432,2268,94,ok,
reaction-20260711T195313.408870065Z,fair-c100,2026-07-11T20:06:20.461568429Z,1783800380461,3523,96,ok,
reaction-20260711T195313.408870065Z,baseline-c100,2026-07-11T20:06:21.4340734Z,1783800381434,2210,99,ok,
reaction-20260711T195313.408870065Z,fair-c100,2026-07-11T20:06:21.462775344Z,1783800381462,3295,98,ok,
reaction-20260711T195313.408870065Z,baseline-c100,2026-07-11T20:06:22.440544316Z,1783800382440,2815,61,ok,
reaction-20260711T195313.408870065Z,fair-c100,2026-07-11T20:06:22.468846605Z,1783800382468,3172,86,ok,
reaction-20260711T195313.408870065Z,baseline-c100,2026-07-11T20:06:23.433519467Z,1783800383433,2268,94,ok,
reaction-20260711T195313.408870065Z,fair-c100,2026-07-11T20:06:23.461493819Z,1783800383461,3295,98,ok,
reaction-20260711T195313.408870065Z,baseline-c100,2026-07-11T20:06:24.440391631Z,1783800384440,1978,95,ok,
reaction-20260711T195313.408870065Z,fair-c100,2026-07-11T20:06:24.473309199Z,1783800384473,3305,96,ok,
reaction-20260711T195313.408870065Z,baseline-c100,2026-07-11T20:06:25.441193829Z,1783800385441,2429,98,ok,
reaction-20260711T195313.408870065Z,fair-c100,2026-07-11T20:06:25.470615036Z,1783800385470,3012,99,ok,
reaction-20260711T195313.408870065Z,baseline-c100,2026-07-11T20:06:26.43687232Z,1783800386436,2307,90,ok,
reaction-20260711T195313.408870065Z,fair-c100,2026-07-11T20:06:26.46658736Z,1783800386466,3258,89,ok,
reaction-20260711T195313.408870065Z,baseline-c100,2026-07-11T20:06:27.439769425Z,1783800387439,1843,85,ok,
reaction-20260711T195313.408870065Z,fair-c100,2026-07-11T20:06:27.466733112Z,1783800387466,3400,95,ok,
reaction-20260711T195313.408870065Z,baseline-c100,2026-07-11T20:06:28.43181669Z,1783800388431,2210,99,ok,
reaction-20260711T195313.408870065Z,fair-c100,2026-07-11T20:06:28.463900757Z,1783800388463,2888,97,ok,
reaction-20260711T195313.408870065Z,baseline-c100,2026-07-11T20:06:29.438192097Z,1783800389438,1752,93,ok,
reaction-20260711T195313.408870065Z,fair-c100,2026-07-11T20:06:29.466343419Z,1783800389466,2980,98,ok,
reaction-20260711T195313.408870065Z,baseline-c100,2026-07-11T20:06:30.435573879Z,1783800390435,1883,87,ok,
reaction-20260711T195313.408870065Z,fair-c100,2026-07-11T20:06:30.464662612Z,1783800390464,3487,75,ok,
reaction-20260711T195313.408870065Z,baseline-c100,2026-07-11T20:06:31.43339716Z,1783800391433,1891,89,ok,
reaction-20260711T195313.408870065Z,fair-c100,2026-07-11T20:06:31.461035918Z,1783800391461,2980,98,ok,
reaction-20260711T195313.408870065Z,baseline-c100,2026-07-11T20:06:32.438609288Z,1783800392438,1607,98,ok,
reaction-20260711T195313.408870065Z,fair-c100,2026-07-11T20:06:32.469530828Z,1783800392469,2839,90,ok,
reaction-20260711T195313.408870065Z,baseline-c100,2026-07-11T20:06:33.440860521Z,1783800393440,1978,95,ok,
reaction-20260711T195313.408870065Z,fair-c100,2026-07-11T20:06:33.470808118Z,1783800393470,2711,93,ok,
reaction-20260711T195313.408870065Z,baseline-c100,2026-07-11T20:06:34.433071176Z,1783800394433,1619,94,ok,
reaction-20260711T195313.408870065Z,fair-c100,2026-07-11T20:06:34.462066489Z,1783800394462,2888,97,ok,
reaction-20260711T195313.408870065Z,baseline-c100,2026-07-11T20:06:35.438821986Z,1783800395438,1619,94,ok,
reaction-20260711T195313.408870065Z,fair-c100,2026-07-11T20:06:35.46844847Z,1783800395468,2711,93,ok,
reaction-20260711T195313.408870065Z,baseline-c100,2026-07-11T20:06:36.433252673Z,1783800396433,1607,98,ok,
reaction-20260711T195313.408870065Z,fair-c100,2026-07-11T20:06:36.461137293Z,1783800396461,2652,95,ok,
reaction-20260711T195313.408870065Z,baseline-c100,2026-07-11T20:06:37.437015109Z,1783800397437,1418,99,ok,
reaction-20260711T195313.408870065Z,fair-c100,2026-07-11T20:06:37.46381355Z,1783800397463,2658,97,ok,
reaction-20260711T195313.408870065Z,baseline-c100,2026-07-11T20:06:38.432309555Z,1783800398432,1619,94,ok,
reaction-20260711T195313.408870065Z,fair-c100,2026-07-11T20:06:38.460912344Z,1783800398460,2744,90,ok,
reaction-20260711T195313.408870065Z,baseline-c100,2026-07-11T20:06:39.442386171Z,1783800399442,1607,98,ok,
reaction-20260711T195313.408870065Z,fair-c100,2026-07-11T20:06:39.470949384Z,1783800399470,2530,90,ok,
reaction-20260711T195313.408870065Z,baseline-c100,2026-07-11T20:06:40.431900788Z,1783800400431,1522,99,ok,
reaction-20260711T195313.408870065Z,fair-c100,2026-07-11T20:06:40.457506503Z,1783800400457,2399,89,ok,
reaction-20260711T195313.408870065Z,baseline-c100,2026-07-11T20:06:41.434776769Z,1783800401434,1201,101,ok,
reaction-20260711T195313.408870065Z,fair-c100,2026-07-11T20:06:41.461844018Z,1783800401461,2311,88,ok,
reaction-20260711T195313.408870065Z,baseline-c100,2026-07-11T20:06:42.44036733Z,1783800402440,1300,102,ok,
reaction-20260711T195313.408870065Z,fair-c100,2026-07-11T20:06:42.472607006Z,1783800402472,2711,93,ok,
reaction-20260711T195313.408870065Z,baseline-c100,2026-07-11T20:06:43.434755838Z,1783800403434,1334,86,ok,
reaction-20260711T195313.408870065Z,fair-c100,2026-07-11T20:06:43.464978922Z,1783800403464,2213,86,ok,
reaction-20260711T195313.408870065Z,baseline-c100,2026-07-11T20:06:44.433791695Z,1783800404433,1073,98,ok,
reaction-20260711T195313.408870065Z,fair-c100,2026-07-11T20:06:44.462548669Z,1783800404462,2311,88,ok,
reaction-20260711T195313.408870065Z,baseline-c100,2026-07-11T20:06:45.441121955Z,1783800405441,1418,99,ok,
reaction-20260711T195313.408870065Z,fair-c100,2026-07-11T20:06:45.469381141Z,1783800405469,2213,86,ok,
reaction-20260711T195313.408870065Z,baseline-c100,2026-07-11T20:06:46.439133608Z,1783800406439,959,99,ok,
reaction-20260711T195313.408870065Z,fair-c100,2026-07-11T20:06:46.467171846Z,1783800406467,2392,89,ok,
reaction-20260711T195313.408870065Z,baseline-c100,2026-07-11T20:06:47.437867492Z,1783800407437,1259,88,ok,
reaction-20260711T195313.408870065Z,fair-c100,2026-07-11T20:06:47.467373591Z,1783800407467,2361,83,ok,
reaction-20260711T195313.408870065Z,baseline-c100,2026-07-11T20:06:48.431136711Z,1783800408431,1056,98,ok,
reaction-20260711T195313.408870065Z,fair-c100,2026-07-11T20:06:48.461770953Z,1783800408461,2053,89,ok,
reaction-20260711T195313.408870065Z,baseline-c100,2026-07-11T20:06:49.431990144Z,1783800409431,1073,98,ok,
reaction-20260711T195313.408870065Z,fair-c100,2026-07-11T20:06:49.463494654Z,1783800409463,2213,86,ok,
reaction-20260711T195313.408870065Z,baseline-c100,2026-07-11T20:06:50.432674186Z,1783800410432,1201,101,ok,
reaction-20260711T195313.408870065Z,fair-c100,2026-07-11T20:06:50.461998082Z,1783800410461,1955,100,ok,
reaction-20260711T195313.408870065Z,baseline-c100,2026-07-11T20:06:51.432270823Z,1783800411432,959,99,ok,
reaction-20260711T195313.408870065Z,fair-c100,2026-07-11T20:06:51.461408122Z,1783800411461,2005,67,ok,
reaction-20260711T195313.408870065Z,baseline-c100,2026-07-11T20:06:52.437952048Z,1783800412437,890,91,ok,
reaction-20260711T195313.408870065Z,fair-c100,2026-07-11T20:06:52.465439963Z,1783800412465,1958,101,ok,
reaction-20260711T195313.408870065Z,baseline-c100,2026-07-11T20:06:53.432997671Z,1783800413432,712,87,ok,
reaction-20260711T195313.408870065Z,fair-c100,2026-07-11T20:06:53.461683407Z,1783800413461,2005,67,ok,
reaction-20260711T195313.408870065Z,baseline-c100,2026-07-11T20:06:54.432258892Z,1783800414432,754,94,ok,
reaction-20260711T195313.408870065Z,fair-c100,2026-07-11T20:06:54.460388514Z,1783800414460,1955,100,ok,
reaction-20260711T195313.408870065Z,baseline-c100,2026-07-11T20:06:55.433362138Z,1783800415433,980,93,ok,
reaction-20260711T195313.408870065Z,fair-c100,2026-07-11T20:06:55.460965333Z,1783800415460,1766,99,ok,
reaction-20260711T195313.408870065Z,baseline-c100,2026-07-11T20:06:56.43184401Z,1783800416431,520,97,ok,
reaction-20260711T195313.408870065Z,fair-c100,2026-07-11T20:06:56.458950816Z,1783800416458,1872,88,ok,
reaction-20260711T195313.408870065Z,baseline-c100,2026-07-11T20:06:57.433909726Z,1783800417433,712,87,ok,
reaction-20260711T195313.408870065Z,fair-c100,2026-07-11T20:06:57.462469702Z,1783800417462,1766,99,ok,
reaction-20260711T195313.408870065Z,baseline-c100,2026-07-11T20:06:58.43755304Z,1783800418437,510,91,ok,
reaction-20260711T195313.408870065Z,fair-c100,2026-07-11T20:06:58.467162582Z,1783800418467,1650,93,ok,
reaction-20260711T195313.408870065Z,baseline-c100,2026-07-11T20:06:59.437280065Z,1783800419437,520,97,ok,
reaction-20260711T195313.408870065Z,fair-c100,2026-07-11T20:06:59.464325688Z,1783800419464,1521,92,ok,
reaction-20260711T195313.408870065Z,baseline-c100,2026-07-11T20:07:00.430073792Z,1783800420430,333,86,ok,
reaction-20260711T195313.408870065Z,fair-c100,2026-07-11T20:07:00.455247942Z,1783800420455,1569,81,ok,
reaction-20260711T195313.408870065Z,baseline-c100,2026-07-11T20:07:01.431320021Z,1783800421431,520,97,ok,
reaction-20260711T195313.408870065Z,fair-c100,2026-07-11T20:07:01.460785938Z,1783800421460,1515,75,ok,
reaction-20260711T195313.408870065Z,baseline-c100,2026-07-11T20:07:02.437412557Z,1783800422437,890,91,ok,
reaction-20260711T195313.408870065Z,fair-c100,2026-07-11T20:07:02.465872529Z,1783800422465,1674,93,ok,
reaction-20260711T195313.408870065Z,baseline-c100,2026-07-11T20:07:03.436818633Z,1783800423436,434,89,ok,
reaction-20260711T195313.408870065Z,fair-c100,2026-07-11T20:07:03.464155681Z,1783800423464,1521,92,ok,
reaction-20260711T195313.408870065Z,baseline-c100,2026-07-11T20:07:04.429922106Z,1783800424429,510,91,ok,
reaction-20260711T195313.408870065Z,fair-c100,2026-07-11T20:07:04.45623735Z,1783800424456,1324,100,ok,
reaction-20260711T195313.408870065Z,baseline-c100,2026-07-11T20:07:05.431858824Z,1783800425431,147,98,ok,
reaction-20260711T195313.408870065Z,fair-c100,2026-07-11T20:07:05.461021011Z,1783800425461,1245,89,ok,
reaction-20260711T195313.408870065Z,baseline-c100,2026-07-11T20:07:06.548986426Z,1783800426548,41,101,ok,
reaction-20260711T195313.408870065Z,fair-c100,2026-07-11T20:07:06.579052252Z,1783800426579,1245,89,ok,
reaction-20260711T195313.408870065Z,baseline-c100,2026-07-11T20:07:07.433639114Z,1783800427433,113,98,ok,
reaction-20260711T195313.408870065Z,fair-c100,2026-07-11T20:07:07.463680651Z,1783800427463,1515,75,ok,
reaction-20260711T195313.408870065Z,baseline-c100,2026-07-11T20:07:08.438472479Z,1783800428438,113,98,ok,
reaction-20260711T195313.408870065Z,fair-c100,2026-07-11T20:07:08.467543875Z,1783800428467,1324,100,ok,
reaction-20260711T195313.408870065Z,baseline-c100,2026-07-11T20:07:09.435372363Z,1783800429435,333,86,ok,
reaction-20260711T195313.408870065Z,fair-c100,2026-07-11T20:07:09.463937243Z,1783800429463,1056,87,ok,
reaction-20260711T195313.408870065Z,baseline-c100,2026-07-11T20:07:10.432471456Z,1783800430432,0,0,ok,
reaction-20260711T195313.408870065Z,fair-c100,2026-07-11T20:07:10.459643059Z,1783800430459,1228,98,ok,
reaction-20260711T195313.408870065Z,baseline-c100,2026-07-11T20:07:11.433148524Z,1783800431433,41,101,ok,
reaction-20260711T195313.408870065Z,fair-c100,2026-07-11T20:07:11.460653967Z,1783800431460,1056,87,ok,
reaction-20260711T195313.408870065Z,baseline-c100,2026-07-11T20:07:12.431698783Z,1783800432431,0,0,ok,
reaction-20260711T195313.408870065Z,fair-c100,2026-07-11T20:07:12.460142736Z,1783800432460,1063,92,ok,
reaction-20260711T195313.408870065Z,baseline-c100,2026-07-11T20:07:13.432858692Z,1783800433432,0,0,ok,
reaction-20260711T195313.408870065Z,fair-c100,2026-07-11T20:07:13.460642959Z,1783800433460,1569,81,ok,
reaction-20260711T195313.408870065Z,baseline-c100,2026-07-11T20:07:14.437541836Z,1783800434437,147,98,ok,
reaction-20260711T195313.408870065Z,fair-c100,2026-07-11T20:07:14.466762656Z,1783800434466,1063,92,ok,
reaction-20260711T195313.408870065Z,baseline-c100,2026-07-11T20:07:15.438950971Z,1783800435438,0,0,ok,
reaction-20260711T195313.408870065Z,fair-c100,2026-07-11T20:07:15.468378838Z,1783800435468,758,76,ok,
reaction-20260711T195313.408870065Z,baseline-c100,2026-07-11T20:07:16.433680879Z,1783800436433,0,0,ok,
reaction-20260711T195313.408870065Z,fair-c100,2026-07-11T20:07:16.462466797Z,1783800436462,920,96,ok,
reaction-20260711T195313.408870065Z,baseline-c100,2026-07-11T20:07:17.433973714Z,1783800437433,0,0,ok,
reaction-20260711T195313.408870065Z,fair-c100,2026-07-11T20:07:17.462148223Z,1783800437462,662,96,ok,
reaction-20260711T195313.408870065Z,baseline-c100,2026-07-11T20:07:18.437604575Z,1783800438437,0,0,ok,
reaction-20260711T195313.408870065Z,fair-c100,2026-07-11T20:07:18.464240733Z,1783800438464,1015,92,ok,
reaction-20260711T195313.408870065Z,baseline-c100,2026-07-11T20:07:19.434193805Z,1783800439434,0,0,ok,
reaction-20260711T195313.408870065Z,fair-c100,2026-07-11T20:07:19.462629717Z,1783800439462,682,92,ok,
reaction-20260711T195313.408870065Z,baseline-c100,2026-07-11T20:07:20.439512987Z,1783800440439,0,0,ok,
reaction-20260711T195313.408870065Z,fair-c100,2026-07-11T20:07:20.469408658Z,1783800440469,758,76,ok,
reaction-20260711T195313.408870065Z,baseline-c100,2026-07-11T20:07:21.435393785Z,1783800441435,0,0,ok,
reaction-20260711T195313.408870065Z,fair-c100,2026-07-11T20:07:21.462883383Z,1783800441462,662,96,ok,
reaction-20260711T195313.408870065Z,baseline-c100,2026-07-11T20:07:22.442872451Z,1783800442442,0,0,ok,
reaction-20260711T195313.408870065Z,fair-c100,2026-07-11T20:07:22.474867793Z,1783800442474,617,68,ok,
reaction-20260711T195313.408870065Z,baseline-c100,2026-07-11T20:07:23.434858143Z,1783800443434,0,0,ok,
reaction-20260711T195313.408870065Z,fair-c100,2026-07-11T20:07:23.463483518Z,1783800443463,682,92,ok,
reaction-20260711T195313.408870065Z,baseline-c100,2026-07-11T20:07:24.438624002Z,1783800444438,0,0,ok,
reaction-20260711T195313.408870065Z,fair-c100,2026-07-11T20:07:24.470393206Z,1783800444470,346,98,ok,
reaction-20260711T195313.408870065Z,baseline-c100,2026-07-11T20:07:25.501073657Z,1783800445501,0,0,ok,
reaction-20260711T195313.408870065Z,fair-c100,2026-07-11T20:07:25.529949202Z,1783800445529,476,92,ok,
reaction-20260711T195313.408870065Z,baseline-c100,2026-07-11T20:07:26.441008825Z,1783800446441,0,0,ok,
reaction-20260711T195313.408870065Z,fair-c100,2026-07-11T20:07:26.469849988Z,1783800446469,346,98,ok,
reaction-20260711T195313.408870065Z,baseline-c100,2026-07-11T20:07:27.432509978Z,1783800447432,0,0,ok,
reaction-20260711T195313.408870065Z,fair-c100,2026-07-11T20:07:27.460724281Z,1783800447460,346,98,ok,
reaction-20260711T195313.408870065Z,baseline-c100,2026-07-11T20:07:28.439457955Z,1783800448439,0,0,ok,
reaction-20260711T195313.408870065Z,fair-c100,2026-07-11T20:07:28.467643598Z,1783800448467,432,93,ok,
reaction-20260711T195313.408870065Z,baseline-c100,2026-07-11T20:07:29.439366571Z,1783800449439,0,0,ok,
reaction-20260711T195313.408870065Z,fair-c100,2026-07-11T20:07:29.466270225Z,1783800449466,119,100,ok,
reaction-20260711T195313.408870065Z,baseline-c100,2026-07-11T20:07:30.439021962Z,1783800450439,244,99,ok,
reaction-20260711T195313.408870065Z,fair-c100,2026-07-11T20:07:30.468107134Z,1783800450468,247,95,ok,
reaction-20260711T195313.408870065Z,baseline-c100,2026-07-11T20:07:31.444044023Z,1783800451444,0,0,ok,
reaction-20260711T195313.408870065Z,fair-c100,2026-07-11T20:07:31.473828075Z,1783800451473,787,83,ok,
reaction-20260711T195313.408870065Z,baseline-c100,2026-07-11T20:07:32.436513601Z,1783800452436,0,0,ok,
reaction-20260711T195313.408870065Z,fair-c100,2026-07-11T20:07:32.464184797Z,1783800452464,119,100,ok,
reaction-20260711T195313.408870065Z,baseline-c100,2026-07-11T20:07:33.536663286Z,1783800453536,0,0,ok,
reaction-20260711T195313.408870065Z,fair-c100,2026-07-11T20:07:33.567158088Z,1783800453567,242,96,ok,
reaction-20260711T195313.408870065Z,baseline-c100,2026-07-11T20:07:34.439107965Z,1783800454439,0,0,ok,
reaction-20260711T195313.408870065Z,fair-c100,2026-07-11T20:07:34.468875175Z,1783800454468,247,95,ok,
reaction-20260711T195313.408870065Z,baseline-c100,2026-07-11T20:07:35.432161886Z,1783800455432,0,0,ok,
reaction-20260711T195313.408870065Z,fair-c100,2026-07-11T20:07:35.459968632Z,1783800455459,0,60,ok,
reaction-20260711T195313.408870065Z,baseline-c100,2026-07-11T20:07:36.431068772Z,1783800456431,0,0,ok,
reaction-20260711T195313.408870065Z,fair-c100,2026-07-11T20:07:36.459380068Z,1783800456459,119,100,ok,
reaction-20260711T195313.408870065Z,baseline-c100,2026-07-11T20:07:37.433581711Z,1783800457433,0,0,ok,
reaction-20260711T195313.408870065Z,fair-c100,2026-07-11T20:07:37.461096066Z,1783800457461,0,0,ok,
reaction-20260711T195313.408870065Z,baseline-c100,2026-07-11T20:07:38.441819821Z,1783800458441,0,0,ok,
reaction-20260711T195313.408870065Z,fair-c100,2026-07-11T20:07:38.470071626Z,1783800458470,0,0,ok,
reaction-20260711T195313.408870065Z,baseline-c100,2026-07-11T20:07:39.438518465Z,1783800459438,0,0,ok,
reaction-20260711T195313.408870065Z,fair-c100,2026-07-11T20:07:39.466817613Z,1783800459466,0,0,ok,
reaction-20260711T195313.408870065Z,baseline-c100,2026-07-11T20:07:40.439237896Z,1783800460439,0,0,ok,
reaction-20260711T195313.408870065Z,fair-c100,2026-07-11T20:07:40.467233779Z,1783800460467,0,0,ok,
reaction-20260711T195313.408870065Z,baseline-c100,2026-07-11T20:07:41.43193309Z,1783800461431,0,0,ok,
reaction-20260711T195313.408870065Z,fair-c100,2026-07-11T20:07:41.461375965Z,1783800461461,0,60,ok,
