experiment_id,scenario,sampled_at,sampled_at_ms,elapsed_ms,elapsed_source,approximate_visible,approximate_not_visible,sample_status,sample_error
low-concurrency-20260711T171232.521874981Z,baseline-c20,2026-07-11T17:14:26.138Z,1783790066138,-152,first_a_sqs_sent_timestamp,0,0,ok,
low-concurrency-20260711T171232.521874981Z,fair-c20,2026-07-11T17:14:26.306Z,1783790066306,165,first_a_sqs_sent_timestamp,0,0,ok,
low-concurrency-20260711T171232.521874981Z,baseline-c20,2026-07-11T17:14:27.14Z,1783790067140,850,first_a_sqs_sent_timestamp,3697,35,ok,
low-concurrency-20260711T171232.521874981Z,fair-c20,2026-07-11T17:14:27.172Z,1783790067172,1031,first_a_sqs_sent_timestamp,74,38,ok,
low-concurrency-20260711T171232.521874981Z,baseline-c20,2026-07-11T17:14:28.139Z,1783790068139,1849,first_a_sqs_sent_timestamp,0,0,ok,
low-concurrency-20260711T171232.521874981Z,fair-c20,2026-07-11T17:14:28.168Z,1783790068168,2027,first_a_sqs_sent_timestamp,0,0,ok,
low-concurrency-20260711T171232.521874981Z,baseline-c20,2026-07-11T17:14:29.137Z,1783790069137,2847,first_a_sqs_sent_timestamp,4971,19,ok,
low-concurrency-20260711T171232.521874981Z,fair-c20,2026-07-11T17:14:29.164Z,1783790069164,3023,first_a_sqs_sent_timestamp,0,4,ok,
low-concurrency-20260711T171232.521874981Z,baseline-c20,2026-07-11T17:14:30.139Z,1783790070139,3849,first_a_sqs_sent_timestamp,3697,35,ok,
low-concurrency-20260711T171232.521874981Z,fair-c20,2026-07-11T17:14:30.164Z,1783790070164,4023,first_a_sqs_sent_timestamp,4964,27,ok,
low-concurrency-20260711T171232.521874981Z,baseline-c20,2026-07-11T17:14:31.137Z,1783790071137,4847,first_a_sqs_sent_timestamp,4971,19,ok,
low-concurrency-20260711T171232.521874981Z,fair-c20,2026-07-11T17:14:31.162Z,1783790071162,5021,first_a_sqs_sent_timestamp,0,0,ok,
low-concurrency-20260711T171232.521874981Z,baseline-c20,2026-07-11T17:14:32.14Z,1783790072140,5850,first_a_sqs_sent_timestamp,0,0,ok,
low-concurrency-20260711T171232.521874981Z,fair-c20,2026-07-11T17:14:32.166Z,1783790072166,6025,first_a_sqs_sent_timestamp,4966,34,ok,
low-concurrency-20260711T171232.521874981Z,baseline-c20,2026-07-11T17:14:33.144Z,1783790073144,6854,first_a_sqs_sent_timestamp,0,0,ok,
low-concurrency-20260711T171232.521874981Z,fair-c20,2026-07-11T17:14:33.177Z,1783790073177,7036,first_a_sqs_sent_timestamp,4964,27,ok,
low-concurrency-20260711T171232.521874981Z,baseline-c20,2026-07-11T17:14:34.138Z,1783790074138,7848,first_a_sqs_sent_timestamp,4955,14,ok,
low-concurrency-20260711T171232.521874981Z,fair-c20,2026-07-11T17:14:34.166Z,1783790074166,8025,first_a_sqs_sent_timestamp,4967,13,ok,
low-concurrency-20260711T171232.521874981Z,baseline-c20,2026-07-11T17:14:35.136Z,1783790075136,8846,first_a_sqs_sent_timestamp,0,0,ok,
low-concurrency-20260711T171232.521874981Z,fair-c20,2026-07-11T17:14:35.163Z,1783790075163,9022,first_a_sqs_sent_timestamp,0,0,ok,
low-concurrency-20260711T171232.521874981Z,baseline-c20,2026-07-11T17:14:36.14Z,1783790076140,9850,first_a_sqs_sent_timestamp,0,0,ok,
low-concurrency-20260711T171232.521874981Z,fair-c20,2026-07-11T17:14:36.166Z,1783790076166,10025,first_a_sqs_sent_timestamp,4964,27,ok,
low-concurrency-20260711T171232.521874981Z,baseline-c20,2026-07-11T17:14:37.138Z,1783790077138,10848,first_a_sqs_sent_timestamp,3697,35,ok,
low-concurrency-20260711T171232.521874981Z,fair-c20,2026-07-11T17:14:37.167Z,1783790077167,11026,first_a_sqs_sent_timestamp,4966,34,ok,
low-concurrency-20260711T171232.521874981Z,baseline-c20,2026-07-11T17:14:38.136Z,1783790078136,11846,first_a_sqs_sent_timestamp,4945,14,ok,
low-concurrency-20260711T171232.521874981Z,fair-c20,2026-07-11T17:14:38.165Z,1783790078165,12024,first_a_sqs_sent_timestamp,4952,8,ok,
low-concurrency-20260711T171232.521874981Z,baseline-c20,2026-07-11T17:14:39.139Z,1783790079139,12849,first_a_sqs_sent_timestamp,4971,19,ok,
low-concurrency-20260711T171232.521874981Z,fair-c20,2026-07-11T17:14:39.166Z,1783790079166,13025,first_a_sqs_sent_timestamp,74,38,ok,
low-concurrency-20260711T171232.521874981Z,baseline-c20,2026-07-11T17:14:40.141Z,1783790080141,13851,first_a_sqs_sent_timestamp,4945,14,ok,
low-concurrency-20260711T171232.521874981Z,fair-c20,2026-07-11T17:14:40.168Z,1783790080168,14027,first_a_sqs_sent_timestamp,4967,13,ok,
low-concurrency-20260711T171232.521874981Z,baseline-c20,2026-07-11T17:14:41.137Z,1783790081137,14847,first_a_sqs_sent_timestamp,4955,14,ok,
low-concurrency-20260711T171232.521874981Z,fair-c20,2026-07-11T17:14:41.166Z,1783790081166,15025,first_a_sqs_sent_timestamp,0,0,ok,
low-concurrency-20260711T171232.521874981Z,baseline-c20,2026-07-11T17:14:42.138Z,1783790082138,15848,first_a_sqs_sent_timestamp,4943,15,ok,
low-concurrency-20260711T171232.521874981Z,fair-c20,2026-07-11T17:14:42.165Z,1783790082165,16024,first_a_sqs_sent_timestamp,4952,8,ok,
low-concurrency-20260711T171232.521874981Z,baseline-c20,2026-07-11T17:14:43.139Z,1783790083139,16849,first_a_sqs_sent_timestamp,4901,19,ok,
low-concurrency-20260711T171232.521874981Z,fair-c20,2026-07-11T17:14:43.164Z,1783790083164,17023,first_a_sqs_sent_timestamp,4920,20,ok,
low-concurrency-20260711T171232.521874981Z,baseline-c20,2026-07-11T17:14:44.146Z,1783790084146,17856,first_a_sqs_sent_timestamp,4915,18,ok,
low-concurrency-20260711T171232.521874981Z,fair-c20,2026-07-11T17:14:44.186Z,1783790084186,18045,first_a_sqs_sent_timestamp,4946,14,ok,
low-concurrency-20260711T171232.521874981Z,baseline-c20,2026-07-11T17:14:45.141Z,1783790085141,18851,first_a_sqs_sent_timestamp,4932,18,ok,
low-concurrency-20260711T171232.521874981Z,fair-c20,2026-07-11T17:14:45.169Z,1783790085169,19028,first_a_sqs_sent_timestamp,4905,19,ok,
low-concurrency-20260711T171232.521874981Z,baseline-c20,2026-07-11T17:14:46.14Z,1783790086140,19850,first_a_sqs_sent_timestamp,4882,20,ok,
low-concurrency-20260711T171232.521874981Z,fair-c20,2026-07-11T17:14:46.167Z,1783790086167,20026,first_a_sqs_sent_timestamp,4921,20,ok,
low-concurrency-20260711T171232.521874981Z,baseline-c20,2026-07-11T17:14:47.136Z,1783790087136,20846,first_a_sqs_sent_timestamp,4916,18,ok,
low-concurrency-20260711T171232.521874981Z,fair-c20,2026-07-11T17:14:47.164Z,1783790087164,21023,first_a_sqs_sent_timestamp,4891,19,ok,
low-concurrency-20260711T171232.521874981Z,baseline-c20,2026-07-11T17:14:48.142Z,1783790088142,21852,first_a_sqs_sent_timestamp,4910,16,ok,
low-concurrency-20260711T171232.521874981Z,fair-c20,2026-07-11T17:14:48.17Z,1783790088170,22029,first_a_sqs_sent_timestamp,4905,21,ok,
low-concurrency-20260711T171232.521874981Z,baseline-c20,2026-07-11T17:14:49.143Z,1783790089143,22853,first_a_sqs_sent_timestamp,4866,14,ok,
low-concurrency-20260711T171232.521874981Z,fair-c20,2026-07-11T17:14:49.173Z,1783790089173,23032,first_a_sqs_sent_timestamp,4914,15,ok,
low-concurrency-20260711T171232.521874981Z,baseline-c20,2026-07-11T17:14:50.138Z,1783790090138,23848,first_a_sqs_sent_timestamp,4923,15,ok,
low-concurrency-20260711T171232.521874981Z,fair-c20,2026-07-11T17:14:50.163Z,1783790090163,24022,first_a_sqs_sent_timestamp,4880,14,ok,
low-concurrency-20260711T171232.521874981Z,baseline-c20,2026-07-11T17:14:51.137Z,1783790091137,24847,first_a_sqs_sent_timestamp,4964,19,ok,
low-concurrency-20260711T171232.521874981Z,fair-c20,2026-07-11T17:14:51.165Z,1783790091165,25024,first_a_sqs_sent_timestamp,4936,22,ok,
low-concurrency-20260711T171232.521874981Z,baseline-c20,2026-07-11T17:14:52.137Z,1783790092137,25847,first_a_sqs_sent_timestamp,4902,21,ok,
low-concurrency-20260711T171232.521874981Z,fair-c20,2026-07-11T17:14:52.163Z,1783790092163,26022,first_a_sqs_sent_timestamp,4860,16,ok,
low-concurrency-20260711T171232.521874981Z,baseline-c20,2026-07-11T17:14:53.138Z,1783790093138,26848,first_a_sqs_sent_timestamp,4867,13,ok,
low-concurrency-20260711T171232.521874981Z,fair-c20,2026-07-11T17:14:53.163Z,1783790093163,27022,first_a_sqs_sent_timestamp,4891,21,ok,
low-concurrency-20260711T171232.521874981Z,baseline-c20,2026-07-11T17:14:54.141Z,1783790094141,27851,first_a_sqs_sent_timestamp,4866,14,ok,
low-concurrency-20260711T171232.521874981Z,fair-c20,2026-07-11T17:14:54.166Z,1783790094166,28025,first_a_sqs_sent_timestamp,4868,16,ok,
low-concurrency-20260711T171232.521874981Z,baseline-c20,2026-07-11T17:14:55.136Z,1783790095136,28846,first_a_sqs_sent_timestamp,4845,13,ok,
low-concurrency-20260711T171232.521874981Z,fair-c20,2026-07-11T17:14:55.164Z,1783790095164,29023,first_a_sqs_sent_timestamp,4860,18,ok,
low-concurrency-20260711T171232.521874981Z,baseline-c20,2026-07-11T17:14:56.14Z,1783790096140,29850,first_a_sqs_sent_timestamp,4826,18,ok,
low-concurrency-20260711T171232.521874981Z,fair-c20,2026-07-11T17:14:56.171Z,1783790096171,30030,first_a_sqs_sent_timestamp,4830,16,ok,
low-concurrency-20260711T171232.521874981Z,baseline-c20,2026-07-11T17:14:57.137Z,1783790097137,30847,first_a_sqs_sent_timestamp,4838,17,ok,
low-concurrency-20260711T171232.521874981Z,fair-c20,2026-07-11T17:14:57.163Z,1783790097163,31022,first_a_sqs_sent_timestamp,4828,17,ok,
low-concurrency-20260711T171232.521874981Z,baseline-c20,2026-07-11T17:14:58.136Z,1783790098136,31846,first_a_sqs_sent_timestamp,4851,19,ok,
low-concurrency-20260711T171232.521874981Z,fair-c20,2026-07-11T17:14:58.164Z,1783790098164,32023,first_a_sqs_sent_timestamp,4920,20,ok,
low-concurrency-20260711T171232.521874981Z,baseline-c20,2026-07-11T17:14:59.138Z,1783790099138,32848,first_a_sqs_sent_timestamp,4844,15,ok,
low-concurrency-20260711T171232.521874981Z,fair-c20,2026-07-11T17:14:59.163Z,1783790099163,33022,first_a_sqs_sent_timestamp,4828,16,ok,
low-concurrency-20260711T171232.521874981Z,baseline-c20,2026-07-11T17:15:00.135Z,1783790100135,33845,first_a_sqs_sent_timestamp,4798,19,ok,
low-concurrency-20260711T171232.521874981Z,fair-c20,2026-07-11T17:15:00.167Z,1783790100167,34026,first_a_sqs_sent_timestamp,4829,18,ok,
low-concurrency-20260711T171232.521874981Z,baseline-c20,2026-07-11T17:15:01.139Z,1783790101139,34849,first_a_sqs_sent_timestamp,4881,21,ok,
low-concurrency-20260711T171232.521874981Z,fair-c20,2026-07-11T17:15:01.167Z,1783790101167,35026,first_a_sqs_sent_timestamp,4880,15,ok,
low-concurrency-20260711T171232.521874981Z,baseline-c20,2026-07-11T17:15:02.137Z,1783790102137,35847,first_a_sqs_sent_timestamp,4798,19,ok,
low-concurrency-20260711T171232.521874981Z,fair-c20,2026-07-11T17:15:02.166Z,1783790102166,36025,first_a_sqs_sent_timestamp,4846,18,ok,
low-concurrency-20260711T171232.521874981Z,baseline-c20,2026-07-11T17:15:03.136Z,1783790103136,36846,first_a_sqs_sent_timestamp,4800,17,ok,
low-concurrency-20260711T171232.521874981Z,fair-c20,2026-07-11T17:15:03.163Z,1783790103163,37022,first_a_sqs_sent_timestamp,4777,15,ok,
low-concurrency-20260711T171232.521874981Z,baseline-c20,2026-07-11T17:15:04.138Z,1783790104138,37848,first_a_sqs_sent_timestamp,4838,15,ok,
low-concurrency-20260711T171232.521874981Z,fair-c20,2026-07-11T17:15:04.168Z,1783790104168,38027,first_a_sqs_sent_timestamp,4804,17,ok,
low-concurrency-20260711T171232.521874981Z,baseline-c20,2026-07-11T17:15:05.138Z,1783790105138,38848,first_a_sqs_sent_timestamp,4799,18,ok,
low-concurrency-20260711T171232.521874981Z,fair-c20,2026-07-11T17:15:05.165Z,1783790105165,39024,first_a_sqs_sent_timestamp,4777,16,ok,
low-concurrency-20260711T171232.521874981Z,baseline-c20,2026-07-11T17:15:06.138Z,1783790106138,39848,first_a_sqs_sent_timestamp,4792,19,ok,
low-concurrency-20260711T171232.521874981Z,fair-c20,2026-07-11T17:15:06.163Z,1783790106163,40022,first_a_sqs_sent_timestamp,4791,16,ok,
low-concurrency-20260711T171232.521874981Z,baseline-c20,2026-07-11T17:15:07.136Z,1783790107136,40846,first_a_sqs_sent_timestamp,4752,17,ok,
low-concurrency-20260711T171232.521874981Z,fair-c20,2026-07-11T17:15:07.161Z,1783790107161,41020,first_a_sqs_sent_timestamp,4784,15,ok,
low-concurrency-20260711T171232.521874981Z,baseline-c20,2026-07-11T17:15:08.144Z,1783790108144,41854,first_a_sqs_sent_timestamp,4751,17,ok,
low-concurrency-20260711T171232.521874981Z,fair-c20,2026-07-11T17:15:08.172Z,1783790108172,42031,first_a_sqs_sent_timestamp,4764,17,ok,
low-concurrency-20260711T171232.521874981Z,baseline-c20,2026-07-11T17:15:09.142Z,1783790109142,42852,first_a_sqs_sent_timestamp,4752,21,ok,
low-concurrency-20260711T171232.521874981Z,fair-c20,2026-07-11T17:15:09.168Z,1783790109168,43027,first_a_sqs_sent_timestamp,4763,16,ok,
low-concurrency-20260711T171232.521874981Z,baseline-c20,2026-07-11T17:15:10.142Z,1783790110142,43852,first_a_sqs_sent_timestamp,4779,16,ok,
low-concurrency-20260711T171232.521874981Z,fair-c20,2026-07-11T17:15:10.17Z,1783790110170,44029,first_a_sqs_sent_timestamp,4752,16,ok,
low-concurrency-20260711T171232.521874981Z,baseline-c20,2026-07-11T17:15:11.138Z,1783790111138,44848,first_a_sqs_sent_timestamp,4752,18,ok,
low-concurrency-20260711T171232.521874981Z,fair-c20,2026-07-11T17:15:11.166Z,1783790111166,45025,first_a_sqs_sent_timestamp,4779,17,ok,
low-concurrency-20260711T171232.521874981Z,baseline-c20,2026-07-11T17:15:12.139Z,1783790112139,45849,first_a_sqs_sent_timestamp,4871,16,ok,
low-concurrency-20260711T171232.521874981Z,fair-c20,2026-07-11T17:15:12.167Z,1783790112167,46026,first_a_sqs_sent_timestamp,4726,18,ok,
low-concurrency-20260711T171232.521874981Z,baseline-c20,2026-07-11T17:15:13.139Z,1783790113139,46849,first_a_sqs_sent_timestamp,4709,15,ok,
low-concurrency-20260711T171232.521874981Z,fair-c20,2026-07-11T17:15:13.169Z,1783790113169,47028,first_a_sqs_sent_timestamp,4725,19,ok,
low-concurrency-20260711T171232.521874981Z,baseline-c20,2026-07-11T17:15:14.139Z,1783790114139,47849,first_a_sqs_sent_timestamp,4746,17,ok,
low-concurrency-20260711T171232.521874981Z,fair-c20,2026-07-11T17:15:14.166Z,1783790114166,48025,first_a_sqs_sent_timestamp,4745,14,ok,
low-concurrency-20260711T171232.521874981Z,baseline-c20,2026-07-11T17:15:15.153Z,1783790115153,48863,first_a_sqs_sent_timestamp,4714,16,ok,
low-concurrency-20260711T171232.521874981Z,fair-c20,2026-07-11T17:15:15.18Z,1783790115180,49039,first_a_sqs_sent_timestamp,4753,16,ok,
low-concurrency-20260711T171232.521874981Z,baseline-c20,2026-07-11T17:15:16.136Z,1783790116136,49846,first_a_sqs_sent_timestamp,4714,15,ok,
low-concurrency-20260711T171232.521874981Z,fair-c20,2026-07-11T17:15:16.163Z,1783790116163,50022,first_a_sqs_sent_timestamp,4720,14,ok,
low-concurrency-20260711T171232.521874981Z,baseline-c20,2026-07-11T17:15:17.139Z,1783790117139,50849,first_a_sqs_sent_timestamp,4762,19,ok,
low-concurrency-20260711T171232.521874981Z,fair-c20,2026-07-11T17:15:17.165Z,1783790117165,51024,first_a_sqs_sent_timestamp,4699,20,ok,
low-concurrency-20260711T171232.521874981Z,baseline-c20,2026-07-11T17:15:18.138Z,1783790118138,51848,first_a_sqs_sent_timestamp,4759,18,ok,
low-concurrency-20260711T171232.521874981Z,fair-c20,2026-07-11T17:15:18.164Z,1783790118164,52023,first_a_sqs_sent_timestamp,4695,17,ok,
low-concurrency-20260711T171232.521874981Z,baseline-c20,2026-07-11T17:15:19.137Z,1783790119137,52847,first_a_sqs_sent_timestamp,4709,14,ok,
low-concurrency-20260711T171232.521874981Z,fair-c20,2026-07-11T17:15:19.163Z,1783790119163,53022,first_a_sqs_sent_timestamp,4763,16,ok,
low-concurrency-20260711T171232.521874981Z,baseline-c20,2026-07-11T17:15:20.139Z,1783790120139,53849,first_a_sqs_sent_timestamp,4664,18,ok,
low-concurrency-20260711T171232.521874981Z,fair-c20,2026-07-11T17:15:20.164Z,1783790120164,54023,first_a_sqs_sent_timestamp,4694,20,ok,
low-concurrency-20260711T171232.521874981Z,baseline-c20,2026-07-11T17:15:21.138Z,1783790121138,54848,first_a_sqs_sent_timestamp,4698,15,ok,
low-concurrency-20260711T171232.521874981Z,fair-c20,2026-07-11T17:15:21.165Z,1783790121165,55024,first_a_sqs_sent_timestamp,4669,17,ok,
low-concurrency-20260711T171232.521874981Z,baseline-c20,2026-07-11T17:15:22.137Z,1783790122137,55847,first_a_sqs_sent_timestamp,4664,17,ok,
low-concurrency-20260711T171232.521874981Z,fair-c20,2026-07-11T17:15:22.163Z,1783790122163,56022,first_a_sqs_sent_timestamp,4668,17,ok,
low-concurrency-20260711T171232.521874981Z,baseline-c20,2026-07-11T17:15:23.143Z,1783790123143,56853,first_a_sqs_sent_timestamp,4651,16,ok,
low-concurrency-20260711T171232.521874981Z,fair-c20,2026-07-11T17:15:23.169Z,1783790123169,57028,first_a_sqs_sent_timestamp,4830,18,ok,
low-concurrency-20260711T171232.521874981Z,baseline-c20,2026-07-11T17:15:24.136Z,1783790124136,57846,first_a_sqs_sent_timestamp,4714,17,ok,
low-concurrency-20260711T171232.521874981Z,fair-c20,2026-07-11T17:15:24.163Z,1783790124163,58022,first_a_sqs_sent_timestamp,4725,17,ok,
low-concurrency-20260711T171232.521874981Z,baseline-c20,2026-07-11T17:15:25.138Z,1783790125138,58848,first_a_sqs_sent_timestamp,4663,16,ok,
low-concurrency-20260711T171232.521874981Z,fair-c20,2026-07-11T17:15:25.17Z,1783790125170,59029,first_a_sqs_sent_timestamp,4695,17,ok,
low-concurrency-20260711T171232.521874981Z,baseline-c20,2026-07-11T17:15:26.137Z,1783790126137,59847,first_a_sqs_sent_timestamp,4650,17,ok,
low-concurrency-20260711T171232.521874981Z,fair-c20,2026-07-11T17:15:26.167Z,1783790126167,60026,first_a_sqs_sent_timestamp,4669,16,ok,
low-concurrency-20260711T171232.521874981Z,baseline-c20,2026-07-11T17:15:27.138Z,1783790127138,60848,first_a_sqs_sent_timestamp,4676,19,ok,
low-concurrency-20260711T171232.521874981Z,fair-c20,2026-07-11T17:15:27.164Z,1783790127164,61023,first_a_sqs_sent_timestamp,4630,16,ok,
low-concurrency-20260711T171232.521874981Z,baseline-c20,2026-07-11T17:15:28.141Z,1783790128141,61851,first_a_sqs_sent_timestamp,4615,16,ok,
low-concurrency-20260711T171232.521874981Z,fair-c20,2026-07-11T17:15:28.169Z,1783790128169,62028,first_a_sqs_sent_timestamp,4720,15,ok,
low-concurrency-20260711T171232.521874981Z,baseline-c20,2026-07-11T17:15:29.143Z,1783790129143,62853,first_a_sqs_sent_timestamp,4615,16,ok,
low-concurrency-20260711T171232.521874981Z,fair-c20,2026-07-11T17:15:29.168Z,1783790129168,63027,first_a_sqs_sent_timestamp,4608,17,ok,
low-concurrency-20260711T171232.521874981Z,baseline-c20,2026-07-11T17:15:30.139Z,1783790130139,63849,first_a_sqs_sent_timestamp,4650,15,ok,
low-concurrency-20260711T171232.521874981Z,fair-c20,2026-07-11T17:15:30.164Z,1783790130164,64023,first_a_sqs_sent_timestamp,4609,16,ok,
low-concurrency-20260711T171232.521874981Z,baseline-c20,2026-07-11T17:15:31.138Z,1783790131138,64848,first_a_sqs_sent_timestamp,4631,17,ok,
low-concurrency-20260711T171232.521874981Z,fair-c20,2026-07-11T17:15:31.166Z,1783790131166,65025,first_a_sqs_sent_timestamp,4699,19,ok,
low-concurrency-20260711T171232.521874981Z,baseline-c20,2026-07-11T17:15:32.14Z,1783790132140,65850,first_a_sqs_sent_timestamp,4627,11,ok,
low-concurrency-20260711T171232.521874981Z,fair-c20,2026-07-11T17:15:32.167Z,1783790132167,66026,first_a_sqs_sent_timestamp,4623,18,ok,
low-concurrency-20260711T171232.521874981Z,baseline-c20,2026-07-11T17:15:33.139Z,1783790133139,66849,first_a_sqs_sent_timestamp,4614,16,ok,
low-concurrency-20260711T171232.521874981Z,fair-c20,2026-07-11T17:15:33.166Z,1783790133166,67025,first_a_sqs_sent_timestamp,4637,19,ok,
low-concurrency-20260711T171232.521874981Z,baseline-c20,2026-07-11T17:15:34.136Z,1783790134136,67846,first_a_sqs_sent_timestamp,4582,16,ok,
low-concurrency-20260711T171232.521874981Z,fair-c20,2026-07-11T17:15:34.162Z,1783790134162,68021,first_a_sqs_sent_timestamp,4575,18,ok,
low-concurrency-20260711T171232.521874981Z,baseline-c20,2026-07-11T17:15:35.137Z,1783790135137,68847,first_a_sqs_sent_timestamp,4577,18,ok,
low-concurrency-20260711T171232.521874981Z,fair-c20,2026-07-11T17:15:35.164Z,1783790135164,69023,first_a_sqs_sent_timestamp,4588,19,ok,
low-concurrency-20260711T171232.521874981Z,baseline-c20,2026-07-11T17:15:36.138Z,1783790136138,69848,first_a_sqs_sent_timestamp,4719,20,ok,
low-concurrency-20260711T171232.521874981Z,fair-c20,2026-07-11T17:15:36.164Z,1783790136164,70023,first_a_sqs_sent_timestamp,4631,16,ok,
low-concurrency-20260711T171232.521874981Z,baseline-c20,2026-07-11T17:15:37.138Z,1783790137138,70848,first_a_sqs_sent_timestamp,4561,16,ok,
low-concurrency-20260711T171232.521874981Z,fair-c20,2026-07-11T17:15:37.167Z,1783790137167,71026,first_a_sqs_sent_timestamp,4609,15,ok,
low-concurrency-20260711T171232.521874981Z,baseline-c20,2026-07-11T17:15:38.139Z,1783790138139,71849,first_a_sqs_sent_timestamp,4673,21,ok,
low-concurrency-20260711T171232.521874981Z,fair-c20,2026-07-11T17:15:38.166Z,1783790138166,72025,first_a_sqs_sent_timestamp,4548,21,ok,
low-concurrency-20260711T171232.521874981Z,baseline-c20,2026-07-11T17:15:39.136Z,1783790139136,72846,first_a_sqs_sent_timestamp,4560,15,ok,
low-concurrency-20260711T171232.521874981Z,fair-c20,2026-07-11T17:15:39.163Z,1783790139163,73022,first_a_sqs_sent_timestamp,4548,20,ok,
low-concurrency-20260711T171232.521874981Z,baseline-c20,2026-07-11T17:15:40.137Z,1783790140137,73847,first_a_sqs_sent_timestamp,4578,14,ok,
low-concurrency-20260711T171232.521874981Z,fair-c20,2026-07-11T17:15:40.163Z,1783790140163,74022,first_a_sqs_sent_timestamp,4587,20,ok,
low-concurrency-20260711T171232.521874981Z,baseline-c20,2026-07-11T17:15:41.138Z,1783790141138,74848,first_a_sqs_sent_timestamp,4591,21,ok,
low-concurrency-20260711T171232.521874981Z,fair-c20,2026-07-11T17:15:41.166Z,1783790141166,75025,first_a_sqs_sent_timestamp,4533,11,ok,
low-concurrency-20260711T171232.521874981Z,baseline-c20,2026-07-11T17:15:42.136Z,1783790142136,75846,first_a_sqs_sent_timestamp,4545,20,ok,
low-concurrency-20260711T171232.521874981Z,fair-c20,2026-07-11T17:15:42.165Z,1783790142165,76024,first_a_sqs_sent_timestamp,4577,16,ok,
low-concurrency-20260711T171232.521874981Z,baseline-c20,2026-07-11T17:15:43.136Z,1783790143136,76846,first_a_sqs_sent_timestamp,4562,18,ok,
low-concurrency-20260711T171232.521874981Z,fair-c20,2026-07-11T17:15:43.163Z,1783790143163,77022,first_a_sqs_sent_timestamp,4641,18,ok,
low-concurrency-20260711T171232.521874981Z,baseline-c20,2026-07-11T17:15:44.137Z,1783790144137,77847,first_a_sqs_sent_timestamp,4546,21,ok,
low-concurrency-20260711T171232.521874981Z,fair-c20,2026-07-11T17:15:44.166Z,1783790144166,78025,first_a_sqs_sent_timestamp,4555,22,ok,
low-concurrency-20260711T171232.521874981Z,baseline-c20,2026-07-11T17:15:45.141Z,1783790145141,78851,first_a_sqs_sent_timestamp,4510,19,ok,
low-concurrency-20260711T171232.521874981Z,fair-c20,2026-07-11T17:15:45.169Z,1783790145169,79028,first_a_sqs_sent_timestamp,4532,12,ok,
low-concurrency-20260711T171232.521874981Z,baseline-c20,2026-07-11T17:15:46.137Z,1783790146137,79847,first_a_sqs_sent_timestamp,4528,15,ok,
low-concurrency-20260711T171232.521874981Z,fair-c20,2026-07-11T17:15:46.164Z,1783790146164,80023,first_a_sqs_sent_timestamp,4515,13,ok,
low-concurrency-20260711T171232.521874981Z,baseline-c20,2026-07-11T17:15:47.137Z,1783790147137,80847,first_a_sqs_sent_timestamp,4508,23,ok,
low-concurrency-20260711T171232.521874981Z,fair-c20,2026-07-11T17:15:47.163Z,1783790147163,81022,first_a_sqs_sent_timestamp,4515,12,ok,
low-concurrency-20260711T171232.521874981Z,baseline-c20,2026-07-11T17:15:48.138Z,1783790148138,81848,first_a_sqs_sent_timestamp,4507,21,ok,
low-concurrency-20260711T171232.521874981Z,fair-c20,2026-07-11T17:15:48.164Z,1783790148164,82023,first_a_sqs_sent_timestamp,4515,12,ok,
low-concurrency-20260711T171232.521874981Z,baseline-c20,2026-07-11T17:15:49.139Z,1783790149139,82849,first_a_sqs_sent_timestamp,4582,16,ok,
low-concurrency-20260711T171232.521874981Z,fair-c20,2026-07-11T17:15:49.168Z,1783790149168,83027,first_a_sqs_sent_timestamp,4515,12,ok,
low-concurrency-20260711T171232.521874981Z,baseline-c20,2026-07-11T17:15:50.137Z,1783790150137,83847,first_a_sqs_sent_timestamp,4474,19,ok,
low-concurrency-20260711T171232.521874981Z,fair-c20,2026-07-11T17:15:50.163Z,1783790150163,84022,first_a_sqs_sent_timestamp,4501,17,ok,
low-concurrency-20260711T171232.521874981Z,baseline-c20,2026-07-11T17:15:51.138Z,1783790151138,84848,first_a_sqs_sent_timestamp,4527,15,ok,
low-concurrency-20260711T171232.521874981Z,fair-c20,2026-07-11T17:15:51.165Z,1783790151165,85024,first_a_sqs_sent_timestamp,4479,13,ok,
low-concurrency-20260711T171232.521874981Z,baseline-c20,2026-07-11T17:15:52.137Z,1783790152137,85847,first_a_sqs_sent_timestamp,4465,13,ok,
low-concurrency-20260711T171232.521874981Z,fair-c20,2026-07-11T17:15:52.162Z,1783790152162,86021,first_a_sqs_sent_timestamp,4548,22,ok,
low-concurrency-20260711T171232.521874981Z,baseline-c20,2026-07-11T17:15:53.137Z,1783790153137,86847,first_a_sqs_sent_timestamp,4465,13,ok,
low-concurrency-20260711T171232.521874981Z,fair-c20,2026-07-11T17:15:53.163Z,1783790153163,87022,first_a_sqs_sent_timestamp,4503,16,ok,
low-concurrency-20260711T171232.521874981Z,baseline-c20,2026-07-11T17:15:54.137Z,1783790154137,87847,first_a_sqs_sent_timestamp,4508,19,ok,
low-concurrency-20260711T171232.521874981Z,fair-c20,2026-07-11T17:15:54.172Z,1783790154172,88031,first_a_sqs_sent_timestamp,4581,20,ok,
low-concurrency-20260711T171232.521874981Z,baseline-c20,2026-07-11T17:15:55.148Z,1783790155148,88858,first_a_sqs_sent_timestamp,4533,18,ok,
low-concurrency-20260711T171232.521874981Z,fair-c20,2026-07-11T17:15:55.175Z,1783790155175,89034,first_a_sqs_sent_timestamp,4452,17,ok,
low-concurrency-20260711T171232.521874981Z,baseline-c20,2026-07-11T17:15:56.138Z,1783790156138,89848,first_a_sqs_sent_timestamp,4442,17,ok,
low-concurrency-20260711T171232.521874981Z,fair-c20,2026-07-11T17:15:56.163Z,1783790156163,90022,first_a_sqs_sent_timestamp,4451,17,ok,
low-concurrency-20260711T171232.521874981Z,baseline-c20,2026-07-11T17:15:57.138Z,1783790157138,90848,first_a_sqs_sent_timestamp,4515,18,ok,
low-concurrency-20260711T171232.521874981Z,fair-c20,2026-07-11T17:15:57.164Z,1783790157164,91023,first_a_sqs_sent_timestamp,4452,17,ok,
low-concurrency-20260711T171232.521874981Z,baseline-c20,2026-07-11T17:15:58.135Z,1783790158135,91845,first_a_sqs_sent_timestamp,4466,14,ok,
low-concurrency-20260711T171232.521874981Z,fair-c20,2026-07-11T17:15:58.162Z,1783790158162,92021,first_a_sqs_sent_timestamp,4456,19,ok,
low-concurrency-20260711T171232.521874981Z,baseline-c20,2026-07-11T17:15:59.138Z,1783790159138,92848,first_a_sqs_sent_timestamp,4416,16,ok,
low-concurrency-20260711T171232.521874981Z,fair-c20,2026-07-11T17:15:59.167Z,1783790159167,93026,first_a_sqs_sent_timestamp,4455,15,ok,
low-concurrency-20260711T171232.521874981Z,baseline-c20,2026-07-11T17:16:00.139Z,1783790160139,93849,first_a_sqs_sent_timestamp,4529,15,ok,
low-concurrency-20260711T171232.521874981Z,fair-c20,2026-07-11T17:16:00.163Z,1783790160163,94022,first_a_sqs_sent_timestamp,4419,15,ok,
low-concurrency-20260711T171232.521874981Z,baseline-c20,2026-07-11T17:16:01.142Z,1783790161142,94852,first_a_sqs_sent_timestamp,4417,15,ok,
low-concurrency-20260711T171232.521874981Z,fair-c20,2026-07-11T17:16:01.17Z,1783790161170,95029,first_a_sqs_sent_timestamp,4454,15,ok,
low-concurrency-20260711T171232.521874981Z,baseline-c20,2026-07-11T17:16:02.139Z,1783790162139,95849,first_a_sqs_sent_timestamp,4416,14,ok,
low-concurrency-20260711T171232.521874981Z,fair-c20,2026-07-11T17:16:02.169Z,1783790162169,96028,first_a_sqs_sent_timestamp,4505,19,ok,
low-concurrency-20260711T171232.521874981Z,baseline-c20,2026-07-11T17:16:03.142Z,1783790163142,96852,first_a_sqs_sent_timestamp,4439,14,ok,
low-concurrency-20260711T171232.521874981Z,fair-c20,2026-07-11T17:16:03.168Z,1783790163168,97027,first_a_sqs_sent_timestamp,4413,14,ok,
low-concurrency-20260711T171232.521874981Z,baseline-c20,2026-07-11T17:16:04.137Z,1783790164137,97847,first_a_sqs_sent_timestamp,4404,17,ok,
low-concurrency-20260711T171232.521874981Z,fair-c20,2026-07-11T17:16:04.167Z,1783790164167,98026,first_a_sqs_sent_timestamp,4417,17,ok,
low-concurrency-20260711T171232.521874981Z,baseline-c20,2026-07-11T17:16:05.146Z,1783790165146,98856,first_a_sqs_sent_timestamp,4386,18,ok,
low-concurrency-20260711T171232.521874981Z,fair-c20,2026-07-11T17:16:05.173Z,1783790165173,99032,first_a_sqs_sent_timestamp,4401,18,ok,
low-concurrency-20260711T171232.521874981Z,baseline-c20,2026-07-11T17:16:06.139Z,1783790166139,99849,first_a_sqs_sent_timestamp,4417,14,ok,
low-concurrency-20260711T171232.521874981Z,fair-c20,2026-07-11T17:16:06.165Z,1783790166165,100024,first_a_sqs_sent_timestamp,4477,15,ok,
low-concurrency-20260711T171232.521874981Z,baseline-c20,2026-07-11T17:16:07.139Z,1783790167139,100849,first_a_sqs_sent_timestamp,4444,18,ok,
low-concurrency-20260711T171232.521874981Z,fair-c20,2026-07-11T17:16:07.169Z,1783790167169,101028,first_a_sqs_sent_timestamp,4412,14,ok,
low-concurrency-20260711T171232.521874981Z,baseline-c20,2026-07-11T17:16:08.138Z,1783790168138,101848,first_a_sqs_sent_timestamp,4428,15,ok,
low-concurrency-20260711T171232.521874981Z,fair-c20,2026-07-11T17:16:08.168Z,1783790168168,102027,first_a_sqs_sent_timestamp,4440,20,ok,
low-concurrency-20260711T171232.521874981Z,baseline-c20,2026-07-11T17:16:09.138Z,1783790169138,102848,first_a_sqs_sent_timestamp,4354,19,ok,
low-concurrency-20260711T171232.521874981Z,fair-c20,2026-07-11T17:16:09.169Z,1783790169169,103028,first_a_sqs_sent_timestamp,4381,21,ok,
low-concurrency-20260711T171232.521874981Z,baseline-c20,2026-07-11T17:16:10.207Z,1783790170207,103917,first_a_sqs_sent_timestamp,4354,20,ok,
low-concurrency-20260711T171232.521874981Z,fair-c20,2026-07-11T17:16:10.236Z,1783790170236,104095,first_a_sqs_sent_timestamp,4382,19,ok,
low-concurrency-20260711T171232.521874981Z,baseline-c20,2026-07-11T17:16:11.144Z,1783790171144,104854,first_a_sqs_sent_timestamp,4361,15,ok,
low-concurrency-20260711T171232.521874981Z,fair-c20,2026-07-11T17:16:11.171Z,1783790171171,105030,first_a_sqs_sent_timestamp,4372,15,ok,
low-concurrency-20260711T171232.521874981Z,baseline-c20,2026-07-11T17:16:12.142Z,1783790172142,105852,first_a_sqs_sent_timestamp,4354,19,ok,
low-concurrency-20260711T171232.521874981Z,fair-c20,2026-07-11T17:16:12.17Z,1783790172170,106029,first_a_sqs_sent_timestamp,4339,15,ok,
low-concurrency-20260711T171232.521874981Z,baseline-c20,2026-07-11T17:16:13.137Z,1783790173137,106847,first_a_sqs_sent_timestamp,4474,18,ok,
low-concurrency-20260711T171232.521874981Z,fair-c20,2026-07-11T17:16:13.168Z,1783790173168,107027,first_a_sqs_sent_timestamp,4340,17,ok,
low-concurrency-20260711T171232.521874981Z,baseline-c20,2026-07-11T17:16:14.14Z,1783790174140,107850,first_a_sqs_sent_timestamp,4362,15,ok,
low-concurrency-20260711T171232.521874981Z,fair-c20,2026-07-11T17:16:14.167Z,1783790174167,108026,first_a_sqs_sent_timestamp,4396,14,ok,
low-concurrency-20260711T171232.521874981Z,baseline-c20,2026-07-11T17:16:15.139Z,1783790175139,108849,first_a_sqs_sent_timestamp,4321,19,ok,
low-concurrency-20260711T171232.521874981Z,fair-c20,2026-07-11T17:16:15.165Z,1783790175165,109024,first_a_sqs_sent_timestamp,4340,17,ok,
low-concurrency-20260711T171232.521874981Z,baseline-c20,2026-07-11T17:16:16.139Z,1783790176139,109849,first_a_sqs_sent_timestamp,4322,18,ok,
low-concurrency-20260711T171232.521874981Z,fair-c20,2026-07-11T17:16:16.165Z,1783790176165,110024,first_a_sqs_sent_timestamp,4323,17,ok,
low-concurrency-20260711T171232.521874981Z,baseline-c20,2026-07-11T17:16:17.139Z,1783790177139,110849,first_a_sqs_sent_timestamp,4404,18,ok,
low-concurrency-20260711T171232.521874981Z,fair-c20,2026-07-11T17:16:17.169Z,1783790177169,111028,first_a_sqs_sent_timestamp,4402,15,ok,
low-concurrency-20260711T171232.521874981Z,baseline-c20,2026-07-11T17:16:18.14Z,1783790178140,111850,first_a_sqs_sent_timestamp,4354,20,ok,
low-concurrency-20260711T171232.521874981Z,fair-c20,2026-07-11T17:16:18.167Z,1783790178167,112026,first_a_sqs_sent_timestamp,4364,18,ok,
low-concurrency-20260711T171232.521874981Z,baseline-c20,2026-07-11T17:16:19.141Z,1783790179141,112851,first_a_sqs_sent_timestamp,4287,18,ok,
low-concurrency-20260711T171232.521874981Z,fair-c20,2026-07-11T17:16:19.171Z,1783790179171,113030,first_a_sqs_sent_timestamp,4304,15,ok,
low-concurrency-20260711T171232.521874981Z,baseline-c20,2026-07-11T17:16:20.139Z,1783790180139,113849,first_a_sqs_sent_timestamp,4384,17,ok,
low-concurrency-20260711T171232.521874981Z,fair-c20,2026-07-11T17:16:20.166Z,1783790180166,114025,first_a_sqs_sent_timestamp,4340,17,ok,
low-concurrency-20260711T171232.521874981Z,baseline-c20,2026-07-11T17:16:21.138Z,1783790181138,114848,first_a_sqs_sent_timestamp,4293,16,ok,
low-concurrency-20260711T171232.521874981Z,fair-c20,2026-07-11T17:16:21.165Z,1783790181165,115024,first_a_sqs_sent_timestamp,4304,18,ok,
low-concurrency-20260711T171232.521874981Z,baseline-c20,2026-07-11T17:16:22.141Z,1783790182141,115851,first_a_sqs_sent_timestamp,4318,18,ok,
low-concurrency-20260711T171232.521874981Z,fair-c20,2026-07-11T17:16:22.167Z,1783790182167,116026,first_a_sqs_sent_timestamp,4296,18,ok,
low-concurrency-20260711T171232.521874981Z,baseline-c20,2026-07-11T17:16:23.137Z,1783790183137,116847,first_a_sqs_sent_timestamp,4297,20,ok,
low-concurrency-20260711T171232.521874981Z,fair-c20,2026-07-11T17:16:23.164Z,1783790183164,117023,first_a_sqs_sent_timestamp,4323,13,ok,
low-concurrency-20260711T171232.521874981Z,baseline-c20,2026-07-11T17:16:24.139Z,1783790184139,117849,first_a_sqs_sent_timestamp,4288,17,ok,
low-concurrency-20260711T171232.521874981Z,fair-c20,2026-07-11T17:16:24.167Z,1783790184167,118026,first_a_sqs_sent_timestamp,4304,18,ok,
low-concurrency-20260711T171232.521874981Z,baseline-c20,2026-07-11T17:16:25.137Z,1783790185137,118847,first_a_sqs_sent_timestamp,4266,17,ok,
low-concurrency-20260711T171232.521874981Z,fair-c20,2026-07-11T17:16:25.165Z,1783790185165,119024,first_a_sqs_sent_timestamp,4284,13,ok,
low-concurrency-20260711T171232.521874981Z,baseline-c20,2026-07-11T17:16:26.14Z,1783790186140,119850,first_a_sqs_sent_timestamp,4321,18,ok,
low-concurrency-20260711T171232.521874981Z,fair-c20,2026-07-11T17:16:26.168Z,1783790186168,120027,first_a_sqs_sent_timestamp,4347,17,ok,
low-concurrency-20260711T171232.521874981Z,baseline-c20,2026-07-11T17:16:27.139Z,1783790187139,120849,first_a_sqs_sent_timestamp,4279,19,ok,
low-concurrency-20260711T171232.521874981Z,fair-c20,2026-07-11T17:16:27.165Z,1783790187165,121024,first_a_sqs_sent_timestamp,4286,13,ok,
low-concurrency-20260711T171232.521874981Z,baseline-c20,2026-07-11T17:16:28.139Z,1783790188139,121849,first_a_sqs_sent_timestamp,4251,21,ok,
low-concurrency-20260711T171232.521874981Z,fair-c20,2026-07-11T17:16:28.169Z,1783790188169,122028,first_a_sqs_sent_timestamp,4295,21,ok,
low-concurrency-20260711T171232.521874981Z,baseline-c20,2026-07-11T17:16:29.138Z,1783790189138,122848,first_a_sqs_sent_timestamp,4266,17,ok,
low-concurrency-20260711T171232.521874981Z,fair-c20,2026-07-11T17:16:29.164Z,1783790189164,123023,first_a_sqs_sent_timestamp,4259,20,ok,
low-concurrency-20260711T171232.521874981Z,baseline-c20,2026-07-11T17:16:30.198Z,1783790190198,123908,first_a_sqs_sent_timestamp,4294,14,ok,
low-concurrency-20260711T171232.521874981Z,fair-c20,2026-07-11T17:16:30.227Z,1783790190227,124086,first_a_sqs_sent_timestamp,4245,16,ok,
low-concurrency-20260711T171232.521874981Z,baseline-c20,2026-07-11T17:16:31.139Z,1783790191139,124849,first_a_sqs_sent_timestamp,4221,22,ok,
low-concurrency-20260711T171232.521874981Z,fair-c20,2026-07-11T17:16:31.166Z,1783790191166,125025,first_a_sqs_sent_timestamp,4242,15,ok,
low-concurrency-20260711T171232.521874981Z,baseline-c20,2026-07-11T17:16:32.139Z,1783790192139,125849,first_a_sqs_sent_timestamp,4218,15,ok,
low-concurrency-20260711T171232.521874981Z,fair-c20,2026-07-11T17:16:32.165Z,1783790192165,126024,first_a_sqs_sent_timestamp,4240,17,ok,
low-concurrency-20260711T171232.521874981Z,baseline-c20,2026-07-11T17:16:33.138Z,1783790193138,126848,first_a_sqs_sent_timestamp,4217,15,ok,
low-concurrency-20260711T171232.521874981Z,fair-c20,2026-07-11T17:16:33.164Z,1783790193164,127023,first_a_sqs_sent_timestamp,4244,18,ok,
low-concurrency-20260711T171232.521874981Z,baseline-c20,2026-07-11T17:16:34.137Z,1783790194137,127847,first_a_sqs_sent_timestamp,4236,17,ok,
low-concurrency-20260711T171232.521874981Z,fair-c20,2026-07-11T17:16:34.163Z,1783790194163,128022,first_a_sqs_sent_timestamp,4259,19,ok,
low-concurrency-20260711T171232.521874981Z,baseline-c20,2026-07-11T17:16:35.141Z,1783790195141,128851,first_a_sqs_sent_timestamp,4252,19,ok,
low-concurrency-20260711T171232.521874981Z,fair-c20,2026-07-11T17:16:35.167Z,1783790195167,129026,first_a_sqs_sent_timestamp,4230,20,ok,
low-concurrency-20260711T171232.521874981Z,baseline-c20,2026-07-11T17:16:36.148Z,1783790196148,129858,first_a_sqs_sent_timestamp,4220,16,ok,
low-concurrency-20260711T171232.521874981Z,fair-c20,2026-07-11T17:16:36.176Z,1783790196176,130035,first_a_sqs_sent_timestamp,4363,14,ok,
low-concurrency-20260711T171232.521874981Z,baseline-c20,2026-07-11T17:16:37.139Z,1783790197139,130849,first_a_sqs_sent_timestamp,4243,16,ok,
low-concurrency-20260711T171232.521874981Z,fair-c20,2026-07-11T17:16:37.166Z,1783790197166,131025,first_a_sqs_sent_timestamp,4195,18,ok,
low-concurrency-20260711T171232.521874981Z,baseline-c20,2026-07-11T17:16:38.136Z,1783790198136,131846,first_a_sqs_sent_timestamp,4172,13,ok,
low-concurrency-20260711T171232.521874981Z,fair-c20,2026-07-11T17:16:38.169Z,1783790198169,132028,first_a_sqs_sent_timestamp,4188,18,ok,
low-concurrency-20260711T171232.521874981Z,baseline-c20,2026-07-11T17:16:39.144Z,1783790199144,132854,first_a_sqs_sent_timestamp,4173,16,ok,
low-concurrency-20260711T171232.521874981Z,fair-c20,2026-07-11T17:16:39.171Z,1783790199171,133030,first_a_sqs_sent_timestamp,4265,18,ok,
low-concurrency-20260711T171232.521874981Z,baseline-c20,2026-07-11T17:16:40.138Z,1783790200138,133848,first_a_sqs_sent_timestamp,4262,16,ok,
low-concurrency-20260711T171232.521874981Z,fair-c20,2026-07-11T17:16:40.163Z,1783790200163,134022,first_a_sqs_sent_timestamp,4192,19,ok,
low-concurrency-20260711T171232.521874981Z,baseline-c20,2026-07-11T17:16:41.136Z,1783790201136,134846,first_a_sqs_sent_timestamp,4184,16,ok,
low-concurrency-20260711T171232.521874981Z,fair-c20,2026-07-11T17:16:41.163Z,1783790201163,135022,first_a_sqs_sent_timestamp,4189,17,ok,
low-concurrency-20260711T171232.521874981Z,baseline-c20,2026-07-11T17:16:42.144Z,1783790202144,135854,first_a_sqs_sent_timestamp,4189,21,ok,
low-concurrency-20260711T171232.521874981Z,fair-c20,2026-07-11T17:16:42.173Z,1783790202173,136032,first_a_sqs_sent_timestamp,4160,20,ok,
low-concurrency-20260711T171232.521874981Z,baseline-c20,2026-07-11T17:16:43.139Z,1783790203139,136849,first_a_sqs_sent_timestamp,4139,17,ok,
low-concurrency-20260711T171232.521874981Z,fair-c20,2026-07-11T17:16:43.164Z,1783790203164,137023,first_a_sqs_sent_timestamp,4160,19,ok,
low-concurrency-20260711T171232.521874981Z,baseline-c20,2026-07-11T17:16:44.137Z,1783790204137,137847,first_a_sqs_sent_timestamp,4148,13,ok,
low-concurrency-20260711T171232.521874981Z,fair-c20,2026-07-11T17:16:44.161Z,1783790204161,138020,first_a_sqs_sent_timestamp,4157,21,ok,
low-concurrency-20260711T171232.521874981Z,baseline-c20,2026-07-11T17:16:45.137Z,1783790205137,138847,first_a_sqs_sent_timestamp,4151,15,ok,
low-concurrency-20260711T171232.521874981Z,fair-c20,2026-07-11T17:16:45.17Z,1783790205170,139029,first_a_sqs_sent_timestamp,4152,16,ok,
low-concurrency-20260711T171232.521874981Z,baseline-c20,2026-07-11T17:16:46.137Z,1783790206137,139847,first_a_sqs_sent_timestamp,4177,18,ok,
low-concurrency-20260711T171232.521874981Z,fair-c20,2026-07-11T17:16:46.165Z,1783790206165,140024,first_a_sqs_sent_timestamp,4185,12,ok,
low-concurrency-20260711T171232.521874981Z,baseline-c20,2026-07-11T17:16:47.137Z,1783790207137,140847,first_a_sqs_sent_timestamp,4114,16,ok,
low-concurrency-20260711T171232.521874981Z,fair-c20,2026-07-11T17:16:47.164Z,1783790207164,141023,first_a_sqs_sent_timestamp,4240,19,ok,
low-concurrency-20260711T171232.521874981Z,baseline-c20,2026-07-11T17:16:48.139Z,1783790208139,141849,first_a_sqs_sent_timestamp,4174,15,ok,
low-concurrency-20260711T171232.521874981Z,fair-c20,2026-07-11T17:16:48.167Z,1783790208167,142026,first_a_sqs_sent_timestamp,4152,15,ok,
low-concurrency-20260711T171232.521874981Z,baseline-c20,2026-07-11T17:16:49.14Z,1783790209140,142850,first_a_sqs_sent_timestamp,4151,16,ok,
low-concurrency-20260711T171232.521874981Z,fair-c20,2026-07-11T17:16:49.166Z,1783790209166,143025,first_a_sqs_sent_timestamp,4112,18,ok,
low-concurrency-20260711T171232.521874981Z,baseline-c20,2026-07-11T17:16:50.137Z,1783790210137,143847,first_a_sqs_sent_timestamp,4138,19,ok,
low-concurrency-20260711T171232.521874981Z,fair-c20,2026-07-11T17:16:50.164Z,1783790210164,144023,first_a_sqs_sent_timestamp,4162,18,ok,
low-concurrency-20260711T171232.521874981Z,baseline-c20,2026-07-11T17:16:51.139Z,1783790211139,144849,first_a_sqs_sent_timestamp,4098,19,ok,
low-concurrency-20260711T171232.521874981Z,fair-c20,2026-07-11T17:16:51.165Z,1783790211165,145024,first_a_sqs_sent_timestamp,4096,19,ok,
low-concurrency-20260711T171232.521874981Z,baseline-c20,2026-07-11T17:16:52.14Z,1783790212140,145850,first_a_sqs_sent_timestamp,4092,17,ok,
low-concurrency-20260711T171232.521874981Z,fair-c20,2026-07-11T17:16:52.168Z,1783790212168,146027,first_a_sqs_sent_timestamp,4202,19,ok,
low-concurrency-20260711T171232.521874981Z,baseline-c20,2026-07-11T17:16:53.141Z,1783790213141,146851,first_a_sqs_sent_timestamp,4099,20,ok,
low-concurrency-20260711T171232.521874981Z,fair-c20,2026-07-11T17:16:53.167Z,1783790213167,147026,first_a_sqs_sent_timestamp,4157,19,ok,
low-concurrency-20260711T171232.521874981Z,baseline-c20,2026-07-11T17:16:54.139Z,1783790214139,147849,first_a_sqs_sent_timestamp,4086,16,ok,
low-concurrency-20260711T171232.521874981Z,fair-c20,2026-07-11T17:16:54.166Z,1783790214166,148025,first_a_sqs_sent_timestamp,4112,19,ok,
low-concurrency-20260711T171232.521874981Z,baseline-c20,2026-07-11T17:16:55.137Z,1783790215137,148847,first_a_sqs_sent_timestamp,4086,18,ok,
low-concurrency-20260711T171232.521874981Z,fair-c20,2026-07-11T17:16:55.163Z,1783790215163,149022,first_a_sqs_sent_timestamp,4096,16,ok,
low-concurrency-20260711T171232.521874981Z,baseline-c20,2026-07-11T17:16:56.138Z,1783790216138,149848,first_a_sqs_sent_timestamp,4098,21,ok,
low-concurrency-20260711T171232.521874981Z,fair-c20,2026-07-11T17:16:56.165Z,1783790216165,150024,first_a_sqs_sent_timestamp,4074,20,ok,
low-concurrency-20260711T171232.521874981Z,baseline-c20,2026-07-11T17:16:57.138Z,1783790217138,150848,first_a_sqs_sent_timestamp,4149,12,ok,
low-concurrency-20260711T171232.521874981Z,fair-c20,2026-07-11T17:16:57.163Z,1783790217163,151022,first_a_sqs_sent_timestamp,4074,20,ok,
low-concurrency-20260711T171232.521874981Z,baseline-c20,2026-07-11T17:16:58.139Z,1783790218139,151849,first_a_sqs_sent_timestamp,4091,18,ok,
low-concurrency-20260711T171232.521874981Z,fair-c20,2026-07-11T17:16:58.166Z,1783790218166,152025,first_a_sqs_sent_timestamp,4109,17,ok,
low-concurrency-20260711T171232.521874981Z,baseline-c20,2026-07-11T17:16:59.139Z,1783790219139,152849,first_a_sqs_sent_timestamp,4048,21,ok,
low-concurrency-20260711T171232.521874981Z,fair-c20,2026-07-11T17:16:59.166Z,1783790219166,153025,first_a_sqs_sent_timestamp,4074,17,ok,
low-concurrency-20260711T171232.521874981Z,baseline-c20,2026-07-11T17:17:00.14Z,1783790220140,153850,first_a_sqs_sent_timestamp,4116,13,ok,
low-concurrency-20260711T171232.521874981Z,fair-c20,2026-07-11T17:17:00.168Z,1783790220168,154027,first_a_sqs_sent_timestamp,4064,21,ok,
low-concurrency-20260711T171232.521874981Z,baseline-c20,2026-07-11T17:17:01.147Z,1783790221147,154857,first_a_sqs_sent_timestamp,4023,13,ok,
low-concurrency-20260711T171232.521874981Z,fair-c20,2026-07-11T17:17:01.174Z,1783790221174,155033,first_a_sqs_sent_timestamp,4034,24,ok,
low-concurrency-20260711T171232.521874981Z,baseline-c20,2026-07-11T17:17:02.136Z,1783790222136,155846,first_a_sqs_sent_timestamp,4087,18,ok,
low-concurrency-20260711T171232.521874981Z,fair-c20,2026-07-11T17:17:02.173Z,1783790222173,156032,first_a_sqs_sent_timestamp,4024,18,ok,
low-concurrency-20260711T171232.521874981Z,baseline-c20,2026-07-11T17:17:03.139Z,1783790223139,156849,first_a_sqs_sent_timestamp,4025,13,ok,
low-concurrency-20260711T171232.521874981Z,fair-c20,2026-07-11T17:17:03.169Z,1783790223169,157028,first_a_sqs_sent_timestamp,4082,20,ok,
low-concurrency-20260711T171232.521874981Z,baseline-c20,2026-07-11T17:17:04.14Z,1783790224140,157850,first_a_sqs_sent_timestamp,4025,12,ok,
low-concurrency-20260711T171232.521874981Z,fair-c20,2026-07-11T17:17:04.169Z,1783790224169,158028,first_a_sqs_sent_timestamp,4035,20,ok,
low-concurrency-20260711T171232.521874981Z,baseline-c20,2026-07-11T17:17:05.139Z,1783790225139,158849,first_a_sqs_sent_timestamp,4025,13,ok,
low-concurrency-20260711T171232.521874981Z,fair-c20,2026-07-11T17:17:05.167Z,1783790225167,159026,first_a_sqs_sent_timestamp,4004,19,ok,
low-concurrency-20260711T171232.521874981Z,baseline-c20,2026-07-11T17:17:06.137Z,1783790226137,159847,first_a_sqs_sent_timestamp,4222,21,ok,
low-concurrency-20260711T171232.521874981Z,fair-c20,2026-07-11T17:17:06.163Z,1783790226163,160022,first_a_sqs_sent_timestamp,4120,20,ok,
low-concurrency-20260711T171232.521874981Z,baseline-c20,2026-07-11T17:17:07.138Z,1783790227138,160848,first_a_sqs_sent_timestamp,4010,20,ok,
low-concurrency-20260711T171232.521874981Z,fair-c20,2026-07-11T17:17:07.167Z,1783790227167,161026,first_a_sqs_sent_timestamp,4035,22,ok,
low-concurrency-20260711T171232.521874981Z,baseline-c20,2026-07-11T17:17:08.137Z,1783790228137,161847,first_a_sqs_sent_timestamp,3990,14,ok,
low-concurrency-20260711T171232.521874981Z,fair-c20,2026-07-11T17:17:08.163Z,1783790228163,162022,first_a_sqs_sent_timestamp,4096,18,ok,
low-concurrency-20260711T171232.521874981Z,baseline-c20,2026-07-11T17:17:09.142Z,1783790229142,162852,first_a_sqs_sent_timestamp,4023,12,ok,
low-concurrency-20260711T171232.521874981Z,fair-c20,2026-07-11T17:17:09.169Z,1783790229169,163028,first_a_sqs_sent_timestamp,4024,18,ok,
low-concurrency-20260711T171232.521874981Z,baseline-c20,2026-07-11T17:17:10.137Z,1783790230137,163847,first_a_sqs_sent_timestamp,4034,17,ok,
low-concurrency-20260711T171232.521874981Z,fair-c20,2026-07-11T17:17:10.166Z,1783790230166,164025,first_a_sqs_sent_timestamp,3973,18,ok,
low-concurrency-20260711T171232.521874981Z,baseline-c20,2026-07-11T17:17:11.141Z,1783790231141,164851,first_a_sqs_sent_timestamp,4010,19,ok,
low-concurrency-20260711T171232.521874981Z,fair-c20,2026-07-11T17:17:11.168Z,1783790231168,165027,first_a_sqs_sent_timestamp,3967,16,ok,
low-concurrency-20260711T171232.521874981Z,baseline-c20,2026-07-11T17:17:12.137Z,1783790232137,165847,first_a_sqs_sent_timestamp,3989,15,ok,
low-concurrency-20260711T171232.521874981Z,fair-c20,2026-07-11T17:17:12.163Z,1783790232163,166022,first_a_sqs_sent_timestamp,3986,19,ok,
low-concurrency-20260711T171232.521874981Z,baseline-c20,2026-07-11T17:17:13.14Z,1783790233140,166850,first_a_sqs_sent_timestamp,3954,16,ok,
low-concurrency-20260711T171232.521874981Z,fair-c20,2026-07-11T17:17:13.17Z,1783790233170,167029,first_a_sqs_sent_timestamp,4004,21,ok,
low-concurrency-20260711T171232.521874981Z,baseline-c20,2026-07-11T17:17:14.137Z,1783790234137,167847,first_a_sqs_sent_timestamp,3961,18,ok,
low-concurrency-20260711T171232.521874981Z,fair-c20,2026-07-11T17:17:14.163Z,1783790234163,168022,first_a_sqs_sent_timestamp,3942,19,ok,
low-concurrency-20260711T171232.521874981Z,baseline-c20,2026-07-11T17:17:15.139Z,1783790235139,168849,first_a_sqs_sent_timestamp,4047,20,ok,
low-concurrency-20260711T171232.521874981Z,fair-c20,2026-07-11T17:17:15.165Z,1783790235165,169024,first_a_sqs_sent_timestamp,3972,17,ok,
low-concurrency-20260711T171232.521874981Z,baseline-c20,2026-07-11T17:17:16.138Z,1783790236138,169848,first_a_sqs_sent_timestamp,3926,17,ok,
low-concurrency-20260711T171232.521874981Z,fair-c20,2026-07-11T17:17:16.168Z,1783790236168,170027,first_a_sqs_sent_timestamp,3977,16,ok,
low-concurrency-20260711T171232.521874981Z,baseline-c20,2026-07-11T17:17:17.138Z,1783790237138,170848,first_a_sqs_sent_timestamp,3953,16,ok,
low-concurrency-20260711T171232.521874981Z,fair-c20,2026-07-11T17:17:17.162Z,1783790237162,171021,first_a_sqs_sent_timestamp,3989,18,ok,
low-concurrency-20260711T171232.521874981Z,baseline-c20,2026-07-11T17:17:18.14Z,1783790238140,171850,first_a_sqs_sent_timestamp,3960,18,ok,
low-concurrency-20260711T171232.521874981Z,fair-c20,2026-07-11T17:17:18.168Z,1783790238168,172027,first_a_sqs_sent_timestamp,3912,19,ok,
low-concurrency-20260711T171232.521874981Z,baseline-c20,2026-07-11T17:17:19.142Z,1783790239142,172852,first_a_sqs_sent_timestamp,3945,19,ok,
low-concurrency-20260711T171232.521874981Z,fair-c20,2026-07-11T17:17:19.167Z,1783790239167,173026,first_a_sqs_sent_timestamp,3912,19,ok,
low-concurrency-20260711T171232.521874981Z,baseline-c20,2026-07-11T17:17:20.139Z,1783790240139,173849,first_a_sqs_sent_timestamp,4040,18,ok,
low-concurrency-20260711T171232.521874981Z,fair-c20,2026-07-11T17:17:20.165Z,1783790240165,174024,first_a_sqs_sent_timestamp,3966,14,ok,
low-concurrency-20260711T171232.521874981Z,baseline-c20,2026-07-11T17:17:21.141Z,1783790241141,174851,first_a_sqs_sent_timestamp,3905,20,ok,
low-concurrency-20260711T171232.521874981Z,fair-c20,2026-07-11T17:17:21.168Z,1783790241168,175027,first_a_sqs_sent_timestamp,3945,17,ok,
low-concurrency-20260711T171232.521874981Z,baseline-c20,2026-07-11T17:17:22.169Z,1783790242169,175879,first_a_sqs_sent_timestamp,3901,18,ok,
low-concurrency-20260711T171232.521874981Z,fair-c20,2026-07-11T17:17:22.195Z,1783790242195,176054,first_a_sqs_sent_timestamp,3896,15,ok,
low-concurrency-20260711T171232.521874981Z,baseline-c20,2026-07-11T17:17:23.138Z,1783790243138,176848,first_a_sqs_sent_timestamp,3905,19,ok,
low-concurrency-20260711T171232.521874981Z,fair-c20,2026-07-11T17:17:23.166Z,1783790243166,177025,first_a_sqs_sent_timestamp,3919,17,ok,
low-concurrency-20260711T171232.521874981Z,baseline-c20,2026-07-11T17:17:24.137Z,1783790244137,177847,first_a_sqs_sent_timestamp,3892,18,ok,
low-concurrency-20260711T171232.521874981Z,fair-c20,2026-07-11T17:17:24.164Z,1783790244164,178023,first_a_sqs_sent_timestamp,3941,19,ok,
low-concurrency-20260711T171232.521874981Z,baseline-c20,2026-07-11T17:17:25.138Z,1783790245138,178848,first_a_sqs_sent_timestamp,3892,17,ok,
low-concurrency-20260711T171232.521874981Z,fair-c20,2026-07-11T17:17:25.165Z,1783790245165,179024,first_a_sqs_sent_timestamp,3869,18,ok,
low-concurrency-20260711T171232.521874981Z,baseline-c20,2026-07-11T17:17:26.14Z,1783790246140,179850,first_a_sqs_sent_timestamp,3901,17,ok,
low-concurrency-20260711T171232.521874981Z,fair-c20,2026-07-11T17:17:26.167Z,1783790246167,180026,first_a_sqs_sent_timestamp,3871,15,ok,
low-concurrency-20260711T171232.521874981Z,baseline-c20,2026-07-11T17:17:27.139Z,1783790247139,180849,first_a_sqs_sent_timestamp,3905,18,ok,
low-concurrency-20260711T171232.521874981Z,fair-c20,2026-07-11T17:17:27.166Z,1783790247166,181025,first_a_sqs_sent_timestamp,3912,19,ok,
low-concurrency-20260711T171232.521874981Z,baseline-c20,2026-07-11T17:17:28.139Z,1783790248139,181849,first_a_sqs_sent_timestamp,3858,14,ok,
low-concurrency-20260711T171232.521874981Z,fair-c20,2026-07-11T17:17:28.165Z,1783790248165,182024,first_a_sqs_sent_timestamp,3849,17,ok,
low-concurrency-20260711T171232.521874981Z,baseline-c20,2026-07-11T17:17:29.138Z,1783790249138,182848,first_a_sqs_sent_timestamp,3926,17,ok,
low-concurrency-20260711T171232.521874981Z,fair-c20,2026-07-11T17:17:29.165Z,1783790249165,183024,first_a_sqs_sent_timestamp,3870,17,ok,
low-concurrency-20260711T171232.521874981Z,baseline-c20,2026-07-11T17:17:30.137Z,1783790250137,183847,first_a_sqs_sent_timestamp,3917,15,ok,
low-concurrency-20260711T171232.521874981Z,fair-c20,2026-07-11T17:17:30.164Z,1783790250164,184023,first_a_sqs_sent_timestamp,3897,15,ok,
low-concurrency-20260711T171232.521874981Z,baseline-c20,2026-07-11T17:17:31.141Z,1783790251141,184851,first_a_sqs_sent_timestamp,3839,16,ok,
low-concurrency-20260711T171232.521874981Z,fair-c20,2026-07-11T17:17:31.167Z,1783790251167,185026,first_a_sqs_sent_timestamp,3872,15,ok,
low-concurrency-20260711T171232.521874981Z,baseline-c20,2026-07-11T17:17:32.139Z,1783790252139,185849,first_a_sqs_sent_timestamp,3964,15,ok,
low-concurrency-20260711T171232.521874981Z,fair-c20,2026-07-11T17:17:32.169Z,1783790252169,186028,first_a_sqs_sent_timestamp,3830,18,ok,
low-concurrency-20260711T171232.521874981Z,baseline-c20,2026-07-11T17:17:33.14Z,1783790253140,186850,first_a_sqs_sent_timestamp,3834,16,ok,
low-concurrency-20260711T171232.521874981Z,fair-c20,2026-07-11T17:17:33.169Z,1783790253169,187028,first_a_sqs_sent_timestamp,3850,14,ok,
low-concurrency-20260711T171232.521874981Z,baseline-c20,2026-07-11T17:17:34.138Z,1783790254138,187848,first_a_sqs_sent_timestamp,3819,21,ok,
low-concurrency-20260711T171232.521874981Z,fair-c20,2026-07-11T17:17:34.165Z,1783790254165,188024,first_a_sqs_sent_timestamp,3870,16,ok,
low-concurrency-20260711T171232.521874981Z,baseline-c20,2026-07-11T17:17:35.139Z,1783790255139,188849,first_a_sqs_sent_timestamp,3839,16,ok,
low-concurrency-20260711T171232.521874981Z,fair-c20,2026-07-11T17:17:35.165Z,1783790255165,189024,first_a_sqs_sent_timestamp,3828,13,ok,
low-concurrency-20260711T171232.521874981Z,baseline-c20,2026-07-11T17:17:36.137Z,1783790256137,189847,first_a_sqs_sent_timestamp,3833,16,ok,
low-concurrency-20260711T171232.521874981Z,fair-c20,2026-07-11T17:17:36.164Z,1783790256164,190023,first_a_sqs_sent_timestamp,3825,16,ok,
low-concurrency-20260711T171232.521874981Z,baseline-c20,2026-07-11T17:17:37.137Z,1783790257137,190847,first_a_sqs_sent_timestamp,3818,22,ok,
low-concurrency-20260711T171232.521874981Z,fair-c20,2026-07-11T17:17:37.163Z,1783790257163,191022,first_a_sqs_sent_timestamp,3797,16,ok,
low-concurrency-20260711T171232.521874981Z,baseline-c20,2026-07-11T17:17:38.186Z,1783790258186,191896,first_a_sqs_sent_timestamp,3794,18,ok,
low-concurrency-20260711T171232.521874981Z,fair-c20,2026-07-11T17:17:38.213Z,1783790258213,192072,first_a_sqs_sent_timestamp,3810,22,ok,
low-concurrency-20260711T171232.521874981Z,baseline-c20,2026-07-11T17:17:39.136Z,1783790259136,192846,first_a_sqs_sent_timestamp,3795,18,ok,
low-concurrency-20260711T171232.521874981Z,fair-c20,2026-07-11T17:17:39.162Z,1783790259162,193021,first_a_sqs_sent_timestamp,3795,15,ok,
low-concurrency-20260711T171232.521874981Z,baseline-c20,2026-07-11T17:17:40.139Z,1783790260139,193849,first_a_sqs_sent_timestamp,3801,17,ok,
low-concurrency-20260711T171232.521874981Z,fair-c20,2026-07-11T17:17:40.166Z,1783790260166,194025,first_a_sqs_sent_timestamp,3804,19,ok,
low-concurrency-20260711T171232.521874981Z,baseline-c20,2026-07-11T17:17:41.138Z,1783790261138,194848,first_a_sqs_sent_timestamp,3851,16,ok,
low-concurrency-20260711T171232.521874981Z,fair-c20,2026-07-11T17:17:41.165Z,1783790261165,195024,first_a_sqs_sent_timestamp,3887,18,ok,
low-concurrency-20260711T171232.521874981Z,baseline-c20,2026-07-11T17:17:42.137Z,1783790262137,195847,first_a_sqs_sent_timestamp,3800,16,ok,
low-concurrency-20260711T171232.521874981Z,fair-c20,2026-07-11T17:17:42.164Z,1783790262164,196023,first_a_sqs_sent_timestamp,3780,15,ok,
low-concurrency-20260711T171232.521874981Z,baseline-c20,2026-07-11T17:17:43.14Z,1783790263140,196850,first_a_sqs_sent_timestamp,3758,18,ok,
low-concurrency-20260711T171232.521874981Z,fair-c20,2026-07-11T17:17:43.167Z,1783790263167,197026,first_a_sqs_sent_timestamp,3826,12,ok,
low-concurrency-20260711T171232.521874981Z,baseline-c20,2026-07-11T17:17:44.14Z,1783790264140,197850,first_a_sqs_sent_timestamp,3819,20,ok,
low-concurrency-20260711T171232.521874981Z,fair-c20,2026-07-11T17:17:44.165Z,1783790264165,198024,first_a_sqs_sent_timestamp,3745,20,ok,
low-concurrency-20260711T171232.521874981Z,baseline-c20,2026-07-11T17:17:45.14Z,1783790265140,198850,first_a_sqs_sent_timestamp,3797,15,ok,
low-concurrency-20260711T171232.521874981Z,fair-c20,2026-07-11T17:17:45.167Z,1783790265167,199026,first_a_sqs_sent_timestamp,3796,18,ok,
low-concurrency-20260711T171232.521874981Z,baseline-c20,2026-07-11T17:17:46.145Z,1783790266145,199855,first_a_sqs_sent_timestamp,3795,18,ok,
low-concurrency-20260711T171232.521874981Z,fair-c20,2026-07-11T17:17:46.174Z,1783790266174,200033,first_a_sqs_sent_timestamp,3765,18,ok,
low-concurrency-20260711T171232.521874981Z,baseline-c20,2026-07-11T17:17:47.141Z,1783790267141,200851,first_a_sqs_sent_timestamp,3743,17,ok,
low-concurrency-20260711T171232.521874981Z,fair-c20,2026-07-11T17:17:47.169Z,1783790267169,201028,first_a_sqs_sent_timestamp,3761,14,ok,
low-concurrency-20260711T171232.521874981Z,baseline-c20,2026-07-11T17:17:48.136Z,1783790268136,201846,first_a_sqs_sent_timestamp,3742,19,ok,
low-concurrency-20260711T171232.521874981Z,fair-c20,2026-07-11T17:17:48.162Z,1783790268162,202021,first_a_sqs_sent_timestamp,3724,21,ok,
low-concurrency-20260711T171232.521874981Z,baseline-c20,2026-07-11T17:17:49.145Z,1783790269145,202855,first_a_sqs_sent_timestamp,3738,15,ok,
low-concurrency-20260711T171232.521874981Z,fair-c20,2026-07-11T17:17:49.173Z,1783790269173,203032,first_a_sqs_sent_timestamp,3780,15,ok,
low-concurrency-20260711T171232.521874981Z,baseline-c20,2026-07-11T17:17:50.144Z,1783790270144,203854,first_a_sqs_sent_timestamp,3738,14,ok,
low-concurrency-20260711T171232.521874981Z,fair-c20,2026-07-11T17:17:50.17Z,1783790270170,204029,first_a_sqs_sent_timestamp,3745,18,ok,
low-concurrency-20260711T171232.521874981Z,baseline-c20,2026-07-11T17:17:51.139Z,1783790271139,204849,first_a_sqs_sent_timestamp,3757,19,ok,
low-concurrency-20260711T171232.521874981Z,fair-c20,2026-07-11T17:17:51.168Z,1783790271168,205027,first_a_sqs_sent_timestamp,3722,17,ok,
low-concurrency-20260711T171232.521874981Z,baseline-c20,2026-07-11T17:17:52.138Z,1783790272138,205848,first_a_sqs_sent_timestamp,3756,18,ok,
low-concurrency-20260711T171232.521874981Z,fair-c20,2026-07-11T17:17:52.168Z,1783790272168,206027,first_a_sqs_sent_timestamp,3704,19,ok,
low-concurrency-20260711T171232.521874981Z,baseline-c20,2026-07-11T17:17:53.137Z,1783790273137,206847,first_a_sqs_sent_timestamp,3738,15,ok,
low-concurrency-20260711T171232.521874981Z,fair-c20,2026-07-11T17:17:53.163Z,1783790273163,207022,first_a_sqs_sent_timestamp,3704,19,ok,
low-concurrency-20260711T171232.521874981Z,baseline-c20,2026-07-11T17:17:54.188Z,1783790274188,207898,first_a_sqs_sent_timestamp,3688,19,ok,
low-concurrency-20260711T171232.521874981Z,fair-c20,2026-07-11T17:17:54.215Z,1783790274215,208074,first_a_sqs_sent_timestamp,3704,18,ok,
low-concurrency-20260711T171232.521874981Z,baseline-c20,2026-07-11T17:17:55.138Z,1783790275138,208848,first_a_sqs_sent_timestamp,3689,19,ok,
low-concurrency-20260711T171232.521874981Z,fair-c20,2026-07-11T17:17:55.164Z,1783790275164,209023,first_a_sqs_sent_timestamp,3928,19,ok,
low-concurrency-20260711T171232.521874981Z,baseline-c20,2026-07-11T17:17:56.14Z,1783790276140,209850,first_a_sqs_sent_timestamp,3701,13,ok,
low-concurrency-20260711T171232.521874981Z,fair-c20,2026-07-11T17:17:56.17Z,1783790276170,210029,first_a_sqs_sent_timestamp,3673,16,ok,
low-concurrency-20260711T171232.521874981Z,baseline-c20,2026-07-11T17:17:57.138Z,1783790277138,210848,first_a_sqs_sent_timestamp,3742,17,ok,
low-concurrency-20260711T171232.521874981Z,fair-c20,2026-07-11T17:17:57.167Z,1783790277167,211026,first_a_sqs_sent_timestamp,3704,17,ok,
low-concurrency-20260711T171232.521874981Z,baseline-c20,2026-07-11T17:17:58.141Z,1783790278141,211851,first_a_sqs_sent_timestamp,3701,13,ok,
low-concurrency-20260711T171232.521874981Z,fair-c20,2026-07-11T17:17:58.171Z,1783790278171,212030,first_a_sqs_sent_timestamp,3709,17,ok,
low-concurrency-20260711T171232.521874981Z,baseline-c20,2026-07-11T17:17:59.137Z,1783790279137,212847,first_a_sqs_sent_timestamp,3666,16,ok,
low-concurrency-20260711T171232.521874981Z,fair-c20,2026-07-11T17:17:59.163Z,1783790279163,213022,first_a_sqs_sent_timestamp,3654,22,ok,
low-concurrency-20260711T171232.521874981Z,baseline-c20,2026-07-11T17:18:00.139Z,1783790280139,213849,first_a_sqs_sent_timestamp,3666,14,ok,
low-concurrency-20260711T171232.521874981Z,fair-c20,2026-07-11T17:18:00.171Z,1783790280171,214030,first_a_sqs_sent_timestamp,3652,19,ok,
low-concurrency-20260711T171232.521874981Z,baseline-c20,2026-07-11T17:18:01.142Z,1783790281142,214852,first_a_sqs_sent_timestamp,3729,19,ok,
low-concurrency-20260711T171232.521874981Z,fair-c20,2026-07-11T17:18:01.169Z,1783790281169,215028,first_a_sqs_sent_timestamp,3673,18,ok,
low-concurrency-20260711T171232.521874981Z,baseline-c20,2026-07-11T17:18:02.139Z,1783790282139,215849,first_a_sqs_sent_timestamp,3858,13,ok,
low-concurrency-20260711T171232.521874981Z,fair-c20,2026-07-11T17:18:02.199Z,1783790282199,216058,first_a_sqs_sent_timestamp,3659,19,ok,
low-concurrency-20260711T171232.521874981Z,baseline-c20,2026-07-11T17:18:03.152Z,1783790283152,216862,first_a_sqs_sent_timestamp,3695,16,ok,
low-concurrency-20260711T171232.521874981Z,fair-c20,2026-07-11T17:18:03.198Z,1783790283198,217057,first_a_sqs_sent_timestamp,3734,14,ok,
low-concurrency-20260711T171232.521874981Z,baseline-c20,2026-07-11T17:18:04.14Z,1783790284140,217850,first_a_sqs_sent_timestamp,3657,17,ok,
low-concurrency-20260711T171232.521874981Z,fair-c20,2026-07-11T17:18:04.171Z,1783790284171,218030,first_a_sqs_sent_timestamp,3638,13,ok,
low-concurrency-20260711T171232.521874981Z,baseline-c20,2026-07-11T17:18:05.139Z,1783790285139,218849,first_a_sqs_sent_timestamp,3625,18,ok,
low-concurrency-20260711T171232.521874981Z,fair-c20,2026-07-11T17:18:05.167Z,1783790285167,219026,first_a_sqs_sent_timestamp,3624,17,ok,
low-concurrency-20260711T171232.521874981Z,baseline-c20,2026-07-11T17:18:06.14Z,1783790286140,219850,first_a_sqs_sent_timestamp,3666,16,ok,
low-concurrency-20260711T171232.521874981Z,fair-c20,2026-07-11T17:18:06.169Z,1783790286169,220028,first_a_sqs_sent_timestamp,3625,16,ok,
low-concurrency-20260711T171232.521874981Z,baseline-c20,2026-07-11T17:18:07.139Z,1783790287139,220849,first_a_sqs_sent_timestamp,3625,17,ok,
low-concurrency-20260711T171232.521874981Z,fair-c20,2026-07-11T17:18:07.167Z,1783790287167,221026,first_a_sqs_sent_timestamp,3725,22,ok,
low-concurrency-20260711T171232.521874981Z,baseline-c20,2026-07-11T17:18:08.138Z,1783790288138,221848,first_a_sqs_sent_timestamp,3639,10,ok,
low-concurrency-20260711T171232.521874981Z,fair-c20,2026-07-11T17:18:08.164Z,1783790288164,222023,first_a_sqs_sent_timestamp,3652,20,ok,
low-concurrency-20260711T171232.521874981Z,baseline-c20,2026-07-11T17:18:09.138Z,1783790289138,222848,first_a_sqs_sent_timestamp,3613,17,ok,
low-concurrency-20260711T171232.521874981Z,fair-c20,2026-07-11T17:18:09.166Z,1783790289166,223025,first_a_sqs_sent_timestamp,3624,16,ok,
low-concurrency-20260711T171232.521874981Z,baseline-c20,2026-07-11T17:18:10.137Z,1783790290137,223847,first_a_sqs_sent_timestamp,3613,17,ok,
low-concurrency-20260711T171232.521874981Z,fair-c20,2026-07-11T17:18:10.181Z,1783790290181,224040,first_a_sqs_sent_timestamp,3638,13,ok,
low-concurrency-20260711T171232.521874981Z,baseline-c20,2026-07-11T17:18:11.139Z,1783790291139,224849,first_a_sqs_sent_timestamp,3644,18,ok,
low-concurrency-20260711T171232.521874981Z,fair-c20,2026-07-11T17:18:11.167Z,1783790291167,225026,first_a_sqs_sent_timestamp,3625,16,ok,
low-concurrency-20260711T171232.521874981Z,baseline-c20,2026-07-11T17:18:12.137Z,1783790292137,225847,first_a_sqs_sent_timestamp,3627,17,ok,
low-concurrency-20260711T171232.521874981Z,fair-c20,2026-07-11T17:18:12.17Z,1783790292170,226029,first_a_sqs_sent_timestamp,3570,15,ok,
low-concurrency-20260711T171232.521874981Z,baseline-c20,2026-07-11T17:18:13.138Z,1783790293138,226848,first_a_sqs_sent_timestamp,3612,17,ok,
low-concurrency-20260711T171232.521874981Z,fair-c20,2026-07-11T17:18:13.166Z,1783790293166,227025,first_a_sqs_sent_timestamp,3594,20,ok,
low-concurrency-20260711T171232.521874981Z,baseline-c20,2026-07-11T17:18:14.136Z,1783790294136,227846,first_a_sqs_sent_timestamp,3630,18,ok,
low-concurrency-20260711T171232.521874981Z,fair-c20,2026-07-11T17:18:14.163Z,1783790294163,228022,first_a_sqs_sent_timestamp,3581,21,ok,
low-concurrency-20260711T171232.521874981Z,baseline-c20,2026-07-11T17:18:15.137Z,1783790295137,228847,first_a_sqs_sent_timestamp,3560,19,ok,
low-concurrency-20260711T171232.521874981Z,fair-c20,2026-07-11T17:18:15.165Z,1783790295165,229024,first_a_sqs_sent_timestamp,3582,18,ok,
low-concurrency-20260711T171232.521874981Z,baseline-c20,2026-07-11T17:18:16.139Z,1783790296139,229849,first_a_sqs_sent_timestamp,3577,20,ok,
low-concurrency-20260711T171232.521874981Z,fair-c20,2026-07-11T17:18:16.169Z,1783790296169,230028,first_a_sqs_sent_timestamp,3544,14,ok,
low-concurrency-20260711T171232.521874981Z,baseline-c20,2026-07-11T17:18:17.138Z,1783790297138,230848,first_a_sqs_sent_timestamp,3561,17,ok,
low-concurrency-20260711T171232.521874981Z,fair-c20,2026-07-11T17:18:17.167Z,1783790297167,231026,first_a_sqs_sent_timestamp,3592,18,ok,
low-concurrency-20260711T171232.521874981Z,baseline-c20,2026-07-11T17:18:18.138Z,1783790298138,231848,first_a_sqs_sent_timestamp,3574,14,ok,
low-concurrency-20260711T171232.521874981Z,fair-c20,2026-07-11T17:18:18.172Z,1783790298172,232031,first_a_sqs_sent_timestamp,3569,18,ok,
low-concurrency-20260711T171232.521874981Z,baseline-c20,2026-07-11T17:18:19.139Z,1783790299139,232849,first_a_sqs_sent_timestamp,3560,18,ok,
low-concurrency-20260711T171232.521874981Z,fair-c20,2026-07-11T17:18:19.167Z,1783790299167,233026,first_a_sqs_sent_timestamp,3628,17,ok,
low-concurrency-20260711T171232.521874981Z,baseline-c20,2026-07-11T17:18:20.139Z,1783790300139,233849,first_a_sqs_sent_timestamp,3564,19,ok,
low-concurrency-20260711T171232.521874981Z,fair-c20,2026-07-11T17:18:20.172Z,1783790300172,234031,first_a_sqs_sent_timestamp,3544,16,ok,
low-concurrency-20260711T171232.521874981Z,baseline-c20,2026-07-11T17:18:21.139Z,1783790301139,234849,first_a_sqs_sent_timestamp,3557,20,ok,
low-concurrency-20260711T171232.521874981Z,fair-c20,2026-07-11T17:18:21.166Z,1783790301166,235025,first_a_sqs_sent_timestamp,3509,19,ok,
low-concurrency-20260711T171232.521874981Z,baseline-c20,2026-07-11T17:18:22.139Z,1783790302139,235849,first_a_sqs_sent_timestamp,3521,14,ok,
low-concurrency-20260711T171232.521874981Z,fair-c20,2026-07-11T17:18:22.166Z,1783790302166,236025,first_a_sqs_sent_timestamp,3532,17,ok,
low-concurrency-20260711T171232.521874981Z,baseline-c20,2026-07-11T17:18:23.139Z,1783790303139,236849,first_a_sqs_sent_timestamp,3530,17,ok,
low-concurrency-20260711T171232.521874981Z,fair-c20,2026-07-11T17:18:23.165Z,1783790303165,237024,first_a_sqs_sent_timestamp,3521,18,ok,
low-concurrency-20260711T171232.521874981Z,baseline-c20,2026-07-11T17:18:24.137Z,1783790304137,237847,first_a_sqs_sent_timestamp,3515,13,ok,
low-concurrency-20260711T171232.521874981Z,fair-c20,2026-07-11T17:18:24.164Z,1783790304164,238023,first_a_sqs_sent_timestamp,3511,15,ok,
low-concurrency-20260711T171232.521874981Z,baseline-c20,2026-07-11T17:18:25.139Z,1783790305139,238849,first_a_sqs_sent_timestamp,3524,20,ok,
low-concurrency-20260711T171232.521874981Z,fair-c20,2026-07-11T17:18:25.167Z,1783790305167,239026,first_a_sqs_sent_timestamp,3521,18,ok,
low-concurrency-20260711T171232.521874981Z,baseline-c20,2026-07-11T17:18:26.137Z,1783790306137,239847,first_a_sqs_sent_timestamp,3577,19,ok,
low-concurrency-20260711T171232.521874981Z,fair-c20,2026-07-11T17:18:26.166Z,1783790306166,240025,first_a_sqs_sent_timestamp,3558,12,ok,
low-concurrency-20260711T171232.521874981Z,baseline-c20,2026-07-11T17:18:27.141Z,1783790307141,240851,first_a_sqs_sent_timestamp,3516,11,ok,
low-concurrency-20260711T171232.521874981Z,fair-c20,2026-07-11T17:18:27.168Z,1783790307168,241027,first_a_sqs_sent_timestamp,3475,16,ok,
low-concurrency-20260711T171232.521874981Z,baseline-c20,2026-07-11T17:18:28.138Z,1783790308138,241848,first_a_sqs_sent_timestamp,3530,16,ok,
low-concurrency-20260711T171232.521874981Z,fair-c20,2026-07-11T17:18:28.166Z,1783790308166,242025,first_a_sqs_sent_timestamp,3474,14,ok,
low-concurrency-20260711T171232.521874981Z,baseline-c20,2026-07-11T17:18:29.141Z,1783790309141,242851,first_a_sqs_sent_timestamp,3490,16,ok,
low-concurrency-20260711T171232.521874981Z,fair-c20,2026-07-11T17:18:29.171Z,1783790309171,243030,first_a_sqs_sent_timestamp,3473,18,ok,
low-concurrency-20260711T171232.521874981Z,baseline-c20,2026-07-11T17:18:30.138Z,1783790310138,243848,first_a_sqs_sent_timestamp,3597,20,ok,
low-concurrency-20260711T171232.521874981Z,fair-c20,2026-07-11T17:18:30.164Z,1783790310164,244023,first_a_sqs_sent_timestamp,3474,17,ok,
low-concurrency-20260711T171232.521874981Z,baseline-c20,2026-07-11T17:18:31.144Z,1783790311144,244854,first_a_sqs_sent_timestamp,3521,13,ok,
low-concurrency-20260711T171232.521874981Z,fair-c20,2026-07-11T17:18:31.178Z,1783790311178,245037,first_a_sqs_sent_timestamp,3517,19,ok,
low-concurrency-20260711T171232.521874981Z,baseline-c20,2026-07-11T17:18:32.139Z,1783790312139,245849,first_a_sqs_sent_timestamp,3453,14,ok,
low-concurrency-20260711T171232.521874981Z,fair-c20,2026-07-11T17:18:32.166Z,1783790312166,246025,first_a_sqs_sent_timestamp,3474,15,ok,
low-concurrency-20260711T171232.521874981Z,baseline-c20,2026-07-11T17:18:33.138Z,1783790313138,246848,first_a_sqs_sent_timestamp,3476,18,ok,
low-concurrency-20260711T171232.521874981Z,fair-c20,2026-07-11T17:18:33.166Z,1783790313166,247025,first_a_sqs_sent_timestamp,3433,18,ok,
low-concurrency-20260711T171232.521874981Z,baseline-c20,2026-07-11T17:18:34.138Z,1783790314138,247848,first_a_sqs_sent_timestamp,3438,17,ok,
low-concurrency-20260711T171232.521874981Z,fair-c20,2026-07-11T17:18:34.166Z,1783790314166,248025,first_a_sqs_sent_timestamp,3431,17,ok,
low-concurrency-20260711T171232.521874981Z,baseline-c20,2026-07-11T17:18:35.138Z,1783790315138,248848,first_a_sqs_sent_timestamp,3453,14,ok,
low-concurrency-20260711T171232.521874981Z,fair-c20,2026-07-11T17:18:35.165Z,1783790315165,249024,first_a_sqs_sent_timestamp,3532,17,ok,
low-concurrency-20260711T171232.521874981Z,baseline-c20,2026-07-11T17:18:36.136Z,1783790316136,249846,first_a_sqs_sent_timestamp,3451,17,ok,
low-concurrency-20260711T171232.521874981Z,fair-c20,2026-07-11T17:18:36.163Z,1783790316163,250022,first_a_sqs_sent_timestamp,3473,16,ok,
low-concurrency-20260711T171232.521874981Z,baseline-c20,2026-07-11T17:18:37.139Z,1783790317139,250849,first_a_sqs_sent_timestamp,3440,15,ok,
low-concurrency-20260711T171232.521874981Z,fair-c20,2026-07-11T17:18:37.169Z,1783790317169,251028,first_a_sqs_sent_timestamp,3411,19,ok,
low-concurrency-20260711T171232.521874981Z,baseline-c20,2026-07-11T17:18:38.137Z,1783790318137,251847,first_a_sqs_sent_timestamp,3453,14,ok,
low-concurrency-20260711T171232.521874981Z,fair-c20,2026-07-11T17:18:38.163Z,1783790318163,252022,first_a_sqs_sent_timestamp,3407,18,ok,
low-concurrency-20260711T171232.521874981Z,baseline-c20,2026-07-11T17:18:39.139Z,1783790319139,252849,first_a_sqs_sent_timestamp,3471,18,ok,
low-concurrency-20260711T171232.521874981Z,fair-c20,2026-07-11T17:18:39.167Z,1783790319167,253026,first_a_sqs_sent_timestamp,3432,19,ok,
low-concurrency-20260711T171232.521874981Z,baseline-c20,2026-07-11T17:18:40.14Z,1783790320140,253850,first_a_sqs_sent_timestamp,3457,18,ok,
low-concurrency-20260711T171232.521874981Z,fair-c20,2026-07-11T17:18:40.168Z,1783790320168,254027,first_a_sqs_sent_timestamp,3411,19,ok,
low-concurrency-20260711T171232.521874981Z,baseline-c20,2026-07-11T17:18:41.142Z,1783790321142,254852,first_a_sqs_sent_timestamp,3438,16,ok,
low-concurrency-20260711T171232.521874981Z,fair-c20,2026-07-11T17:18:41.17Z,1783790321170,255029,first_a_sqs_sent_timestamp,3388,15,ok,
low-concurrency-20260711T171232.521874981Z,baseline-c20,2026-07-11T17:18:42.138Z,1783790322138,255848,first_a_sqs_sent_timestamp,3404,10,ok,
low-concurrency-20260711T171232.521874981Z,fair-c20,2026-07-11T17:18:42.164Z,1783790322164,256023,first_a_sqs_sent_timestamp,3413,21,ok,
low-concurrency-20260711T171232.521874981Z,baseline-c20,2026-07-11T17:18:43.139Z,1783790323139,256849,first_a_sqs_sent_timestamp,3490,16,ok,
low-concurrency-20260711T171232.521874981Z,fair-c20,2026-07-11T17:18:43.165Z,1783790323165,257024,first_a_sqs_sent_timestamp,3369,17,ok,
low-concurrency-20260711T171232.521874981Z,baseline-c20,2026-07-11T17:18:44.138Z,1783790324138,257848,first_a_sqs_sent_timestamp,3394,22,ok,
low-concurrency-20260711T171232.521874981Z,fair-c20,2026-07-11T17:18:44.166Z,1783790324166,258025,first_a_sqs_sent_timestamp,3406,19,ok,
low-concurrency-20260711T171232.521874981Z,baseline-c20,2026-07-11T17:18:45.139Z,1783790325139,258849,first_a_sqs_sent_timestamp,3375,17,ok,
low-concurrency-20260711T171232.521874981Z,fair-c20,2026-07-11T17:18:45.167Z,1783790325167,259026,first_a_sqs_sent_timestamp,3388,17,ok,
low-concurrency-20260711T171232.521874981Z,baseline-c20,2026-07-11T17:18:46.138Z,1783790326138,259848,first_a_sqs_sent_timestamp,3389,20,ok,
low-concurrency-20260711T171232.521874981Z,fair-c20,2026-07-11T17:18:46.166Z,1783790326166,260025,first_a_sqs_sent_timestamp,3509,17,ok,
low-concurrency-20260711T171232.521874981Z,baseline-c20,2026-07-11T17:18:47.139Z,1783790327139,260849,first_a_sqs_sent_timestamp,3408,17,ok,
low-concurrency-20260711T171232.521874981Z,fair-c20,2026-07-11T17:18:47.167Z,1783790327167,261026,first_a_sqs_sent_timestamp,3576,21,ok,
low-concurrency-20260711T171232.521874981Z,baseline-c20,2026-07-11T17:18:48.139Z,1783790328139,261849,first_a_sqs_sent_timestamp,3404,11,ok,
low-concurrency-20260711T171232.521874981Z,fair-c20,2026-07-11T17:18:48.165Z,1783790328165,262024,first_a_sqs_sent_timestamp,3356,16,ok,
low-concurrency-20260711T171232.521874981Z,baseline-c20,2026-07-11T17:18:49.144Z,1783790329144,262854,first_a_sqs_sent_timestamp,3375,17,ok,
low-concurrency-20260711T171232.521874981Z,fair-c20,2026-07-11T17:18:49.172Z,1783790329172,263031,first_a_sqs_sent_timestamp,3368,17,ok,
low-concurrency-20260711T171232.521874981Z,baseline-c20,2026-07-11T17:18:50.14Z,1783790330140,263850,first_a_sqs_sent_timestamp,3336,17,ok,
low-concurrency-20260711T171232.521874981Z,fair-c20,2026-07-11T17:18:50.169Z,1783790330169,264028,first_a_sqs_sent_timestamp,3356,15,ok,
low-concurrency-20260711T171232.521874981Z,baseline-c20,2026-07-11T17:18:51.137Z,1783790331137,264847,first_a_sqs_sent_timestamp,3482,16,ok,
low-concurrency-20260711T171232.521874981Z,fair-c20,2026-07-11T17:18:51.168Z,1783790331168,265027,first_a_sqs_sent_timestamp,3336,19,ok,
low-concurrency-20260711T171232.521874981Z,baseline-c20,2026-07-11T17:18:52.139Z,1783790332139,265849,first_a_sqs_sent_timestamp,3394,19,ok,
low-concurrency-20260711T171232.521874981Z,fair-c20,2026-07-11T17:18:52.166Z,1783790332166,266025,first_a_sqs_sent_timestamp,3336,17,ok,
low-concurrency-20260711T171232.521874981Z,baseline-c20,2026-07-11T17:18:53.138Z,1783790333138,266848,first_a_sqs_sent_timestamp,3328,12,ok,
low-concurrency-20260711T171232.521874981Z,fair-c20,2026-07-11T17:18:53.166Z,1783790333166,267025,first_a_sqs_sent_timestamp,3343,17,ok,
low-concurrency-20260711T171232.521874981Z,baseline-c20,2026-07-11T17:18:54.138Z,1783790334138,267848,first_a_sqs_sent_timestamp,3336,17,ok,
low-concurrency-20260711T171232.521874981Z,fair-c20,2026-07-11T17:18:54.167Z,1783790334167,268026,first_a_sqs_sent_timestamp,3329,14,ok,
low-concurrency-20260711T171232.521874981Z,baseline-c20,2026-07-11T17:18:55.136Z,1783790335136,268846,first_a_sqs_sent_timestamp,3343,16,ok,
low-concurrency-20260711T171232.521874981Z,fair-c20,2026-07-11T17:18:55.162Z,1783790335162,269021,first_a_sqs_sent_timestamp,3349,16,ok,
low-concurrency-20260711T171232.521874981Z,baseline-c20,2026-07-11T17:18:56.144Z,1783790336144,269854,first_a_sqs_sent_timestamp,3389,20,ok,
low-concurrency-20260711T171232.521874981Z,fair-c20,2026-07-11T17:18:56.172Z,1783790336172,270031,first_a_sqs_sent_timestamp,3336,17,ok,
low-concurrency-20260711T171232.521874981Z,baseline-c20,2026-07-11T17:18:57.137Z,1783790337137,270847,first_a_sqs_sent_timestamp,3348,19,ok,
low-concurrency-20260711T171232.521874981Z,fair-c20,2026-07-11T17:18:57.17Z,1783790337170,271029,first_a_sqs_sent_timestamp,3288,18,ok,
low-concurrency-20260711T171232.521874981Z,baseline-c20,2026-07-11T17:18:58.14Z,1783790338140,271850,first_a_sqs_sent_timestamp,3329,13,ok,
low-concurrency-20260711T171232.521874981Z,fair-c20,2026-07-11T17:18:58.169Z,1783790338169,272028,first_a_sqs_sent_timestamp,3319,21,ok,
low-concurrency-20260711T171232.521874981Z,baseline-c20,2026-07-11T17:18:59.139Z,1783790339139,272849,first_a_sqs_sent_timestamp,3283,16,ok,
low-concurrency-20260711T171232.521874981Z,fair-c20,2026-07-11T17:18:59.166Z,1783790339166,273025,first_a_sqs_sent_timestamp,3291,17,ok,
low-concurrency-20260711T171232.521874981Z,baseline-c20,2026-07-11T17:19:00.139Z,1783790340139,273849,first_a_sqs_sent_timestamp,3296,15,ok,
low-concurrency-20260711T171232.521874981Z,fair-c20,2026-07-11T17:19:00.165Z,1783790340165,274024,first_a_sqs_sent_timestamp,3265,21,ok,
low-concurrency-20260711T171232.521874981Z,baseline-c20,2026-07-11T17:19:01.137Z,1783790341137,274847,first_a_sqs_sent_timestamp,3291,14,ok,
low-concurrency-20260711T171232.521874981Z,fair-c20,2026-07-11T17:19:01.165Z,1783790341165,275024,first_a_sqs_sent_timestamp,3278,16,ok,
low-concurrency-20260711T171232.521874981Z,baseline-c20,2026-07-11T17:19:02.136Z,1783790342136,275846,first_a_sqs_sent_timestamp,3319,22,ok,
low-concurrency-20260711T171232.521874981Z,fair-c20,2026-07-11T17:19:02.165Z,1783790342165,276024,first_a_sqs_sent_timestamp,3292,16,ok,
low-concurrency-20260711T171232.521874981Z,baseline-c20,2026-07-11T17:19:03.137Z,1783790343137,276847,first_a_sqs_sent_timestamp,3283,15,ok,
low-concurrency-20260711T171232.521874981Z,fair-c20,2026-07-11T17:19:03.163Z,1783790343163,277022,first_a_sqs_sent_timestamp,3288,18,ok,
low-concurrency-20260711T171232.521874981Z,baseline-c20,2026-07-11T17:19:04.139Z,1783790344139,277849,first_a_sqs_sent_timestamp,3296,15,ok,
low-concurrency-20260711T171232.521874981Z,fair-c20,2026-07-11T17:19:04.165Z,1783790344165,278024,first_a_sqs_sent_timestamp,3266,19,ok,
low-concurrency-20260711T171232.521874981Z,baseline-c20,2026-07-11T17:19:05.137Z,1783790345137,278847,first_a_sqs_sent_timestamp,3256,16,ok,
low-concurrency-20260711T171232.521874981Z,fair-c20,2026-07-11T17:19:05.162Z,1783790345162,279021,first_a_sqs_sent_timestamp,3243,19,ok,
low-concurrency-20260711T171232.521874981Z,baseline-c20,2026-07-11T17:19:06.139Z,1783790346139,279849,first_a_sqs_sent_timestamp,3284,16,ok,
low-concurrency-20260711T171232.521874981Z,fair-c20,2026-07-11T17:19:06.165Z,1783790346165,280024,first_a_sqs_sent_timestamp,3230,19,ok,
low-concurrency-20260711T171232.521874981Z,baseline-c20,2026-07-11T17:19:07.17Z,1783790347170,280880,first_a_sqs_sent_timestamp,3239,17,ok,
low-concurrency-20260711T171232.521874981Z,fair-c20,2026-07-11T17:19:07.222Z,1783790347222,281081,first_a_sqs_sent_timestamp,3278,17,ok,
low-concurrency-20260711T171232.521874981Z,baseline-c20,2026-07-11T17:19:08.137Z,1783790348137,281847,first_a_sqs_sent_timestamp,3259,14,ok,
low-concurrency-20260711T171232.521874981Z,fair-c20,2026-07-11T17:19:08.165Z,1783790348165,282024,first_a_sqs_sent_timestamp,3301,16,ok,
low-concurrency-20260711T171232.521874981Z,baseline-c20,2026-07-11T17:19:09.138Z,1783790349138,282848,first_a_sqs_sent_timestamp,3250,20,ok,
low-concurrency-20260711T171232.521874981Z,fair-c20,2026-07-11T17:19:09.162Z,1783790349162,283021,first_a_sqs_sent_timestamp,3206,15,ok,
low-concurrency-20260711T171232.521874981Z,baseline-c20,2026-07-11T17:19:10.138Z,1783790350138,283848,first_a_sqs_sent_timestamp,3239,15,ok,
low-concurrency-20260711T171232.521874981Z,fair-c20,2026-07-11T17:19:10.166Z,1783790350166,284025,first_a_sqs_sent_timestamp,3230,16,ok,
low-concurrency-20260711T171232.521874981Z,baseline-c20,2026-07-11T17:19:11.136Z,1783790351136,284846,first_a_sqs_sent_timestamp,3221,20,ok,
low-concurrency-20260711T171232.521874981Z,fair-c20,2026-07-11T17:19:11.163Z,1783790351163,285022,first_a_sqs_sent_timestamp,3235,18,ok,
low-concurrency-20260711T171232.521874981Z,baseline-c20,2026-07-11T17:19:12.139Z,1783790352139,285849,first_a_sqs_sent_timestamp,3238,15,ok,
low-concurrency-20260711T171232.521874981Z,fair-c20,2026-07-11T17:19:12.166Z,1783790352166,286025,first_a_sqs_sent_timestamp,3278,17,ok,
low-concurrency-20260711T171232.521874981Z,baseline-c20,2026-07-11T17:19:13.136Z,1783790353136,286846,first_a_sqs_sent_timestamp,3220,18,ok,
low-concurrency-20260711T171232.521874981Z,fair-c20,2026-07-11T17:19:13.161Z,1783790353161,287020,first_a_sqs_sent_timestamp,3210,13,ok,
low-concurrency-20260711T171232.521874981Z,baseline-c20,2026-07-11T17:19:14.135Z,1783790354135,287845,first_a_sqs_sent_timestamp,3220,18,ok,
low-concurrency-20260711T171232.521874981Z,fair-c20,2026-07-11T17:19:14.16Z,1783790354160,288019,first_a_sqs_sent_timestamp,3204,14,ok,
low-concurrency-20260711T171232.521874981Z,baseline-c20,2026-07-11T17:19:15.143Z,1783790355143,288853,first_a_sqs_sent_timestamp,3249,19,ok,
low-concurrency-20260711T171232.521874981Z,fair-c20,2026-07-11T17:19:15.173Z,1783790355173,289032,first_a_sqs_sent_timestamp,3179,16,ok,
low-concurrency-20260711T171232.521874981Z,baseline-c20,2026-07-11T17:19:16.136Z,1783790356136,289846,first_a_sqs_sent_timestamp,3197,17,ok,
low-concurrency-20260711T171232.521874981Z,fair-c20,2026-07-11T17:19:16.162Z,1783790356162,290021,first_a_sqs_sent_timestamp,3242,18,ok,
low-concurrency-20260711T171232.521874981Z,baseline-c20,2026-07-11T17:19:17.14Z,1783790357140,290850,first_a_sqs_sent_timestamp,3198,19,ok,
low-concurrency-20260711T171232.521874981Z,fair-c20,2026-07-11T17:19:17.168Z,1783790357168,291027,first_a_sqs_sent_timestamp,3188,19,ok,
low-concurrency-20260711T171232.521874981Z,baseline-c20,2026-07-11T17:19:18.141Z,1783790358141,291851,first_a_sqs_sent_timestamp,3197,18,ok,
low-concurrency-20260711T171232.521874981Z,fair-c20,2026-07-11T17:19:18.167Z,1783790358167,292026,first_a_sqs_sent_timestamp,3169,15,ok,
low-concurrency-20260711T171232.521874981Z,baseline-c20,2026-07-11T17:19:19.14Z,1783790359140,292850,first_a_sqs_sent_timestamp,3256,17,ok,
low-concurrency-20260711T171232.521874981Z,fair-c20,2026-07-11T17:19:19.167Z,1783790359167,293026,first_a_sqs_sent_timestamp,3160,13,ok,
low-concurrency-20260711T171232.521874981Z,baseline-c20,2026-07-11T17:19:20.136Z,1783790360136,293846,first_a_sqs_sent_timestamp,3220,19,ok,
low-concurrency-20260711T171232.521874981Z,fair-c20,2026-07-11T17:19:20.162Z,1783790360162,294021,first_a_sqs_sent_timestamp,3179,15,ok,
low-concurrency-20260711T171232.521874981Z,baseline-c20,2026-07-11T17:19:21.153Z,1783790361153,294863,first_a_sqs_sent_timestamp,3150,16,ok,
low-concurrency-20260711T171232.521874981Z,fair-c20,2026-07-11T17:19:21.188Z,1783790361188,295047,first_a_sqs_sent_timestamp,3160,13,ok,
low-concurrency-20260711T171232.521874981Z,baseline-c20,2026-07-11T17:19:22.145Z,1783790362145,295855,first_a_sqs_sent_timestamp,3181,18,ok,
low-concurrency-20260711T171232.521874981Z,fair-c20,2026-07-11T17:19:22.179Z,1783790362179,296038,first_a_sqs_sent_timestamp,3149,17,ok,
low-concurrency-20260711T171232.521874981Z,baseline-c20,2026-07-11T17:19:23.138Z,1783790363138,296848,first_a_sqs_sent_timestamp,3137,17,ok,
low-concurrency-20260711T171232.521874981Z,fair-c20,2026-07-11T17:19:23.165Z,1783790363165,297024,first_a_sqs_sent_timestamp,3173,19,ok,
low-concurrency-20260711T171232.521874981Z,baseline-c20,2026-07-11T17:19:24.14Z,1783790364140,297850,first_a_sqs_sent_timestamp,3165,14,ok,
low-concurrency-20260711T171232.521874981Z,fair-c20,2026-07-11T17:19:24.17Z,1783790364170,298029,first_a_sqs_sent_timestamp,3113,17,ok,
low-concurrency-20260711T171232.521874981Z,baseline-c20,2026-07-11T17:19:25.141Z,1783790365141,298851,first_a_sqs_sent_timestamp,3151,16,ok,
low-concurrency-20260711T171232.521874981Z,fair-c20,2026-07-11T17:19:25.167Z,1783790365167,299026,first_a_sqs_sent_timestamp,3168,18,ok,
low-concurrency-20260711T171232.521874981Z,baseline-c20,2026-07-11T17:19:26.141Z,1783790366141,299851,first_a_sqs_sent_timestamp,3227,17,ok,
low-concurrency-20260711T171232.521874981Z,fair-c20,2026-07-11T17:19:26.171Z,1783790366171,300030,first_a_sqs_sent_timestamp,3192,20,ok,
low-concurrency-20260711T171232.521874981Z,baseline-c20,2026-07-11T17:19:27.138Z,1783790367138,300848,first_a_sqs_sent_timestamp,3126,20,ok,
low-concurrency-20260711T171232.521874981Z,fair-c20,2026-07-11T17:19:27.168Z,1783790367168,301027,first_a_sqs_sent_timestamp,3116,17,ok,
low-concurrency-20260711T171232.521874981Z,baseline-c20,2026-07-11T17:19:28.139Z,1783790368139,301849,first_a_sqs_sent_timestamp,3151,18,ok,
low-concurrency-20260711T171232.521874981Z,fair-c20,2026-07-11T17:19:28.167Z,1783790368167,302026,first_a_sqs_sent_timestamp,3125,14,ok,
low-concurrency-20260711T171232.521874981Z,baseline-c20,2026-07-11T17:19:29.138Z,1783790369138,302848,first_a_sqs_sent_timestamp,3097,21,ok,
low-concurrency-20260711T171232.521874981Z,fair-c20,2026-07-11T17:19:29.164Z,1783790369164,303023,first_a_sqs_sent_timestamp,3089,17,ok,
low-concurrency-20260711T171232.521874981Z,baseline-c20,2026-07-11T17:19:30.138Z,1783790370138,303848,first_a_sqs_sent_timestamp,3126,17,ok,
low-concurrency-20260711T171232.521874981Z,fair-c20,2026-07-11T17:19:30.165Z,1783790370165,304024,first_a_sqs_sent_timestamp,3090,18,ok,
low-concurrency-20260711T171232.521874981Z,baseline-c20,2026-07-11T17:19:31.146Z,1783790371146,304856,first_a_sqs_sent_timestamp,3083,13,ok,
low-concurrency-20260711T171232.521874981Z,fair-c20,2026-07-11T17:19:31.178Z,1783790371178,305037,first_a_sqs_sent_timestamp,3090,18,ok,
low-concurrency-20260711T171232.521874981Z,baseline-c20,2026-07-11T17:19:32.14Z,1783790372140,305850,first_a_sqs_sent_timestamp,3094,23,ok,
low-concurrency-20260711T171232.521874981Z,fair-c20,2026-07-11T17:19:32.167Z,1783790372167,306026,first_a_sqs_sent_timestamp,3129,19,ok,
low-concurrency-20260711T171232.521874981Z,baseline-c20,2026-07-11T17:19:33.14Z,1783790373140,306850,first_a_sqs_sent_timestamp,3136,16,ok,
low-concurrency-20260711T171232.521874981Z,fair-c20,2026-07-11T17:19:33.167Z,1783790373167,307026,first_a_sqs_sent_timestamp,3053,18,ok,
low-concurrency-20260711T171232.521874981Z,baseline-c20,2026-07-11T17:19:34.141Z,1783790374141,307851,first_a_sqs_sent_timestamp,3156,21,ok,
low-concurrency-20260711T171232.521874981Z,fair-c20,2026-07-11T17:19:34.169Z,1783790374169,308028,first_a_sqs_sent_timestamp,3049,16,ok,
low-concurrency-20260711T171232.521874981Z,baseline-c20,2026-07-11T17:19:35.137Z,1783790375137,308847,first_a_sqs_sent_timestamp,3058,21,ok,
low-concurrency-20260711T171232.521874981Z,fair-c20,2026-07-11T17:19:35.165Z,1783790375165,309024,first_a_sqs_sent_timestamp,3050,16,ok,
low-concurrency-20260711T171232.521874981Z,baseline-c20,2026-07-11T17:19:36.139Z,1783790376139,309849,first_a_sqs_sent_timestamp,3057,21,ok,
low-concurrency-20260711T171232.521874981Z,fair-c20,2026-07-11T17:19:36.167Z,1783790376167,310026,first_a_sqs_sent_timestamp,3052,16,ok,
low-concurrency-20260711T171232.521874981Z,baseline-c20,2026-07-11T17:19:37.136Z,1783790377136,310846,first_a_sqs_sent_timestamp,3083,16,ok,
low-concurrency-20260711T171232.521874981Z,fair-c20,2026-07-11T17:19:37.164Z,1783790377164,311023,first_a_sqs_sent_timestamp,3100,17,ok,
low-concurrency-20260711T171232.521874981Z,baseline-c20,2026-07-11T17:19:38.139Z,1783790378139,311849,first_a_sqs_sent_timestamp,3110,18,ok,
low-concurrency-20260711T171232.521874981Z,fair-c20,2026-07-11T17:19:38.166Z,1783790378166,312025,first_a_sqs_sent_timestamp,3017,17,ok,
low-concurrency-20260711T171232.521874981Z,baseline-c20,2026-07-11T17:19:39.143Z,1783790379143,312853,first_a_sqs_sent_timestamp,3067,17,ok,
low-concurrency-20260711T171232.521874981Z,fair-c20,2026-07-11T17:19:39.172Z,1783790379172,313031,first_a_sqs_sent_timestamp,3050,16,ok,
low-concurrency-20260711T171232.521874981Z,baseline-c20,2026-07-11T17:19:40.138Z,1783790380138,313848,first_a_sqs_sent_timestamp,3057,21,ok,
low-concurrency-20260711T171232.521874981Z,fair-c20,2026-07-11T17:19:40.165Z,1783790380165,314024,first_a_sqs_sent_timestamp,3053,18,ok,
low-concurrency-20260711T171232.521874981Z,baseline-c20,2026-07-11T17:19:41.138Z,1783790381138,314848,first_a_sqs_sent_timestamp,3023,14,ok,
low-concurrency-20260711T171232.521874981Z,fair-c20,2026-07-11T17:19:41.166Z,1783790381166,315025,first_a_sqs_sent_timestamp,3010,12,ok,
low-concurrency-20260711T171232.521874981Z,baseline-c20,2026-07-11T17:19:42.14Z,1783790382140,315850,first_a_sqs_sent_timestamp,3022,14,ok,
low-concurrency-20260711T171232.521874981Z,fair-c20,2026-07-11T17:19:42.175Z,1783790382175,316034,first_a_sqs_sent_timestamp,2999,18,ok,
low-concurrency-20260711T171232.521874981Z,baseline-c20,2026-07-11T17:19:43.139Z,1783790383139,316849,first_a_sqs_sent_timestamp,3093,22,ok,
low-concurrency-20260711T171232.521874981Z,fair-c20,2026-07-11T17:19:43.167Z,1783790383167,317026,first_a_sqs_sent_timestamp,3051,15,ok,
low-concurrency-20260711T171232.521874981Z,baseline-c20,2026-07-11T17:19:44.139Z,1783790384139,317849,first_a_sqs_sent_timestamp,3000,17,ok,
low-concurrency-20260711T171232.521874981Z,fair-c20,2026-07-11T17:19:44.165Z,1783790384165,318024,first_a_sqs_sent_timestamp,3078,18,ok,
low-concurrency-20260711T171232.521874981Z,baseline-c20,2026-07-11T17:19:45.138Z,1783790385138,318848,first_a_sqs_sent_timestamp,3024,14,ok,
low-concurrency-20260711T171232.521874981Z,fair-c20,2026-07-11T17:19:45.165Z,1783790385165,319024,first_a_sqs_sent_timestamp,3017,20,ok,
low-concurrency-20260711T171232.521874981Z,baseline-c20,2026-07-11T17:19:46.141Z,1783790386141,319851,first_a_sqs_sent_timestamp,2999,20,ok,
low-concurrency-20260711T171232.521874981Z,fair-c20,2026-07-11T17:19:46.168Z,1783790386168,320027,first_a_sqs_sent_timestamp,3118,18,ok,
low-concurrency-20260711T171232.521874981Z,baseline-c20,2026-07-11T17:19:47.14Z,1783790387140,320850,first_a_sqs_sent_timestamp,3023,15,ok,
low-concurrency-20260711T171232.521874981Z,fair-c20,2026-07-11T17:19:47.168Z,1783790387168,321027,first_a_sqs_sent_timestamp,2972,16,ok,
low-concurrency-20260711T171232.521874981Z,baseline-c20,2026-07-11T17:19:48.138Z,1783790388138,321848,first_a_sqs_sent_timestamp,3266,12,ok,
low-concurrency-20260711T171232.521874981Z,fair-c20,2026-07-11T17:19:48.168Z,1783790388168,322027,first_a_sqs_sent_timestamp,2974,16,ok,
low-concurrency-20260711T171232.521874981Z,baseline-c20,2026-07-11T17:19:49.137Z,1783790389137,322847,first_a_sqs_sent_timestamp,3039,19,ok,
low-concurrency-20260711T171232.521874981Z,fair-c20,2026-07-11T17:19:49.165Z,1783790389165,323024,first_a_sqs_sent_timestamp,3010,13,ok,
low-concurrency-20260711T171232.521874981Z,baseline-c20,2026-07-11T17:19:50.139Z,1783790390139,323849,first_a_sqs_sent_timestamp,2999,17,ok,
low-concurrency-20260711T171232.521874981Z,fair-c20,2026-07-11T17:19:50.165Z,1783790390165,324024,first_a_sqs_sent_timestamp,2980,19,ok,
low-concurrency-20260711T171232.521874981Z,baseline-c20,2026-07-11T17:19:51.139Z,1783790391139,324849,first_a_sqs_sent_timestamp,2971,17,ok,
low-concurrency-20260711T171232.521874981Z,fair-c20,2026-07-11T17:19:51.17Z,1783790391170,325029,first_a_sqs_sent_timestamp,2962,21,ok,
low-concurrency-20260711T171232.521874981Z,baseline-c20,2026-07-11T17:19:52.141Z,1783790392141,325851,first_a_sqs_sent_timestamp,3027,16,ok,
low-concurrency-20260711T171232.521874981Z,fair-c20,2026-07-11T17:19:52.177Z,1783790392177,326036,first_a_sqs_sent_timestamp,2932,16,ok,
low-concurrency-20260711T171232.521874981Z,baseline-c20,2026-07-11T17:19:53.139Z,1783790393139,326849,first_a_sqs_sent_timestamp,3032,19,ok,
low-concurrency-20260711T171232.521874981Z,fair-c20,2026-07-11T17:19:53.167Z,1783790393167,327026,first_a_sqs_sent_timestamp,2962,16,ok,
low-concurrency-20260711T171232.521874981Z,baseline-c20,2026-07-11T17:19:54.189Z,1783790394189,327899,first_a_sqs_sent_timestamp,2935,18,ok,
low-concurrency-20260711T171232.521874981Z,fair-c20,2026-07-11T17:19:54.215Z,1783790394215,328074,first_a_sqs_sent_timestamp,2930,17,ok,
low-concurrency-20260711T171232.521874981Z,baseline-c20,2026-07-11T17:19:55.138Z,1783790395138,328848,first_a_sqs_sent_timestamp,2977,17,ok,
low-concurrency-20260711T171232.521874981Z,fair-c20,2026-07-11T17:19:55.166Z,1783790395166,329025,first_a_sqs_sent_timestamp,2943,16,ok,
low-concurrency-20260711T171232.521874981Z,baseline-c20,2026-07-11T17:19:56.139Z,1783790396139,329849,first_a_sqs_sent_timestamp,2935,18,ok,
low-concurrency-20260711T171232.521874981Z,fair-c20,2026-07-11T17:19:56.167Z,1783790396167,330026,first_a_sqs_sent_timestamp,2973,17,ok,
low-concurrency-20260711T171232.521874981Z,baseline-c20,2026-07-11T17:19:57.139Z,1783790397139,330849,first_a_sqs_sent_timestamp,2961,19,ok,
low-concurrency-20260711T171232.521874981Z,fair-c20,2026-07-11T17:19:57.167Z,1783790397167,331026,first_a_sqs_sent_timestamp,2920,16,ok,
low-concurrency-20260711T171232.521874981Z,baseline-c20,2026-07-11T17:19:58.139Z,1783790398139,331849,first_a_sqs_sent_timestamp,2943,20,ok,
low-concurrency-20260711T171232.521874981Z,fair-c20,2026-07-11T17:19:58.168Z,1783790398168,332027,first_a_sqs_sent_timestamp,2933,16,ok,
low-concurrency-20260711T171232.521874981Z,baseline-c20,2026-07-11T17:19:59.136Z,1783790399136,332846,first_a_sqs_sent_timestamp,2905,15,ok,
low-concurrency-20260711T171232.521874981Z,fair-c20,2026-07-11T17:19:59.163Z,1783790399163,333022,first_a_sqs_sent_timestamp,2908,17,ok,
low-concurrency-20260711T171232.521874981Z,baseline-c20,2026-07-11T17:20:00.139Z,1783790400139,333849,first_a_sqs_sent_timestamp,2969,17,ok,
low-concurrency-20260711T171232.521874981Z,fair-c20,2026-07-11T17:20:00.168Z,1783790400168,334027,first_a_sqs_sent_timestamp,3000,17,ok,
low-concurrency-20260711T171232.521874981Z,baseline-c20,2026-07-11T17:20:01.139Z,1783790401139,334849,first_a_sqs_sent_timestamp,2923,13,ok,
low-concurrency-20260711T171232.521874981Z,fair-c20,2026-07-11T17:20:01.164Z,1783790401164,335023,first_a_sqs_sent_timestamp,2879,13,ok,
low-concurrency-20260711T171232.521874981Z,baseline-c20,2026-07-11T17:20:02.142Z,1783790402142,335852,first_a_sqs_sent_timestamp,2956,16,ok,
low-concurrency-20260711T171232.521874981Z,fair-c20,2026-07-11T17:20:02.177Z,1783790402177,336036,first_a_sqs_sent_timestamp,2880,16,ok,
low-concurrency-20260711T171232.521874981Z,baseline-c20,2026-07-11T17:20:03.138Z,1783790403138,336848,first_a_sqs_sent_timestamp,2894,16,ok,
low-concurrency-20260711T171232.521874981Z,fair-c20,2026-07-11T17:20:03.165Z,1783790403165,337024,first_a_sqs_sent_timestamp,2936,20,ok,
low-concurrency-20260711T171232.521874981Z,baseline-c20,2026-07-11T17:20:04.141Z,1783790404141,337851,first_a_sqs_sent_timestamp,2906,16,ok,
low-concurrency-20260711T171232.521874981Z,fair-c20,2026-07-11T17:20:04.169Z,1783790404169,338028,first_a_sqs_sent_timestamp,2887,16,ok,
low-concurrency-20260711T171232.521874981Z,baseline-c20,2026-07-11T17:20:05.137Z,1783790405137,338847,first_a_sqs_sent_timestamp,2912,15,ok,
low-concurrency-20260711T171232.521874981Z,fair-c20,2026-07-11T17:20:05.166Z,1783790405166,339025,first_a_sqs_sent_timestamp,2851,16,ok,
low-concurrency-20260711T171232.521874981Z,baseline-c20,2026-07-11T17:20:06.139Z,1783790406139,339849,first_a_sqs_sent_timestamp,2880,17,ok,
low-concurrency-20260711T171232.521874981Z,fair-c20,2026-07-11T17:20:06.165Z,1783790406165,340024,first_a_sqs_sent_timestamp,2862,14,ok,
low-concurrency-20260711T171232.521874981Z,baseline-c20,2026-07-11T17:20:07.139Z,1783790407139,340849,first_a_sqs_sent_timestamp,2867,18,ok,
low-concurrency-20260711T171232.521874981Z,fair-c20,2026-07-11T17:20:07.165Z,1783790407165,341024,first_a_sqs_sent_timestamp,2919,15,ok,
low-concurrency-20260711T171232.521874981Z,baseline-c20,2026-07-11T17:20:08.138Z,1783790408138,341848,first_a_sqs_sent_timestamp,2884,20,ok,
low-concurrency-20260711T171232.521874981Z,fair-c20,2026-07-11T17:20:08.166Z,1783790408166,342025,first_a_sqs_sent_timestamp,2851,21,ok,
low-concurrency-20260711T171232.521874981Z,baseline-c20,2026-07-11T17:20:09.136Z,1783790409136,342846,first_a_sqs_sent_timestamp,2842,16,ok,
low-concurrency-20260711T171232.521874981Z,fair-c20,2026-07-11T17:20:09.163Z,1783790409163,343022,first_a_sqs_sent_timestamp,2837,17,ok,
low-concurrency-20260711T171232.521874981Z,baseline-c20,2026-07-11T17:20:10.14Z,1783790410140,343850,first_a_sqs_sent_timestamp,2881,17,ok,
low-concurrency-20260711T171232.521874981Z,fair-c20,2026-07-11T17:20:10.168Z,1783790410168,344027,first_a_sqs_sent_timestamp,2852,17,ok,
low-concurrency-20260711T171232.521874981Z,baseline-c20,2026-07-11T17:20:11.14Z,1783790411140,344850,first_a_sqs_sent_timestamp,2866,18,ok,
low-concurrency-20260711T171232.521874981Z,fair-c20,2026-07-11T17:20:11.166Z,1783790411166,345025,first_a_sqs_sent_timestamp,2880,14,ok,
low-concurrency-20260711T171232.521874981Z,baseline-c20,2026-07-11T17:20:12.139Z,1783790412139,345849,first_a_sqs_sent_timestamp,2840,17,ok,
low-concurrency-20260711T171232.521874981Z,fair-c20,2026-07-11T17:20:12.166Z,1783790412166,346025,first_a_sqs_sent_timestamp,2835,19,ok,
low-concurrency-20260711T171232.521874981Z,baseline-c20,2026-07-11T17:20:13.137Z,1783790413137,346847,first_a_sqs_sent_timestamp,2824,17,ok,
low-concurrency-20260711T171232.521874981Z,fair-c20,2026-07-11T17:20:13.162Z,1783790413162,347021,first_a_sqs_sent_timestamp,2860,18,ok,
low-concurrency-20260711T171232.521874981Z,baseline-c20,2026-07-11T17:20:14.14Z,1783790414140,347850,first_a_sqs_sent_timestamp,2830,15,ok,
low-concurrency-20260711T171232.521874981Z,fair-c20,2026-07-11T17:20:14.168Z,1783790414168,348027,first_a_sqs_sent_timestamp,2815,13,ok,
low-concurrency-20260711T171232.521874981Z,baseline-c20,2026-07-11T17:20:15.138Z,1783790415138,348848,first_a_sqs_sent_timestamp,2861,17,ok,
low-concurrency-20260711T171232.521874981Z,fair-c20,2026-07-11T17:20:15.163Z,1783790415163,349022,first_a_sqs_sent_timestamp,2850,22,ok,
low-concurrency-20260711T171232.521874981Z,baseline-c20,2026-07-11T17:20:16.139Z,1783790416139,349849,first_a_sqs_sent_timestamp,2851,17,ok,
low-concurrency-20260711T171232.521874981Z,fair-c20,2026-07-11T17:20:16.166Z,1783790416166,350025,first_a_sqs_sent_timestamp,2796,17,ok,
low-concurrency-20260711T171232.521874981Z,baseline-c20,2026-07-11T17:20:17.139Z,1783790417139,350849,first_a_sqs_sent_timestamp,2791,17,ok,
low-concurrency-20260711T171232.521874981Z,fair-c20,2026-07-11T17:20:17.164Z,1783790417164,351023,first_a_sqs_sent_timestamp,2797,16,ok,
low-concurrency-20260711T171232.521874981Z,baseline-c20,2026-07-11T17:20:18.139Z,1783790418139,351849,first_a_sqs_sent_timestamp,2796,20,ok,
low-concurrency-20260711T171232.521874981Z,fair-c20,2026-07-11T17:20:18.167Z,1783790418167,352026,first_a_sqs_sent_timestamp,2798,13,ok,
low-concurrency-20260711T171232.521874981Z,baseline-c20,2026-07-11T17:20:19.139Z,1783790419139,352849,first_a_sqs_sent_timestamp,2832,15,ok,
low-concurrency-20260711T171232.521874981Z,fair-c20,2026-07-11T17:20:19.164Z,1783790419164,353023,first_a_sqs_sent_timestamp,2836,17,ok,
low-concurrency-20260711T171232.521874981Z,baseline-c20,2026-07-11T17:20:20.14Z,1783790420140,353850,first_a_sqs_sent_timestamp,2771,16,ok,
low-concurrency-20260711T171232.521874981Z,fair-c20,2026-07-11T17:20:20.168Z,1783790420168,354027,first_a_sqs_sent_timestamp,2899,9,ok,
low-concurrency-20260711T171232.521874981Z,baseline-c20,2026-07-11T17:20:21.147Z,1783790421147,354857,first_a_sqs_sent_timestamp,2842,16,ok,
low-concurrency-20260711T171232.521874981Z,fair-c20,2026-07-11T17:20:21.174Z,1783790421174,355033,first_a_sqs_sent_timestamp,2762,19,ok,
low-concurrency-20260711T171232.521874981Z,baseline-c20,2026-07-11T17:20:22.142Z,1783790422142,355852,first_a_sqs_sent_timestamp,2824,18,ok,
low-concurrency-20260711T171232.521874981Z,fair-c20,2026-07-11T17:20:22.17Z,1783790422170,356029,first_a_sqs_sent_timestamp,2785,18,ok,
low-concurrency-20260711T171232.521874981Z,baseline-c20,2026-07-11T17:20:23.139Z,1783790423139,356849,first_a_sqs_sent_timestamp,2752,17,ok,
low-concurrency-20260711T171232.521874981Z,fair-c20,2026-07-11T17:20:23.165Z,1783790423165,357024,first_a_sqs_sent_timestamp,2808,16,ok,
low-concurrency-20260711T171232.521874981Z,baseline-c20,2026-07-11T17:20:24.158Z,1783790424158,357868,first_a_sqs_sent_timestamp,2770,17,ok,
low-concurrency-20260711T171232.521874981Z,fair-c20,2026-07-11T17:20:24.218Z,1783790424218,358077,first_a_sqs_sent_timestamp,2732,21,ok,
low-concurrency-20260711T171232.521874981Z,baseline-c20,2026-07-11T17:20:25.194Z,1783790425194,358904,first_a_sqs_sent_timestamp,2894,16,ok,
low-concurrency-20260711T171232.521874981Z,fair-c20,2026-07-11T17:20:25.273Z,1783790425273,359132,first_a_sqs_sent_timestamp,2732,19,ok,
low-concurrency-20260711T171232.521874981Z,baseline-c20,2026-07-11T17:20:26.139Z,1783790426139,359849,first_a_sqs_sent_timestamp,2790,19,ok,
low-concurrency-20260711T171232.521874981Z,fair-c20,2026-07-11T17:20:26.166Z,1783790426166,360025,first_a_sqs_sent_timestamp,2762,19,ok,
low-concurrency-20260711T171232.521874981Z,baseline-c20,2026-07-11T17:20:27.138Z,1783790427138,360848,first_a_sqs_sent_timestamp,2728,17,ok,
low-concurrency-20260711T171232.521874981Z,fair-c20,2026-07-11T17:20:27.164Z,1783790427164,361023,first_a_sqs_sent_timestamp,2751,17,ok,
low-concurrency-20260711T171232.521874981Z,baseline-c20,2026-07-11T17:20:28.144Z,1783790428144,361854,first_a_sqs_sent_timestamp,2797,20,ok,
low-concurrency-20260711T171232.521874981Z,fair-c20,2026-07-11T17:20:28.171Z,1783790428171,362030,first_a_sqs_sent_timestamp,2731,18,ok,
low-concurrency-20260711T171232.521874981Z,baseline-c20,2026-07-11T17:20:29.136Z,1783790429136,362846,first_a_sqs_sent_timestamp,2729,17,ok,
low-concurrency-20260711T171232.521874981Z,fair-c20,2026-07-11T17:20:29.163Z,1783790429163,363022,first_a_sqs_sent_timestamp,2757,16,ok,
low-concurrency-20260711T171232.521874981Z,baseline-c20,2026-07-11T17:20:30.145Z,1783790430145,363855,first_a_sqs_sent_timestamp,2728,17,ok,
low-concurrency-20260711T171232.521874981Z,fair-c20,2026-07-11T17:20:30.173Z,1783790430173,364032,first_a_sqs_sent_timestamp,2740,15,ok,
low-concurrency-20260711T171232.521874981Z,baseline-c20,2026-07-11T17:20:31.135Z,1783790431135,364845,first_a_sqs_sent_timestamp,2730,17,ok,
low-concurrency-20260711T171232.521874981Z,fair-c20,2026-07-11T17:20:31.162Z,1783790431162,365021,first_a_sqs_sent_timestamp,2703,19,ok,
low-concurrency-20260711T171232.521874981Z,baseline-c20,2026-07-11T17:20:32.139Z,1783790432139,365849,first_a_sqs_sent_timestamp,2729,18,ok,
low-concurrency-20260711T171232.521874981Z,fair-c20,2026-07-11T17:20:32.166Z,1783790432166,366025,first_a_sqs_sent_timestamp,2692,15,ok,
low-concurrency-20260711T171232.521874981Z,baseline-c20,2026-07-11T17:20:33.139Z,1783790433139,366849,first_a_sqs_sent_timestamp,2714,16,ok,
low-concurrency-20260711T171232.521874981Z,fair-c20,2026-07-11T17:20:33.167Z,1783790433167,367026,first_a_sqs_sent_timestamp,2709,20,ok,
low-concurrency-20260711T171232.521874981Z,baseline-c20,2026-07-11T17:20:34.139Z,1783790434139,367849,first_a_sqs_sent_timestamp,2758,12,ok,
low-concurrency-20260711T171232.521874981Z,fair-c20,2026-07-11T17:20:34.169Z,1783790434169,368028,first_a_sqs_sent_timestamp,2694,14,ok,
low-concurrency-20260711T171232.521874981Z,baseline-c20,2026-07-11T17:20:35.139Z,1783790435139,368849,first_a_sqs_sent_timestamp,2670,19,ok,
low-concurrency-20260711T171232.521874981Z,fair-c20,2026-07-11T17:20:35.166Z,1783790435166,369025,first_a_sqs_sent_timestamp,2703,19,ok,
low-concurrency-20260711T171232.521874981Z,baseline-c20,2026-07-11T17:20:36.14Z,1783790436140,369850,first_a_sqs_sent_timestamp,2731,18,ok,
low-concurrency-20260711T171232.521874981Z,fair-c20,2026-07-11T17:20:36.167Z,1783790436167,370026,first_a_sqs_sent_timestamp,2664,18,ok,
low-concurrency-20260711T171232.521874981Z,baseline-c20,2026-07-11T17:20:37.139Z,1783790437139,370849,first_a_sqs_sent_timestamp,2659,17,ok,
low-concurrency-20260711T171232.521874981Z,fair-c20,2026-07-11T17:20:37.166Z,1783790437166,371025,first_a_sqs_sent_timestamp,2657,13,ok,
low-concurrency-20260711T171232.521874981Z,baseline-c20,2026-07-11T17:20:38.139Z,1783790438139,371849,first_a_sqs_sent_timestamp,2769,15,ok,
low-concurrency-20260711T171232.521874981Z,fair-c20,2026-07-11T17:20:38.168Z,1783790438168,372027,first_a_sqs_sent_timestamp,2701,14,ok,
low-concurrency-20260711T171232.521874981Z,baseline-c20,2026-07-11T17:20:39.139Z,1783790439139,372849,first_a_sqs_sent_timestamp,2670,20,ok,
low-concurrency-20260711T171232.521874981Z,fair-c20,2026-07-11T17:20:39.166Z,1783790439166,373025,first_a_sqs_sent_timestamp,2660,20,ok,
low-concurrency-20260711T171232.521874981Z,baseline-c20,2026-07-11T17:20:40.14Z,1783790440140,373850,first_a_sqs_sent_timestamp,2670,18,ok,
low-concurrency-20260711T171232.521874981Z,fair-c20,2026-07-11T17:20:40.166Z,1783790440166,374025,first_a_sqs_sent_timestamp,2656,12,ok,
low-concurrency-20260711T171232.521874981Z,baseline-c20,2026-07-11T17:20:41.144Z,1783790441144,374854,first_a_sqs_sent_timestamp,2752,18,ok,
low-concurrency-20260711T171232.521874981Z,fair-c20,2026-07-11T17:20:41.171Z,1783790441171,375030,first_a_sqs_sent_timestamp,2665,21,ok,
low-concurrency-20260711T171232.521874981Z,baseline-c20,2026-07-11T17:20:42.14Z,1783790442140,375850,first_a_sqs_sent_timestamp,2686,19,ok,
low-concurrency-20260711T171232.521874981Z,fair-c20,2026-07-11T17:20:42.168Z,1783790442168,376027,first_a_sqs_sent_timestamp,2758,17,ok,
low-concurrency-20260711T171232.521874981Z,baseline-c20,2026-07-11T17:20:43.14Z,1783790443140,376850,first_a_sqs_sent_timestamp,2650,11,ok,
low-concurrency-20260711T171232.521874981Z,fair-c20,2026-07-11T17:20:43.167Z,1783790443167,377026,first_a_sqs_sent_timestamp,2617,19,ok,
low-concurrency-20260711T171232.521874981Z,baseline-c20,2026-07-11T17:20:44.138Z,1783790444138,377848,first_a_sqs_sent_timestamp,2625,16,ok,
low-concurrency-20260711T171232.521874981Z,fair-c20,2026-07-11T17:20:44.168Z,1783790444168,378027,first_a_sqs_sent_timestamp,2636,17,ok,
low-concurrency-20260711T171232.521874981Z,baseline-c20,2026-07-11T17:20:45.141Z,1783790445141,378851,first_a_sqs_sent_timestamp,2658,15,ok,
low-concurrency-20260711T171232.521874981Z,fair-c20,2026-07-11T17:20:45.169Z,1783790445169,379028,first_a_sqs_sent_timestamp,2597,18,ok,
low-concurrency-20260711T171232.521874981Z,baseline-c20,2026-07-11T17:20:46.138Z,1783790446138,379848,first_a_sqs_sent_timestamp,2602,15,ok,
low-concurrency-20260711T171232.521874981Z,fair-c20,2026-07-11T17:20:46.166Z,1783790446166,380025,first_a_sqs_sent_timestamp,2686,19,ok,
low-concurrency-20260711T171232.521874981Z,baseline-c20,2026-07-11T17:20:47.138Z,1783790447138,380848,first_a_sqs_sent_timestamp,2714,21,ok,
low-concurrency-20260711T171232.521874981Z,fair-c20,2026-07-11T17:20:47.168Z,1783790447168,381027,first_a_sqs_sent_timestamp,2611,14,ok,
low-concurrency-20260711T171232.521874981Z,baseline-c20,2026-07-11T17:20:48.14Z,1783790448140,381850,first_a_sqs_sent_timestamp,2601,16,ok,
low-concurrency-20260711T171232.521874981Z,fair-c20,2026-07-11T17:20:48.171Z,1783790448171,382030,first_a_sqs_sent_timestamp,2610,17,ok,
low-concurrency-20260711T171232.521874981Z,baseline-c20,2026-07-11T17:20:49.137Z,1783790449137,382847,first_a_sqs_sent_timestamp,2634,16,ok,
low-concurrency-20260711T171232.521874981Z,fair-c20,2026-07-11T17:20:49.164Z,1783790449164,383023,first_a_sqs_sent_timestamp,2597,18,ok,
low-concurrency-20260711T171232.521874981Z,baseline-c20,2026-07-11T17:20:50.138Z,1783790450138,383848,first_a_sqs_sent_timestamp,2594,15,ok,
low-concurrency-20260711T171232.521874981Z,fair-c20,2026-07-11T17:20:50.166Z,1783790450166,384025,first_a_sqs_sent_timestamp,2655,15,ok,
low-concurrency-20260711T171232.521874981Z,baseline-c20,2026-07-11T17:20:51.138Z,1783790451138,384848,first_a_sqs_sent_timestamp,2581,17,ok,
low-concurrency-20260711T171232.521874981Z,fair-c20,2026-07-11T17:20:51.165Z,1783790451165,385024,first_a_sqs_sent_timestamp,2576,17,ok,
low-concurrency-20260711T171232.521874981Z,baseline-c20,2026-07-11T17:20:52.141Z,1783790452141,385851,first_a_sqs_sent_timestamp,2593,13,ok,
low-concurrency-20260711T171232.521874981Z,fair-c20,2026-07-11T17:20:52.17Z,1783790452170,386029,first_a_sqs_sent_timestamp,2574,19,ok,
low-concurrency-20260711T171232.521874981Z,baseline-c20,2026-07-11T17:20:53.138Z,1783790453138,386848,first_a_sqs_sent_timestamp,2561,20,ok,
low-concurrency-20260711T171232.521874981Z,fair-c20,2026-07-11T17:20:53.164Z,1783790453164,387023,first_a_sqs_sent_timestamp,2574,17,ok,
low-concurrency-20260711T171232.521874981Z,baseline-c20,2026-07-11T17:20:54.148Z,1783790454148,387858,first_a_sqs_sent_timestamp,2649,10,ok,
low-concurrency-20260711T171232.521874981Z,fair-c20,2026-07-11T17:20:54.175Z,1783790454175,388034,first_a_sqs_sent_timestamp,2588,16,ok,
low-concurrency-20260711T171232.521874981Z,baseline-c20,2026-07-11T17:20:55.138Z,1783790455138,388848,first_a_sqs_sent_timestamp,2603,13,ok,
low-concurrency-20260711T171232.521874981Z,fair-c20,2026-07-11T17:20:55.165Z,1783790455165,389024,first_a_sqs_sent_timestamp,2598,16,ok,
low-concurrency-20260711T171232.521874981Z,baseline-c20,2026-07-11T17:20:56.139Z,1783790456139,389849,first_a_sqs_sent_timestamp,2628,16,ok,
low-concurrency-20260711T171232.521874981Z,fair-c20,2026-07-11T17:20:56.167Z,1783790456167,390026,first_a_sqs_sent_timestamp,2535,17,ok,
low-concurrency-20260711T171232.521874981Z,baseline-c20,2026-07-11T17:20:57.137Z,1783790457137,390847,first_a_sqs_sent_timestamp,2547,13,ok,
low-concurrency-20260711T171232.521874981Z,fair-c20,2026-07-11T17:20:57.165Z,1783790457165,391024,first_a_sqs_sent_timestamp,2617,16,ok,
low-concurrency-20260711T171232.521874981Z,baseline-c20,2026-07-11T17:20:58.14Z,1783790458140,391850,first_a_sqs_sent_timestamp,2624,13,ok,
low-concurrency-20260711T171232.521874981Z,fair-c20,2026-07-11T17:20:58.168Z,1783790458168,392027,first_a_sqs_sent_timestamp,2575,15,ok,
low-concurrency-20260711T171232.521874981Z,baseline-c20,2026-07-11T17:20:59.137Z,1783790459137,392847,first_a_sqs_sent_timestamp,2583,15,ok,
low-concurrency-20260711T171232.521874981Z,fair-c20,2026-07-11T17:20:59.166Z,1783790459166,393025,first_a_sqs_sent_timestamp,2659,19,ok,
low-concurrency-20260711T171232.521874981Z,baseline-c20,2026-07-11T17:21:00.136Z,1783790460136,393846,first_a_sqs_sent_timestamp,2529,14,ok,
low-concurrency-20260711T171232.521874981Z,fair-c20,2026-07-11T17:21:00.162Z,1783790460162,394021,first_a_sqs_sent_timestamp,2503,16,ok,
low-concurrency-20260711T171232.521874981Z,baseline-c20,2026-07-11T17:21:01.138Z,1783790461138,394848,first_a_sqs_sent_timestamp,2562,18,ok,
low-concurrency-20260711T171232.521874981Z,fair-c20,2026-07-11T17:21:01.168Z,1783790461168,395027,first_a_sqs_sent_timestamp,2535,17,ok,
low-concurrency-20260711T171232.521874981Z,baseline-c20,2026-07-11T17:21:02.137Z,1783790462137,395847,first_a_sqs_sent_timestamp,2520,17,ok,
low-concurrency-20260711T171232.521874981Z,fair-c20,2026-07-11T17:21:02.163Z,1783790462163,396022,first_a_sqs_sent_timestamp,2504,16,ok,
low-concurrency-20260711T171232.521874981Z,baseline-c20,2026-07-11T17:21:03.139Z,1783790463139,396849,first_a_sqs_sent_timestamp,2520,19,ok,
low-concurrency-20260711T171232.521874981Z,fair-c20,2026-07-11T17:21:03.166Z,1783790463166,397025,first_a_sqs_sent_timestamp,2490,20,ok,
low-concurrency-20260711T171232.521874981Z,baseline-c20,2026-07-11T17:21:04.137Z,1783790464137,397847,first_a_sqs_sent_timestamp,2554,13,ok,
low-concurrency-20260711T171232.521874981Z,fair-c20,2026-07-11T17:21:04.169Z,1783790464169,398028,first_a_sqs_sent_timestamp,2563,16,ok,
low-concurrency-20260711T171232.521874981Z,baseline-c20,2026-07-11T17:21:05.138Z,1783790465138,398848,first_a_sqs_sent_timestamp,2488,17,ok,
low-concurrency-20260711T171232.521874981Z,fair-c20,2026-07-11T17:21:05.165Z,1783790465165,399024,first_a_sqs_sent_timestamp,2528,18,ok,
low-concurrency-20260711T171232.521874981Z,baseline-c20,2026-07-11T17:21:06.136Z,1783790466136,399846,first_a_sqs_sent_timestamp,2487,21,ok,
low-concurrency-20260711T171232.521874981Z,fair-c20,2026-07-11T17:21:06.162Z,1783790466162,400021,first_a_sqs_sent_timestamp,2466,15,ok,
low-concurrency-20260711T171232.521874981Z,baseline-c20,2026-07-11T17:21:07.138Z,1783790467138,400848,first_a_sqs_sent_timestamp,2491,18,ok,
low-concurrency-20260711T171232.521874981Z,fair-c20,2026-07-11T17:21:07.165Z,1783790467165,401024,first_a_sqs_sent_timestamp,2516,19,ok,
low-concurrency-20260711T171232.521874981Z,baseline-c20,2026-07-11T17:21:08.141Z,1783790468141,401851,first_a_sqs_sent_timestamp,2488,17,ok,
low-concurrency-20260711T171232.521874981Z,fair-c20,2026-07-11T17:21:08.166Z,1783790468166,402025,first_a_sqs_sent_timestamp,2491,17,ok,
low-concurrency-20260711T171232.521874981Z,baseline-c20,2026-07-11T17:21:09.138Z,1783790469138,402848,first_a_sqs_sent_timestamp,2508,15,ok,
low-concurrency-20260711T171232.521874981Z,fair-c20,2026-07-11T17:21:09.164Z,1783790469164,403023,first_a_sqs_sent_timestamp,2458,14,ok,
low-concurrency-20260711T171232.521874981Z,baseline-c20,2026-07-11T17:21:10.138Z,1783790470138,403848,first_a_sqs_sent_timestamp,2487,18,ok,
low-concurrency-20260711T171232.521874981Z,fair-c20,2026-07-11T17:21:10.167Z,1783790470167,404026,first_a_sqs_sent_timestamp,2511,16,ok,
low-concurrency-20260711T171232.521874981Z,baseline-c20,2026-07-11T17:21:11.141Z,1783790471141,404851,first_a_sqs_sent_timestamp,2458,16,ok,
low-concurrency-20260711T171232.521874981Z,fair-c20,2026-07-11T17:21:11.175Z,1783790471175,405034,first_a_sqs_sent_timestamp,2468,14,ok,
low-concurrency-20260711T171232.521874981Z,baseline-c20,2026-07-11T17:21:12.137Z,1783790472137,405847,first_a_sqs_sent_timestamp,2538,19,ok,
low-concurrency-20260711T171232.521874981Z,fair-c20,2026-07-11T17:21:12.163Z,1783790472163,406022,first_a_sqs_sent_timestamp,2456,18,ok,
low-concurrency-20260711T171232.521874981Z,baseline-c20,2026-07-11T17:21:13.138Z,1783790473138,406848,first_a_sqs_sent_timestamp,2490,19,ok,
low-concurrency-20260711T171232.521874981Z,fair-c20,2026-07-11T17:21:13.166Z,1783790473166,407025,first_a_sqs_sent_timestamp,2439,16,ok,
low-concurrency-20260711T171232.521874981Z,baseline-c20,2026-07-11T17:21:14.138Z,1783790474138,407848,first_a_sqs_sent_timestamp,2435,16,ok,
low-concurrency-20260711T171232.521874981Z,fair-c20,2026-07-11T17:21:14.165Z,1783790474165,408024,first_a_sqs_sent_timestamp,2440,16,ok,
low-concurrency-20260711T171232.521874981Z,baseline-c20,2026-07-11T17:21:15.139Z,1783790475139,408849,first_a_sqs_sent_timestamp,2458,18,ok,
low-concurrency-20260711T171232.521874981Z,fair-c20,2026-07-11T17:21:15.165Z,1783790475165,409024,first_a_sqs_sent_timestamp,2453,21,ok,
low-concurrency-20260711T171232.521874981Z,baseline-c20,2026-07-11T17:21:16.14Z,1783790476140,409850,first_a_sqs_sent_timestamp,2529,16,ok,
low-concurrency-20260711T171232.521874981Z,fair-c20,2026-07-11T17:21:16.165Z,1783790476165,410024,first_a_sqs_sent_timestamp,2431,16,ok,
low-concurrency-20260711T171232.521874981Z,baseline-c20,2026-07-11T17:21:17.139Z,1783790477139,410849,first_a_sqs_sent_timestamp,2454,19,ok,
low-concurrency-20260711T171232.521874981Z,fair-c20,2026-07-11T17:21:17.166Z,1783790477166,411025,first_a_sqs_sent_timestamp,2431,16,ok,
low-concurrency-20260711T171232.521874981Z,baseline-c20,2026-07-11T17:21:18.144Z,1783790478144,411854,first_a_sqs_sent_timestamp,2409,17,ok,
low-concurrency-20260711T171232.521874981Z,fair-c20,2026-07-11T17:21:18.173Z,1783790478173,412032,first_a_sqs_sent_timestamp,2456,18,ok,
low-concurrency-20260711T171232.521874981Z,baseline-c20,2026-07-11T17:21:19.138Z,1783790479138,412848,first_a_sqs_sent_timestamp,2442,17,ok,
low-concurrency-20260711T171232.521874981Z,fair-c20,2026-07-11T17:21:19.167Z,1783790479167,413026,first_a_sqs_sent_timestamp,2441,14,ok,
low-concurrency-20260711T171232.521874981Z,baseline-c20,2026-07-11T17:21:20.136Z,1783790480136,413846,first_a_sqs_sent_timestamp,2547,10,ok,
low-concurrency-20260711T171232.521874981Z,fair-c20,2026-07-11T17:21:20.162Z,1783790480162,414021,first_a_sqs_sent_timestamp,2395,15,ok,
low-concurrency-20260711T171232.521874981Z,baseline-c20,2026-07-11T17:21:21.136Z,1783790481136,414846,first_a_sqs_sent_timestamp,2386,15,ok,
low-concurrency-20260711T171232.521874981Z,fair-c20,2026-07-11T17:21:21.165Z,1783790481165,415024,first_a_sqs_sent_timestamp,2390,16,ok,
low-concurrency-20260711T171232.521874981Z,baseline-c20,2026-07-11T17:21:22.137Z,1783790482137,415847,first_a_sqs_sent_timestamp,2386,15,ok,
low-concurrency-20260711T171232.521874981Z,fair-c20,2026-07-11T17:21:22.164Z,1783790482164,416023,first_a_sqs_sent_timestamp,2406,17,ok,
low-concurrency-20260711T171232.521874981Z,baseline-c20,2026-07-11T17:21:23.137Z,1783790483137,416847,first_a_sqs_sent_timestamp,2438,16,ok,
low-concurrency-20260711T171232.521874981Z,fair-c20,2026-07-11T17:21:23.162Z,1783790483162,417021,first_a_sqs_sent_timestamp,2395,15,ok,
low-concurrency-20260711T171232.521874981Z,baseline-c20,2026-07-11T17:21:24.138Z,1783790484138,417848,first_a_sqs_sent_timestamp,2370,15,ok,
low-concurrency-20260711T171232.521874981Z,fair-c20,2026-07-11T17:21:24.164Z,1783790484164,418023,first_a_sqs_sent_timestamp,2451,17,ok,
low-concurrency-20260711T171232.521874981Z,baseline-c20,2026-07-11T17:21:25.137Z,1783790485137,418847,first_a_sqs_sent_timestamp,2425,17,ok,
low-concurrency-20260711T171232.521874981Z,fair-c20,2026-07-11T17:21:25.162Z,1783790485162,419021,first_a_sqs_sent_timestamp,2381,18,ok,
low-concurrency-20260711T171232.521874981Z,baseline-c20,2026-07-11T17:21:26.141Z,1783790486141,419851,first_a_sqs_sent_timestamp,2409,17,ok,
low-concurrency-20260711T171232.521874981Z,fair-c20,2026-07-11T17:21:26.169Z,1783790486169,420028,first_a_sqs_sent_timestamp,2343,20,ok,
low-concurrency-20260711T171232.521874981Z,baseline-c20,2026-07-11T17:21:27.136Z,1783790487136,420846,first_a_sqs_sent_timestamp,2379,19,ok,
low-concurrency-20260711T171232.521874981Z,fair-c20,2026-07-11T17:21:27.16Z,1783790487160,421019,first_a_sqs_sent_timestamp,2360,20,ok,
low-concurrency-20260711T171232.521874981Z,baseline-c20,2026-07-11T17:21:28.145Z,1783790488145,421855,first_a_sqs_sent_timestamp,2393,17,ok,
low-concurrency-20260711T171232.521874981Z,fair-c20,2026-07-11T17:21:28.173Z,1783790488173,422032,first_a_sqs_sent_timestamp,2347,20,ok,
low-concurrency-20260711T171232.521874981Z,baseline-c20,2026-07-11T17:21:29.139Z,1783790489139,422849,first_a_sqs_sent_timestamp,2340,16,ok,
low-concurrency-20260711T171232.521874981Z,fair-c20,2026-07-11T17:21:29.165Z,1783790489165,423024,first_a_sqs_sent_timestamp,2470,18,ok,
low-concurrency-20260711T171232.521874981Z,baseline-c20,2026-07-11T17:21:30.139Z,1783790490139,423849,first_a_sqs_sent_timestamp,2388,17,ok,
low-concurrency-20260711T171232.521874981Z,fair-c20,2026-07-11T17:21:30.167Z,1783790490167,424026,first_a_sqs_sent_timestamp,2320,16,ok,
low-concurrency-20260711T171232.521874981Z,baseline-c20,2026-07-11T17:21:31.139Z,1783790491139,424849,first_a_sqs_sent_timestamp,2353,20,ok,
low-concurrency-20260711T171232.521874981Z,fair-c20,2026-07-11T17:21:31.167Z,1783790491167,425026,first_a_sqs_sent_timestamp,2343,17,ok,
low-concurrency-20260711T171232.521874981Z,baseline-c20,2026-07-11T17:21:32.139Z,1783790492139,425849,first_a_sqs_sent_timestamp,2334,18,ok,
low-concurrency-20260711T171232.521874981Z,fair-c20,2026-07-11T17:21:32.166Z,1783790492166,426025,first_a_sqs_sent_timestamp,2357,20,ok,
low-concurrency-20260711T171232.521874981Z,baseline-c20,2026-07-11T17:21:33.137Z,1783790493137,426847,first_a_sqs_sent_timestamp,2368,15,ok,
low-concurrency-20260711T171232.521874981Z,fair-c20,2026-07-11T17:21:33.165Z,1783790493165,427024,first_a_sqs_sent_timestamp,2347,18,ok,
low-concurrency-20260711T171232.521874981Z,baseline-c20,2026-07-11T17:21:34.141Z,1783790494141,427851,first_a_sqs_sent_timestamp,2314,16,ok,
low-concurrency-20260711T171232.521874981Z,fair-c20,2026-07-11T17:21:34.17Z,1783790494170,428029,first_a_sqs_sent_timestamp,2360,19,ok,
low-concurrency-20260711T171232.521874981Z,baseline-c20,2026-07-11T17:21:35.135Z,1783790495135,428845,first_a_sqs_sent_timestamp,2318,20,ok,
low-concurrency-20260711T171232.521874981Z,fair-c20,2026-07-11T17:21:35.164Z,1783790495164,429023,first_a_sqs_sent_timestamp,2288,15,ok,
low-concurrency-20260711T171232.521874981Z,baseline-c20,2026-07-11T17:21:36.14Z,1783790496140,429850,first_a_sqs_sent_timestamp,2319,19,ok,
low-concurrency-20260711T171232.521874981Z,fair-c20,2026-07-11T17:21:36.166Z,1783790496166,430025,first_a_sqs_sent_timestamp,2295,16,ok,
low-concurrency-20260711T171232.521874981Z,baseline-c20,2026-07-11T17:21:37.138Z,1783790497138,430848,first_a_sqs_sent_timestamp,2336,17,ok,
low-concurrency-20260711T171232.521874981Z,fair-c20,2026-07-11T17:21:37.164Z,1783790497164,431023,first_a_sqs_sent_timestamp,2293,17,ok,
low-concurrency-20260711T171232.521874981Z,baseline-c20,2026-07-11T17:21:38.14Z,1783790498140,431850,first_a_sqs_sent_timestamp,2279,12,ok,
low-concurrency-20260711T171232.521874981Z,fair-c20,2026-07-11T17:21:38.167Z,1783790498167,432026,first_a_sqs_sent_timestamp,2294,14,ok,
low-concurrency-20260711T171232.521874981Z,baseline-c20,2026-07-11T17:21:39.138Z,1783790499138,432848,first_a_sqs_sent_timestamp,2313,18,ok,
low-concurrency-20260711T171232.521874981Z,fair-c20,2026-07-11T17:21:39.2Z,1783790499200,433059,first_a_sqs_sent_timestamp,2288,16,ok,
low-concurrency-20260711T171232.521874981Z,baseline-c20,2026-07-11T17:21:40.139Z,1783790500139,433849,first_a_sqs_sent_timestamp,2299,18,ok,
low-concurrency-20260711T171232.521874981Z,fair-c20,2026-07-11T17:21:40.168Z,1783790500168,434027,first_a_sqs_sent_timestamp,2288,15,ok,
low-concurrency-20260711T171232.521874981Z,baseline-c20,2026-07-11T17:21:41.138Z,1783790501138,434848,first_a_sqs_sent_timestamp,2255,19,ok,
low-concurrency-20260711T171232.521874981Z,fair-c20,2026-07-11T17:21:41.165Z,1783790501165,435024,first_a_sqs_sent_timestamp,2298,15,ok,
low-concurrency-20260711T171232.521874981Z,baseline-c20,2026-07-11T17:21:42.187Z,1783790502187,435897,first_a_sqs_sent_timestamp,2250,17,ok,
low-concurrency-20260711T171232.521874981Z,fair-c20,2026-07-11T17:21:42.213Z,1783790502213,436072,first_a_sqs_sent_timestamp,2249,18,ok,
low-concurrency-20260711T171232.521874981Z,baseline-c20,2026-07-11T17:21:43.14Z,1783790503140,436850,first_a_sqs_sent_timestamp,2341,15,ok,
low-concurrency-20260711T171232.521874981Z,fair-c20,2026-07-11T17:21:43.167Z,1783790503167,437026,first_a_sqs_sent_timestamp,2248,18,ok,
low-concurrency-20260711T171232.521874981Z,baseline-c20,2026-07-11T17:21:44.139Z,1783790504139,437849,first_a_sqs_sent_timestamp,2281,17,ok,
low-concurrency-20260711T171232.521874981Z,fair-c20,2026-07-11T17:21:44.168Z,1783790504168,438027,first_a_sqs_sent_timestamp,2307,21,ok,
low-concurrency-20260711T171232.521874981Z,baseline-c20,2026-07-11T17:21:45.143Z,1783790505143,438853,first_a_sqs_sent_timestamp,2256,17,ok,
low-concurrency-20260711T171232.521874981Z,fair-c20,2026-07-11T17:21:45.169Z,1783790505169,439028,first_a_sqs_sent_timestamp,2265,18,ok,
low-concurrency-20260711T171232.521874981Z,baseline-c20,2026-07-11T17:21:46.141Z,1783790506141,439851,first_a_sqs_sent_timestamp,2230,15,ok,
low-concurrency-20260711T171232.521874981Z,fair-c20,2026-07-11T17:21:46.169Z,1783790506169,440028,first_a_sqs_sent_timestamp,2220,15,ok,
low-concurrency-20260711T171232.521874981Z,baseline-c20,2026-07-11T17:21:47.137Z,1783790507137,440847,first_a_sqs_sent_timestamp,2277,12,ok,
low-concurrency-20260711T171232.521874981Z,fair-c20,2026-07-11T17:21:47.164Z,1783790507164,441023,first_a_sqs_sent_timestamp,2250,16,ok,
low-concurrency-20260711T171232.521874981Z,baseline-c20,2026-07-11T17:21:48.138Z,1783790508138,441848,first_a_sqs_sent_timestamp,2209,19,ok,
low-concurrency-20260711T171232.521874981Z,fair-c20,2026-07-11T17:21:48.165Z,1783790508165,442024,first_a_sqs_sent_timestamp,2323,18,ok,
low-concurrency-20260711T171232.521874981Z,baseline-c20,2026-07-11T17:21:49.141Z,1783790509141,442851,first_a_sqs_sent_timestamp,2208,19,ok,
low-concurrency-20260711T171232.521874981Z,fair-c20,2026-07-11T17:21:49.167Z,1783790509167,443026,first_a_sqs_sent_timestamp,2243,19,ok,
low-concurrency-20260711T171232.521874981Z,baseline-c20,2026-07-11T17:21:50.139Z,1783790510139,443849,first_a_sqs_sent_timestamp,2255,18,ok,
low-concurrency-20260711T171232.521874981Z,fair-c20,2026-07-11T17:21:50.167Z,1783790510167,444026,first_a_sqs_sent_timestamp,2195,21,ok,
low-concurrency-20260711T171232.521874981Z,baseline-c20,2026-07-11T17:21:51.138Z,1783790511138,444848,first_a_sqs_sent_timestamp,2266,20,ok,
low-concurrency-20260711T171232.521874981Z,fair-c20,2026-07-11T17:21:51.163Z,1783790511163,445022,first_a_sqs_sent_timestamp,2217,13,ok,
low-concurrency-20260711T171232.521874981Z,baseline-c20,2026-07-11T17:21:52.138Z,1783790512138,445848,first_a_sqs_sent_timestamp,2194,15,ok,
low-concurrency-20260711T171232.521874981Z,fair-c20,2026-07-11T17:21:52.166Z,1783790512166,446025,first_a_sqs_sent_timestamp,2223,16,ok,
low-concurrency-20260711T171232.521874981Z,baseline-c20,2026-07-11T17:21:53.139Z,1783790513139,446849,first_a_sqs_sent_timestamp,2239,13,ok,
low-concurrency-20260711T171232.521874981Z,fair-c20,2026-07-11T17:21:53.167Z,1783790513167,447026,first_a_sqs_sent_timestamp,2173,18,ok,
low-concurrency-20260711T171232.521874981Z,baseline-c20,2026-07-11T17:21:54.138Z,1783790514138,447848,first_a_sqs_sent_timestamp,2185,18,ok,
low-concurrency-20260711T171232.521874981Z,fair-c20,2026-07-11T17:21:54.171Z,1783790514171,448030,first_a_sqs_sent_timestamp,2194,17,ok,
low-concurrency-20260711T171232.521874981Z,baseline-c20,2026-07-11T17:21:55.137Z,1783790515137,448847,first_a_sqs_sent_timestamp,2209,18,ok,
low-concurrency-20260711T171232.521874981Z,fair-c20,2026-07-11T17:21:55.163Z,1783790515163,449022,first_a_sqs_sent_timestamp,2174,17,ok,
low-concurrency-20260711T171232.521874981Z,baseline-c20,2026-07-11T17:21:56.137Z,1783790516137,449847,first_a_sqs_sent_timestamp,2162,16,ok,
low-concurrency-20260711T171232.521874981Z,fair-c20,2026-07-11T17:21:56.165Z,1783790516165,450024,first_a_sqs_sent_timestamp,2389,15,ok,
low-concurrency-20260711T171232.521874981Z,baseline-c20,2026-07-11T17:21:57.139Z,1783790517139,450849,first_a_sqs_sent_timestamp,2230,15,ok,
low-concurrency-20260711T171232.521874981Z,fair-c20,2026-07-11T17:21:57.166Z,1783790517166,451025,first_a_sqs_sent_timestamp,2173,18,ok,
low-concurrency-20260711T171232.521874981Z,baseline-c20,2026-07-11T17:21:58.136Z,1783790518136,451846,first_a_sqs_sent_timestamp,2160,15,ok,
low-concurrency-20260711T171232.521874981Z,fair-c20,2026-07-11T17:21:58.165Z,1783790518165,452024,first_a_sqs_sent_timestamp,2173,18,ok,
low-concurrency-20260711T171232.521874981Z,baseline-c20,2026-07-11T17:21:59.136Z,1783790519136,452846,first_a_sqs_sent_timestamp,2149,18,ok,
low-concurrency-20260711T171232.521874981Z,fair-c20,2026-07-11T17:21:59.161Z,1783790519161,453020,first_a_sqs_sent_timestamp,2153,16,ok,
low-concurrency-20260711T171232.521874981Z,baseline-c20,2026-07-11T17:22:00.138Z,1783790520138,453848,first_a_sqs_sent_timestamp,2133,20,ok,
low-concurrency-20260711T171232.521874981Z,fair-c20,2026-07-11T17:22:00.164Z,1783790520164,454023,first_a_sqs_sent_timestamp,2177,20,ok,
low-concurrency-20260711T171232.521874981Z,baseline-c20,2026-07-11T17:22:01.139Z,1783790521139,454849,first_a_sqs_sent_timestamp,2148,15,ok,
low-concurrency-20260711T171232.521874981Z,fair-c20,2026-07-11T17:22:01.165Z,1783790521165,455024,first_a_sqs_sent_timestamp,2158,12,ok,
low-concurrency-20260711T171232.521874981Z,baseline-c20,2026-07-11T17:22:02.14Z,1783790522140,455850,first_a_sqs_sent_timestamp,2161,16,ok,
low-concurrency-20260711T171232.521874981Z,fair-c20,2026-07-11T17:22:02.169Z,1783790522169,456028,first_a_sqs_sent_timestamp,2193,17,ok,
low-concurrency-20260711T171232.521874981Z,baseline-c20,2026-07-11T17:22:03.137Z,1783790523137,456847,first_a_sqs_sent_timestamp,2192,17,ok,
low-concurrency-20260711T171232.521874981Z,fair-c20,2026-07-11T17:22:03.164Z,1783790523164,457023,first_a_sqs_sent_timestamp,2126,13,ok,
low-concurrency-20260711T171232.521874981Z,baseline-c20,2026-07-11T17:22:04.141Z,1783790524141,457851,first_a_sqs_sent_timestamp,2182,20,ok,
low-concurrency-20260711T171232.521874981Z,fair-c20,2026-07-11T17:22:04.168Z,1783790524168,458027,first_a_sqs_sent_timestamp,2151,17,ok,
low-concurrency-20260711T171232.521874981Z,baseline-c20,2026-07-11T17:22:05.137Z,1783790525137,458847,first_a_sqs_sent_timestamp,2103,18,ok,
low-concurrency-20260711T171232.521874981Z,fair-c20,2026-07-11T17:22:05.168Z,1783790525168,459027,first_a_sqs_sent_timestamp,2135,19,ok,
low-concurrency-20260711T171232.521874981Z,baseline-c20,2026-07-11T17:22:06.142Z,1783790526142,459852,first_a_sqs_sent_timestamp,2250,18,ok,
low-concurrency-20260711T171232.521874981Z,fair-c20,2026-07-11T17:22:06.172Z,1783790526172,460031,first_a_sqs_sent_timestamp,2092,17,ok,
low-concurrency-20260711T171232.521874981Z,baseline-c20,2026-07-11T17:22:07.138Z,1783790527138,460848,first_a_sqs_sent_timestamp,2096,15,ok,
low-concurrency-20260711T171232.521874981Z,fair-c20,2026-07-11T17:22:07.167Z,1783790527167,461026,first_a_sqs_sent_timestamp,2119,15,ok,
low-concurrency-20260711T171232.521874981Z,baseline-c20,2026-07-11T17:22:08.138Z,1783790528138,461848,first_a_sqs_sent_timestamp,2112,14,ok,
low-concurrency-20260711T171232.521874981Z,fair-c20,2026-07-11T17:22:08.162Z,1783790528162,462021,first_a_sqs_sent_timestamp,2078,18,ok,
low-concurrency-20260711T171232.521874981Z,baseline-c20,2026-07-11T17:22:09.139Z,1783790529139,462849,first_a_sqs_sent_timestamp,2132,16,ok,
low-concurrency-20260711T171232.521874981Z,fair-c20,2026-07-11T17:22:09.166Z,1783790529166,463025,first_a_sqs_sent_timestamp,2109,21,ok,
low-concurrency-20260711T171232.521874981Z,baseline-c20,2026-07-11T17:22:10.141Z,1783790530141,463851,first_a_sqs_sent_timestamp,2112,14,ok,
low-concurrency-20260711T171232.521874981Z,fair-c20,2026-07-11T17:22:10.167Z,1783790530167,464026,first_a_sqs_sent_timestamp,2093,17,ok,
low-concurrency-20260711T171232.521874981Z,baseline-c20,2026-07-11T17:22:11.141Z,1783790531141,464851,first_a_sqs_sent_timestamp,2116,19,ok,
low-concurrency-20260711T171232.521874981Z,fair-c20,2026-07-11T17:22:11.168Z,1783790531168,465027,first_a_sqs_sent_timestamp,2193,19,ok,
low-concurrency-20260711T171232.521874981Z,baseline-c20,2026-07-11T17:22:12.145Z,1783790532145,465855,first_a_sqs_sent_timestamp,2075,19,ok,
low-concurrency-20260711T171232.521874981Z,fair-c20,2026-07-11T17:22:12.171Z,1783790532171,466030,first_a_sqs_sent_timestamp,2124,16,ok,
low-concurrency-20260711T171232.521874981Z,baseline-c20,2026-07-11T17:22:13.14Z,1783790533140,466850,first_a_sqs_sent_timestamp,2150,19,ok,
low-concurrency-20260711T171232.521874981Z,fair-c20,2026-07-11T17:22:13.169Z,1783790533169,467028,first_a_sqs_sent_timestamp,2078,18,ok,
low-concurrency-20260711T171232.521874981Z,baseline-c20,2026-07-11T17:22:14.142Z,1783790534142,467852,first_a_sqs_sent_timestamp,2068,17,ok,
low-concurrency-20260711T171232.521874981Z,fair-c20,2026-07-11T17:22:14.169Z,1783790534169,468028,first_a_sqs_sent_timestamp,2039,17,ok,
low-concurrency-20260711T171232.521874981Z,baseline-c20,2026-07-11T17:22:15.138Z,1783790535138,468848,first_a_sqs_sent_timestamp,2049,17,ok,
low-concurrency-20260711T171232.521874981Z,fair-c20,2026-07-11T17:22:15.165Z,1783790535165,469024,first_a_sqs_sent_timestamp,2039,16,ok,
low-concurrency-20260711T171232.521874981Z,baseline-c20,2026-07-11T17:22:16.138Z,1783790536138,469848,first_a_sqs_sent_timestamp,2094,14,ok,
low-concurrency-20260711T171232.521874981Z,fair-c20,2026-07-11T17:22:16.164Z,1783790536164,470023,first_a_sqs_sent_timestamp,2049,16,ok,
low-concurrency-20260711T171232.521874981Z,baseline-c20,2026-07-11T17:22:17.138Z,1783790537138,470848,first_a_sqs_sent_timestamp,2067,16,ok,
low-concurrency-20260711T171232.521874981Z,fair-c20,2026-07-11T17:22:17.164Z,1783790537164,471023,first_a_sqs_sent_timestamp,2052,15,ok,
low-concurrency-20260711T171232.521874981Z,baseline-c20,2026-07-11T17:22:18.137Z,1783790538137,471847,first_a_sqs_sent_timestamp,2023,15,ok,
low-concurrency-20260711T171232.521874981Z,fair-c20,2026-07-11T17:22:18.164Z,1783790538164,472023,first_a_sqs_sent_timestamp,2038,17,ok,
low-concurrency-20260711T171232.521874981Z,baseline-c20,2026-07-11T17:22:19.139Z,1783790539139,472849,first_a_sqs_sent_timestamp,2059,19,ok,
low-concurrency-20260711T171232.521874981Z,fair-c20,2026-07-11T17:22:19.168Z,1783790539168,473027,first_a_sqs_sent_timestamp,2064,20,ok,
low-concurrency-20260711T171232.521874981Z,baseline-c20,2026-07-11T17:22:20.139Z,1783790540139,473849,first_a_sqs_sent_timestamp,2027,20,ok,
low-concurrency-20260711T171232.521874981Z,fair-c20,2026-07-11T17:22:20.165Z,1783790540165,474024,first_a_sqs_sent_timestamp,2015,18,ok,
low-concurrency-20260711T171232.521874981Z,baseline-c20,2026-07-11T17:22:21.185Z,1783790541185,474895,first_a_sqs_sent_timestamp,2027,19,ok,
low-concurrency-20260711T171232.521874981Z,fair-c20,2026-07-11T17:22:21.211Z,1783790541211,475070,first_a_sqs_sent_timestamp,2038,19,ok,
low-concurrency-20260711T171232.521874981Z,baseline-c20,2026-07-11T17:22:22.137Z,1783790542137,475847,first_a_sqs_sent_timestamp,1993,20,ok,
low-concurrency-20260711T171232.521874981Z,fair-c20,2026-07-11T17:22:22.164Z,1783790542164,476023,first_a_sqs_sent_timestamp,2049,15,ok,
low-concurrency-20260711T171232.521874981Z,baseline-c20,2026-07-11T17:22:23.138Z,1783790543138,476848,first_a_sqs_sent_timestamp,2074,18,ok,
low-concurrency-20260711T171232.521874981Z,fair-c20,2026-07-11T17:22:23.165Z,1783790543165,477024,first_a_sqs_sent_timestamp,2002,18,ok,
low-concurrency-20260711T171232.521874981Z,baseline-c20,2026-07-11T17:22:24.137Z,1783790544137,477847,first_a_sqs_sent_timestamp,2048,16,ok,
low-concurrency-20260711T171232.521874981Z,fair-c20,2026-07-11T17:22:24.164Z,1783790544164,478023,first_a_sqs_sent_timestamp,2094,17,ok,
low-concurrency-20260711T171232.521874981Z,baseline-c20,2026-07-11T17:22:25.141Z,1783790545141,478851,first_a_sqs_sent_timestamp,2009,20,ok,
low-concurrency-20260711T171232.521874981Z,fair-c20,2026-07-11T17:22:25.17Z,1783790545170,479029,first_a_sqs_sent_timestamp,1985,15,ok,
low-concurrency-20260711T171232.521874981Z,baseline-c20,2026-07-11T17:22:26.137Z,1783790546137,479847,first_a_sqs_sent_timestamp,2102,20,ok,
low-concurrency-20260711T171232.521874981Z,fair-c20,2026-07-11T17:22:26.163Z,1783790546163,480022,first_a_sqs_sent_timestamp,2002,18,ok,
low-concurrency-20260711T171232.521874981Z,baseline-c20,2026-07-11T17:22:27.137Z,1783790547137,480847,first_a_sqs_sent_timestamp,1984,13,ok,
low-concurrency-20260711T171232.521874981Z,fair-c20,2026-07-11T17:22:27.163Z,1783790547163,481022,first_a_sqs_sent_timestamp,1985,15,ok,
low-concurrency-20260711T171232.521874981Z,baseline-c20,2026-07-11T17:22:28.137Z,1783790548137,481847,first_a_sqs_sent_timestamp,1969,16,ok,
low-concurrency-20260711T171232.521874981Z,fair-c20,2026-07-11T17:22:28.163Z,1783790548163,482022,first_a_sqs_sent_timestamp,1983,16,ok,
low-concurrency-20260711T171232.521874981Z,baseline-c20,2026-07-11T17:22:29.143Z,1783790549143,482853,first_a_sqs_sent_timestamp,1965,15,ok,
low-concurrency-20260711T171232.521874981Z,fair-c20,2026-07-11T17:22:29.171Z,1783790549171,483030,first_a_sqs_sent_timestamp,1989,18,ok,
low-concurrency-20260711T171232.521874981Z,baseline-c20,2026-07-11T17:22:30.137Z,1783790550137,483847,first_a_sqs_sent_timestamp,1969,20,ok,
low-concurrency-20260711T171232.521874981Z,fair-c20,2026-07-11T17:22:30.164Z,1783790550164,484023,first_a_sqs_sent_timestamp,1974,14,ok,
low-concurrency-20260711T171232.521874981Z,baseline-c20,2026-07-11T17:22:31.138Z,1783790551138,484848,first_a_sqs_sent_timestamp,1985,11,ok,
low-concurrency-20260711T171232.521874981Z,fair-c20,2026-07-11T17:22:31.167Z,1783790551167,485026,first_a_sqs_sent_timestamp,2093,17,ok,
low-concurrency-20260711T171232.521874981Z,baseline-c20,2026-07-11T17:22:32.137Z,1783790552137,485847,first_a_sqs_sent_timestamp,1992,23,ok,
low-concurrency-20260711T171232.521874981Z,fair-c20,2026-07-11T17:22:32.168Z,1783790552168,486027,first_a_sqs_sent_timestamp,1931,16,ok,
low-concurrency-20260711T171232.521874981Z,baseline-c20,2026-07-11T17:22:33.143Z,1783790553143,486853,first_a_sqs_sent_timestamp,2025,13,ok,
low-concurrency-20260711T171232.521874981Z,fair-c20,2026-07-11T17:22:33.193Z,1783790553193,487052,first_a_sqs_sent_timestamp,1934,18,ok,
low-concurrency-20260711T171232.521874981Z,baseline-c20,2026-07-11T17:22:34.139Z,1783790554139,487849,first_a_sqs_sent_timestamp,1932,19,ok,
low-concurrency-20260711T171232.521874981Z,fair-c20,2026-07-11T17:22:34.165Z,1783790554165,488024,first_a_sqs_sent_timestamp,1948,17,ok,
low-concurrency-20260711T171232.521874981Z,baseline-c20,2026-07-11T17:22:35.147Z,1783790555147,488857,first_a_sqs_sent_timestamp,1966,13,ok,
low-concurrency-20260711T171232.521874981Z,fair-c20,2026-07-11T17:22:35.174Z,1783790555174,489033,first_a_sqs_sent_timestamp,1932,16,ok,
low-concurrency-20260711T171232.521874981Z,baseline-c20,2026-07-11T17:22:36.139Z,1783790556139,489849,first_a_sqs_sent_timestamp,1932,18,ok,
low-concurrency-20260711T171232.521874981Z,fair-c20,2026-07-11T17:22:36.166Z,1783790556166,490025,first_a_sqs_sent_timestamp,1936,19,ok,
low-concurrency-20260711T171232.521874981Z,baseline-c20,2026-07-11T17:22:37.141Z,1783790557141,490851,first_a_sqs_sent_timestamp,1918,17,ok,
low-concurrency-20260711T171232.521874981Z,fair-c20,2026-07-11T17:22:37.168Z,1783790557168,491027,first_a_sqs_sent_timestamp,1895,19,ok,
low-concurrency-20260711T171232.521874981Z,baseline-c20,2026-07-11T17:22:38.151Z,1783790558151,491861,first_a_sqs_sent_timestamp,1969,18,ok,
low-concurrency-20260711T171232.521874981Z,fair-c20,2026-07-11T17:22:38.178Z,1783790558178,492037,first_a_sqs_sent_timestamp,1896,18,ok,
low-concurrency-20260711T171232.521874981Z,baseline-c20,2026-07-11T17:22:39.146Z,1783790559146,492856,first_a_sqs_sent_timestamp,1975,19,ok,
low-concurrency-20260711T171232.521874981Z,fair-c20,2026-07-11T17:22:39.174Z,1783790559174,493033,first_a_sqs_sent_timestamp,2016,19,ok,
low-concurrency-20260711T171232.521874981Z,baseline-c20,2026-07-11T17:22:40.138Z,1783790560138,493848,first_a_sqs_sent_timestamp,1876,19,ok,
low-concurrency-20260711T171232.521874981Z,fair-c20,2026-07-11T17:22:40.164Z,1783790560164,494023,first_a_sqs_sent_timestamp,1931,17,ok,
low-concurrency-20260711T171232.521874981Z,baseline-c20,2026-07-11T17:22:41.137Z,1783790561137,494847,first_a_sqs_sent_timestamp,1925,19,ok,
low-concurrency-20260711T171232.521874981Z,fair-c20,2026-07-11T17:22:41.163Z,1783790561163,495022,first_a_sqs_sent_timestamp,1875,21,ok,
low-concurrency-20260711T171232.521874981Z,baseline-c20,2026-07-11T17:22:42.139Z,1783790562139,495849,first_a_sqs_sent_timestamp,1866,14,ok,
low-concurrency-20260711T171232.521874981Z,fair-c20,2026-07-11T17:22:42.165Z,1783790562165,496024,first_a_sqs_sent_timestamp,1910,18,ok,
low-concurrency-20260711T171232.521874981Z,baseline-c20,2026-07-11T17:22:43.139Z,1783790563139,496849,first_a_sqs_sent_timestamp,1893,21,ok,
low-concurrency-20260711T171232.521874981Z,fair-c20,2026-07-11T17:22:43.165Z,1783790563165,497024,first_a_sqs_sent_timestamp,1857,19,ok,
low-concurrency-20260711T171232.521874981Z,baseline-c20,2026-07-11T17:22:44.138Z,1783790564138,497848,first_a_sqs_sent_timestamp,1906,14,ok,
low-concurrency-20260711T171232.521874981Z,fair-c20,2026-07-11T17:22:44.166Z,1783790564166,498025,first_a_sqs_sent_timestamp,1870,21,ok,
low-concurrency-20260711T171232.521874981Z,baseline-c20,2026-07-11T17:22:45.137Z,1783790565137,498847,first_a_sqs_sent_timestamp,1877,17,ok,
low-concurrency-20260711T171232.521874981Z,fair-c20,2026-07-11T17:22:45.164Z,1783790565164,499023,first_a_sqs_sent_timestamp,1872,19,ok,
low-concurrency-20260711T171232.521874981Z,baseline-c20,2026-07-11T17:22:46.141Z,1783790566141,499851,first_a_sqs_sent_timestamp,1919,19,ok,
low-concurrency-20260711T171232.521874981Z,fair-c20,2026-07-11T17:22:46.169Z,1783790566169,500028,first_a_sqs_sent_timestamp,1871,19,ok,
low-concurrency-20260711T171232.521874981Z,baseline-c20,2026-07-11T17:22:47.138Z,1783790567138,500848,first_a_sqs_sent_timestamp,1888,19,ok,
low-concurrency-20260711T171232.521874981Z,fair-c20,2026-07-11T17:22:47.165Z,1783790567165,501024,first_a_sqs_sent_timestamp,1830,18,ok,
low-concurrency-20260711T171232.521874981Z,baseline-c20,2026-07-11T17:22:48.138Z,1783790568138,501848,first_a_sqs_sent_timestamp,1835,17,ok,
low-concurrency-20260711T171232.521874981Z,fair-c20,2026-07-11T17:22:48.166Z,1783790568166,502025,first_a_sqs_sent_timestamp,1961,18,ok,
low-concurrency-20260711T171232.521874981Z,baseline-c20,2026-07-11T17:22:49.138Z,1783790569138,502848,first_a_sqs_sent_timestamp,1841,17,ok,
low-concurrency-20260711T171232.521874981Z,fair-c20,2026-07-11T17:22:49.167Z,1783790569167,503026,first_a_sqs_sent_timestamp,1818,18,ok,
low-concurrency-20260711T171232.521874981Z,baseline-c20,2026-07-11T17:22:50.138Z,1783790570138,503848,first_a_sqs_sent_timestamp,1835,16,ok,
low-concurrency-20260711T171232.521874981Z,fair-c20,2026-07-11T17:22:50.166Z,1783790570166,504025,first_a_sqs_sent_timestamp,1836,17,ok,
low-concurrency-20260711T171232.521874981Z,baseline-c20,2026-07-11T17:22:51.14Z,1783790571140,504850,first_a_sqs_sent_timestamp,1841,17,ok,
low-concurrency-20260711T171232.521874981Z,fair-c20,2026-07-11T17:22:51.167Z,1783790571167,505026,first_a_sqs_sent_timestamp,1877,20,ok,
low-concurrency-20260711T171232.521874981Z,baseline-c20,2026-07-11T17:22:52.138Z,1783790572138,505848,first_a_sqs_sent_timestamp,1830,16,ok,
low-concurrency-20260711T171232.521874981Z,fair-c20,2026-07-11T17:22:52.165Z,1783790572165,506024,first_a_sqs_sent_timestamp,1817,18,ok,
low-concurrency-20260711T171232.521874981Z,baseline-c20,2026-07-11T17:22:53.139Z,1783790573139,506849,first_a_sqs_sent_timestamp,1803,13,ok,
low-concurrency-20260711T171232.521874981Z,fair-c20,2026-07-11T17:22:53.168Z,1783790573168,507027,first_a_sqs_sent_timestamp,1856,17,ok,
low-concurrency-20260711T171232.521874981Z,baseline-c20,2026-07-11T17:22:54.138Z,1783790574138,507848,first_a_sqs_sent_timestamp,1866,16,ok,
low-concurrency-20260711T171232.521874981Z,fair-c20,2026-07-11T17:22:54.165Z,1783790574165,508024,first_a_sqs_sent_timestamp,1799,22,ok,
low-concurrency-20260711T171232.521874981Z,baseline-c20,2026-07-11T17:22:55.139Z,1783790575139,508849,first_a_sqs_sent_timestamp,1846,21,ok,
low-concurrency-20260711T171232.521874981Z,fair-c20,2026-07-11T17:22:55.166Z,1783790575166,509025,first_a_sqs_sent_timestamp,1837,17,ok,
low-concurrency-20260711T171232.521874981Z,baseline-c20,2026-07-11T17:22:56.14Z,1783790576140,509850,first_a_sqs_sent_timestamp,1805,14,ok,
low-concurrency-20260711T171232.521874981Z,fair-c20,2026-07-11T17:22:56.167Z,1783790576167,510026,first_a_sqs_sent_timestamp,1830,20,ok,
low-concurrency-20260711T171232.521874981Z,baseline-c20,2026-07-11T17:22:57.138Z,1783790577138,510848,first_a_sqs_sent_timestamp,1853,18,ok,
low-concurrency-20260711T171232.521874981Z,fair-c20,2026-07-11T17:22:57.167Z,1783790577167,511026,first_a_sqs_sent_timestamp,1768,12,ok,
low-concurrency-20260711T171232.521874981Z,baseline-c20,2026-07-11T17:22:58.141Z,1783790578141,511851,first_a_sqs_sent_timestamp,1829,17,ok,
low-concurrency-20260711T171232.521874981Z,fair-c20,2026-07-11T17:22:58.169Z,1783790578169,512028,first_a_sqs_sent_timestamp,1786,16,ok,
low-concurrency-20260711T171232.521874981Z,baseline-c20,2026-07-11T17:22:59.137Z,1783790579137,512847,first_a_sqs_sent_timestamp,1804,12,ok,
low-concurrency-20260711T171232.521874981Z,fair-c20,2026-07-11T17:22:59.163Z,1783790579163,513022,first_a_sqs_sent_timestamp,1769,13,ok,
low-concurrency-20260711T171232.521874981Z,baseline-c20,2026-07-11T17:23:00.138Z,1783790580138,513848,first_a_sqs_sent_timestamp,1778,19,ok,
low-concurrency-20260711T171232.521874981Z,fair-c20,2026-07-11T17:23:00.163Z,1783790580163,514022,first_a_sqs_sent_timestamp,1769,13,ok,
low-concurrency-20260711T171232.521874981Z,baseline-c20,2026-07-11T17:23:01.136Z,1783790581136,514846,first_a_sqs_sent_timestamp,1752,18,ok,
low-concurrency-20260711T171232.521874981Z,fair-c20,2026-07-11T17:23:01.161Z,1783790581161,515020,first_a_sqs_sent_timestamp,1767,15,ok,
low-concurrency-20260711T171232.521874981Z,baseline-c20,2026-07-11T17:23:02.139Z,1783790582139,515849,first_a_sqs_sent_timestamp,1768,16,ok,
low-concurrency-20260711T171232.521874981Z,fair-c20,2026-07-11T17:23:02.166Z,1783790582166,516025,first_a_sqs_sent_timestamp,1799,21,ok,
low-concurrency-20260711T171232.521874981Z,baseline-c20,2026-07-11T17:23:03.139Z,1783790583139,516849,first_a_sqs_sent_timestamp,1778,20,ok,
low-concurrency-20260711T171232.521874981Z,fair-c20,2026-07-11T17:23:03.165Z,1783790583165,517024,first_a_sqs_sent_timestamp,1756,16,ok,
low-concurrency-20260711T171232.521874981Z,baseline-c20,2026-07-11T17:23:04.138Z,1783790584138,517848,first_a_sqs_sent_timestamp,1766,16,ok,
low-concurrency-20260711T171232.521874981Z,fair-c20,2026-07-11T17:23:04.165Z,1783790584165,518024,first_a_sqs_sent_timestamp,1727,17,ok,
low-concurrency-20260711T171232.521874981Z,baseline-c20,2026-07-11T17:23:05.153Z,1783790585153,518863,first_a_sqs_sent_timestamp,1728,18,ok,
low-concurrency-20260711T171232.521874981Z,fair-c20,2026-07-11T17:23:05.18Z,1783790585180,519039,first_a_sqs_sent_timestamp,1897,16,ok,
low-concurrency-20260711T171232.521874981Z,baseline-c20,2026-07-11T17:23:06.138Z,1783790586138,519848,first_a_sqs_sent_timestamp,1763,13,ok,
low-concurrency-20260711T171232.521874981Z,fair-c20,2026-07-11T17:23:06.168Z,1783790586168,520027,first_a_sqs_sent_timestamp,1770,12,ok,
low-concurrency-20260711T171232.521874981Z,baseline-c20,2026-07-11T17:23:07.138Z,1783790587138,520848,first_a_sqs_sent_timestamp,1752,17,ok,
low-concurrency-20260711T171232.521874981Z,fair-c20,2026-07-11T17:23:07.17Z,1783790587170,521029,first_a_sqs_sent_timestamp,1820,17,ok,
low-concurrency-20260711T171232.521874981Z,baseline-c20,2026-07-11T17:23:08.138Z,1783790588138,521848,first_a_sqs_sent_timestamp,1702,19,ok,
low-concurrency-20260711T171232.521874981Z,fair-c20,2026-07-11T17:23:08.166Z,1783790588166,522025,first_a_sqs_sent_timestamp,1724,20,ok,
low-concurrency-20260711T171232.521874981Z,baseline-c20,2026-07-11T17:23:09.139Z,1783790589139,522849,first_a_sqs_sent_timestamp,1702,17,ok,
low-concurrency-20260711T171232.521874981Z,fair-c20,2026-07-11T17:23:09.165Z,1783790589165,523024,first_a_sqs_sent_timestamp,1703,10,ok,
low-concurrency-20260711T171232.521874981Z,baseline-c20,2026-07-11T17:23:10.138Z,1783790590138,523848,first_a_sqs_sent_timestamp,1728,18,ok,
low-concurrency-20260711T171232.521874981Z,fair-c20,2026-07-11T17:23:10.165Z,1783790590165,524024,first_a_sqs_sent_timestamp,1721,14,ok,
low-concurrency-20260711T171232.521874981Z,baseline-c20,2026-07-11T17:23:11.138Z,1783790591138,524848,first_a_sqs_sent_timestamp,1684,15,ok,
low-concurrency-20260711T171232.521874981Z,fair-c20,2026-07-11T17:23:11.164Z,1783790591164,525023,first_a_sqs_sent_timestamp,1708,16,ok,
low-concurrency-20260711T171232.521874981Z,baseline-c20,2026-07-11T17:23:12.143Z,1783790592143,525853,first_a_sqs_sent_timestamp,1684,15,ok,
low-concurrency-20260711T171232.521874981Z,fair-c20,2026-07-11T17:23:12.17Z,1783790592170,526029,first_a_sqs_sent_timestamp,1690,19,ok,
low-concurrency-20260711T171232.521874981Z,baseline-c20,2026-07-11T17:23:13.138Z,1783790593138,526848,first_a_sqs_sent_timestamp,1702,17,ok,
low-concurrency-20260711T171232.521874981Z,fair-c20,2026-07-11T17:23:13.166Z,1783790593166,527025,first_a_sqs_sent_timestamp,1688,20,ok,
low-concurrency-20260711T171232.521874981Z,baseline-c20,2026-07-11T17:23:14.14Z,1783790594140,527850,first_a_sqs_sent_timestamp,1707,16,ok,
low-concurrency-20260711T171232.521874981Z,fair-c20,2026-07-11T17:23:14.166Z,1783790594166,528025,first_a_sqs_sent_timestamp,1688,20,ok,
low-concurrency-20260711T171232.521874981Z,baseline-c20,2026-07-11T17:23:15.14Z,1783790595140,528850,first_a_sqs_sent_timestamp,1661,20,ok,
low-concurrency-20260711T171232.521874981Z,fair-c20,2026-07-11T17:23:15.167Z,1783790595167,529026,first_a_sqs_sent_timestamp,1649,18,ok,
low-concurrency-20260711T171232.521874981Z,baseline-c20,2026-07-11T17:23:16.14Z,1783790596140,529850,first_a_sqs_sent_timestamp,1784,21,ok,
low-concurrency-20260711T171232.521874981Z,fair-c20,2026-07-11T17:23:16.166Z,1783790596166,530025,first_a_sqs_sent_timestamp,1677,17,ok,
low-concurrency-20260711T171232.521874981Z,baseline-c20,2026-07-11T17:23:17.139Z,1783790597139,530849,first_a_sqs_sent_timestamp,1654,20,ok,
low-concurrency-20260711T171232.521874981Z,fair-c20,2026-07-11T17:23:17.165Z,1783790597165,531024,first_a_sqs_sent_timestamp,1696,16,ok,
low-concurrency-20260711T171232.521874981Z,baseline-c20,2026-07-11T17:23:18.144Z,1783790598144,531854,first_a_sqs_sent_timestamp,1686,15,ok,
low-concurrency-20260711T171232.521874981Z,fair-c20,2026-07-11T17:23:18.171Z,1783790598171,532030,first_a_sqs_sent_timestamp,1650,19,ok,
low-concurrency-20260711T171232.521874981Z,baseline-c20,2026-07-11T17:23:19.138Z,1783790599138,532848,first_a_sqs_sent_timestamp,1668,15,ok,
low-concurrency-20260711T171232.521874981Z,fair-c20,2026-07-11T17:23:19.166Z,1783790599166,533025,first_a_sqs_sent_timestamp,1771,20,ok,
low-concurrency-20260711T171232.521874981Z,baseline-c20,2026-07-11T17:23:20.142Z,1783790600142,533852,first_a_sqs_sent_timestamp,1661,20,ok,
low-concurrency-20260711T171232.521874981Z,fair-c20,2026-07-11T17:23:20.169Z,1783790600169,534028,first_a_sqs_sent_timestamp,1636,17,ok,
low-concurrency-20260711T171232.521874981Z,baseline-c20,2026-07-11T17:23:21.137Z,1783790601137,534847,first_a_sqs_sent_timestamp,1718,21,ok,
low-concurrency-20260711T171232.521874981Z,fair-c20,2026-07-11T17:23:21.163Z,1783790601163,535022,first_a_sqs_sent_timestamp,1669,18,ok,
low-concurrency-20260711T171232.521874981Z,baseline-c20,2026-07-11T17:23:22.142Z,1783790602142,535852,first_a_sqs_sent_timestamp,1627,14,ok,
low-concurrency-20260711T171232.521874981Z,fair-c20,2026-07-11T17:23:22.169Z,1783790602169,536028,first_a_sqs_sent_timestamp,1703,10,ok,
low-concurrency-20260711T171232.521874981Z,baseline-c20,2026-07-11T17:23:23.14Z,1783790603140,536850,first_a_sqs_sent_timestamp,1629,12,ok,
low-concurrency-20260711T171232.521874981Z,fair-c20,2026-07-11T17:23:23.167Z,1783790603167,537026,first_a_sqs_sent_timestamp,1632,14,ok,
low-concurrency-20260711T171232.521874981Z,baseline-c20,2026-07-11T17:23:24.137Z,1783790604137,537847,first_a_sqs_sent_timestamp,1625,13,ok,
low-concurrency-20260711T171232.521874981Z,fair-c20,2026-07-11T17:23:24.165Z,1783790604165,538024,first_a_sqs_sent_timestamp,1620,17,ok,
low-concurrency-20260711T171232.521874981Z,baseline-c20,2026-07-11T17:23:25.137Z,1783790605137,538847,first_a_sqs_sent_timestamp,1649,16,ok,
low-concurrency-20260711T171232.521874981Z,fair-c20,2026-07-11T17:23:25.165Z,1783790605165,539024,first_a_sqs_sent_timestamp,1650,17,ok,
low-concurrency-20260711T171232.521874981Z,baseline-c20,2026-07-11T17:23:26.137Z,1783790606137,539847,first_a_sqs_sent_timestamp,1595,10,ok,
low-concurrency-20260711T171232.521874981Z,fair-c20,2026-07-11T17:23:26.165Z,1783790606165,540024,first_a_sqs_sent_timestamp,1606,20,ok,
low-concurrency-20260711T171232.521874981Z,baseline-c20,2026-07-11T17:23:27.139Z,1783790607139,540849,first_a_sqs_sent_timestamp,1654,19,ok,
low-concurrency-20260711T171232.521874981Z,fair-c20,2026-07-11T17:23:27.165Z,1783790607165,541024,first_a_sqs_sent_timestamp,1599,16,ok,
low-concurrency-20260711T171232.521874981Z,baseline-c20,2026-07-11T17:23:28.138Z,1783790608138,541848,first_a_sqs_sent_timestamp,1596,11,ok,
low-concurrency-20260711T171232.521874981Z,fair-c20,2026-07-11T17:23:28.165Z,1783790608165,542024,first_a_sqs_sent_timestamp,1578,16,ok,
low-concurrency-20260711T171232.521874981Z,baseline-c20,2026-07-11T17:23:29.141Z,1783790609141,542851,first_a_sqs_sent_timestamp,1616,18,ok,
low-concurrency-20260711T171232.521874981Z,fair-c20,2026-07-11T17:23:29.17Z,1783790609170,543029,first_a_sqs_sent_timestamp,1590,18,ok,
low-concurrency-20260711T171232.521874981Z,baseline-c20,2026-07-11T17:23:30.138Z,1783790610138,543848,first_a_sqs_sent_timestamp,1583,21,ok,
low-concurrency-20260711T171232.521874981Z,fair-c20,2026-07-11T17:23:30.165Z,1783790610165,544024,first_a_sqs_sent_timestamp,1599,15,ok,
low-concurrency-20260711T171232.521874981Z,baseline-c20,2026-07-11T17:23:31.138Z,1783790611138,544848,first_a_sqs_sent_timestamp,1597,10,ok,
low-concurrency-20260711T171232.521874981Z,fair-c20,2026-07-11T17:23:31.164Z,1783790611164,545023,first_a_sqs_sent_timestamp,1606,20,ok,
low-concurrency-20260711T171232.521874981Z,baseline-c20,2026-07-11T17:23:32.139Z,1783790612139,545849,first_a_sqs_sent_timestamp,1626,12,ok,
low-concurrency-20260711T171232.521874981Z,fair-c20,2026-07-11T17:23:32.167Z,1783790612167,546026,first_a_sqs_sent_timestamp,1578,14,ok,
low-concurrency-20260711T171232.521874981Z,baseline-c20,2026-07-11T17:23:33.137Z,1783790613137,546847,first_a_sqs_sent_timestamp,1566,19,ok,
low-concurrency-20260711T171232.521874981Z,fair-c20,2026-07-11T17:23:33.163Z,1783790613163,547022,first_a_sqs_sent_timestamp,1541,19,ok,
low-concurrency-20260711T171232.521874981Z,baseline-c20,2026-07-11T17:23:34.14Z,1783790614140,547850,first_a_sqs_sent_timestamp,1556,13,ok,
low-concurrency-20260711T171232.521874981Z,fair-c20,2026-07-11T17:23:34.167Z,1783790614167,548026,first_a_sqs_sent_timestamp,1548,17,ok,
low-concurrency-20260711T171232.521874981Z,baseline-c20,2026-07-11T17:23:35.139Z,1783790615139,548849,first_a_sqs_sent_timestamp,1567,17,ok,
low-concurrency-20260711T171232.521874981Z,fair-c20,2026-07-11T17:23:35.168Z,1783790615168,549027,first_a_sqs_sent_timestamp,1636,18,ok,
low-concurrency-20260711T171232.521874981Z,baseline-c20,2026-07-11T17:23:36.138Z,1783790616138,549848,first_a_sqs_sent_timestamp,1546,17,ok,
low-concurrency-20260711T171232.521874981Z,fair-c20,2026-07-11T17:23:36.165Z,1783790616165,550024,first_a_sqs_sent_timestamp,1516,13,ok,
low-concurrency-20260711T171232.521874981Z,baseline-c20,2026-07-11T17:23:37.138Z,1783790617138,550848,first_a_sqs_sent_timestamp,1581,19,ok,
low-concurrency-20260711T171232.521874981Z,fair-c20,2026-07-11T17:23:37.164Z,1783790617164,551023,first_a_sqs_sent_timestamp,1534,21,ok,
low-concurrency-20260711T171232.521874981Z,baseline-c20,2026-07-11T17:23:38.177Z,1783790618177,551887,first_a_sqs_sent_timestamp,1532,13,ok,
low-concurrency-20260711T171232.521874981Z,fair-c20,2026-07-11T17:23:38.205Z,1783790618205,552064,first_a_sqs_sent_timestamp,1554,20,ok,
low-concurrency-20260711T171232.521874981Z,baseline-c20,2026-07-11T17:23:39.14Z,1783790619140,552850,first_a_sqs_sent_timestamp,1636,17,ok,
low-concurrency-20260711T171232.521874981Z,fair-c20,2026-07-11T17:23:39.166Z,1783790619166,553025,first_a_sqs_sent_timestamp,1515,14,ok,
low-concurrency-20260711T171232.521874981Z,baseline-c20,2026-07-11T17:23:40.14Z,1783790620140,553850,first_a_sqs_sent_timestamp,1548,19,ok,
low-concurrency-20260711T171232.521874981Z,fair-c20,2026-07-11T17:23:40.166Z,1783790620166,554025,first_a_sqs_sent_timestamp,1497,12,ok,
low-concurrency-20260711T171232.521874981Z,baseline-c20,2026-07-11T17:23:41.14Z,1783790621140,554850,first_a_sqs_sent_timestamp,1530,15,ok,
low-concurrency-20260711T171232.521874981Z,fair-c20,2026-07-11T17:23:41.166Z,1783790621166,555025,first_a_sqs_sent_timestamp,1516,14,ok,
low-concurrency-20260711T171232.521874981Z,baseline-c20,2026-07-11T17:23:42.14Z,1783790622140,555850,first_a_sqs_sent_timestamp,1493,18,ok,
low-concurrency-20260711T171232.521874981Z,fair-c20,2026-07-11T17:23:42.167Z,1783790622167,556026,first_a_sqs_sent_timestamp,1534,25,ok,
low-concurrency-20260711T171232.521874981Z,baseline-c20,2026-07-11T17:23:43.139Z,1783790623139,556849,first_a_sqs_sent_timestamp,1518,19,ok,
low-concurrency-20260711T171232.521874981Z,fair-c20,2026-07-11T17:23:43.167Z,1783790623167,557026,first_a_sqs_sent_timestamp,1495,12,ok,
low-concurrency-20260711T171232.521874981Z,baseline-c20,2026-07-11T17:23:44.139Z,1783790624139,557849,first_a_sqs_sent_timestamp,1492,20,ok,
low-concurrency-20260711T171232.521874981Z,fair-c20,2026-07-11T17:23:44.167Z,1783790624167,558026,first_a_sqs_sent_timestamp,1497,12,ok,
low-concurrency-20260711T171232.521874981Z,baseline-c20,2026-07-11T17:23:45.136Z,1783790625136,558846,first_a_sqs_sent_timestamp,1554,15,ok,
low-concurrency-20260711T171232.521874981Z,fair-c20,2026-07-11T17:23:45.163Z,1783790625163,559022,first_a_sqs_sent_timestamp,1541,20,ok,
low-concurrency-20260711T171232.521874981Z,baseline-c20,2026-07-11T17:23:46.139Z,1783790626139,559849,first_a_sqs_sent_timestamp,1507,16,ok,
low-concurrency-20260711T171232.521874981Z,fair-c20,2026-07-11T17:23:46.166Z,1783790626166,560025,first_a_sqs_sent_timestamp,1473,17,ok,
low-concurrency-20260711T171232.521874981Z,baseline-c20,2026-07-11T17:23:47.138Z,1783790627138,560848,first_a_sqs_sent_timestamp,1492,17,ok,
low-concurrency-20260711T171232.521874981Z,fair-c20,2026-07-11T17:23:47.164Z,1783790627164,561023,first_a_sqs_sent_timestamp,1479,10,ok,
low-concurrency-20260711T171232.521874981Z,baseline-c20,2026-07-11T17:23:48.137Z,1783790628137,561847,first_a_sqs_sent_timestamp,1482,13,ok,
low-concurrency-20260711T171232.521874981Z,fair-c20,2026-07-11T17:23:48.171Z,1783790628171,562030,first_a_sqs_sent_timestamp,1456,20,ok,
low-concurrency-20260711T171232.521874981Z,baseline-c20,2026-07-11T17:23:49.137Z,1783790629137,562847,first_a_sqs_sent_timestamp,1465,20,ok,
low-concurrency-20260711T171232.521874981Z,fair-c20,2026-07-11T17:23:49.164Z,1783790629164,563023,first_a_sqs_sent_timestamp,1570,20,ok,
low-concurrency-20260711T171232.521874981Z,baseline-c20,2026-07-11T17:23:50.141Z,1783790630141,563851,first_a_sqs_sent_timestamp,1499,20,ok,
low-concurrency-20260711T171232.521874981Z,fair-c20,2026-07-11T17:23:50.17Z,1783790630170,564029,first_a_sqs_sent_timestamp,1454,17,ok,
low-concurrency-20260711T171232.521874981Z,baseline-c20,2026-07-11T17:23:51.139Z,1783790631139,564849,first_a_sqs_sent_timestamp,1454,15,ok,
low-concurrency-20260711T171232.521874981Z,fair-c20,2026-07-11T17:23:51.167Z,1783790631167,565026,first_a_sqs_sent_timestamp,1456,21,ok,
low-concurrency-20260711T171232.521874981Z,baseline-c20,2026-07-11T17:23:52.137Z,1783790632137,565847,first_a_sqs_sent_timestamp,1436,16,ok,
low-concurrency-20260711T171232.521874981Z,fair-c20,2026-07-11T17:23:52.164Z,1783790632164,566023,first_a_sqs_sent_timestamp,1549,17,ok,
low-concurrency-20260711T171232.521874981Z,baseline-c20,2026-07-11T17:23:53.186Z,1783790633186,566896,first_a_sqs_sent_timestamp,1632,15,ok,
low-concurrency-20260711T171232.521874981Z,fair-c20,2026-07-11T17:23:53.214Z,1783790633214,567073,first_a_sqs_sent_timestamp,1472,17,ok,
low-concurrency-20260711T171232.521874981Z,baseline-c20,2026-07-11T17:23:54.14Z,1783790634140,567850,first_a_sqs_sent_timestamp,1456,25,ok,
low-concurrency-20260711T171232.521874981Z,fair-c20,2026-07-11T17:23:54.166Z,1783790634166,568025,first_a_sqs_sent_timestamp,1438,20,ok,
low-concurrency-20260711T171232.521874981Z,baseline-c20,2026-07-11T17:23:55.139Z,1783790635139,568849,first_a_sqs_sent_timestamp,1436,16,ok,
low-concurrency-20260711T171232.521874981Z,fair-c20,2026-07-11T17:23:55.168Z,1783790635168,569027,first_a_sqs_sent_timestamp,1394,23,ok,
low-concurrency-20260711T171232.521874981Z,baseline-c20,2026-07-11T17:23:56.138Z,1783790636138,569848,first_a_sqs_sent_timestamp,1415,15,ok,
low-concurrency-20260711T171232.521874981Z,fair-c20,2026-07-11T17:23:56.165Z,1783790636165,570024,first_a_sqs_sent_timestamp,1409,16,ok,
low-concurrency-20260711T171232.521874981Z,baseline-c20,2026-07-11T17:23:57.14Z,1783790637140,570850,first_a_sqs_sent_timestamp,1434,20,ok,
low-concurrency-20260711T171232.521874981Z,fair-c20,2026-07-11T17:23:57.167Z,1783790637167,571026,first_a_sqs_sent_timestamp,1393,20,ok,
low-concurrency-20260711T171232.521874981Z,baseline-c20,2026-07-11T17:23:58.137Z,1783790638137,571847,first_a_sqs_sent_timestamp,1416,15,ok,
low-concurrency-20260711T171232.521874981Z,fair-c20,2026-07-11T17:23:58.163Z,1783790638163,572022,first_a_sqs_sent_timestamp,1403,17,ok,
low-concurrency-20260711T171232.521874981Z,baseline-c20,2026-07-11T17:23:59.139Z,1783790639139,572849,first_a_sqs_sent_timestamp,1415,19,ok,
low-concurrency-20260711T171232.521874981Z,fair-c20,2026-07-11T17:23:59.167Z,1783790639167,573026,first_a_sqs_sent_timestamp,1410,18,ok,
low-concurrency-20260711T171232.521874981Z,baseline-c20,2026-07-11T17:24:00.144Z,1783790640144,573854,first_a_sqs_sent_timestamp,1466,21,ok,
low-concurrency-20260711T171232.521874981Z,fair-c20,2026-07-11T17:24:00.171Z,1783790640171,574030,first_a_sqs_sent_timestamp,1422,21,ok,
low-concurrency-20260711T171232.521874981Z,baseline-c20,2026-07-11T17:24:01.138Z,1783790641138,574848,first_a_sqs_sent_timestamp,1370,18,ok,
low-concurrency-20260711T171232.521874981Z,fair-c20,2026-07-11T17:24:01.165Z,1783790641165,575024,first_a_sqs_sent_timestamp,1395,20,ok,
low-concurrency-20260711T171232.521874981Z,baseline-c20,2026-07-11T17:24:02.138Z,1783790642138,575848,first_a_sqs_sent_timestamp,1412,15,ok,
low-concurrency-20260711T171232.521874981Z,fair-c20,2026-07-11T17:24:02.166Z,1783790642166,576025,first_a_sqs_sent_timestamp,1430,14,ok,
low-concurrency-20260711T171232.521874981Z,baseline-c20,2026-07-11T17:24:03.139Z,1783790643139,576849,first_a_sqs_sent_timestamp,1390,18,ok,
low-concurrency-20260711T171232.521874981Z,fair-c20,2026-07-11T17:24:03.168Z,1783790643168,577027,first_a_sqs_sent_timestamp,1358,19,ok,
low-concurrency-20260711T171232.521874981Z,baseline-c20,2026-07-11T17:24:04.145Z,1783790644145,577855,first_a_sqs_sent_timestamp,1355,19,ok,
low-concurrency-20260711T171232.521874981Z,fair-c20,2026-07-11T17:24:04.172Z,1783790644172,578031,first_a_sqs_sent_timestamp,1407,15,ok,
low-concurrency-20260711T171232.521874981Z,baseline-c20,2026-07-11T17:24:05.139Z,1783790645139,578849,first_a_sqs_sent_timestamp,1379,16,ok,
low-concurrency-20260711T171232.521874981Z,fair-c20,2026-07-11T17:24:05.167Z,1783790645167,579026,first_a_sqs_sent_timestamp,1353,15,ok,
low-concurrency-20260711T171232.521874981Z,baseline-c20,2026-07-11T17:24:06.138Z,1783790646138,579848,first_a_sqs_sent_timestamp,1371,17,ok,
low-concurrency-20260711T171232.521874981Z,fair-c20,2026-07-11T17:24:06.163Z,1783790646163,580022,first_a_sqs_sent_timestamp,1341,18,ok,
low-concurrency-20260711T171232.521874981Z,baseline-c20,2026-07-11T17:24:07.136Z,1783790647136,580846,first_a_sqs_sent_timestamp,1453,15,ok,
low-concurrency-20260711T171232.521874981Z,fair-c20,2026-07-11T17:24:07.161Z,1783790647161,581020,first_a_sqs_sent_timestamp,1353,14,ok,
low-concurrency-20260711T171232.521874981Z,baseline-c20,2026-07-11T17:24:08.142Z,1783790648142,581852,first_a_sqs_sent_timestamp,1330,17,ok,
low-concurrency-20260711T171232.521874981Z,fair-c20,2026-07-11T17:24:08.169Z,1783790648169,582028,first_a_sqs_sent_timestamp,1355,19,ok,
low-concurrency-20260711T171232.521874981Z,baseline-c20,2026-07-11T17:24:09.137Z,1783790649137,582847,first_a_sqs_sent_timestamp,1359,13,ok,
low-concurrency-20260711T171232.521874981Z,fair-c20,2026-07-11T17:24:09.165Z,1783790649165,583024,first_a_sqs_sent_timestamp,1309,17,ok,
low-concurrency-20260711T171232.521874981Z,baseline-c20,2026-07-11T17:24:10.137Z,1783790650137,583847,first_a_sqs_sent_timestamp,1341,16,ok,
low-concurrency-20260711T171232.521874981Z,fair-c20,2026-07-11T17:24:10.168Z,1783790650168,584027,first_a_sqs_sent_timestamp,1378,20,ok,
low-concurrency-20260711T171232.521874981Z,baseline-c20,2026-07-11T17:24:11.139Z,1783790651139,584849,first_a_sqs_sent_timestamp,1329,15,ok,
low-concurrency-20260711T171232.521874981Z,fair-c20,2026-07-11T17:24:11.165Z,1783790651165,585024,first_a_sqs_sent_timestamp,1343,20,ok,
low-concurrency-20260711T171232.521874981Z,baseline-c20,2026-07-11T17:24:12.137Z,1783790652137,585847,first_a_sqs_sent_timestamp,1329,15,ok,
low-concurrency-20260711T171232.521874981Z,fair-c20,2026-07-11T17:24:12.165Z,1783790652165,586024,first_a_sqs_sent_timestamp,1334,13,ok,
low-concurrency-20260711T171232.521874981Z,baseline-c20,2026-07-11T17:24:13.137Z,1783790653137,586847,first_a_sqs_sent_timestamp,1315,23,ok,
low-concurrency-20260711T171232.521874981Z,fair-c20,2026-07-11T17:24:13.165Z,1783790653165,587024,first_a_sqs_sent_timestamp,1299,17,ok,
low-concurrency-20260711T171232.521874981Z,baseline-c20,2026-07-11T17:24:14.14Z,1783790654140,587850,first_a_sqs_sent_timestamp,1354,17,ok,
low-concurrency-20260711T171232.521874981Z,fair-c20,2026-07-11T17:24:14.167Z,1783790654167,588026,first_a_sqs_sent_timestamp,1315,19,ok,
low-concurrency-20260711T171232.521874981Z,baseline-c20,2026-07-11T17:24:15.138Z,1783790655138,588848,first_a_sqs_sent_timestamp,1334,17,ok,
low-concurrency-20260711T171232.521874981Z,fair-c20,2026-07-11T17:24:15.166Z,1783790655166,589025,first_a_sqs_sent_timestamp,1291,10,ok,
low-concurrency-20260711T171232.521874981Z,baseline-c20,2026-07-11T17:24:16.137Z,1783790656137,589847,first_a_sqs_sent_timestamp,1357,15,ok,
low-concurrency-20260711T171232.521874981Z,fair-c20,2026-07-11T17:24:16.165Z,1783790656165,590024,first_a_sqs_sent_timestamp,1362,18,ok,
low-concurrency-20260711T171232.521874981Z,baseline-c20,2026-07-11T17:24:17.139Z,1783790657139,590849,first_a_sqs_sent_timestamp,1286,17,ok,
low-concurrency-20260711T171232.521874981Z,fair-c20,2026-07-11T17:24:17.168Z,1783790657168,591027,first_a_sqs_sent_timestamp,1296,18,ok,
low-concurrency-20260711T171232.521874981Z,baseline-c20,2026-07-11T17:24:18.141Z,1783790658141,591851,first_a_sqs_sent_timestamp,1281,18,ok,
low-concurrency-20260711T171232.521874981Z,fair-c20,2026-07-11T17:24:18.168Z,1783790658168,592027,first_a_sqs_sent_timestamp,1291,10,ok,
low-concurrency-20260711T171232.521874981Z,baseline-c20,2026-07-11T17:24:19.137Z,1783790659137,592847,first_a_sqs_sent_timestamp,1343,17,ok,
low-concurrency-20260711T171232.521874981Z,fair-c20,2026-07-11T17:24:19.168Z,1783790659168,593027,first_a_sqs_sent_timestamp,1282,15,ok,
low-concurrency-20260711T171232.521874981Z,baseline-c20,2026-07-11T17:24:20.139Z,1783790660139,593849,first_a_sqs_sent_timestamp,1330,18,ok,
low-concurrency-20260711T171232.521874981Z,fair-c20,2026-07-11T17:24:20.164Z,1783790660164,594023,first_a_sqs_sent_timestamp,1306,16,ok,
low-concurrency-20260711T171232.521874981Z,baseline-c20,2026-07-11T17:24:21.139Z,1783790661139,594849,first_a_sqs_sent_timestamp,1250,17,ok,
low-concurrency-20260711T171232.521874981Z,fair-c20,2026-07-11T17:24:21.165Z,1783790661165,595024,first_a_sqs_sent_timestamp,1231,20,ok,
low-concurrency-20260711T171232.521874981Z,baseline-c20,2026-07-11T17:24:22.138Z,1783790662138,595848,first_a_sqs_sent_timestamp,1276,18,ok,
low-concurrency-20260711T171232.521874981Z,fair-c20,2026-07-11T17:24:22.164Z,1783790662164,596023,first_a_sqs_sent_timestamp,1248,18,ok,
low-concurrency-20260711T171232.521874981Z,baseline-c20,2026-07-11T17:24:23.139Z,1783790663139,596849,first_a_sqs_sent_timestamp,1288,16,ok,
low-concurrency-20260711T171232.521874981Z,fair-c20,2026-07-11T17:24:23.164Z,1783790663164,597023,first_a_sqs_sent_timestamp,1236,16,ok,
low-concurrency-20260711T171232.521874981Z,baseline-c20,2026-07-11T17:24:24.138Z,1783790664138,597848,first_a_sqs_sent_timestamp,1317,19,ok,
low-concurrency-20260711T171232.521874981Z,fair-c20,2026-07-11T17:24:24.163Z,1783790664163,598022,first_a_sqs_sent_timestamp,1275,16,ok,
low-concurrency-20260711T171232.521874981Z,baseline-c20,2026-07-11T17:24:25.136Z,1783790665136,598846,first_a_sqs_sent_timestamp,1251,19,ok,
low-concurrency-20260711T171232.521874981Z,fair-c20,2026-07-11T17:24:25.164Z,1783790665164,599023,first_a_sqs_sent_timestamp,1247,18,ok,
low-concurrency-20260711T171232.521874981Z,baseline-c20,2026-07-11T17:24:26.141Z,1783790666141,599851,first_a_sqs_sent_timestamp,1283,14,ok,
low-concurrency-20260711T171232.521874981Z,fair-c20,2026-07-11T17:24:26.166Z,1783790666166,600025,first_a_sqs_sent_timestamp,1197,14,ok,
low-concurrency-20260711T171232.521874981Z,baseline-c20,2026-07-11T17:24:27.145Z,1783790667145,600855,first_a_sqs_sent_timestamp,1235,15,ok,
low-concurrency-20260711T171232.521874981Z,fair-c20,2026-07-11T17:24:27.171Z,1783790667171,601030,first_a_sqs_sent_timestamp,1200,20,ok,
low-concurrency-20260711T171232.521874981Z,baseline-c20,2026-07-11T17:24:28.137Z,1783790668137,601847,first_a_sqs_sent_timestamp,1256,15,ok,
low-concurrency-20260711T171232.521874981Z,fair-c20,2026-07-11T17:24:28.163Z,1783790668163,602022,first_a_sqs_sent_timestamp,1204,18,ok,
low-concurrency-20260711T171232.521874981Z,baseline-c20,2026-07-11T17:24:29.136Z,1783790669136,602846,first_a_sqs_sent_timestamp,1208,9,ok,
low-concurrency-20260711T171232.521874981Z,fair-c20,2026-07-11T17:24:29.16Z,1783790669160,603019,first_a_sqs_sent_timestamp,1198,14,ok,
low-concurrency-20260711T171232.521874981Z,baseline-c20,2026-07-11T17:24:30.138Z,1783790670138,603848,first_a_sqs_sent_timestamp,1251,16,ok,
low-concurrency-20260711T171232.521874981Z,fair-c20,2026-07-11T17:24:30.165Z,1783790670165,604024,first_a_sqs_sent_timestamp,1197,15,ok,
low-concurrency-20260711T171232.521874981Z,baseline-c20,2026-07-11T17:24:31.136Z,1783790671136,604846,first_a_sqs_sent_timestamp,1192,17,ok,
low-concurrency-20260711T171232.521874981Z,fair-c20,2026-07-11T17:24:31.162Z,1783790671162,605021,first_a_sqs_sent_timestamp,1197,14,ok,
low-concurrency-20260711T171232.521874981Z,baseline-c20,2026-07-11T17:24:32.142Z,1783790672142,605852,first_a_sqs_sent_timestamp,1205,8,ok,
low-concurrency-20260711T171232.521874981Z,fair-c20,2026-07-11T17:24:32.168Z,1783790672168,606027,first_a_sqs_sent_timestamp,1164,16,ok,
low-concurrency-20260711T171232.521874981Z,baseline-c20,2026-07-11T17:24:33.14Z,1783790673140,606850,first_a_sqs_sent_timestamp,1213,18,ok,
low-concurrency-20260711T171232.521874981Z,fair-c20,2026-07-11T17:24:33.166Z,1783790673166,607025,first_a_sqs_sent_timestamp,1180,18,ok,
low-concurrency-20260711T171232.521874981Z,baseline-c20,2026-07-11T17:24:34.14Z,1783790674140,607850,first_a_sqs_sent_timestamp,1239,13,ok,
low-concurrency-20260711T171232.521874981Z,fair-c20,2026-07-11T17:24:34.166Z,1783790674166,608025,first_a_sqs_sent_timestamp,1154,17,ok,
low-concurrency-20260711T171232.521874981Z,baseline-c20,2026-07-11T17:24:35.138Z,1783790675138,608848,first_a_sqs_sent_timestamp,1153,19,ok,
low-concurrency-20260711T171232.521874981Z,fair-c20,2026-07-11T17:24:35.163Z,1783790675163,609022,first_a_sqs_sent_timestamp,1235,17,ok,
low-concurrency-20260711T171232.521874981Z,baseline-c20,2026-07-11T17:24:36.138Z,1783790676138,609848,first_a_sqs_sent_timestamp,1233,18,ok,
low-concurrency-20260711T171232.521874981Z,fair-c20,2026-07-11T17:24:36.164Z,1783790676164,610023,first_a_sqs_sent_timestamp,1121,17,ok,
low-concurrency-20260711T171232.521874981Z,baseline-c20,2026-07-11T17:24:37.138Z,1783790677138,610848,first_a_sqs_sent_timestamp,1205,8,ok,
low-concurrency-20260711T171232.521874981Z,fair-c20,2026-07-11T17:24:37.165Z,1783790677165,611024,first_a_sqs_sent_timestamp,1153,16,ok,
low-concurrency-20260711T171232.521874981Z,baseline-c20,2026-07-11T17:24:38.139Z,1783790678139,611849,first_a_sqs_sent_timestamp,1153,16,ok,
low-concurrency-20260711T171232.521874981Z,fair-c20,2026-07-11T17:24:38.166Z,1783790678166,612025,first_a_sqs_sent_timestamp,1120,18,ok,
low-concurrency-20260711T171232.521874981Z,baseline-c20,2026-07-11T17:24:39.138Z,1783790679138,612848,first_a_sqs_sent_timestamp,1124,19,ok,
low-concurrency-20260711T171232.521874981Z,fair-c20,2026-07-11T17:24:39.163Z,1783790679163,613022,first_a_sqs_sent_timestamp,1120,17,ok,
low-concurrency-20260711T171232.521874981Z,baseline-c20,2026-07-11T17:24:40.137Z,1783790680137,613847,first_a_sqs_sent_timestamp,1137,17,ok,
low-concurrency-20260711T171232.521874981Z,fair-c20,2026-07-11T17:24:40.162Z,1783790680162,614021,first_a_sqs_sent_timestamp,1082,18,ok,
low-concurrency-20260711T171232.521874981Z,baseline-c20,2026-07-11T17:24:41.138Z,1783790681138,614848,first_a_sqs_sent_timestamp,1102,18,ok,
low-concurrency-20260711T171232.521874981Z,fair-c20,2026-07-11T17:24:41.165Z,1783790681165,615024,first_a_sqs_sent_timestamp,1259,15,ok,
low-concurrency-20260711T171232.521874981Z,baseline-c20,2026-07-11T17:24:42.137Z,1783790682137,615847,first_a_sqs_sent_timestamp,1153,16,ok,
low-concurrency-20260711T171232.521874981Z,fair-c20,2026-07-11T17:24:42.167Z,1783790682167,616026,first_a_sqs_sent_timestamp,1102,18,ok,
low-concurrency-20260711T171232.521874981Z,baseline-c20,2026-07-11T17:24:43.14Z,1783790683140,616850,first_a_sqs_sent_timestamp,1137,17,ok,
low-concurrency-20260711T171232.521874981Z,fair-c20,2026-07-11T17:24:43.167Z,1783790683167,617026,first_a_sqs_sent_timestamp,1063,19,ok,
low-concurrency-20260711T171232.521874981Z,baseline-c20,2026-07-11T17:24:44.183Z,1783790684183,617893,first_a_sqs_sent_timestamp,1069,17,ok,
low-concurrency-20260711T171232.521874981Z,fair-c20,2026-07-11T17:24:44.21Z,1783790684210,618069,first_a_sqs_sent_timestamp,1063,19,ok,
low-concurrency-20260711T171232.521874981Z,baseline-c20,2026-07-11T17:24:45.137Z,1783790685137,618847,first_a_sqs_sent_timestamp,1134,20,ok,
low-concurrency-20260711T171232.521874981Z,fair-c20,2026-07-11T17:24:45.165Z,1783790685165,619024,first_a_sqs_sent_timestamp,1071,16,ok,
low-concurrency-20260711T171232.521874981Z,baseline-c20,2026-07-11T17:24:46.14Z,1783790686140,619850,first_a_sqs_sent_timestamp,1073,19,ok,
low-concurrency-20260711T171232.521874981Z,fair-c20,2026-07-11T17:24:46.165Z,1783790686165,620024,first_a_sqs_sent_timestamp,1031,13,ok,
low-concurrency-20260711T171232.521874981Z,baseline-c20,2026-07-11T17:24:47.141Z,1783790687141,620851,first_a_sqs_sent_timestamp,1105,19,ok,
low-concurrency-20260711T171232.521874981Z,fair-c20,2026-07-11T17:24:47.166Z,1783790687166,621025,first_a_sqs_sent_timestamp,1082,18,ok,
low-concurrency-20260711T171232.521874981Z,baseline-c20,2026-07-11T17:24:48.137Z,1783790688137,621847,first_a_sqs_sent_timestamp,1039,16,ok,
low-concurrency-20260711T171232.521874981Z,fair-c20,2026-07-11T17:24:48.163Z,1783790688163,622022,first_a_sqs_sent_timestamp,1102,18,ok,
low-concurrency-20260711T171232.521874981Z,baseline-c20,2026-07-11T17:24:49.139Z,1783790689139,622849,first_a_sqs_sent_timestamp,1083,18,ok,
low-concurrency-20260711T171232.521874981Z,fair-c20,2026-07-11T17:24:49.166Z,1783790689166,623025,first_a_sqs_sent_timestamp,1015,16,ok,
low-concurrency-20260711T171232.521874981Z,baseline-c20,2026-07-11T17:24:50.137Z,1783790690137,623847,first_a_sqs_sent_timestamp,1069,17,ok,
low-concurrency-20260711T171232.521874981Z,fair-c20,2026-07-11T17:24:50.164Z,1783790690164,624023,first_a_sqs_sent_timestamp,1031,13,ok,
low-concurrency-20260711T171232.521874981Z,baseline-c20,2026-07-11T17:24:51.136Z,1783790691136,624846,first_a_sqs_sent_timestamp,1039,16,ok,
low-concurrency-20260711T171232.521874981Z,fair-c20,2026-07-11T17:24:51.163Z,1783790691163,625022,first_a_sqs_sent_timestamp,1071,16,ok,
low-concurrency-20260711T171232.521874981Z,baseline-c20,2026-07-11T17:24:52.138Z,1783790692138,625848,first_a_sqs_sent_timestamp,1014,20,ok,
low-concurrency-20260711T171232.521874981Z,fair-c20,2026-07-11T17:24:52.165Z,1783790692165,626024,first_a_sqs_sent_timestamp,978,19,ok,
low-concurrency-20260711T171232.521874981Z,baseline-c20,2026-07-11T17:24:53.137Z,1783790693137,626847,first_a_sqs_sent_timestamp,1055,18,ok,
low-concurrency-20260711T171232.521874981Z,fair-c20,2026-07-11T17:24:53.165Z,1783790693165,627024,first_a_sqs_sent_timestamp,1015,16,ok,
low-concurrency-20260711T171232.521874981Z,baseline-c20,2026-07-11T17:24:54.17Z,1783790694170,627880,first_a_sqs_sent_timestamp,1073,19,ok,
low-concurrency-20260711T171232.521874981Z,fair-c20,2026-07-11T17:24:54.199Z,1783790694199,628058,first_a_sqs_sent_timestamp,1031,13,ok,
low-concurrency-20260711T171232.521874981Z,baseline-c20,2026-07-11T17:24:55.138Z,1783790695138,628848,first_a_sqs_sent_timestamp,1014,20,ok,
low-concurrency-20260711T171232.521874981Z,fair-c20,2026-07-11T17:24:55.164Z,1783790695164,629023,first_a_sqs_sent_timestamp,1020,19,ok,
low-concurrency-20260711T171232.521874981Z,baseline-c20,2026-07-11T17:24:56.136Z,1783790696136,629846,first_a_sqs_sent_timestamp,976,20,ok,
low-concurrency-20260711T171232.521874981Z,fair-c20,2026-07-11T17:24:56.163Z,1783790696163,630022,first_a_sqs_sent_timestamp,945,17,ok,
low-concurrency-20260711T171232.521874981Z,baseline-c20,2026-07-11T17:24:57.137Z,1783790697137,630847,first_a_sqs_sent_timestamp,972,15,ok,
low-concurrency-20260711T171232.521874981Z,fair-c20,2026-07-11T17:24:57.162Z,1783790697162,631021,first_a_sqs_sent_timestamp,969,16,ok,
low-concurrency-20260711T171232.521874981Z,baseline-c20,2026-07-11T17:24:58.136Z,1783790698136,631846,first_a_sqs_sent_timestamp,987,15,ok,
low-concurrency-20260711T171232.521874981Z,fair-c20,2026-07-11T17:24:58.164Z,1783790698164,632023,first_a_sqs_sent_timestamp,959,17,ok,
low-concurrency-20260711T171232.521874981Z,baseline-c20,2026-07-11T17:24:59.137Z,1783790699137,632847,first_a_sqs_sent_timestamp,972,15,ok,
low-concurrency-20260711T171232.521874981Z,fair-c20,2026-07-11T17:24:59.163Z,1783790699163,633022,first_a_sqs_sent_timestamp,950,19,ok,
low-concurrency-20260711T171232.521874981Z,baseline-c20,2026-07-11T17:25:00.141Z,1783790700141,633851,first_a_sqs_sent_timestamp,987,15,ok,
low-concurrency-20260711T171232.521874981Z,fair-c20,2026-07-11T17:25:00.168Z,1783790700168,634027,first_a_sqs_sent_timestamp,913,17,ok,
low-concurrency-20260711T171232.521874981Z,baseline-c20,2026-07-11T17:25:01.137Z,1783790701137,634847,first_a_sqs_sent_timestamp,930,19,ok,
low-concurrency-20260711T171232.521874981Z,fair-c20,2026-07-11T17:25:01.165Z,1783790701165,635024,first_a_sqs_sent_timestamp,913,17,ok,
low-concurrency-20260711T171232.521874981Z,baseline-c20,2026-07-11T17:25:02.137Z,1783790702137,635847,first_a_sqs_sent_timestamp,930,19,ok,
low-concurrency-20260711T171232.521874981Z,fair-c20,2026-07-11T17:25:02.163Z,1783790702163,636022,first_a_sqs_sent_timestamp,969,16,ok,
low-concurrency-20260711T171232.521874981Z,baseline-c20,2026-07-11T17:25:03.14Z,1783790703140,636850,first_a_sqs_sent_timestamp,1012,20,ok,
low-concurrency-20260711T171232.521874981Z,fair-c20,2026-07-11T17:25:03.166Z,1783790703166,637025,first_a_sqs_sent_timestamp,950,19,ok,
low-concurrency-20260711T171232.521874981Z,baseline-c20,2026-07-11T17:25:04.141Z,1783790704141,637851,first_a_sqs_sent_timestamp,930,19,ok,
low-concurrency-20260711T171232.521874981Z,fair-c20,2026-07-11T17:25:04.169Z,1783790704169,638028,first_a_sqs_sent_timestamp,945,17,ok,
low-concurrency-20260711T171232.521874981Z,baseline-c20,2026-07-11T17:25:05.139Z,1783790705139,638849,first_a_sqs_sent_timestamp,929,16,ok,
low-concurrency-20260711T171232.521874981Z,fair-c20,2026-07-11T17:25:05.167Z,1783790705167,639026,first_a_sqs_sent_timestamp,888,17,ok,
low-concurrency-20260711T171232.521874981Z,baseline-c20,2026-07-11T17:25:06.135Z,1783790706135,639845,first_a_sqs_sent_timestamp,875,20,ok,
low-concurrency-20260711T171232.521874981Z,fair-c20,2026-07-11T17:25:06.161Z,1783790706161,640020,first_a_sqs_sent_timestamp,882,17,ok,
low-concurrency-20260711T171232.521874981Z,baseline-c20,2026-07-11T17:25:07.137Z,1783790707137,640847,first_a_sqs_sent_timestamp,895,17,ok,
low-concurrency-20260711T171232.521874981Z,fair-c20,2026-07-11T17:25:07.163Z,1783790707163,641022,first_a_sqs_sent_timestamp,882,17,ok,
low-concurrency-20260711T171232.521874981Z,baseline-c20,2026-07-11T17:25:08.139Z,1783790708139,641849,first_a_sqs_sent_timestamp,904,15,ok,
low-concurrency-20260711T171232.521874981Z,fair-c20,2026-07-11T17:25:08.164Z,1783790708164,642023,first_a_sqs_sent_timestamp,880,15,ok,
low-concurrency-20260711T171232.521874981Z,baseline-c20,2026-07-11T17:25:09.139Z,1783790709139,642849,first_a_sqs_sent_timestamp,895,17,ok,
low-concurrency-20260711T171232.521874981Z,fair-c20,2026-07-11T17:25:09.168Z,1783790709168,643027,first_a_sqs_sent_timestamp,888,17,ok,
low-concurrency-20260711T171232.521874981Z,baseline-c20,2026-07-11T17:25:10.139Z,1783790710139,643849,first_a_sqs_sent_timestamp,858,15,ok,
low-concurrency-20260711T171232.521874981Z,fair-c20,2026-07-11T17:25:10.166Z,1783790710166,644025,first_a_sqs_sent_timestamp,882,17,ok,
low-concurrency-20260711T171232.521874981Z,baseline-c20,2026-07-11T17:25:11.138Z,1783790711138,644848,first_a_sqs_sent_timestamp,858,16,ok,
low-concurrency-20260711T171232.521874981Z,fair-c20,2026-07-11T17:25:11.172Z,1783790711172,645031,first_a_sqs_sent_timestamp,895,19,ok,
low-concurrency-20260711T171232.521874981Z,baseline-c20,2026-07-11T17:25:12.135Z,1783790712135,645845,first_a_sqs_sent_timestamp,828,15,ok,
low-concurrency-20260711T171232.521874981Z,fair-c20,2026-07-11T17:25:12.161Z,1783790712161,646020,first_a_sqs_sent_timestamp,830,19,ok,
low-concurrency-20260711T171232.521874981Z,baseline-c20,2026-07-11T17:25:13.143Z,1783790713143,646853,first_a_sqs_sent_timestamp,858,15,ok,
low-concurrency-20260711T171232.521874981Z,fair-c20,2026-07-11T17:25:13.17Z,1783790713170,647029,first_a_sqs_sent_timestamp,880,15,ok,
low-concurrency-20260711T171232.521874981Z,baseline-c20,2026-07-11T17:25:14.138Z,1783790714138,647848,first_a_sqs_sent_timestamp,858,15,ok,
low-concurrency-20260711T171232.521874981Z,fair-c20,2026-07-11T17:25:14.166Z,1783790714166,648025,first_a_sqs_sent_timestamp,849,18,ok,
low-concurrency-20260711T171232.521874981Z,baseline-c20,2026-07-11T17:25:15.14Z,1783790715140,648850,first_a_sqs_sent_timestamp,875,20,ok,
low-concurrency-20260711T171232.521874981Z,fair-c20,2026-07-11T17:25:15.166Z,1783790715166,649025,first_a_sqs_sent_timestamp,796,16,ok,
low-concurrency-20260711T171232.521874981Z,baseline-c20,2026-07-11T17:25:16.136Z,1783790716136,649846,first_a_sqs_sent_timestamp,803,12,ok,
low-concurrency-20260711T171232.521874981Z,fair-c20,2026-07-11T17:25:16.162Z,1783790716162,650021,first_a_sqs_sent_timestamp,779,19,ok,
low-concurrency-20260711T171232.521874981Z,baseline-c20,2026-07-11T17:25:17.137Z,1783790717137,650847,first_a_sqs_sent_timestamp,812,13,ok,
low-concurrency-20260711T171232.521874981Z,fair-c20,2026-07-11T17:25:17.164Z,1783790717164,651023,first_a_sqs_sent_timestamp,823,16,ok,
low-concurrency-20260711T171232.521874981Z,baseline-c20,2026-07-11T17:25:18.137Z,1783790718137,651847,first_a_sqs_sent_timestamp,803,12,ok,
low-concurrency-20260711T171232.521874981Z,fair-c20,2026-07-11T17:25:18.163Z,1783790718163,652022,first_a_sqs_sent_timestamp,779,19,ok,
low-concurrency-20260711T171232.521874981Z,baseline-c20,2026-07-11T17:25:19.136Z,1783790719136,652846,first_a_sqs_sent_timestamp,803,12,ok,
low-concurrency-20260711T171232.521874981Z,fair-c20,2026-07-11T17:25:19.162Z,1783790719162,653021,first_a_sqs_sent_timestamp,839,17,ok,
low-concurrency-20260711T171232.521874981Z,baseline-c20,2026-07-11T17:25:20.259Z,1783790720259,653969,first_a_sqs_sent_timestamp,812,13,ok,
low-concurrency-20260711T171232.521874981Z,fair-c20,2026-07-11T17:25:20.289Z,1783790720289,654148,first_a_sqs_sent_timestamp,796,16,ok,
low-concurrency-20260711T171232.521874981Z,baseline-c20,2026-07-11T17:25:21.159Z,1783790721159,654869,first_a_sqs_sent_timestamp,794,18,ok,
low-concurrency-20260711T171232.521874981Z,fair-c20,2026-07-11T17:25:21.185Z,1783790721185,655044,first_a_sqs_sent_timestamp,754,17,ok,
low-concurrency-20260711T171232.521874981Z,baseline-c20,2026-07-11T17:25:22.137Z,1783790722137,655847,first_a_sqs_sent_timestamp,757,17,ok,
low-concurrency-20260711T171232.521874981Z,fair-c20,2026-07-11T17:25:22.163Z,1783790722163,656022,first_a_sqs_sent_timestamp,750,16,ok,
low-concurrency-20260711T171232.521874981Z,baseline-c20,2026-07-11T17:25:23.139Z,1783790723139,656849,first_a_sqs_sent_timestamp,861,14,ok,
low-concurrency-20260711T171232.521874981Z,fair-c20,2026-07-11T17:25:23.165Z,1783790723165,657024,first_a_sqs_sent_timestamp,779,19,ok,
low-concurrency-20260711T171232.521874981Z,baseline-c20,2026-07-11T17:25:24.138Z,1783790724138,657848,first_a_sqs_sent_timestamp,748,19,ok,
low-concurrency-20260711T171232.521874981Z,fair-c20,2026-07-11T17:25:24.163Z,1783790724163,658022,first_a_sqs_sent_timestamp,750,16,ok,
low-concurrency-20260711T171232.521874981Z,baseline-c20,2026-07-11T17:25:25.14Z,1783790725140,658850,first_a_sqs_sent_timestamp,828,15,ok,
low-concurrency-20260711T171232.521874981Z,fair-c20,2026-07-11T17:25:25.167Z,1783790725167,659026,first_a_sqs_sent_timestamp,750,16,ok,
low-concurrency-20260711T171232.521874981Z,baseline-c20,2026-07-11T17:25:26.138Z,1783790726138,659848,first_a_sqs_sent_timestamp,744,15,ok,
low-concurrency-20260711T171232.521874981Z,fair-c20,2026-07-11T17:25:26.165Z,1783790726165,660024,first_a_sqs_sent_timestamp,722,14,ok,
low-concurrency-20260711T171232.521874981Z,baseline-c20,2026-07-11T17:25:27.138Z,1783790727138,660848,first_a_sqs_sent_timestamp,713,16,ok,
low-concurrency-20260711T171232.521874981Z,fair-c20,2026-07-11T17:25:27.163Z,1783790727163,661022,first_a_sqs_sent_timestamp,704,18,ok,
low-concurrency-20260711T171232.521874981Z,baseline-c20,2026-07-11T17:25:28.139Z,1783790728139,661849,first_a_sqs_sent_timestamp,713,16,ok,
low-concurrency-20260711T171232.521874981Z,fair-c20,2026-07-11T17:25:28.183Z,1783790728183,662042,first_a_sqs_sent_timestamp,754,17,ok,
low-concurrency-20260711T171232.521874981Z,baseline-c20,2026-07-11T17:25:29.139Z,1783790729139,662849,first_a_sqs_sent_timestamp,803,12,ok,
low-concurrency-20260711T171232.521874981Z,fair-c20,2026-07-11T17:25:29.166Z,1783790729166,663025,first_a_sqs_sent_timestamp,679,18,ok,
low-concurrency-20260711T171232.521874981Z,baseline-c20,2026-07-11T17:25:30.138Z,1783790730138,663848,first_a_sqs_sent_timestamp,729,19,ok,
low-concurrency-20260711T171232.521874981Z,fair-c20,2026-07-11T17:25:30.165Z,1783790730165,664024,first_a_sqs_sent_timestamp,675,20,ok,
low-concurrency-20260711T171232.521874981Z,baseline-c20,2026-07-11T17:25:31.137Z,1783790731137,664847,first_a_sqs_sent_timestamp,679,18,ok,
low-concurrency-20260711T171232.521874981Z,fair-c20,2026-07-11T17:25:31.165Z,1783790731165,665024,first_a_sqs_sent_timestamp,805,18,ok,
low-concurrency-20260711T171232.521874981Z,baseline-c20,2026-07-11T17:25:32.142Z,1783790732142,665852,first_a_sqs_sent_timestamp,679,18,ok,
low-concurrency-20260711T171232.521874981Z,fair-c20,2026-07-11T17:25:32.169Z,1783790732169,666028,first_a_sqs_sent_timestamp,675,20,ok,
low-concurrency-20260711T171232.521874981Z,baseline-c20,2026-07-11T17:25:33.138Z,1783790733138,666848,first_a_sqs_sent_timestamp,656,19,ok,
low-concurrency-20260711T171232.521874981Z,fair-c20,2026-07-11T17:25:33.165Z,1783790733165,667024,first_a_sqs_sent_timestamp,653,19,ok,
low-concurrency-20260711T171232.521874981Z,baseline-c20,2026-07-11T17:25:34.143Z,1783790734143,667853,first_a_sqs_sent_timestamp,713,16,ok,
low-concurrency-20260711T171232.521874981Z,fair-c20,2026-07-11T17:25:34.171Z,1783790734171,668030,first_a_sqs_sent_timestamp,675,20,ok,
low-concurrency-20260711T171232.521874981Z,baseline-c20,2026-07-11T17:25:35.139Z,1783790735139,668849,first_a_sqs_sent_timestamp,757,17,ok,
low-concurrency-20260711T171232.521874981Z,fair-c20,2026-07-11T17:25:35.167Z,1783790735167,669026,first_a_sqs_sent_timestamp,679,18,ok,
low-concurrency-20260711T171232.521874981Z,baseline-c20,2026-07-11T17:25:36.137Z,1783790736137,669847,first_a_sqs_sent_timestamp,636,19,ok,
low-concurrency-20260711T171232.521874981Z,fair-c20,2026-07-11T17:25:36.163Z,1783790736163,670022,first_a_sqs_sent_timestamp,622,16,ok,
low-concurrency-20260711T171232.521874981Z,baseline-c20,2026-07-11T17:25:37.144Z,1783790737144,670854,first_a_sqs_sent_timestamp,673,18,ok,
low-concurrency-20260711T171232.521874981Z,fair-c20,2026-07-11T17:25:37.173Z,1783790737173,671032,first_a_sqs_sent_timestamp,653,19,ok,
low-concurrency-20260711T171232.521874981Z,baseline-c20,2026-07-11T17:25:38.138Z,1783790738138,671848,first_a_sqs_sent_timestamp,613,17,ok,
low-concurrency-20260711T171232.521874981Z,fair-c20,2026-07-11T17:25:38.164Z,1783790738164,672023,first_a_sqs_sent_timestamp,704,18,ok,
low-concurrency-20260711T171232.521874981Z,baseline-c20,2026-07-11T17:25:39.138Z,1783790739138,672848,first_a_sqs_sent_timestamp,603,16,ok,
low-concurrency-20260711T171232.521874981Z,fair-c20,2026-07-11T17:25:39.166Z,1783790739166,673025,first_a_sqs_sent_timestamp,604,18,ok,
low-concurrency-20260711T171232.521874981Z,baseline-c20,2026-07-11T17:25:40.137Z,1783790740137,673847,first_a_sqs_sent_timestamp,630,16,ok,
low-concurrency-20260711T171232.521874981Z,fair-c20,2026-07-11T17:25:40.165Z,1783790740165,674024,first_a_sqs_sent_timestamp,626,18,ok,
low-concurrency-20260711T171232.521874981Z,baseline-c20,2026-07-11T17:25:41.138Z,1783790741138,674848,first_a_sqs_sent_timestamp,630,16,ok,
low-concurrency-20260711T171232.521874981Z,fair-c20,2026-07-11T17:25:41.166Z,1783790741166,675025,first_a_sqs_sent_timestamp,622,16,ok,
low-concurrency-20260711T171232.521874981Z,baseline-c20,2026-07-11T17:25:42.138Z,1783790742138,675848,first_a_sqs_sent_timestamp,613,17,ok,
low-concurrency-20260711T171232.521874981Z,fair-c20,2026-07-11T17:25:42.165Z,1783790742165,676024,first_a_sqs_sent_timestamp,596,15,ok,
low-concurrency-20260711T171232.521874981Z,baseline-c20,2026-07-11T17:25:43.14Z,1783790743140,676850,first_a_sqs_sent_timestamp,675,17,ok,
low-concurrency-20260711T171232.521874981Z,fair-c20,2026-07-11T17:25:43.167Z,1783790743167,677026,first_a_sqs_sent_timestamp,633,13,ok,
low-concurrency-20260711T171232.521874981Z,baseline-c20,2026-07-11T17:25:44.139Z,1783790744139,677849,first_a_sqs_sent_timestamp,579,16,ok,
low-concurrency-20260711T171232.521874981Z,fair-c20,2026-07-11T17:25:44.168Z,1783790744168,678027,first_a_sqs_sent_timestamp,581,17,ok,
low-concurrency-20260711T171232.521874981Z,baseline-c20,2026-07-11T17:25:45.137Z,1783790745137,678847,first_a_sqs_sent_timestamp,679,18,ok,
low-concurrency-20260711T171232.521874981Z,fair-c20,2026-07-11T17:25:45.165Z,1783790745165,679024,first_a_sqs_sent_timestamp,567,19,ok,
low-concurrency-20260711T171232.521874981Z,baseline-c20,2026-07-11T17:25:46.138Z,1783790746138,679848,first_a_sqs_sent_timestamp,538,20,ok,
low-concurrency-20260711T171232.521874981Z,fair-c20,2026-07-11T17:25:46.167Z,1783790746167,680026,first_a_sqs_sent_timestamp,553,15,ok,
low-concurrency-20260711T171232.521874981Z,baseline-c20,2026-07-11T17:25:47.26Z,1783790747260,680970,first_a_sqs_sent_timestamp,544,18,ok,
low-concurrency-20260711T171232.521874981Z,fair-c20,2026-07-11T17:25:47.288Z,1783790747288,681147,first_a_sqs_sent_timestamp,581,17,ok,
low-concurrency-20260711T171232.521874981Z,baseline-c20,2026-07-11T17:25:48.138Z,1783790748138,681848,first_a_sqs_sent_timestamp,544,18,ok,
low-concurrency-20260711T171232.521874981Z,fair-c20,2026-07-11T17:25:48.166Z,1783790748166,682025,first_a_sqs_sent_timestamp,604,18,ok,
low-concurrency-20260711T171232.521874981Z,baseline-c20,2026-07-11T17:25:49.14Z,1783790749140,682850,first_a_sqs_sent_timestamp,586,17,ok,
low-concurrency-20260711T171232.521874981Z,fair-c20,2026-07-11T17:25:49.166Z,1783790749166,683025,first_a_sqs_sent_timestamp,517,17,ok,
low-concurrency-20260711T171232.521874981Z,baseline-c20,2026-07-11T17:25:50.139Z,1783790750139,683849,first_a_sqs_sent_timestamp,544,18,ok,
low-concurrency-20260711T171232.521874981Z,fair-c20,2026-07-11T17:25:50.167Z,1783790750167,684026,first_a_sqs_sent_timestamp,553,15,ok,
low-concurrency-20260711T171232.521874981Z,baseline-c20,2026-07-11T17:25:51.145Z,1783790751145,684855,first_a_sqs_sent_timestamp,603,16,ok,
low-concurrency-20260711T171232.521874981Z,fair-c20,2026-07-11T17:25:51.171Z,1783790751171,685030,first_a_sqs_sent_timestamp,578,18,ok,
low-concurrency-20260711T171232.521874981Z,baseline-c20,2026-07-11T17:25:52.138Z,1783790752138,685848,first_a_sqs_sent_timestamp,513,18,ok,
low-concurrency-20260711T171232.521874981Z,fair-c20,2026-07-11T17:25:52.166Z,1783790752166,686025,first_a_sqs_sent_timestamp,494,18,ok,
low-concurrency-20260711T171232.521874981Z,baseline-c20,2026-07-11T17:25:53.137Z,1783790753137,686847,first_a_sqs_sent_timestamp,562,17,ok,
low-concurrency-20260711T171232.521874981Z,fair-c20,2026-07-11T17:25:53.164Z,1783790753164,687023,first_a_sqs_sent_timestamp,512,17,ok,
low-concurrency-20260711T171232.521874981Z,baseline-c20,2026-07-11T17:25:54.139Z,1783790754139,687849,first_a_sqs_sent_timestamp,544,18,ok,
low-concurrency-20260711T171232.521874981Z,fair-c20,2026-07-11T17:25:54.166Z,1783790754166,688025,first_a_sqs_sent_timestamp,512,17,ok,
low-concurrency-20260711T171232.521874981Z,baseline-c20,2026-07-11T17:25:55.138Z,1783790755138,688848,first_a_sqs_sent_timestamp,472,19,ok,
low-concurrency-20260711T171232.521874981Z,fair-c20,2026-07-11T17:25:55.164Z,1783790755164,689023,first_a_sqs_sent_timestamp,494,18,ok,
low-concurrency-20260711T171232.521874981Z,baseline-c20,2026-07-11T17:25:56.137Z,1783790756137,689847,first_a_sqs_sent_timestamp,494,19,ok,
low-concurrency-20260711T171232.521874981Z,fair-c20,2026-07-11T17:25:56.175Z,1783790756175,690034,first_a_sqs_sent_timestamp,489,19,ok,
low-concurrency-20260711T171232.521874981Z,baseline-c20,2026-07-11T17:25:57.136Z,1783790757136,690846,first_a_sqs_sent_timestamp,494,19,ok,
low-concurrency-20260711T171232.521874981Z,fair-c20,2026-07-11T17:25:57.164Z,1783790757164,691023,first_a_sqs_sent_timestamp,494,18,ok,
low-concurrency-20260711T171232.521874981Z,baseline-c20,2026-07-11T17:25:58.142Z,1783790758142,691852,first_a_sqs_sent_timestamp,440,13,ok,
low-concurrency-20260711T171232.521874981Z,fair-c20,2026-07-11T17:25:58.169Z,1783790758169,692028,first_a_sqs_sent_timestamp,596,15,ok,
low-concurrency-20260711T171232.521874981Z,baseline-c20,2026-07-11T17:25:59.139Z,1783790759139,692849,first_a_sqs_sent_timestamp,476,18,ok,
low-concurrency-20260711T171232.521874981Z,fair-c20,2026-07-11T17:25:59.164Z,1783790759164,693023,first_a_sqs_sent_timestamp,460,16,ok,
low-concurrency-20260711T171232.521874981Z,baseline-c20,2026-07-11T17:26:00.137Z,1783790760137,693847,first_a_sqs_sent_timestamp,472,19,ok,
low-concurrency-20260711T171232.521874981Z,fair-c20,2026-07-11T17:26:00.164Z,1783790760164,694023,first_a_sqs_sent_timestamp,446,14,ok,
low-concurrency-20260711T171232.521874981Z,baseline-c20,2026-07-11T17:26:01.145Z,1783790761145,694855,first_a_sqs_sent_timestamp,471,19,ok,
low-concurrency-20260711T171232.521874981Z,fair-c20,2026-07-11T17:26:01.174Z,1783790761174,695033,first_a_sqs_sent_timestamp,446,14,ok,
low-concurrency-20260711T171232.521874981Z,baseline-c20,2026-07-11T17:26:02.146Z,1783790762146,695856,first_a_sqs_sent_timestamp,421,17,ok,
low-concurrency-20260711T171232.521874981Z,fair-c20,2026-07-11T17:26:02.172Z,1783790762172,696031,first_a_sqs_sent_timestamp,486,17,ok,
low-concurrency-20260711T171232.521874981Z,baseline-c20,2026-07-11T17:26:03.137Z,1783790763137,696847,first_a_sqs_sent_timestamp,538,20,ok,
low-concurrency-20260711T171232.521874981Z,fair-c20,2026-07-11T17:26:03.164Z,1783790763164,697023,first_a_sqs_sent_timestamp,517,17,ok,
low-concurrency-20260711T171232.521874981Z,baseline-c20,2026-07-11T17:26:04.14Z,1783790764140,697850,first_a_sqs_sent_timestamp,421,17,ok,
low-concurrency-20260711T171232.521874981Z,fair-c20,2026-07-11T17:26:04.17Z,1783790764170,698029,first_a_sqs_sent_timestamp,401,16,ok,
low-concurrency-20260711T171232.521874981Z,baseline-c20,2026-07-11T17:26:05.138Z,1783790765138,698848,first_a_sqs_sent_timestamp,440,13,ok,
low-concurrency-20260711T171232.521874981Z,fair-c20,2026-07-11T17:26:05.164Z,1783790765164,699023,first_a_sqs_sent_timestamp,411,18,ok,
low-concurrency-20260711T171232.521874981Z,baseline-c20,2026-07-11T17:26:06.138Z,1783790766138,699848,first_a_sqs_sent_timestamp,397,18,ok,
low-concurrency-20260711T171232.521874981Z,fair-c20,2026-07-11T17:26:06.163Z,1783790766163,700022,first_a_sqs_sent_timestamp,395,13,ok,
low-concurrency-20260711T171232.521874981Z,baseline-c20,2026-07-11T17:26:07.138Z,1783790767138,700848,first_a_sqs_sent_timestamp,432,14,ok,
low-concurrency-20260711T171232.521874981Z,fair-c20,2026-07-11T17:26:07.164Z,1783790767164,701023,first_a_sqs_sent_timestamp,372,14,ok,
low-concurrency-20260711T171232.521874981Z,baseline-c20,2026-07-11T17:26:08.137Z,1783790768137,701847,first_a_sqs_sent_timestamp,397,18,ok,
low-concurrency-20260711T171232.521874981Z,fair-c20,2026-07-11T17:26:08.163Z,1783790768163,702022,first_a_sqs_sent_timestamp,348,18,ok,
low-concurrency-20260711T171232.521874981Z,baseline-c20,2026-07-11T17:26:09.14Z,1783790769140,702850,first_a_sqs_sent_timestamp,421,17,ok,
low-concurrency-20260711T171232.521874981Z,fair-c20,2026-07-11T17:26:09.166Z,1783790769166,703025,first_a_sqs_sent_timestamp,380,18,ok,
low-concurrency-20260711T171232.521874981Z,baseline-c20,2026-07-11T17:26:10.137Z,1783790770137,703847,first_a_sqs_sent_timestamp,346,20,ok,
low-concurrency-20260711T171232.521874981Z,fair-c20,2026-07-11T17:26:10.164Z,1783790770164,704023,first_a_sqs_sent_timestamp,372,14,ok,
low-concurrency-20260711T171232.521874981Z,baseline-c20,2026-07-11T17:26:11.138Z,1783790771138,704848,first_a_sqs_sent_timestamp,415,17,ok,
low-concurrency-20260711T171232.521874981Z,fair-c20,2026-07-11T17:26:11.164Z,1783790771164,705023,first_a_sqs_sent_timestamp,385,16,ok,
low-concurrency-20260711T171232.521874981Z,baseline-c20,2026-07-11T17:26:12.138Z,1783790772138,705848,first_a_sqs_sent_timestamp,331,15,ok,
low-concurrency-20260711T171232.521874981Z,fair-c20,2026-07-11T17:26:12.165Z,1783790772165,706024,first_a_sqs_sent_timestamp,372,14,ok,
low-concurrency-20260711T171232.521874981Z,baseline-c20,2026-07-11T17:26:13.142Z,1783790773142,706852,first_a_sqs_sent_timestamp,346,20,ok,
low-concurrency-20260711T171232.521874981Z,fair-c20,2026-07-11T17:26:13.169Z,1783790773169,707028,first_a_sqs_sent_timestamp,425,21,ok,
low-concurrency-20260711T171232.521874981Z,baseline-c20,2026-07-11T17:26:14.14Z,1783790774140,707850,first_a_sqs_sent_timestamp,342,15,ok,
low-concurrency-20260711T171232.521874981Z,fair-c20,2026-07-11T17:26:14.167Z,1783790774167,708026,first_a_sqs_sent_timestamp,317,21,ok,
low-concurrency-20260711T171232.521874981Z,baseline-c20,2026-07-11T17:26:15.136Z,1783790775136,708846,first_a_sqs_sent_timestamp,331,15,ok,
low-concurrency-20260711T171232.521874981Z,fair-c20,2026-07-11T17:26:15.163Z,1783790775163,709022,first_a_sqs_sent_timestamp,314,14,ok,
low-concurrency-20260711T171232.521874981Z,baseline-c20,2026-07-11T17:26:16.139Z,1783790776139,709849,first_a_sqs_sent_timestamp,357,17,ok,
low-concurrency-20260711T171232.521874981Z,fair-c20,2026-07-11T17:26:16.165Z,1783790776165,710024,first_a_sqs_sent_timestamp,348,18,ok,
low-concurrency-20260711T171232.521874981Z,baseline-c20,2026-07-11T17:26:17.137Z,1783790777137,710847,first_a_sqs_sent_timestamp,342,15,ok,
low-concurrency-20260711T171232.521874981Z,fair-c20,2026-07-11T17:26:17.165Z,1783790777165,711024,first_a_sqs_sent_timestamp,338,16,ok,
low-concurrency-20260711T171232.521874981Z,baseline-c20,2026-07-11T17:26:18.142Z,1783790778142,711852,first_a_sqs_sent_timestamp,331,15,ok,
low-concurrency-20260711T171232.521874981Z,fair-c20,2026-07-11T17:26:18.168Z,1783790778168,712027,first_a_sqs_sent_timestamp,277,17,ok,
low-concurrency-20260711T171232.521874981Z,baseline-c20,2026-07-11T17:26:19.142Z,1783790779142,712852,first_a_sqs_sent_timestamp,274,16,ok,
low-concurrency-20260711T171232.521874981Z,fair-c20,2026-07-11T17:26:19.169Z,1783790779169,713028,first_a_sqs_sent_timestamp,302,18,ok,
low-concurrency-20260711T171232.521874981Z,baseline-c20,2026-07-11T17:26:20.138Z,1783790780138,713848,first_a_sqs_sent_timestamp,290,12,ok,
low-concurrency-20260711T171232.521874981Z,fair-c20,2026-07-11T17:26:20.164Z,1783790780164,714023,first_a_sqs_sent_timestamp,252,16,ok,
low-concurrency-20260711T171232.521874981Z,baseline-c20,2026-07-11T17:26:21.138Z,1783790781138,714848,first_a_sqs_sent_timestamp,304,18,ok,
low-concurrency-20260711T171232.521874981Z,fair-c20,2026-07-11T17:26:21.166Z,1783790781166,715025,first_a_sqs_sent_timestamp,252,16,ok,
low-concurrency-20260711T171232.521874981Z,baseline-c20,2026-07-11T17:26:22.138Z,1783790782138,715848,first_a_sqs_sent_timestamp,282,12,ok,
low-concurrency-20260711T171232.521874981Z,fair-c20,2026-07-11T17:26:22.162Z,1783790782162,716021,first_a_sqs_sent_timestamp,252,16,ok,
low-concurrency-20260711T171232.521874981Z,baseline-c20,2026-07-11T17:26:23.139Z,1783790783139,716849,first_a_sqs_sent_timestamp,282,12,ok,
low-concurrency-20260711T171232.521874981Z,fair-c20,2026-07-11T17:26:23.165Z,1783790783165,717024,first_a_sqs_sent_timestamp,395,13,ok,
low-concurrency-20260711T171232.521874981Z,baseline-c20,2026-07-11T17:26:24.14Z,1783790784140,717850,first_a_sqs_sent_timestamp,232,20,ok,
low-concurrency-20260711T171232.521874981Z,fair-c20,2026-07-11T17:26:24.166Z,1783790784166,718025,first_a_sqs_sent_timestamp,219,15,ok,
low-concurrency-20260711T171232.521874981Z,baseline-c20,2026-07-11T17:26:25.138Z,1783790785138,718848,first_a_sqs_sent_timestamp,227,19,ok,
low-concurrency-20260711T171232.521874981Z,fair-c20,2026-07-11T17:26:25.165Z,1783790785165,719024,first_a_sqs_sent_timestamp,277,17,ok,
low-concurrency-20260711T171232.521874981Z,baseline-c20,2026-07-11T17:26:26.141Z,1783790786141,719851,first_a_sqs_sent_timestamp,252,14,ok,
low-concurrency-20260711T171232.521874981Z,fair-c20,2026-07-11T17:26:26.168Z,1783790786168,720027,first_a_sqs_sent_timestamp,252,16,ok,
low-concurrency-20260711T171232.521874981Z,baseline-c20,2026-07-11T17:26:27.137Z,1783790787137,720847,first_a_sqs_sent_timestamp,232,20,ok,
low-concurrency-20260711T171232.521874981Z,fair-c20,2026-07-11T17:26:27.164Z,1783790787164,721023,first_a_sqs_sent_timestamp,219,15,ok,
low-concurrency-20260711T171232.521874981Z,baseline-c20,2026-07-11T17:26:28.136Z,1783790788136,721846,first_a_sqs_sent_timestamp,276,14,ok,
low-concurrency-20260711T171232.521874981Z,fair-c20,2026-07-11T17:26:28.163Z,1783790788163,722022,first_a_sqs_sent_timestamp,191,19,ok,
low-concurrency-20260711T171232.521874981Z,baseline-c20,2026-07-11T17:26:29.138Z,1783790789138,722848,first_a_sqs_sent_timestamp,193,16,ok,
low-concurrency-20260711T171232.521874981Z,fair-c20,2026-07-11T17:26:29.163Z,1783790789163,723022,first_a_sqs_sent_timestamp,195,18,ok,
low-concurrency-20260711T171232.521874981Z,baseline-c20,2026-07-11T17:26:30.139Z,1783790790139,723849,first_a_sqs_sent_timestamp,192,16,ok,
low-concurrency-20260711T171232.521874981Z,fair-c20,2026-07-11T17:26:30.166Z,1783790790166,724025,first_a_sqs_sent_timestamp,213,14,ok,
low-concurrency-20260711T171232.521874981Z,baseline-c20,2026-07-11T17:26:31.14Z,1783790791140,724850,first_a_sqs_sent_timestamp,192,16,ok,
low-concurrency-20260711T171232.521874981Z,fair-c20,2026-07-11T17:26:31.169Z,1783790791169,725028,first_a_sqs_sent_timestamp,191,19,ok,
low-concurrency-20260711T171232.521874981Z,baseline-c20,2026-07-11T17:26:32.139Z,1783790792139,725849,first_a_sqs_sent_timestamp,258,18,ok,
low-concurrency-20260711T171232.521874981Z,fair-c20,2026-07-11T17:26:32.166Z,1783790792166,726025,first_a_sqs_sent_timestamp,202,17,ok,
low-concurrency-20260711T171232.521874981Z,baseline-c20,2026-07-11T17:26:33.138Z,1783790793138,726848,first_a_sqs_sent_timestamp,193,16,ok,
low-concurrency-20260711T171232.521874981Z,fair-c20,2026-07-11T17:26:33.165Z,1783790793165,727024,first_a_sqs_sent_timestamp,195,18,ok,
low-concurrency-20260711T171232.521874981Z,baseline-c20,2026-07-11T17:26:34.137Z,1783790794137,727847,first_a_sqs_sent_timestamp,160,18,ok,
low-concurrency-20260711T171232.521874981Z,fair-c20,2026-07-11T17:26:34.165Z,1783790794165,728024,first_a_sqs_sent_timestamp,161,17,ok,
low-concurrency-20260711T171232.521874981Z,baseline-c20,2026-07-11T17:26:35.14Z,1783790795140,728850,first_a_sqs_sent_timestamp,227,19,ok,
low-concurrency-20260711T171232.521874981Z,fair-c20,2026-07-11T17:26:35.167Z,1783790795167,729026,first_a_sqs_sent_timestamp,132,20,ok,
low-concurrency-20260711T171232.521874981Z,baseline-c20,2026-07-11T17:26:36.138Z,1783790796138,729848,first_a_sqs_sent_timestamp,158,19,ok,
low-concurrency-20260711T171232.521874981Z,fair-c20,2026-07-11T17:26:36.165Z,1783790796165,730024,first_a_sqs_sent_timestamp,159,15,ok,
low-concurrency-20260711T171232.521874981Z,baseline-c20,2026-07-11T17:26:37.138Z,1783790797138,730848,first_a_sqs_sent_timestamp,178,15,ok,
low-concurrency-20260711T171232.521874981Z,fair-c20,2026-07-11T17:26:37.166Z,1783790797166,731025,first_a_sqs_sent_timestamp,110,16,ok,
low-concurrency-20260711T171232.521874981Z,baseline-c20,2026-07-11T17:26:38.137Z,1783790798137,731847,first_a_sqs_sent_timestamp,149,17,ok,
low-concurrency-20260711T171232.521874981Z,fair-c20,2026-07-11T17:26:38.165Z,1783790798165,732024,first_a_sqs_sent_timestamp,191,19,ok,
low-concurrency-20260711T171232.521874981Z,baseline-c20,2026-07-11T17:26:39.138Z,1783790799138,732848,first_a_sqs_sent_timestamp,158,19,ok,
low-concurrency-20260711T171232.521874981Z,fair-c20,2026-07-11T17:26:39.165Z,1783790799165,733024,first_a_sqs_sent_timestamp,132,20,ok,
low-concurrency-20260711T171232.521874981Z,baseline-c20,2026-07-11T17:26:40.266Z,1783790800266,733976,first_a_sqs_sent_timestamp,109,17,ok,
low-concurrency-20260711T171232.521874981Z,fair-c20,2026-07-11T17:26:40.295Z,1783790800295,734154,first_a_sqs_sent_timestamp,90,16,ok,
low-concurrency-20260711T171232.521874981Z,baseline-c20,2026-07-11T17:26:41.137Z,1783790801137,734847,first_a_sqs_sent_timestamp,109,17,ok,
low-concurrency-20260711T171232.521874981Z,fair-c20,2026-07-11T17:26:41.164Z,1783790801164,735023,first_a_sqs_sent_timestamp,110,16,ok,
low-concurrency-20260711T171232.521874981Z,baseline-c20,2026-07-11T17:26:42.138Z,1783790802138,735848,first_a_sqs_sent_timestamp,132,17,ok,
low-concurrency-20260711T171232.521874981Z,fair-c20,2026-07-11T17:26:42.164Z,1783790802164,736023,first_a_sqs_sent_timestamp,81,13,ok,
low-concurrency-20260711T171232.521874981Z,baseline-c20,2026-07-11T17:26:43.139Z,1783790803139,736849,first_a_sqs_sent_timestamp,112,20,ok,
low-concurrency-20260711T171232.521874981Z,fair-c20,2026-07-11T17:26:43.165Z,1783790803165,737024,first_a_sqs_sent_timestamp,106,17,ok,
low-concurrency-20260711T171232.521874981Z,baseline-c20,2026-07-11T17:26:44.137Z,1783790804137,737847,first_a_sqs_sent_timestamp,61,20,ok,
low-concurrency-20260711T171232.521874981Z,fair-c20,2026-07-11T17:26:44.165Z,1783790804165,738024,first_a_sqs_sent_timestamp,66,15,ok,
low-concurrency-20260711T171232.521874981Z,baseline-c20,2026-07-11T17:26:45.14Z,1783790805140,738850,first_a_sqs_sent_timestamp,90,20,ok,
low-concurrency-20260711T171232.521874981Z,fair-c20,2026-07-11T17:26:45.165Z,1783790805165,739024,first_a_sqs_sent_timestamp,45,20,ok,
low-concurrency-20260711T171232.521874981Z,baseline-c20,2026-07-11T17:26:46.143Z,1783790806143,739853,first_a_sqs_sent_timestamp,94,19,ok,
low-concurrency-20260711T171232.521874981Z,fair-c20,2026-07-11T17:26:46.17Z,1783790806170,740029,first_a_sqs_sent_timestamp,90,16,ok,
low-concurrency-20260711T171232.521874981Z,baseline-c20,2026-07-11T17:26:47.137Z,1783790807137,740847,first_a_sqs_sent_timestamp,61,20,ok,
low-concurrency-20260711T171232.521874981Z,fair-c20,2026-07-11T17:26:47.165Z,1783790807165,741024,first_a_sqs_sent_timestamp,92,18,ok,
low-concurrency-20260711T171232.521874981Z,baseline-c20,2026-07-11T17:26:48.183Z,1783790808183,741893,first_a_sqs_sent_timestamp,71,19,ok,
low-concurrency-20260711T171232.521874981Z,fair-c20,2026-07-11T17:26:48.209Z,1783790808209,742068,first_a_sqs_sent_timestamp,52,14,ok,
low-concurrency-20260711T171232.521874981Z,baseline-c20,2026-07-11T17:26:49.138Z,1783790809138,742848,first_a_sqs_sent_timestamp,22,14,ok,
low-concurrency-20260711T171232.521874981Z,fair-c20,2026-07-11T17:26:49.169Z,1783790809169,743028,first_a_sqs_sent_timestamp,45,20,ok,
low-concurrency-20260711T171232.521874981Z,baseline-c20,2026-07-11T17:26:50.139Z,1783790810139,743849,first_a_sqs_sent_timestamp,4,20,ok,
low-concurrency-20260711T171232.521874981Z,fair-c20,2026-07-11T17:26:50.165Z,1783790810165,744024,first_a_sqs_sent_timestamp,11,17,ok,
low-concurrency-20260711T171232.521874981Z,baseline-c20,2026-07-11T17:26:51.141Z,1783790811141,744851,first_a_sqs_sent_timestamp,22,14,ok,
low-concurrency-20260711T171232.521874981Z,fair-c20,2026-07-11T17:26:51.173Z,1783790811173,745032,first_a_sqs_sent_timestamp,4,16,ok,
low-concurrency-20260711T171232.521874981Z,baseline-c20,2026-07-11T17:26:52.138Z,1783790812138,745848,first_a_sqs_sent_timestamp,22,14,ok,
low-concurrency-20260711T171232.521874981Z,fair-c20,2026-07-11T17:26:52.165Z,1783790812165,746024,first_a_sqs_sent_timestamp,11,17,ok,
low-concurrency-20260711T171232.521874981Z,baseline-c20,2026-07-11T17:26:53.138Z,1783790813138,746848,first_a_sqs_sent_timestamp,0,5,ok,
low-concurrency-20260711T171232.521874981Z,fair-c20,2026-07-11T17:26:53.165Z,1783790813165,747024,first_a_sqs_sent_timestamp,26,18,ok,
low-concurrency-20260711T171232.521874981Z,baseline-c20,2026-07-11T17:26:54.147Z,1783790814147,747857,first_a_sqs_sent_timestamp,4,20,ok,
low-concurrency-20260711T171232.521874981Z,fair-c20,2026-07-11T17:26:54.173Z,1783790814173,748032,first_a_sqs_sent_timestamp,0,0,ok,
low-concurrency-20260711T171232.521874981Z,baseline-c20,2026-07-11T17:26:55.14Z,1783790815140,748850,first_a_sqs_sent_timestamp,0,0,ok,
low-concurrency-20260711T171232.521874981Z,fair-c20,2026-07-11T17:26:55.174Z,1783790815174,749033,first_a_sqs_sent_timestamp,11,17,ok,
low-concurrency-20260711T171232.521874981Z,baseline-c20,2026-07-11T17:26:56.137Z,1783790816137,749847,first_a_sqs_sent_timestamp,0,5,ok,
low-concurrency-20260711T171232.521874981Z,fair-c20,2026-07-11T17:26:56.164Z,1783790816164,750023,first_a_sqs_sent_timestamp,0,0,ok,
low-concurrency-20260711T171232.521874981Z,baseline-c20,2026-07-11T17:26:57.137Z,1783790817137,750847,first_a_sqs_sent_timestamp,0,0,ok,
low-concurrency-20260711T171232.521874981Z,fair-c20,2026-07-11T17:26:57.164Z,1783790817164,751023,first_a_sqs_sent_timestamp,9,17,ok,
low-concurrency-20260711T171232.521874981Z,baseline-c20,2026-07-11T17:26:58.14Z,1783790818140,751850,first_a_sqs_sent_timestamp,22,14,ok,
low-concurrency-20260711T171232.521874981Z,fair-c20,2026-07-11T17:26:58.166Z,1783790818166,752025,first_a_sqs_sent_timestamp,0,0,ok,
low-concurrency-20260711T171232.521874981Z,baseline-c20,2026-07-11T17:26:59.139Z,1783790819139,752849,first_a_sqs_sent_timestamp,0,0,ok,
low-concurrency-20260711T171232.521874981Z,fair-c20,2026-07-11T17:26:59.168Z,1783790819168,753027,first_a_sqs_sent_timestamp,19,16,ok,
low-concurrency-20260711T171232.521874981Z,baseline-c20,2026-07-11T17:27:00.14Z,1783790820140,753850,first_a_sqs_sent_timestamp,0,0,ok,
low-concurrency-20260711T171232.521874981Z,fair-c20,2026-07-11T17:27:00.169Z,1783790820169,754028,first_a_sqs_sent_timestamp,0,0,ok,
low-concurrency-20260711T171232.521874981Z,baseline-c20,2026-07-11T17:27:01.137Z,1783790821137,754847,first_a_sqs_sent_timestamp,0,0,ok,
low-concurrency-20260711T171232.521874981Z,fair-c20,2026-07-11T17:27:01.165Z,1783790821165,755024,first_a_sqs_sent_timestamp,0,0,ok,
low-concurrency-20260711T171232.521874981Z,baseline-c20,2026-07-11T17:27:02.138Z,1783790822138,755848,first_a_sqs_sent_timestamp,0,0,ok,
low-concurrency-20260711T171232.521874981Z,fair-c20,2026-07-11T17:27:02.165Z,1783790822165,756024,first_a_sqs_sent_timestamp,0,0,ok,
low-concurrency-20260711T171232.521874981Z,baseline-c20,2026-07-11T17:27:03.139Z,1783790823139,756849,first_a_sqs_sent_timestamp,0,0,ok,
low-concurrency-20260711T171232.521874981Z,fair-c20,2026-07-11T17:27:03.165Z,1783790823165,757024,first_a_sqs_sent_timestamp,0,0,ok,
low-concurrency-20260711T171232.521874981Z,baseline-c20,2026-07-11T17:27:04.143Z,1783790824143,757853,first_a_sqs_sent_timestamp,0,0,ok,
low-concurrency-20260711T171232.521874981Z,fair-c20,2026-07-11T17:27:04.17Z,1783790824170,758029,first_a_sqs_sent_timestamp,0,0,ok,
low-concurrency-20260711T171232.521874981Z,baseline-c20,2026-07-11T17:27:05.137Z,1783790825137,758847,first_a_sqs_sent_timestamp,0,0,ok,
low-concurrency-20260711T171232.521874981Z,fair-c20,2026-07-11T17:27:05.163Z,1783790825163,759022,first_a_sqs_sent_timestamp,0,0,ok,
