experiment_id,scenario,sampled_at,sampled_at_ms,approximate_visible,approximate_not_visible,sample_status,sample_error
low-concurrency-20260711T171232.521874981Z,baseline-c20,2026-07-11T17:14:26.138507369Z,1783790066138,0,0,ok,
low-concurrency-20260711T171232.521874981Z,fair-c20,2026-07-11T17:14:26.306501446Z,1783790066306,0,0,ok,
low-concurrency-20260711T171232.521874981Z,baseline-c20,2026-07-11T17:14:27.14075919Z,1783790067140,3697,35,ok,
low-concurrency-20260711T171232.521874981Z,fair-c20,2026-07-11T17:14:27.172477688Z,1783790067172,74,38,ok,
low-concurrency-20260711T171232.521874981Z,baseline-c20,2026-07-11T17:14:28.139388929Z,1783790068139,0,0,ok,
low-concurrency-20260711T171232.521874981Z,fair-c20,2026-07-11T17:14:28.168548644Z,1783790068168,0,0,ok,
low-concurrency-20260711T171232.521874981Z,baseline-c20,2026-07-11T17:14:29.137788623Z,1783790069137,4971,19,ok,
low-concurrency-20260711T171232.521874981Z,fair-c20,2026-07-11T17:14:29.164493369Z,1783790069164,0,4,ok,
low-concurrency-20260711T171232.521874981Z,baseline-c20,2026-07-11T17:14:30.139798874Z,1783790070139,3697,35,ok,
low-concurrency-20260711T171232.521874981Z,fair-c20,2026-07-11T17:14:30.164718435Z,1783790070164,4964,27,ok,
low-concurrency-20260711T171232.521874981Z,baseline-c20,2026-07-11T17:14:31.137275596Z,1783790071137,4971,19,ok,
low-concurrency-20260711T171232.521874981Z,fair-c20,2026-07-11T17:14:31.162911627Z,1783790071162,0,0,ok,
low-concurrency-20260711T171232.521874981Z,baseline-c20,2026-07-11T17:14:32.140013679Z,1783790072140,0,0,ok,
low-concurrency-20260711T171232.521874981Z,fair-c20,2026-07-11T17:14:32.166123468Z,1783790072166,4966,34,ok,
low-concurrency-20260711T171232.521874981Z,baseline-c20,2026-07-11T17:14:33.14471217Z,1783790073144,0,0,ok,
low-concurrency-20260711T171232.521874981Z,fair-c20,2026-07-11T17:14:33.177837735Z,1783790073177,4964,27,ok,
low-concurrency-20260711T171232.521874981Z,baseline-c20,2026-07-11T17:14:34.138795108Z,1783790074138,4955,14,ok,
low-concurrency-20260711T171232.521874981Z,fair-c20,2026-07-11T17:14:34.166414425Z,1783790074166,4967,13,ok,
low-concurrency-20260711T171232.521874981Z,baseline-c20,2026-07-11T17:14:35.136634975Z,1783790075136,0,0,ok,
low-concurrency-20260711T171232.521874981Z,fair-c20,2026-07-11T17:14:35.163770343Z,1783790075163,0,0,ok,
low-concurrency-20260711T171232.521874981Z,baseline-c20,2026-07-11T17:14:36.140548045Z,1783790076140,0,0,ok,
low-concurrency-20260711T171232.521874981Z,fair-c20,2026-07-11T17:14:36.166428264Z,1783790076166,4964,27,ok,
low-concurrency-20260711T171232.521874981Z,baseline-c20,2026-07-11T17:14:37.138138445Z,1783790077138,3697,35,ok,
low-concurrency-20260711T171232.521874981Z,fair-c20,2026-07-11T17:14:37.167158597Z,1783790077167,4966,34,ok,
low-concurrency-20260711T171232.521874981Z,baseline-c20,2026-07-11T17:14:38.136951776Z,1783790078136,4945,14,ok,
low-concurrency-20260711T171232.521874981Z,fair-c20,2026-07-11T17:14:38.165062371Z,1783790078165,4952,8,ok,
low-concurrency-20260711T171232.521874981Z,baseline-c20,2026-07-11T17:14:39.139717208Z,1783790079139,4971,19,ok,
low-concurrency-20260711T171232.521874981Z,fair-c20,2026-07-11T17:14:39.166539095Z,1783790079166,74,38,ok,
low-concurrency-20260711T171232.521874981Z,baseline-c20,2026-07-11T17:14:40.141426104Z,1783790080141,4945,14,ok,
low-concurrency-20260711T171232.521874981Z,fair-c20,2026-07-11T17:14:40.168987177Z,1783790080168,4967,13,ok,
low-concurrency-20260711T171232.521874981Z,baseline-c20,2026-07-11T17:14:41.137627652Z,1783790081137,4955,14,ok,
low-concurrency-20260711T171232.521874981Z,fair-c20,2026-07-11T17:14:41.166350412Z,1783790081166,0,0,ok,
low-concurrency-20260711T171232.521874981Z,baseline-c20,2026-07-11T17:14:42.138979187Z,1783790082138,4943,15,ok,
low-concurrency-20260711T171232.521874981Z,fair-c20,2026-07-11T17:14:42.165525172Z,1783790082165,4952,8,ok,
low-concurrency-20260711T171232.521874981Z,baseline-c20,2026-07-11T17:14:43.139093741Z,1783790083139,4901,19,ok,
low-concurrency-20260711T171232.521874981Z,fair-c20,2026-07-11T17:14:43.164224966Z,1783790083164,4920,20,ok,
low-concurrency-20260711T171232.521874981Z,baseline-c20,2026-07-11T17:14:44.146331384Z,1783790084146,4915,18,ok,
low-concurrency-20260711T171232.521874981Z,fair-c20,2026-07-11T17:14:44.186211331Z,1783790084186,4946,14,ok,
low-concurrency-20260711T171232.521874981Z,baseline-c20,2026-07-11T17:14:45.141046357Z,1783790085141,4932,18,ok,
low-concurrency-20260711T171232.521874981Z,fair-c20,2026-07-11T17:14:45.169678056Z,1783790085169,4905,19,ok,
low-concurrency-20260711T171232.521874981Z,baseline-c20,2026-07-11T17:14:46.140362338Z,1783790086140,4882,20,ok,
low-concurrency-20260711T171232.521874981Z,fair-c20,2026-07-11T17:14:46.167560745Z,1783790086167,4921,20,ok,
low-concurrency-20260711T171232.521874981Z,baseline-c20,2026-07-11T17:14:47.136384662Z,1783790087136,4916,18,ok,
low-concurrency-20260711T171232.521874981Z,fair-c20,2026-07-11T17:14:47.164009998Z,1783790087164,4891,19,ok,
low-concurrency-20260711T171232.521874981Z,baseline-c20,2026-07-11T17:14:48.142580586Z,1783790088142,4910,16,ok,
low-concurrency-20260711T171232.521874981Z,fair-c20,2026-07-11T17:14:48.170070121Z,1783790088170,4905,21,ok,
low-concurrency-20260711T171232.521874981Z,baseline-c20,2026-07-11T17:14:49.143153651Z,1783790089143,4866,14,ok,
low-concurrency-20260711T171232.521874981Z,fair-c20,2026-07-11T17:14:49.173308829Z,1783790089173,4914,15,ok,
low-concurrency-20260711T171232.521874981Z,baseline-c20,2026-07-11T17:14:50.138661003Z,1783790090138,4923,15,ok,
low-concurrency-20260711T171232.521874981Z,fair-c20,2026-07-11T17:14:50.163251967Z,1783790090163,4880,14,ok,
low-concurrency-20260711T171232.521874981Z,baseline-c20,2026-07-11T17:14:51.137602551Z,1783790091137,4964,19,ok,
low-concurrency-20260711T171232.521874981Z,fair-c20,2026-07-11T17:14:51.165479657Z,1783790091165,4936,22,ok,
low-concurrency-20260711T171232.521874981Z,baseline-c20,2026-07-11T17:14:52.13744376Z,1783790092137,4902,21,ok,
low-concurrency-20260711T171232.521874981Z,fair-c20,2026-07-11T17:14:52.16375631Z,1783790092163,4860,16,ok,
low-concurrency-20260711T171232.521874981Z,baseline-c20,2026-07-11T17:14:53.138507414Z,1783790093138,4867,13,ok,
low-concurrency-20260711T171232.521874981Z,fair-c20,2026-07-11T17:14:53.163075492Z,1783790093163,4891,21,ok,
low-concurrency-20260711T171232.521874981Z,baseline-c20,2026-07-11T17:14:54.141170983Z,1783790094141,4866,14,ok,
low-concurrency-20260711T171232.521874981Z,fair-c20,2026-07-11T17:14:54.166816494Z,1783790094166,4868,16,ok,
low-concurrency-20260711T171232.521874981Z,baseline-c20,2026-07-11T17:14:55.136638358Z,1783790095136,4845,13,ok,
low-concurrency-20260711T171232.521874981Z,fair-c20,2026-07-11T17:14:55.164469056Z,1783790095164,4860,18,ok,
low-concurrency-20260711T171232.521874981Z,baseline-c20,2026-07-11T17:14:56.140143199Z,1783790096140,4826,18,ok,
low-concurrency-20260711T171232.521874981Z,fair-c20,2026-07-11T17:14:56.171600826Z,1783790096171,4830,16,ok,
low-concurrency-20260711T171232.521874981Z,baseline-c20,2026-07-11T17:14:57.137912011Z,1783790097137,4838,17,ok,
low-concurrency-20260711T171232.521874981Z,fair-c20,2026-07-11T17:14:57.163799664Z,1783790097163,4828,17,ok,
low-concurrency-20260711T171232.521874981Z,baseline-c20,2026-07-11T17:14:58.13677029Z,1783790098136,4851,19,ok,
low-concurrency-20260711T171232.521874981Z,fair-c20,2026-07-11T17:14:58.16404432Z,1783790098164,4920,20,ok,
low-concurrency-20260711T171232.521874981Z,baseline-c20,2026-07-11T17:14:59.13831816Z,1783790099138,4844,15,ok,
low-concurrency-20260711T171232.521874981Z,fair-c20,2026-07-11T17:14:59.163339159Z,1783790099163,4828,16,ok,
low-concurrency-20260711T171232.521874981Z,baseline-c20,2026-07-11T17:15:00.135802321Z,1783790100135,4798,19,ok,
low-concurrency-20260711T171232.521874981Z,fair-c20,2026-07-11T17:15:00.167082246Z,1783790100167,4829,18,ok,
low-concurrency-20260711T171232.521874981Z,baseline-c20,2026-07-11T17:15:01.139746276Z,1783790101139,4881,21,ok,
low-concurrency-20260711T171232.521874981Z,fair-c20,2026-07-11T17:15:01.167227102Z,1783790101167,4880,15,ok,
low-concurrency-20260711T171232.521874981Z,baseline-c20,2026-07-11T17:15:02.137979672Z,1783790102137,4798,19,ok,
low-concurrency-20260711T171232.521874981Z,fair-c20,2026-07-11T17:15:02.16654925Z,1783790102166,4846,18,ok,
low-concurrency-20260711T171232.521874981Z,baseline-c20,2026-07-11T17:15:03.136602255Z,1783790103136,4800,17,ok,
low-concurrency-20260711T171232.521874981Z,fair-c20,2026-07-11T17:15:03.163727182Z,1783790103163,4777,15,ok,
low-concurrency-20260711T171232.521874981Z,baseline-c20,2026-07-11T17:15:04.138478246Z,1783790104138,4838,15,ok,
low-concurrency-20260711T171232.521874981Z,fair-c20,2026-07-11T17:15:04.168131076Z,1783790104168,4804,17,ok,
low-concurrency-20260711T171232.521874981Z,baseline-c20,2026-07-11T17:15:05.138547574Z,1783790105138,4799,18,ok,
low-concurrency-20260711T171232.521874981Z,fair-c20,2026-07-11T17:15:05.165912422Z,1783790105165,4777,16,ok,
low-concurrency-20260711T171232.521874981Z,baseline-c20,2026-07-11T17:15:06.138004529Z,1783790106138,4792,19,ok,
low-concurrency-20260711T171232.521874981Z,fair-c20,2026-07-11T17:15:06.163282817Z,1783790106163,4791,16,ok,
low-concurrency-20260711T171232.521874981Z,baseline-c20,2026-07-11T17:15:07.136141743Z,1783790107136,4752,17,ok,
low-concurrency-20260711T171232.521874981Z,fair-c20,2026-07-11T17:15:07.161636038Z,1783790107161,4784,15,ok,
low-concurrency-20260711T171232.521874981Z,baseline-c20,2026-07-11T17:15:08.144259255Z,1783790108144,4751,17,ok,
low-concurrency-20260711T171232.521874981Z,fair-c20,2026-07-11T17:15:08.172831191Z,1783790108172,4764,17,ok,
low-concurrency-20260711T171232.521874981Z,baseline-c20,2026-07-11T17:15:09.142041617Z,1783790109142,4752,21,ok,
low-concurrency-20260711T171232.521874981Z,fair-c20,2026-07-11T17:15:09.168811605Z,1783790109168,4763,16,ok,
low-concurrency-20260711T171232.521874981Z,baseline-c20,2026-07-11T17:15:10.142721561Z,1783790110142,4779,16,ok,
low-concurrency-20260711T171232.521874981Z,fair-c20,2026-07-11T17:15:10.170841253Z,1783790110170,4752,16,ok,
low-concurrency-20260711T171232.521874981Z,baseline-c20,2026-07-11T17:15:11.138582259Z,1783790111138,4752,18,ok,
low-concurrency-20260711T171232.521874981Z,fair-c20,2026-07-11T17:15:11.16662796Z,1783790111166,4779,17,ok,
low-concurrency-20260711T171232.521874981Z,baseline-c20,2026-07-11T17:15:12.139362274Z,1783790112139,4871,16,ok,
low-concurrency-20260711T171232.521874981Z,fair-c20,2026-07-11T17:15:12.167323692Z,1783790112167,4726,18,ok,
low-concurrency-20260711T171232.521874981Z,baseline-c20,2026-07-11T17:15:13.1397536Z,1783790113139,4709,15,ok,
low-concurrency-20260711T171232.521874981Z,fair-c20,2026-07-11T17:15:13.169945701Z,1783790113169,4725,19,ok,
low-concurrency-20260711T171232.521874981Z,baseline-c20,2026-07-11T17:15:14.139887424Z,1783790114139,4746,17,ok,
low-concurrency-20260711T171232.521874981Z,fair-c20,2026-07-11T17:15:14.166054346Z,1783790114166,4745,14,ok,
low-concurrency-20260711T171232.521874981Z,baseline-c20,2026-07-11T17:15:15.153770095Z,1783790115153,4714,16,ok,
low-concurrency-20260711T171232.521874981Z,fair-c20,2026-07-11T17:15:15.180246354Z,1783790115180,4753,16,ok,
low-concurrency-20260711T171232.521874981Z,baseline-c20,2026-07-11T17:15:16.136856759Z,1783790116136,4714,15,ok,
low-concurrency-20260711T171232.521874981Z,fair-c20,2026-07-11T17:15:16.163358727Z,1783790116163,4720,14,ok,
low-concurrency-20260711T171232.521874981Z,baseline-c20,2026-07-11T17:15:17.139566635Z,1783790117139,4762,19,ok,
low-concurrency-20260711T171232.521874981Z,fair-c20,2026-07-11T17:15:17.165522568Z,1783790117165,4699,20,ok,
low-concurrency-20260711T171232.521874981Z,baseline-c20,2026-07-11T17:15:18.138310475Z,1783790118138,4759,18,ok,
low-concurrency-20260711T171232.521874981Z,fair-c20,2026-07-11T17:15:18.164297182Z,1783790118164,4695,17,ok,
low-concurrency-20260711T171232.521874981Z,baseline-c20,2026-07-11T17:15:19.137610953Z,1783790119137,4709,14,ok,
low-concurrency-20260711T171232.521874981Z,fair-c20,2026-07-11T17:15:19.163267211Z,1783790119163,4763,16,ok,
low-concurrency-20260711T171232.521874981Z,baseline-c20,2026-07-11T17:15:20.139116828Z,1783790120139,4664,18,ok,
low-concurrency-20260711T171232.521874981Z,fair-c20,2026-07-11T17:15:20.164120461Z,1783790120164,4694,20,ok,
low-concurrency-20260711T171232.521874981Z,baseline-c20,2026-07-11T17:15:21.138042846Z,1783790121138,4698,15,ok,
low-concurrency-20260711T171232.521874981Z,fair-c20,2026-07-11T17:15:21.165628091Z,1783790121165,4669,17,ok,
low-concurrency-20260711T171232.521874981Z,baseline-c20,2026-07-11T17:15:22.137891667Z,1783790122137,4664,17,ok,
low-concurrency-20260711T171232.521874981Z,fair-c20,2026-07-11T17:15:22.163986993Z,1783790122163,4668,17,ok,
low-concurrency-20260711T171232.521874981Z,baseline-c20,2026-07-11T17:15:23.143657463Z,1783790123143,4651,16,ok,
low-concurrency-20260711T171232.521874981Z,fair-c20,2026-07-11T17:15:23.169048223Z,1783790123169,4830,18,ok,
low-concurrency-20260711T171232.521874981Z,baseline-c20,2026-07-11T17:15:24.136966039Z,1783790124136,4714,17,ok,
low-concurrency-20260711T171232.521874981Z,fair-c20,2026-07-11T17:15:24.163831943Z,1783790124163,4725,17,ok,
low-concurrency-20260711T171232.521874981Z,baseline-c20,2026-07-11T17:15:25.13842092Z,1783790125138,4663,16,ok,
low-concurrency-20260711T171232.521874981Z,fair-c20,2026-07-11T17:15:25.170020462Z,1783790125170,4695,17,ok,
low-concurrency-20260711T171232.521874981Z,baseline-c20,2026-07-11T17:15:26.137616363Z,1783790126137,4650,17,ok,
low-concurrency-20260711T171232.521874981Z,fair-c20,2026-07-11T17:15:26.16709827Z,1783790126167,4669,16,ok,
low-concurrency-20260711T171232.521874981Z,baseline-c20,2026-07-11T17:15:27.138426229Z,1783790127138,4676,19,ok,
low-concurrency-20260711T171232.521874981Z,fair-c20,2026-07-11T17:15:27.164786652Z,1783790127164,4630,16,ok,
low-concurrency-20260711T171232.521874981Z,baseline-c20,2026-07-11T17:15:28.141745064Z,1783790128141,4615,16,ok,
low-concurrency-20260711T171232.521874981Z,fair-c20,2026-07-11T17:15:28.169518721Z,1783790128169,4720,15,ok,
low-concurrency-20260711T171232.521874981Z,baseline-c20,2026-07-11T17:15:29.143194739Z,1783790129143,4615,16,ok,
low-concurrency-20260711T171232.521874981Z,fair-c20,2026-07-11T17:15:29.168464798Z,1783790129168,4608,17,ok,
low-concurrency-20260711T171232.521874981Z,baseline-c20,2026-07-11T17:15:30.139152909Z,1783790130139,4650,15,ok,
low-concurrency-20260711T171232.521874981Z,fair-c20,2026-07-11T17:15:30.16485007Z,1783790130164,4609,16,ok,
low-concurrency-20260711T171232.521874981Z,baseline-c20,2026-07-11T17:15:31.138533452Z,1783790131138,4631,17,ok,
low-concurrency-20260711T171232.521874981Z,fair-c20,2026-07-11T17:15:31.166618761Z,1783790131166,4699,19,ok,
low-concurrency-20260711T171232.521874981Z,baseline-c20,2026-07-11T17:15:32.14013015Z,1783790132140,4627,11,ok,
low-concurrency-20260711T171232.521874981Z,fair-c20,2026-07-11T17:15:32.167021124Z,1783790132167,4623,18,ok,
low-concurrency-20260711T171232.521874981Z,baseline-c20,2026-07-11T17:15:33.139658509Z,1783790133139,4614,16,ok,
low-concurrency-20260711T171232.521874981Z,fair-c20,2026-07-11T17:15:33.166434458Z,1783790133166,4637,19,ok,
low-concurrency-20260711T171232.521874981Z,baseline-c20,2026-07-11T17:15:34.136007557Z,1783790134136,4582,16,ok,
low-concurrency-20260711T171232.521874981Z,fair-c20,2026-07-11T17:15:34.16224979Z,1783790134162,4575,18,ok,
low-concurrency-20260711T171232.521874981Z,baseline-c20,2026-07-11T17:15:35.137976364Z,1783790135137,4577,18,ok,
low-concurrency-20260711T171232.521874981Z,fair-c20,2026-07-11T17:15:35.164131448Z,1783790135164,4588,19,ok,
low-concurrency-20260711T171232.521874981Z,baseline-c20,2026-07-11T17:15:36.138163177Z,1783790136138,4719,20,ok,
low-concurrency-20260711T171232.521874981Z,fair-c20,2026-07-11T17:15:36.164189111Z,1783790136164,4631,16,ok,
low-concurrency-20260711T171232.521874981Z,baseline-c20,2026-07-11T17:15:37.138982854Z,1783790137138,4561,16,ok,
low-concurrency-20260711T171232.521874981Z,fair-c20,2026-07-11T17:15:37.167774473Z,1783790137167,4609,15,ok,
low-concurrency-20260711T171232.521874981Z,baseline-c20,2026-07-11T17:15:38.139090412Z,1783790138139,4673,21,ok,
low-concurrency-20260711T171232.521874981Z,fair-c20,2026-07-11T17:15:38.166168013Z,1783790138166,4548,21,ok,
low-concurrency-20260711T171232.521874981Z,baseline-c20,2026-07-11T17:15:39.136764537Z,1783790139136,4560,15,ok,
low-concurrency-20260711T171232.521874981Z,fair-c20,2026-07-11T17:15:39.163511905Z,1783790139163,4548,20,ok,
low-concurrency-20260711T171232.521874981Z,baseline-c20,2026-07-11T17:15:40.137589736Z,1783790140137,4578,14,ok,
low-concurrency-20260711T171232.521874981Z,fair-c20,2026-07-11T17:15:40.163672638Z,1783790140163,4587,20,ok,
low-concurrency-20260711T171232.521874981Z,baseline-c20,2026-07-11T17:15:41.138178129Z,1783790141138,4591,21,ok,
low-concurrency-20260711T171232.521874981Z,fair-c20,2026-07-11T17:15:41.166176819Z,1783790141166,4533,11,ok,
low-concurrency-20260711T171232.521874981Z,baseline-c20,2026-07-11T17:15:42.136620561Z,1783790142136,4545,20,ok,
low-concurrency-20260711T171232.521874981Z,fair-c20,2026-07-11T17:15:42.165122953Z,1783790142165,4577,16,ok,
low-concurrency-20260711T171232.521874981Z,baseline-c20,2026-07-11T17:15:43.136681375Z,1783790143136,4562,18,ok,
low-concurrency-20260711T171232.521874981Z,fair-c20,2026-07-11T17:15:43.163853716Z,1783790143163,4641,18,ok,
low-concurrency-20260711T171232.521874981Z,baseline-c20,2026-07-11T17:15:44.137951841Z,1783790144137,4546,21,ok,
low-concurrency-20260711T171232.521874981Z,fair-c20,2026-07-11T17:15:44.166602424Z,1783790144166,4555,22,ok,
low-concurrency-20260711T171232.521874981Z,baseline-c20,2026-07-11T17:15:45.14162175Z,1783790145141,4510,19,ok,
low-concurrency-20260711T171232.521874981Z,fair-c20,2026-07-11T17:15:45.169778033Z,1783790145169,4532,12,ok,
low-concurrency-20260711T171232.521874981Z,baseline-c20,2026-07-11T17:15:46.137880841Z,1783790146137,4528,15,ok,
low-concurrency-20260711T171232.521874981Z,fair-c20,2026-07-11T17:15:46.164732688Z,1783790146164,4515,13,ok,
low-concurrency-20260711T171232.521874981Z,baseline-c20,2026-07-11T17:15:47.137777591Z,1783790147137,4508,23,ok,
low-concurrency-20260711T171232.521874981Z,fair-c20,2026-07-11T17:15:47.163818111Z,1783790147163,4515,12,ok,
low-concurrency-20260711T171232.521874981Z,baseline-c20,2026-07-11T17:15:48.138210723Z,1783790148138,4507,21,ok,
low-concurrency-20260711T171232.521874981Z,fair-c20,2026-07-11T17:15:48.164371682Z,1783790148164,4515,12,ok,
low-concurrency-20260711T171232.521874981Z,baseline-c20,2026-07-11T17:15:49.139933546Z,1783790149139,4582,16,ok,
low-concurrency-20260711T171232.521874981Z,fair-c20,2026-07-11T17:15:49.168760104Z,1783790149168,4515,12,ok,
low-concurrency-20260711T171232.521874981Z,baseline-c20,2026-07-11T17:15:50.137499898Z,1783790150137,4474,19,ok,
low-concurrency-20260711T171232.521874981Z,fair-c20,2026-07-11T17:15:50.163076481Z,1783790150163,4501,17,ok,
low-concurrency-20260711T171232.521874981Z,baseline-c20,2026-07-11T17:15:51.138837622Z,1783790151138,4527,15,ok,
low-concurrency-20260711T171232.521874981Z,fair-c20,2026-07-11T17:15:51.165779837Z,1783790151165,4479,13,ok,
low-concurrency-20260711T171232.521874981Z,baseline-c20,2026-07-11T17:15:52.13775995Z,1783790152137,4465,13,ok,
low-concurrency-20260711T171232.521874981Z,fair-c20,2026-07-11T17:15:52.162468597Z,1783790152162,4548,22,ok,
low-concurrency-20260711T171232.521874981Z,baseline-c20,2026-07-11T17:15:53.137318305Z,1783790153137,4465,13,ok,
low-concurrency-20260711T171232.521874981Z,fair-c20,2026-07-11T17:15:53.163733526Z,1783790153163,4503,16,ok,
low-concurrency-20260711T171232.521874981Z,baseline-c20,2026-07-11T17:15:54.137328007Z,1783790154137,4508,19,ok,
low-concurrency-20260711T171232.521874981Z,fair-c20,2026-07-11T17:15:54.172748641Z,1783790154172,4581,20,ok,
low-concurrency-20260711T171232.521874981Z,baseline-c20,2026-07-11T17:15:55.14847823Z,1783790155148,4533,18,ok,
low-concurrency-20260711T171232.521874981Z,fair-c20,2026-07-11T17:15:55.175690299Z,1783790155175,4452,17,ok,
low-concurrency-20260711T171232.521874981Z,baseline-c20,2026-07-11T17:15:56.138028079Z,1783790156138,4442,17,ok,
low-concurrency-20260711T171232.521874981Z,fair-c20,2026-07-11T17:15:56.163932821Z,1783790156163,4451,17,ok,
low-concurrency-20260711T171232.521874981Z,baseline-c20,2026-07-11T17:15:57.138935103Z,1783790157138,4515,18,ok,
low-concurrency-20260711T171232.521874981Z,fair-c20,2026-07-11T17:15:57.164398886Z,1783790157164,4452,17,ok,
low-concurrency-20260711T171232.521874981Z,baseline-c20,2026-07-11T17:15:58.135637488Z,1783790158135,4466,14,ok,
low-concurrency-20260711T171232.521874981Z,fair-c20,2026-07-11T17:15:58.162867857Z,1783790158162,4456,19,ok,
low-concurrency-20260711T171232.521874981Z,baseline-c20,2026-07-11T17:15:59.138334437Z,1783790159138,4416,16,ok,
low-concurrency-20260711T171232.521874981Z,fair-c20,2026-07-11T17:15:59.167051024Z,1783790159167,4455,15,ok,
low-concurrency-20260711T171232.521874981Z,baseline-c20,2026-07-11T17:16:00.139179135Z,1783790160139,4529,15,ok,
low-concurrency-20260711T171232.521874981Z,fair-c20,2026-07-11T17:16:00.163376499Z,1783790160163,4419,15,ok,
low-concurrency-20260711T171232.521874981Z,baseline-c20,2026-07-11T17:16:01.142296304Z,1783790161142,4417,15,ok,
low-concurrency-20260711T171232.521874981Z,fair-c20,2026-07-11T17:16:01.170260177Z,1783790161170,4454,15,ok,
low-concurrency-20260711T171232.521874981Z,baseline-c20,2026-07-11T17:16:02.139251077Z,1783790162139,4416,14,ok,
low-concurrency-20260711T171232.521874981Z,fair-c20,2026-07-11T17:16:02.169857265Z,1783790162169,4505,19,ok,
low-concurrency-20260711T171232.521874981Z,baseline-c20,2026-07-11T17:16:03.142203269Z,1783790163142,4439,14,ok,
low-concurrency-20260711T171232.521874981Z,fair-c20,2026-07-11T17:16:03.168078808Z,1783790163168,4413,14,ok,
low-concurrency-20260711T171232.521874981Z,baseline-c20,2026-07-11T17:16:04.137684486Z,1783790164137,4404,17,ok,
low-concurrency-20260711T171232.521874981Z,fair-c20,2026-07-11T17:16:04.16738079Z,1783790164167,4417,17,ok,
low-concurrency-20260711T171232.521874981Z,baseline-c20,2026-07-11T17:16:05.146328615Z,1783790165146,4386,18,ok,
low-concurrency-20260711T171232.521874981Z,fair-c20,2026-07-11T17:16:05.173426351Z,1783790165173,4401,18,ok,
low-concurrency-20260711T171232.521874981Z,baseline-c20,2026-07-11T17:16:06.139054972Z,1783790166139,4417,14,ok,
low-concurrency-20260711T171232.521874981Z,fair-c20,2026-07-11T17:16:06.165377607Z,1783790166165,4477,15,ok,
low-concurrency-20260711T171232.521874981Z,baseline-c20,2026-07-11T17:16:07.139809067Z,1783790167139,4444,18,ok,
low-concurrency-20260711T171232.521874981Z,fair-c20,2026-07-11T17:16:07.169278791Z,1783790167169,4412,14,ok,
low-concurrency-20260711T171232.521874981Z,baseline-c20,2026-07-11T17:16:08.138023504Z,1783790168138,4428,15,ok,
low-concurrency-20260711T171232.521874981Z,fair-c20,2026-07-11T17:16:08.168078385Z,1783790168168,4440,20,ok,
low-concurrency-20260711T171232.521874981Z,baseline-c20,2026-07-11T17:16:09.138528177Z,1783790169138,4354,19,ok,
low-concurrency-20260711T171232.521874981Z,fair-c20,2026-07-11T17:16:09.169135167Z,1783790169169,4381,21,ok,
low-concurrency-20260711T171232.521874981Z,baseline-c20,2026-07-11T17:16:10.207818368Z,1783790170207,4354,20,ok,
low-concurrency-20260711T171232.521874981Z,fair-c20,2026-07-11T17:16:10.236170097Z,1783790170236,4382,19,ok,
low-concurrency-20260711T171232.521874981Z,baseline-c20,2026-07-11T17:16:11.144751332Z,1783790171144,4361,15,ok,
low-concurrency-20260711T171232.521874981Z,fair-c20,2026-07-11T17:16:11.171767319Z,1783790171171,4372,15,ok,
low-concurrency-20260711T171232.521874981Z,baseline-c20,2026-07-11T17:16:12.142983295Z,1783790172142,4354,19,ok,
low-concurrency-20260711T171232.521874981Z,fair-c20,2026-07-11T17:16:12.170996838Z,1783790172170,4339,15,ok,
low-concurrency-20260711T171232.521874981Z,baseline-c20,2026-07-11T17:16:13.137922234Z,1783790173137,4474,18,ok,
low-concurrency-20260711T171232.521874981Z,fair-c20,2026-07-11T17:16:13.168587363Z,1783790173168,4340,17,ok,
low-concurrency-20260711T171232.521874981Z,baseline-c20,2026-07-11T17:16:14.140500294Z,1783790174140,4362,15,ok,
low-concurrency-20260711T171232.521874981Z,fair-c20,2026-07-11T17:16:14.167000355Z,1783790174167,4396,14,ok,
low-concurrency-20260711T171232.521874981Z,baseline-c20,2026-07-11T17:16:15.139395372Z,1783790175139,4321,19,ok,
low-concurrency-20260711T171232.521874981Z,fair-c20,2026-07-11T17:16:15.165993447Z,1783790175165,4340,17,ok,
low-concurrency-20260711T171232.521874981Z,baseline-c20,2026-07-11T17:16:16.139023674Z,1783790176139,4322,18,ok,
low-concurrency-20260711T171232.521874981Z,fair-c20,2026-07-11T17:16:16.165689162Z,1783790176165,4323,17,ok,
low-concurrency-20260711T171232.521874981Z,baseline-c20,2026-07-11T17:16:17.139851965Z,1783790177139,4404,18,ok,
low-concurrency-20260711T171232.521874981Z,fair-c20,2026-07-11T17:16:17.169251337Z,1783790177169,4402,15,ok,
low-concurrency-20260711T171232.521874981Z,baseline-c20,2026-07-11T17:16:18.140330823Z,1783790178140,4354,20,ok,
low-concurrency-20260711T171232.521874981Z,fair-c20,2026-07-11T17:16:18.167899865Z,1783790178167,4364,18,ok,
low-concurrency-20260711T171232.521874981Z,baseline-c20,2026-07-11T17:16:19.141302429Z,1783790179141,4287,18,ok,
low-concurrency-20260711T171232.521874981Z,fair-c20,2026-07-11T17:16:19.171909153Z,1783790179171,4304,15,ok,
low-concurrency-20260711T171232.521874981Z,baseline-c20,2026-07-11T17:16:20.139159318Z,1783790180139,4384,17,ok,
low-concurrency-20260711T171232.521874981Z,fair-c20,2026-07-11T17:16:20.166960514Z,1783790180166,4340,17,ok,
low-concurrency-20260711T171232.521874981Z,baseline-c20,2026-07-11T17:16:21.138065076Z,1783790181138,4293,16,ok,
low-concurrency-20260711T171232.521874981Z,fair-c20,2026-07-11T17:16:21.165278441Z,1783790181165,4304,18,ok,
low-concurrency-20260711T171232.521874981Z,baseline-c20,2026-07-11T17:16:22.141013004Z,1783790182141,4318,18,ok,
low-concurrency-20260711T171232.521874981Z,fair-c20,2026-07-11T17:16:22.167461978Z,1783790182167,4296,18,ok,
low-concurrency-20260711T171232.521874981Z,baseline-c20,2026-07-11T17:16:23.137521402Z,1783790183137,4297,20,ok,
low-concurrency-20260711T171232.521874981Z,fair-c20,2026-07-11T17:16:23.164279102Z,1783790183164,4323,13,ok,
low-concurrency-20260711T171232.521874981Z,baseline-c20,2026-07-11T17:16:24.139595315Z,1783790184139,4288,17,ok,
low-concurrency-20260711T171232.521874981Z,fair-c20,2026-07-11T17:16:24.167553551Z,1783790184167,4304,18,ok,
low-concurrency-20260711T171232.521874981Z,baseline-c20,2026-07-11T17:16:25.137279262Z,1783790185137,4266,17,ok,
low-concurrency-20260711T171232.521874981Z,fair-c20,2026-07-11T17:16:25.165446442Z,1783790185165,4284,13,ok,
low-concurrency-20260711T171232.521874981Z,baseline-c20,2026-07-11T17:16:26.140712926Z,1783790186140,4321,18,ok,
low-concurrency-20260711T171232.521874981Z,fair-c20,2026-07-11T17:16:26.168064211Z,1783790186168,4347,17,ok,
low-concurrency-20260711T171232.521874981Z,baseline-c20,2026-07-11T17:16:27.139525281Z,1783790187139,4279,19,ok,
low-concurrency-20260711T171232.521874981Z,fair-c20,2026-07-11T17:16:27.165969224Z,1783790187165,4286,13,ok,
low-concurrency-20260711T171232.521874981Z,baseline-c20,2026-07-11T17:16:28.13938755Z,1783790188139,4251,21,ok,
low-concurrency-20260711T171232.521874981Z,fair-c20,2026-07-11T17:16:28.169559361Z,1783790188169,4295,21,ok,
low-concurrency-20260711T171232.521874981Z,baseline-c20,2026-07-11T17:16:29.138368158Z,1783790189138,4266,17,ok,
low-concurrency-20260711T171232.521874981Z,fair-c20,2026-07-11T17:16:29.164665407Z,1783790189164,4259,20,ok,
low-concurrency-20260711T171232.521874981Z,baseline-c20,2026-07-11T17:16:30.198389286Z,1783790190198,4294,14,ok,
low-concurrency-20260711T171232.521874981Z,fair-c20,2026-07-11T17:16:30.227559696Z,1783790190227,4245,16,ok,
low-concurrency-20260711T171232.521874981Z,baseline-c20,2026-07-11T17:16:31.13919453Z,1783790191139,4221,22,ok,
low-concurrency-20260711T171232.521874981Z,fair-c20,2026-07-11T17:16:31.166116637Z,1783790191166,4242,15,ok,
low-concurrency-20260711T171232.521874981Z,baseline-c20,2026-07-11T17:16:32.139143688Z,1783790192139,4218,15,ok,
low-concurrency-20260711T171232.521874981Z,fair-c20,2026-07-11T17:16:32.165684861Z,1783790192165,4240,17,ok,
low-concurrency-20260711T171232.521874981Z,baseline-c20,2026-07-11T17:16:33.138358812Z,1783790193138,4217,15,ok,
low-concurrency-20260711T171232.521874981Z,fair-c20,2026-07-11T17:16:33.164363484Z,1783790193164,4244,18,ok,
low-concurrency-20260711T171232.521874981Z,baseline-c20,2026-07-11T17:16:34.137666931Z,1783790194137,4236,17,ok,
low-concurrency-20260711T171232.521874981Z,fair-c20,2026-07-11T17:16:34.163370107Z,1783790194163,4259,19,ok,
low-concurrency-20260711T171232.521874981Z,baseline-c20,2026-07-11T17:16:35.141266295Z,1783790195141,4252,19,ok,
low-concurrency-20260711T171232.521874981Z,fair-c20,2026-07-11T17:16:35.167852827Z,1783790195167,4230,20,ok,
low-concurrency-20260711T171232.521874981Z,baseline-c20,2026-07-11T17:16:36.148107463Z,1783790196148,4220,16,ok,
low-concurrency-20260711T171232.521874981Z,fair-c20,2026-07-11T17:16:36.17656647Z,1783790196176,4363,14,ok,
low-concurrency-20260711T171232.521874981Z,baseline-c20,2026-07-11T17:16:37.139542999Z,1783790197139,4243,16,ok,
low-concurrency-20260711T171232.521874981Z,fair-c20,2026-07-11T17:16:37.166202102Z,1783790197166,4195,18,ok,
low-concurrency-20260711T171232.521874981Z,baseline-c20,2026-07-11T17:16:38.136816289Z,1783790198136,4172,13,ok,
low-concurrency-20260711T171232.521874981Z,fair-c20,2026-07-11T17:16:38.169013377Z,1783790198169,4188,18,ok,
low-concurrency-20260711T171232.521874981Z,baseline-c20,2026-07-11T17:16:39.14462897Z,1783790199144,4173,16,ok,
low-concurrency-20260711T171232.521874981Z,fair-c20,2026-07-11T17:16:39.171783444Z,1783790199171,4265,18,ok,
low-concurrency-20260711T171232.521874981Z,baseline-c20,2026-07-11T17:16:40.13858084Z,1783790200138,4262,16,ok,
low-concurrency-20260711T171232.521874981Z,fair-c20,2026-07-11T17:16:40.163796573Z,1783790200163,4192,19,ok,
low-concurrency-20260711T171232.521874981Z,baseline-c20,2026-07-11T17:16:41.136525108Z,1783790201136,4184,16,ok,
low-concurrency-20260711T171232.521874981Z,fair-c20,2026-07-11T17:16:41.163338827Z,1783790201163,4189,17,ok,
low-concurrency-20260711T171232.521874981Z,baseline-c20,2026-07-11T17:16:42.144056194Z,1783790202144,4189,21,ok,
low-concurrency-20260711T171232.521874981Z,fair-c20,2026-07-11T17:16:42.173757108Z,1783790202173,4160,20,ok,
low-concurrency-20260711T171232.521874981Z,baseline-c20,2026-07-11T17:16:43.139374708Z,1783790203139,4139,17,ok,
low-concurrency-20260711T171232.521874981Z,fair-c20,2026-07-11T17:16:43.164822451Z,1783790203164,4160,19,ok,
low-concurrency-20260711T171232.521874981Z,baseline-c20,2026-07-11T17:16:44.137528Z,1783790204137,4148,13,ok,
low-concurrency-20260711T171232.521874981Z,fair-c20,2026-07-11T17:16:44.161205804Z,1783790204161,4157,21,ok,
low-concurrency-20260711T171232.521874981Z,baseline-c20,2026-07-11T17:16:45.137987181Z,1783790205137,4151,15,ok,
low-concurrency-20260711T171232.521874981Z,fair-c20,2026-07-11T17:16:45.170272944Z,1783790205170,4152,16,ok,
low-concurrency-20260711T171232.521874981Z,baseline-c20,2026-07-11T17:16:46.137498893Z,1783790206137,4177,18,ok,
low-concurrency-20260711T171232.521874981Z,fair-c20,2026-07-11T17:16:46.165109159Z,1783790206165,4185,12,ok,
low-concurrency-20260711T171232.521874981Z,baseline-c20,2026-07-11T17:16:47.137480478Z,1783790207137,4114,16,ok,
low-concurrency-20260711T171232.521874981Z,fair-c20,2026-07-11T17:16:47.164802207Z,1783790207164,4240,19,ok,
low-concurrency-20260711T171232.521874981Z,baseline-c20,2026-07-11T17:16:48.139247095Z,1783790208139,4174,15,ok,
low-concurrency-20260711T171232.521874981Z,fair-c20,2026-07-11T17:16:48.167352379Z,1783790208167,4152,15,ok,
low-concurrency-20260711T171232.521874981Z,baseline-c20,2026-07-11T17:16:49.140518492Z,1783790209140,4151,16,ok,
low-concurrency-20260711T171232.521874981Z,fair-c20,2026-07-11T17:16:49.166244325Z,1783790209166,4112,18,ok,
low-concurrency-20260711T171232.521874981Z,baseline-c20,2026-07-11T17:16:50.137736006Z,1783790210137,4138,19,ok,
low-concurrency-20260711T171232.521874981Z,fair-c20,2026-07-11T17:16:50.164828649Z,1783790210164,4162,18,ok,
low-concurrency-20260711T171232.521874981Z,baseline-c20,2026-07-11T17:16:51.139381834Z,1783790211139,4098,19,ok,
low-concurrency-20260711T171232.521874981Z,fair-c20,2026-07-11T17:16:51.165110235Z,1783790211165,4096,19,ok,
low-concurrency-20260711T171232.521874981Z,baseline-c20,2026-07-11T17:16:52.140132914Z,1783790212140,4092,17,ok,
low-concurrency-20260711T171232.521874981Z,fair-c20,2026-07-11T17:16:52.168513513Z,1783790212168,4202,19,ok,
low-concurrency-20260711T171232.521874981Z,baseline-c20,2026-07-11T17:16:53.141090395Z,1783790213141,4099,20,ok,
low-concurrency-20260711T171232.521874981Z,fair-c20,2026-07-11T17:16:53.167026898Z,1783790213167,4157,19,ok,
low-concurrency-20260711T171232.521874981Z,baseline-c20,2026-07-11T17:16:54.139227002Z,1783790214139,4086,16,ok,
low-concurrency-20260711T171232.521874981Z,fair-c20,2026-07-11T17:16:54.166761336Z,1783790214166,4112,19,ok,
low-concurrency-20260711T171232.521874981Z,baseline-c20,2026-07-11T17:16:55.137242519Z,1783790215137,4086,18,ok,
low-concurrency-20260711T171232.521874981Z,fair-c20,2026-07-11T17:16:55.163657111Z,1783790215163,4096,16,ok,
low-concurrency-20260711T171232.521874981Z,baseline-c20,2026-07-11T17:16:56.138301562Z,1783790216138,4098,21,ok,
low-concurrency-20260711T171232.521874981Z,fair-c20,2026-07-11T17:16:56.165802617Z,1783790216165,4074,20,ok,
low-concurrency-20260711T171232.521874981Z,baseline-c20,2026-07-11T17:16:57.138452849Z,1783790217138,4149,12,ok,
low-concurrency-20260711T171232.521874981Z,fair-c20,2026-07-11T17:16:57.163505289Z,1783790217163,4074,20,ok,
low-concurrency-20260711T171232.521874981Z,baseline-c20,2026-07-11T17:16:58.139586735Z,1783790218139,4091,18,ok,
low-concurrency-20260711T171232.521874981Z,fair-c20,2026-07-11T17:16:58.166585573Z,1783790218166,4109,17,ok,
low-concurrency-20260711T171232.521874981Z,baseline-c20,2026-07-11T17:16:59.139177804Z,1783790219139,4048,21,ok,
low-concurrency-20260711T171232.521874981Z,fair-c20,2026-07-11T17:16:59.166928118Z,1783790219166,4074,17,ok,
low-concurrency-20260711T171232.521874981Z,baseline-c20,2026-07-11T17:17:00.140601615Z,1783790220140,4116,13,ok,
low-concurrency-20260711T171232.521874981Z,fair-c20,2026-07-11T17:17:00.168600821Z,1783790220168,4064,21,ok,
low-concurrency-20260711T171232.521874981Z,baseline-c20,2026-07-11T17:17:01.147749626Z,1783790221147,4023,13,ok,
low-concurrency-20260711T171232.521874981Z,fair-c20,2026-07-11T17:17:01.174789081Z,1783790221174,4034,24,ok,
low-concurrency-20260711T171232.521874981Z,baseline-c20,2026-07-11T17:17:02.136849736Z,1783790222136,4087,18,ok,
low-concurrency-20260711T171232.521874981Z,fair-c20,2026-07-11T17:17:02.173294027Z,1783790222173,4024,18,ok,
low-concurrency-20260711T171232.521874981Z,baseline-c20,2026-07-11T17:17:03.139786032Z,1783790223139,4025,13,ok,
low-concurrency-20260711T171232.521874981Z,fair-c20,2026-07-11T17:17:03.16932676Z,1783790223169,4082,20,ok,
low-concurrency-20260711T171232.521874981Z,baseline-c20,2026-07-11T17:17:04.140879252Z,1783790224140,4025,12,ok,
low-concurrency-20260711T171232.521874981Z,fair-c20,2026-07-11T17:17:04.169141469Z,1783790224169,4035,20,ok,
low-concurrency-20260711T171232.521874981Z,baseline-c20,2026-07-11T17:17:05.139389702Z,1783790225139,4025,13,ok,
low-concurrency-20260711T171232.521874981Z,fair-c20,2026-07-11T17:17:05.167003094Z,1783790225167,4004,19,ok,
low-concurrency-20260711T171232.521874981Z,baseline-c20,2026-07-11T17:17:06.137195678Z,1783790226137,4222,21,ok,
low-concurrency-20260711T171232.521874981Z,fair-c20,2026-07-11T17:17:06.163406092Z,1783790226163,4120,20,ok,
low-concurrency-20260711T171232.521874981Z,baseline-c20,2026-07-11T17:17:07.138839972Z,1783790227138,4010,20,ok,
low-concurrency-20260711T171232.521874981Z,fair-c20,2026-07-11T17:17:07.16773216Z,1783790227167,4035,22,ok,
low-concurrency-20260711T171232.521874981Z,baseline-c20,2026-07-11T17:17:08.137352197Z,1783790228137,3990,14,ok,
low-concurrency-20260711T171232.521874981Z,fair-c20,2026-07-11T17:17:08.163827764Z,1783790228163,4096,18,ok,
low-concurrency-20260711T171232.521874981Z,baseline-c20,2026-07-11T17:17:09.142251512Z,1783790229142,4023,12,ok,
low-concurrency-20260711T171232.521874981Z,fair-c20,2026-07-11T17:17:09.169381073Z,1783790229169,4024,18,ok,
low-concurrency-20260711T171232.521874981Z,baseline-c20,2026-07-11T17:17:10.137407478Z,1783790230137,4034,17,ok,
low-concurrency-20260711T171232.521874981Z,fair-c20,2026-07-11T17:17:10.166428718Z,1783790230166,3973,18,ok,
low-concurrency-20260711T171232.521874981Z,baseline-c20,2026-07-11T17:17:11.141586479Z,1783790231141,4010,19,ok,
low-concurrency-20260711T171232.521874981Z,fair-c20,2026-07-11T17:17:11.168256357Z,1783790231168,3967,16,ok,
low-concurrency-20260711T171232.521874981Z,baseline-c20,2026-07-11T17:17:12.137985787Z,1783790232137,3989,15,ok,
low-concurrency-20260711T171232.521874981Z,fair-c20,2026-07-11T17:17:12.163659677Z,1783790232163,3986,19,ok,
low-concurrency-20260711T171232.521874981Z,baseline-c20,2026-07-11T17:17:13.140563544Z,1783790233140,3954,16,ok,
low-concurrency-20260711T171232.521874981Z,fair-c20,2026-07-11T17:17:13.170837638Z,1783790233170,4004,21,ok,
low-concurrency-20260711T171232.521874981Z,baseline-c20,2026-07-11T17:17:14.137493184Z,1783790234137,3961,18,ok,
low-concurrency-20260711T171232.521874981Z,fair-c20,2026-07-11T17:17:14.163123057Z,1783790234163,3942,19,ok,
low-concurrency-20260711T171232.521874981Z,baseline-c20,2026-07-11T17:17:15.139340761Z,1783790235139,4047,20,ok,
low-concurrency-20260711T171232.521874981Z,fair-c20,2026-07-11T17:17:15.165341627Z,1783790235165,3972,17,ok,
low-concurrency-20260711T171232.521874981Z,baseline-c20,2026-07-11T17:17:16.138629211Z,1783790236138,3926,17,ok,
low-concurrency-20260711T171232.521874981Z,fair-c20,2026-07-11T17:17:16.16875576Z,1783790236168,3977,16,ok,
low-concurrency-20260711T171232.521874981Z,baseline-c20,2026-07-11T17:17:17.138080808Z,1783790237138,3953,16,ok,
low-concurrency-20260711T171232.521874981Z,fair-c20,2026-07-11T17:17:17.162799057Z,1783790237162,3989,18,ok,
low-concurrency-20260711T171232.521874981Z,baseline-c20,2026-07-11T17:17:18.140013452Z,1783790238140,3960,18,ok,
low-concurrency-20260711T171232.521874981Z,fair-c20,2026-07-11T17:17:18.16821669Z,1783790238168,3912,19,ok,
low-concurrency-20260711T171232.521874981Z,baseline-c20,2026-07-11T17:17:19.142124118Z,1783790239142,3945,19,ok,
low-concurrency-20260711T171232.521874981Z,fair-c20,2026-07-11T17:17:19.167961352Z,1783790239167,3912,19,ok,
low-concurrency-20260711T171232.521874981Z,baseline-c20,2026-07-11T17:17:20.139167585Z,1783790240139,4040,18,ok,
low-concurrency-20260711T171232.521874981Z,fair-c20,2026-07-11T17:17:20.165703142Z,1783790240165,3966,14,ok,
low-concurrency-20260711T171232.521874981Z,baseline-c20,2026-07-11T17:17:21.14149571Z,1783790241141,3905,20,ok,
low-concurrency-20260711T171232.521874981Z,fair-c20,2026-07-11T17:17:21.168527365Z,1783790241168,3945,17,ok,
low-concurrency-20260711T171232.521874981Z,baseline-c20,2026-07-11T17:17:22.169185041Z,1783790242169,3901,18,ok,
low-concurrency-20260711T171232.521874981Z,fair-c20,2026-07-11T17:17:22.195106011Z,1783790242195,3896,15,ok,
low-concurrency-20260711T171232.521874981Z,baseline-c20,2026-07-11T17:17:23.138199699Z,1783790243138,3905,19,ok,
low-concurrency-20260711T171232.521874981Z,fair-c20,2026-07-11T17:17:23.166142064Z,1783790243166,3919,17,ok,
low-concurrency-20260711T171232.521874981Z,baseline-c20,2026-07-11T17:17:24.137939132Z,1783790244137,3892,18,ok,
low-concurrency-20260711T171232.521874981Z,fair-c20,2026-07-11T17:17:24.164907898Z,1783790244164,3941,19,ok,
low-concurrency-20260711T171232.521874981Z,baseline-c20,2026-07-11T17:17:25.138448649Z,1783790245138,3892,17,ok,
low-concurrency-20260711T171232.521874981Z,fair-c20,2026-07-11T17:17:25.165764093Z,1783790245165,3869,18,ok,
low-concurrency-20260711T171232.521874981Z,baseline-c20,2026-07-11T17:17:26.140819761Z,1783790246140,3901,17,ok,
low-concurrency-20260711T171232.521874981Z,fair-c20,2026-07-11T17:17:26.16722871Z,1783790246167,3871,15,ok,
low-concurrency-20260711T171232.521874981Z,baseline-c20,2026-07-11T17:17:27.139238763Z,1783790247139,3905,18,ok,
low-concurrency-20260711T171232.521874981Z,fair-c20,2026-07-11T17:17:27.166559517Z,1783790247166,3912,19,ok,
low-concurrency-20260711T171232.521874981Z,baseline-c20,2026-07-11T17:17:28.13939437Z,1783790248139,3858,14,ok,
low-concurrency-20260711T171232.521874981Z,fair-c20,2026-07-11T17:17:28.165979697Z,1783790248165,3849,17,ok,
low-concurrency-20260711T171232.521874981Z,baseline-c20,2026-07-11T17:17:29.138600193Z,1783790249138,3926,17,ok,
low-concurrency-20260711T171232.521874981Z,fair-c20,2026-07-11T17:17:29.165399679Z,1783790249165,3870,17,ok,
low-concurrency-20260711T171232.521874981Z,baseline-c20,2026-07-11T17:17:30.137249078Z,1783790250137,3917,15,ok,
low-concurrency-20260711T171232.521874981Z,fair-c20,2026-07-11T17:17:30.164853137Z,1783790250164,3897,15,ok,
low-concurrency-20260711T171232.521874981Z,baseline-c20,2026-07-11T17:17:31.141300432Z,1783790251141,3839,16,ok,
low-concurrency-20260711T171232.521874981Z,fair-c20,2026-07-11T17:17:31.167201576Z,1783790251167,3872,15,ok,
low-concurrency-20260711T171232.521874981Z,baseline-c20,2026-07-11T17:17:32.139370064Z,1783790252139,3964,15,ok,
low-concurrency-20260711T171232.521874981Z,fair-c20,2026-07-11T17:17:32.169052394Z,1783790252169,3830,18,ok,
low-concurrency-20260711T171232.521874981Z,baseline-c20,2026-07-11T17:17:33.140102669Z,1783790253140,3834,16,ok,
low-concurrency-20260711T171232.521874981Z,fair-c20,2026-07-11T17:17:33.169238337Z,1783790253169,3850,14,ok,
low-concurrency-20260711T171232.521874981Z,baseline-c20,2026-07-11T17:17:34.138745628Z,1783790254138,3819,21,ok,
low-concurrency-20260711T171232.521874981Z,fair-c20,2026-07-11T17:17:34.165891289Z,1783790254165,3870,16,ok,
low-concurrency-20260711T171232.521874981Z,baseline-c20,2026-07-11T17:17:35.139035743Z,1783790255139,3839,16,ok,
low-concurrency-20260711T171232.521874981Z,fair-c20,2026-07-11T17:17:35.165707652Z,1783790255165,3828,13,ok,
low-concurrency-20260711T171232.521874981Z,baseline-c20,2026-07-11T17:17:36.137396743Z,1783790256137,3833,16,ok,
low-concurrency-20260711T171232.521874981Z,fair-c20,2026-07-11T17:17:36.164397332Z,1783790256164,3825,16,ok,
low-concurrency-20260711T171232.521874981Z,baseline-c20,2026-07-11T17:17:37.137228529Z,1783790257137,3818,22,ok,
low-concurrency-20260711T171232.521874981Z,fair-c20,2026-07-11T17:17:37.163997044Z,1783790257163,3797,16,ok,
low-concurrency-20260711T171232.521874981Z,baseline-c20,2026-07-11T17:17:38.186595806Z,1783790258186,3794,18,ok,
low-concurrency-20260711T171232.521874981Z,fair-c20,2026-07-11T17:17:38.213007562Z,1783790258213,3810,22,ok,
low-concurrency-20260711T171232.521874981Z,baseline-c20,2026-07-11T17:17:39.136838103Z,1783790259136,3795,18,ok,
low-concurrency-20260711T171232.521874981Z,fair-c20,2026-07-11T17:17:39.162972994Z,1783790259162,3795,15,ok,
low-concurrency-20260711T171232.521874981Z,baseline-c20,2026-07-11T17:17:40.139586513Z,1783790260139,3801,17,ok,
low-concurrency-20260711T171232.521874981Z,fair-c20,2026-07-11T17:17:40.166236016Z,1783790260166,3804,19,ok,
low-concurrency-20260711T171232.521874981Z,baseline-c20,2026-07-11T17:17:41.138594987Z,1783790261138,3851,16,ok,
low-concurrency-20260711T171232.521874981Z,fair-c20,2026-07-11T17:17:41.165823666Z,1783790261165,3887,18,ok,
low-concurrency-20260711T171232.521874981Z,baseline-c20,2026-07-11T17:17:42.137856891Z,1783790262137,3800,16,ok,
low-concurrency-20260711T171232.521874981Z,fair-c20,2026-07-11T17:17:42.164789157Z,1783790262164,3780,15,ok,
low-concurrency-20260711T171232.521874981Z,baseline-c20,2026-07-11T17:17:43.140063133Z,1783790263140,3758,18,ok,
low-concurrency-20260711T171232.521874981Z,fair-c20,2026-07-11T17:17:43.167373122Z,1783790263167,3826,12,ok,
low-concurrency-20260711T171232.521874981Z,baseline-c20,2026-07-11T17:17:44.140071531Z,1783790264140,3819,20,ok,
low-concurrency-20260711T171232.521874981Z,fair-c20,2026-07-11T17:17:44.16576196Z,1783790264165,3745,20,ok,
low-concurrency-20260711T171232.521874981Z,baseline-c20,2026-07-11T17:17:45.140187495Z,1783790265140,3797,15,ok,
low-concurrency-20260711T171232.521874981Z,fair-c20,2026-07-11T17:17:45.167990693Z,1783790265167,3796,18,ok,
low-concurrency-20260711T171232.521874981Z,baseline-c20,2026-07-11T17:17:46.14523755Z,1783790266145,3795,18,ok,
low-concurrency-20260711T171232.521874981Z,fair-c20,2026-07-11T17:17:46.174587822Z,1783790266174,3765,18,ok,
low-concurrency-20260711T171232.521874981Z,baseline-c20,2026-07-11T17:17:47.141647927Z,1783790267141,3743,17,ok,
low-concurrency-20260711T171232.521874981Z,fair-c20,2026-07-11T17:17:47.169722998Z,1783790267169,3761,14,ok,
low-concurrency-20260711T171232.521874981Z,baseline-c20,2026-07-11T17:17:48.136882518Z,1783790268136,3742,19,ok,
low-concurrency-20260711T171232.521874981Z,fair-c20,2026-07-11T17:17:48.162531296Z,1783790268162,3724,21,ok,
low-concurrency-20260711T171232.521874981Z,baseline-c20,2026-07-11T17:17:49.145279699Z,1783790269145,3738,15,ok,
low-concurrency-20260711T171232.521874981Z,fair-c20,2026-07-11T17:17:49.173427317Z,1783790269173,3780,15,ok,
low-concurrency-20260711T171232.521874981Z,baseline-c20,2026-07-11T17:17:50.144002006Z,1783790270144,3738,14,ok,
low-concurrency-20260711T171232.521874981Z,fair-c20,2026-07-11T17:17:50.170111475Z,1783790270170,3745,18,ok,
low-concurrency-20260711T171232.521874981Z,baseline-c20,2026-07-11T17:17:51.139566754Z,1783790271139,3757,19,ok,
low-concurrency-20260711T171232.521874981Z,fair-c20,2026-07-11T17:17:51.168006573Z,1783790271168,3722,17,ok,
low-concurrency-20260711T171232.521874981Z,baseline-c20,2026-07-11T17:17:52.138955711Z,1783790272138,3756,18,ok,
low-concurrency-20260711T171232.521874981Z,fair-c20,2026-07-11T17:17:52.168213266Z,1783790272168,3704,19,ok,
low-concurrency-20260711T171232.521874981Z,baseline-c20,2026-07-11T17:17:53.137229413Z,1783790273137,3738,15,ok,
low-concurrency-20260711T171232.521874981Z,fair-c20,2026-07-11T17:17:53.163641418Z,1783790273163,3704,19,ok,
low-concurrency-20260711T171232.521874981Z,baseline-c20,2026-07-11T17:17:54.188673558Z,1783790274188,3688,19,ok,
low-concurrency-20260711T171232.521874981Z,fair-c20,2026-07-11T17:17:54.215287842Z,1783790274215,3704,18,ok,
low-concurrency-20260711T171232.521874981Z,baseline-c20,2026-07-11T17:17:55.138639863Z,1783790275138,3689,19,ok,
low-concurrency-20260711T171232.521874981Z,fair-c20,2026-07-11T17:17:55.164134945Z,1783790275164,3928,19,ok,
low-concurrency-20260711T171232.521874981Z,baseline-c20,2026-07-11T17:17:56.140267479Z,1783790276140,3701,13,ok,
low-concurrency-20260711T171232.521874981Z,fair-c20,2026-07-11T17:17:56.170104649Z,1783790276170,3673,16,ok,
low-concurrency-20260711T171232.521874981Z,baseline-c20,2026-07-11T17:17:57.138402026Z,1783790277138,3742,17,ok,
low-concurrency-20260711T171232.521874981Z,fair-c20,2026-07-11T17:17:57.16708433Z,1783790277167,3704,17,ok,
low-concurrency-20260711T171232.521874981Z,baseline-c20,2026-07-11T17:17:58.141985135Z,1783790278141,3701,13,ok,
low-concurrency-20260711T171232.521874981Z,fair-c20,2026-07-11T17:17:58.171687832Z,1783790278171,3709,17,ok,
low-concurrency-20260711T171232.521874981Z,baseline-c20,2026-07-11T17:17:59.137233795Z,1783790279137,3666,16,ok,
low-concurrency-20260711T171232.521874981Z,fair-c20,2026-07-11T17:17:59.163204046Z,1783790279163,3654,22,ok,
low-concurrency-20260711T171232.521874981Z,baseline-c20,2026-07-11T17:18:00.13915171Z,1783790280139,3666,14,ok,
low-concurrency-20260711T171232.521874981Z,fair-c20,2026-07-11T17:18:00.171706379Z,1783790280171,3652,19,ok,
low-concurrency-20260711T171232.521874981Z,baseline-c20,2026-07-11T17:18:01.142899387Z,1783790281142,3729,19,ok,
low-concurrency-20260711T171232.521874981Z,fair-c20,2026-07-11T17:18:01.169194916Z,1783790281169,3673,18,ok,
low-concurrency-20260711T171232.521874981Z,baseline-c20,2026-07-11T17:18:02.139698112Z,1783790282139,3858,13,ok,
low-concurrency-20260711T171232.521874981Z,fair-c20,2026-07-11T17:18:02.199803915Z,1783790282199,3659,19,ok,
low-concurrency-20260711T171232.521874981Z,baseline-c20,2026-07-11T17:18:03.152996823Z,1783790283152,3695,16,ok,
low-concurrency-20260711T171232.521874981Z,fair-c20,2026-07-11T17:18:03.198615758Z,1783790283198,3734,14,ok,
low-concurrency-20260711T171232.521874981Z,baseline-c20,2026-07-11T17:18:04.140553062Z,1783790284140,3657,17,ok,
low-concurrency-20260711T171232.521874981Z,fair-c20,2026-07-11T17:18:04.171668267Z,1783790284171,3638,13,ok,
low-concurrency-20260711T171232.521874981Z,baseline-c20,2026-07-11T17:18:05.139486541Z,1783790285139,3625,18,ok,
low-concurrency-20260711T171232.521874981Z,fair-c20,2026-07-11T17:18:05.167292991Z,1783790285167,3624,17,ok,
low-concurrency-20260711T171232.521874981Z,baseline-c20,2026-07-11T17:18:06.140003257Z,1783790286140,3666,16,ok,
low-concurrency-20260711T171232.521874981Z,fair-c20,2026-07-11T17:18:06.16941111Z,1783790286169,3625,16,ok,
low-concurrency-20260711T171232.521874981Z,baseline-c20,2026-07-11T17:18:07.139270067Z,1783790287139,3625,17,ok,
low-concurrency-20260711T171232.521874981Z,fair-c20,2026-07-11T17:18:07.167326186Z,1783790287167,3725,22,ok,
low-concurrency-20260711T171232.521874981Z,baseline-c20,2026-07-11T17:18:08.138281646Z,1783790288138,3639,10,ok,
low-concurrency-20260711T171232.521874981Z,fair-c20,2026-07-11T17:18:08.164388646Z,1783790288164,3652,20,ok,
low-concurrency-20260711T171232.521874981Z,baseline-c20,2026-07-11T17:18:09.138746314Z,1783790289138,3613,17,ok,
low-concurrency-20260711T171232.521874981Z,fair-c20,2026-07-11T17:18:09.166185348Z,1783790289166,3624,16,ok,
low-concurrency-20260711T171232.521874981Z,baseline-c20,2026-07-11T17:18:10.137065862Z,1783790290137,3613,17,ok,
low-concurrency-20260711T171232.521874981Z,fair-c20,2026-07-11T17:18:10.181635159Z,1783790290181,3638,13,ok,
low-concurrency-20260711T171232.521874981Z,baseline-c20,2026-07-11T17:18:11.139862072Z,1783790291139,3644,18,ok,
low-concurrency-20260711T171232.521874981Z,fair-c20,2026-07-11T17:18:11.167558215Z,1783790291167,3625,16,ok,
low-concurrency-20260711T171232.521874981Z,baseline-c20,2026-07-11T17:18:12.137170395Z,1783790292137,3627,17,ok,
low-concurrency-20260711T171232.521874981Z,fair-c20,2026-07-11T17:18:12.170028013Z,1783790292170,3570,15,ok,
low-concurrency-20260711T171232.521874981Z,baseline-c20,2026-07-11T17:18:13.138577394Z,1783790293138,3612,17,ok,
low-concurrency-20260711T171232.521874981Z,fair-c20,2026-07-11T17:18:13.166243382Z,1783790293166,3594,20,ok,
low-concurrency-20260711T171232.521874981Z,baseline-c20,2026-07-11T17:18:14.136619496Z,1783790294136,3630,18,ok,
low-concurrency-20260711T171232.521874981Z,fair-c20,2026-07-11T17:18:14.163227047Z,1783790294163,3581,21,ok,
low-concurrency-20260711T171232.521874981Z,baseline-c20,2026-07-11T17:18:15.137442625Z,1783790295137,3560,19,ok,
low-concurrency-20260711T171232.521874981Z,fair-c20,2026-07-11T17:18:15.165522977Z,1783790295165,3582,18,ok,
low-concurrency-20260711T171232.521874981Z,baseline-c20,2026-07-11T17:18:16.139395663Z,1783790296139,3577,20,ok,
low-concurrency-20260711T171232.521874981Z,fair-c20,2026-07-11T17:18:16.169897275Z,1783790296169,3544,14,ok,
low-concurrency-20260711T171232.521874981Z,baseline-c20,2026-07-11T17:18:17.138363728Z,1783790297138,3561,17,ok,
low-concurrency-20260711T171232.521874981Z,fair-c20,2026-07-11T17:18:17.167445869Z,1783790297167,3592,18,ok,
low-concurrency-20260711T171232.521874981Z,baseline-c20,2026-07-11T17:18:18.138154442Z,1783790298138,3574,14,ok,
low-concurrency-20260711T171232.521874981Z,fair-c20,2026-07-11T17:18:18.172859023Z,1783790298172,3569,18,ok,
low-concurrency-20260711T171232.521874981Z,baseline-c20,2026-07-11T17:18:19.13948269Z,1783790299139,3560,18,ok,
low-concurrency-20260711T171232.521874981Z,fair-c20,2026-07-11T17:18:19.16721159Z,1783790299167,3628,17,ok,
low-concurrency-20260711T171232.521874981Z,baseline-c20,2026-07-11T17:18:20.139900429Z,1783790300139,3564,19,ok,
low-concurrency-20260711T171232.521874981Z,fair-c20,2026-07-11T17:18:20.172144968Z,1783790300172,3544,16,ok,
low-concurrency-20260711T171232.521874981Z,baseline-c20,2026-07-11T17:18:21.139353912Z,1783790301139,3557,20,ok,
low-concurrency-20260711T171232.521874981Z,fair-c20,2026-07-11T17:18:21.166386901Z,1783790301166,3509,19,ok,
low-concurrency-20260711T171232.521874981Z,baseline-c20,2026-07-11T17:18:22.139711238Z,1783790302139,3521,14,ok,
low-concurrency-20260711T171232.521874981Z,fair-c20,2026-07-11T17:18:22.166550731Z,1783790302166,3532,17,ok,
low-concurrency-20260711T171232.521874981Z,baseline-c20,2026-07-11T17:18:23.139051181Z,1783790303139,3530,17,ok,
low-concurrency-20260711T171232.521874981Z,fair-c20,2026-07-11T17:18:23.165794775Z,1783790303165,3521,18,ok,
low-concurrency-20260711T171232.521874981Z,baseline-c20,2026-07-11T17:18:24.137276633Z,1783790304137,3515,13,ok,
low-concurrency-20260711T171232.521874981Z,fair-c20,2026-07-11T17:18:24.16435072Z,1783790304164,3511,15,ok,
low-concurrency-20260711T171232.521874981Z,baseline-c20,2026-07-11T17:18:25.139903933Z,1783790305139,3524,20,ok,
low-concurrency-20260711T171232.521874981Z,fair-c20,2026-07-11T17:18:25.167370024Z,1783790305167,3521,18,ok,
low-concurrency-20260711T171232.521874981Z,baseline-c20,2026-07-11T17:18:26.13747461Z,1783790306137,3577,19,ok,
low-concurrency-20260711T171232.521874981Z,fair-c20,2026-07-11T17:18:26.166676822Z,1783790306166,3558,12,ok,
low-concurrency-20260711T171232.521874981Z,baseline-c20,2026-07-11T17:18:27.141905521Z,1783790307141,3516,11,ok,
low-concurrency-20260711T171232.521874981Z,fair-c20,2026-07-11T17:18:27.168025635Z,1783790307168,3475,16,ok,
low-concurrency-20260711T171232.521874981Z,baseline-c20,2026-07-11T17:18:28.138911935Z,1783790308138,3530,16,ok,
low-concurrency-20260711T171232.521874981Z,fair-c20,2026-07-11T17:18:28.166083067Z,1783790308166,3474,14,ok,
low-concurrency-20260711T171232.521874981Z,baseline-c20,2026-07-11T17:18:29.14103472Z,1783790309141,3490,16,ok,
low-concurrency-20260711T171232.521874981Z,fair-c20,2026-07-11T17:18:29.171376101Z,1783790309171,3473,18,ok,
low-concurrency-20260711T171232.521874981Z,baseline-c20,2026-07-11T17:18:30.138551903Z,1783790310138,3597,20,ok,
low-concurrency-20260711T171232.521874981Z,fair-c20,2026-07-11T17:18:30.164219326Z,1783790310164,3474,17,ok,
low-concurrency-20260711T171232.521874981Z,baseline-c20,2026-07-11T17:18:31.144079778Z,1783790311144,3521,13,ok,
low-concurrency-20260711T171232.521874981Z,fair-c20,2026-07-11T17:18:31.178522475Z,1783790311178,3517,19,ok,
low-concurrency-20260711T171232.521874981Z,baseline-c20,2026-07-11T17:18:32.139104905Z,1783790312139,3453,14,ok,
low-concurrency-20260711T171232.521874981Z,fair-c20,2026-07-11T17:18:32.166675242Z,1783790312166,3474,15,ok,
low-concurrency-20260711T171232.521874981Z,baseline-c20,2026-07-11T17:18:33.138835393Z,1783790313138,3476,18,ok,
low-concurrency-20260711T171232.521874981Z,fair-c20,2026-07-11T17:18:33.166277304Z,1783790313166,3433,18,ok,
low-concurrency-20260711T171232.521874981Z,baseline-c20,2026-07-11T17:18:34.138087571Z,1783790314138,3438,17,ok,
low-concurrency-20260711T171232.521874981Z,fair-c20,2026-07-11T17:18:34.166014633Z,1783790314166,3431,17,ok,
low-concurrency-20260711T171232.521874981Z,baseline-c20,2026-07-11T17:18:35.138597983Z,1783790315138,3453,14,ok,
low-concurrency-20260711T171232.521874981Z,fair-c20,2026-07-11T17:18:35.165500589Z,1783790315165,3532,17,ok,
low-concurrency-20260711T171232.521874981Z,baseline-c20,2026-07-11T17:18:36.136298071Z,1783790316136,3451,17,ok,
low-concurrency-20260711T171232.521874981Z,fair-c20,2026-07-11T17:18:36.163100197Z,1783790316163,3473,16,ok,
low-concurrency-20260711T171232.521874981Z,baseline-c20,2026-07-11T17:18:37.1399027Z,1783790317139,3440,15,ok,
low-concurrency-20260711T171232.521874981Z,fair-c20,2026-07-11T17:18:37.169700954Z,1783790317169,3411,19,ok,
low-concurrency-20260711T171232.521874981Z,baseline-c20,2026-07-11T17:18:38.137154984Z,1783790318137,3453,14,ok,
low-concurrency-20260711T171232.521874981Z,fair-c20,2026-07-11T17:18:38.163062958Z,1783790318163,3407,18,ok,
low-concurrency-20260711T171232.521874981Z,baseline-c20,2026-07-11T17:18:39.139947724Z,1783790319139,3471,18,ok,
low-concurrency-20260711T171232.521874981Z,fair-c20,2026-07-11T17:18:39.167607163Z,1783790319167,3432,19,ok,
low-concurrency-20260711T171232.521874981Z,baseline-c20,2026-07-11T17:18:40.14045665Z,1783790320140,3457,18,ok,
low-concurrency-20260711T171232.521874981Z,fair-c20,2026-07-11T17:18:40.168443433Z,1783790320168,3411,19,ok,
low-concurrency-20260711T171232.521874981Z,baseline-c20,2026-07-11T17:18:41.142592181Z,1783790321142,3438,16,ok,
low-concurrency-20260711T171232.521874981Z,fair-c20,2026-07-11T17:18:41.170745923Z,1783790321170,3388,15,ok,
low-concurrency-20260711T171232.521874981Z,baseline-c20,2026-07-11T17:18:42.138109974Z,1783790322138,3404,10,ok,
low-concurrency-20260711T171232.521874981Z,fair-c20,2026-07-11T17:18:42.164845651Z,1783790322164,3413,21,ok,
low-concurrency-20260711T171232.521874981Z,baseline-c20,2026-07-11T17:18:43.139040529Z,1783790323139,3490,16,ok,
low-concurrency-20260711T171232.521874981Z,fair-c20,2026-07-11T17:18:43.165505409Z,1783790323165,3369,17,ok,
low-concurrency-20260711T171232.521874981Z,baseline-c20,2026-07-11T17:18:44.138762276Z,1783790324138,3394,22,ok,
low-concurrency-20260711T171232.521874981Z,fair-c20,2026-07-11T17:18:44.166345703Z,1783790324166,3406,19,ok,
low-concurrency-20260711T171232.521874981Z,baseline-c20,2026-07-11T17:18:45.139518074Z,1783790325139,3375,17,ok,
low-concurrency-20260711T171232.521874981Z,fair-c20,2026-07-11T17:18:45.167307884Z,1783790325167,3388,17,ok,
low-concurrency-20260711T171232.521874981Z,baseline-c20,2026-07-11T17:18:46.138772258Z,1783790326138,3389,20,ok,
low-concurrency-20260711T171232.521874981Z,fair-c20,2026-07-11T17:18:46.166693757Z,1783790326166,3509,17,ok,
low-concurrency-20260711T171232.521874981Z,baseline-c20,2026-07-11T17:18:47.139169401Z,1783790327139,3408,17,ok,
low-concurrency-20260711T171232.521874981Z,fair-c20,2026-07-11T17:18:47.167097016Z,1783790327167,3576,21,ok,
low-concurrency-20260711T171232.521874981Z,baseline-c20,2026-07-11T17:18:48.13908452Z,1783790328139,3404,11,ok,
low-concurrency-20260711T171232.521874981Z,fair-c20,2026-07-11T17:18:48.165869035Z,1783790328165,3356,16,ok,
low-concurrency-20260711T171232.521874981Z,baseline-c20,2026-07-11T17:18:49.144747499Z,1783790329144,3375,17,ok,
low-concurrency-20260711T171232.521874981Z,fair-c20,2026-07-11T17:18:49.172901176Z,1783790329172,3368,17,ok,
low-concurrency-20260711T171232.521874981Z,baseline-c20,2026-07-11T17:18:50.14025684Z,1783790330140,3336,17,ok,
low-concurrency-20260711T171232.521874981Z,fair-c20,2026-07-11T17:18:50.1692681Z,1783790330169,3356,15,ok,
low-concurrency-20260711T171232.521874981Z,baseline-c20,2026-07-11T17:18:51.137929663Z,1783790331137,3482,16,ok,
low-concurrency-20260711T171232.521874981Z,fair-c20,2026-07-11T17:18:51.168273615Z,1783790331168,3336,19,ok,
low-concurrency-20260711T171232.521874981Z,baseline-c20,2026-07-11T17:18:52.139973266Z,1783790332139,3394,19,ok,
low-concurrency-20260711T171232.521874981Z,fair-c20,2026-07-11T17:18:52.166888749Z,1783790332166,3336,17,ok,
low-concurrency-20260711T171232.521874981Z,baseline-c20,2026-07-11T17:18:53.13863257Z,1783790333138,3328,12,ok,
low-concurrency-20260711T171232.521874981Z,fair-c20,2026-07-11T17:18:53.166267938Z,1783790333166,3343,17,ok,
low-concurrency-20260711T171232.521874981Z,baseline-c20,2026-07-11T17:18:54.138745898Z,1783790334138,3336,17,ok,
low-concurrency-20260711T171232.521874981Z,fair-c20,2026-07-11T17:18:54.167219724Z,1783790334167,3329,14,ok,
low-concurrency-20260711T171232.521874981Z,baseline-c20,2026-07-11T17:18:55.136878847Z,1783790335136,3343,16,ok,
low-concurrency-20260711T171232.521874981Z,fair-c20,2026-07-11T17:18:55.162355134Z,1783790335162,3349,16,ok,
low-concurrency-20260711T171232.521874981Z,baseline-c20,2026-07-11T17:18:56.14401472Z,1783790336144,3389,20,ok,
low-concurrency-20260711T171232.521874981Z,fair-c20,2026-07-11T17:18:56.172826054Z,1783790336172,3336,17,ok,
low-concurrency-20260711T171232.521874981Z,baseline-c20,2026-07-11T17:18:57.137230811Z,1783790337137,3348,19,ok,
low-concurrency-20260711T171232.521874981Z,fair-c20,2026-07-11T17:18:57.170735599Z,1783790337170,3288,18,ok,
low-concurrency-20260711T171232.521874981Z,baseline-c20,2026-07-11T17:18:58.140911984Z,1783790338140,3329,13,ok,
low-concurrency-20260711T171232.521874981Z,fair-c20,2026-07-11T17:18:58.169682154Z,1783790338169,3319,21,ok,
low-concurrency-20260711T171232.521874981Z,baseline-c20,2026-07-11T17:18:59.139125867Z,1783790339139,3283,16,ok,
low-concurrency-20260711T171232.521874981Z,fair-c20,2026-07-11T17:18:59.166338808Z,1783790339166,3291,17,ok,
low-concurrency-20260711T171232.521874981Z,baseline-c20,2026-07-11T17:19:00.139348306Z,1783790340139,3296,15,ok,
low-concurrency-20260711T171232.521874981Z,fair-c20,2026-07-11T17:19:00.165156577Z,1783790340165,3265,21,ok,
low-concurrency-20260711T171232.521874981Z,baseline-c20,2026-07-11T17:19:01.137904737Z,1783790341137,3291,14,ok,
low-concurrency-20260711T171232.521874981Z,fair-c20,2026-07-11T17:19:01.165496665Z,1783790341165,3278,16,ok,
low-concurrency-20260711T171232.521874981Z,baseline-c20,2026-07-11T17:19:02.136906934Z,1783790342136,3319,22,ok,
low-concurrency-20260711T171232.521874981Z,fair-c20,2026-07-11T17:19:02.165983368Z,1783790342165,3292,16,ok,
low-concurrency-20260711T171232.521874981Z,baseline-c20,2026-07-11T17:19:03.137449885Z,1783790343137,3283,15,ok,
low-concurrency-20260711T171232.521874981Z,fair-c20,2026-07-11T17:19:03.16380199Z,1783790343163,3288,18,ok,
low-concurrency-20260711T171232.521874981Z,baseline-c20,2026-07-11T17:19:04.139267682Z,1783790344139,3296,15,ok,
low-concurrency-20260711T171232.521874981Z,fair-c20,2026-07-11T17:19:04.16530712Z,1783790344165,3266,19,ok,
low-concurrency-20260711T171232.521874981Z,baseline-c20,2026-07-11T17:19:05.137523155Z,1783790345137,3256,16,ok,
low-concurrency-20260711T171232.521874981Z,fair-c20,2026-07-11T17:19:05.162038547Z,1783790345162,3243,19,ok,
low-concurrency-20260711T171232.521874981Z,baseline-c20,2026-07-11T17:19:06.1395937Z,1783790346139,3284,16,ok,
low-concurrency-20260711T171232.521874981Z,fair-c20,2026-07-11T17:19:06.165847758Z,1783790346165,3230,19,ok,
low-concurrency-20260711T171232.521874981Z,baseline-c20,2026-07-11T17:19:07.170810729Z,1783790347170,3239,17,ok,
low-concurrency-20260711T171232.521874981Z,fair-c20,2026-07-11T17:19:07.222327461Z,1783790347222,3278,17,ok,
low-concurrency-20260711T171232.521874981Z,baseline-c20,2026-07-11T17:19:08.137528791Z,1783790348137,3259,14,ok,
low-concurrency-20260711T171232.521874981Z,fair-c20,2026-07-11T17:19:08.16573353Z,1783790348165,3301,16,ok,
low-concurrency-20260711T171232.521874981Z,baseline-c20,2026-07-11T17:19:09.138757577Z,1783790349138,3250,20,ok,
low-concurrency-20260711T171232.521874981Z,fair-c20,2026-07-11T17:19:09.16210744Z,1783790349162,3206,15,ok,
low-concurrency-20260711T171232.521874981Z,baseline-c20,2026-07-11T17:19:10.138074561Z,1783790350138,3239,15,ok,
low-concurrency-20260711T171232.521874981Z,fair-c20,2026-07-11T17:19:10.166260642Z,1783790350166,3230,16,ok,
low-concurrency-20260711T171232.521874981Z,baseline-c20,2026-07-11T17:19:11.136049459Z,1783790351136,3221,20,ok,
low-concurrency-20260711T171232.521874981Z,fair-c20,2026-07-11T17:19:11.16361291Z,1783790351163,3235,18,ok,
low-concurrency-20260711T171232.521874981Z,baseline-c20,2026-07-11T17:19:12.139450788Z,1783790352139,3238,15,ok,
low-concurrency-20260711T171232.521874981Z,fair-c20,2026-07-11T17:19:12.166190162Z,1783790352166,3278,17,ok,
low-concurrency-20260711T171232.521874981Z,baseline-c20,2026-07-11T17:19:13.136177316Z,1783790353136,3220,18,ok,
low-concurrency-20260711T171232.521874981Z,fair-c20,2026-07-11T17:19:13.161932976Z,1783790353161,3210,13,ok,
low-concurrency-20260711T171232.521874981Z,baseline-c20,2026-07-11T17:19:14.135071496Z,1783790354135,3220,18,ok,
low-concurrency-20260711T171232.521874981Z,fair-c20,2026-07-11T17:19:14.160366267Z,1783790354160,3204,14,ok,
low-concurrency-20260711T171232.521874981Z,baseline-c20,2026-07-11T17:19:15.143177863Z,1783790355143,3249,19,ok,
low-concurrency-20260711T171232.521874981Z,fair-c20,2026-07-11T17:19:15.173065181Z,1783790355173,3179,16,ok,
low-concurrency-20260711T171232.521874981Z,baseline-c20,2026-07-11T17:19:16.136487013Z,1783790356136,3197,17,ok,
low-concurrency-20260711T171232.521874981Z,fair-c20,2026-07-11T17:19:16.162357482Z,1783790356162,3242,18,ok,
low-concurrency-20260711T171232.521874981Z,baseline-c20,2026-07-11T17:19:17.140149074Z,1783790357140,3198,19,ok,
low-concurrency-20260711T171232.521874981Z,fair-c20,2026-07-11T17:19:17.168851625Z,1783790357168,3188,19,ok,
low-concurrency-20260711T171232.521874981Z,baseline-c20,2026-07-11T17:19:18.14122444Z,1783790358141,3197,18,ok,
low-concurrency-20260711T171232.521874981Z,fair-c20,2026-07-11T17:19:18.167141347Z,1783790358167,3169,15,ok,
low-concurrency-20260711T171232.521874981Z,baseline-c20,2026-07-11T17:19:19.140534244Z,1783790359140,3256,17,ok,
low-concurrency-20260711T171232.521874981Z,fair-c20,2026-07-11T17:19:19.167478636Z,1783790359167,3160,13,ok,
low-concurrency-20260711T171232.521874981Z,baseline-c20,2026-07-11T17:19:20.136496447Z,1783790360136,3220,19,ok,
low-concurrency-20260711T171232.521874981Z,fair-c20,2026-07-11T17:19:20.162407584Z,1783790360162,3179,15,ok,
low-concurrency-20260711T171232.521874981Z,baseline-c20,2026-07-11T17:19:21.153358245Z,1783790361153,3150,16,ok,
low-concurrency-20260711T171232.521874981Z,fair-c20,2026-07-11T17:19:21.188572479Z,1783790361188,3160,13,ok,
low-concurrency-20260711T171232.521874981Z,baseline-c20,2026-07-11T17:19:22.145570219Z,1783790362145,3181,18,ok,
low-concurrency-20260711T171232.521874981Z,fair-c20,2026-07-11T17:19:22.179875881Z,1783790362179,3149,17,ok,
low-concurrency-20260711T171232.521874981Z,baseline-c20,2026-07-11T17:19:23.138996336Z,1783790363138,3137,17,ok,
low-concurrency-20260711T171232.521874981Z,fair-c20,2026-07-11T17:19:23.165060786Z,1783790363165,3173,19,ok,
low-concurrency-20260711T171232.521874981Z,baseline-c20,2026-07-11T17:19:24.140876604Z,1783790364140,3165,14,ok,
low-concurrency-20260711T171232.521874981Z,fair-c20,2026-07-11T17:19:24.170458184Z,1783790364170,3113,17,ok,
low-concurrency-20260711T171232.521874981Z,baseline-c20,2026-07-11T17:19:25.141138982Z,1783790365141,3151,16,ok,
low-concurrency-20260711T171232.521874981Z,fair-c20,2026-07-11T17:19:25.167496968Z,1783790365167,3168,18,ok,
low-concurrency-20260711T171232.521874981Z,baseline-c20,2026-07-11T17:19:26.14144186Z,1783790366141,3227,17,ok,
low-concurrency-20260711T171232.521874981Z,fair-c20,2026-07-11T17:19:26.171869341Z,1783790366171,3192,20,ok,
low-concurrency-20260711T171232.521874981Z,baseline-c20,2026-07-11T17:19:27.138658157Z,1783790367138,3126,20,ok,
low-concurrency-20260711T171232.521874981Z,fair-c20,2026-07-11T17:19:27.168517974Z,1783790367168,3116,17,ok,
low-concurrency-20260711T171232.521874981Z,baseline-c20,2026-07-11T17:19:28.13929226Z,1783790368139,3151,18,ok,
low-concurrency-20260711T171232.521874981Z,fair-c20,2026-07-11T17:19:28.167338769Z,1783790368167,3125,14,ok,
low-concurrency-20260711T171232.521874981Z,baseline-c20,2026-07-11T17:19:29.138290124Z,1783790369138,3097,21,ok,
low-concurrency-20260711T171232.521874981Z,fair-c20,2026-07-11T17:19:29.16441548Z,1783790369164,3089,17,ok,
low-concurrency-20260711T171232.521874981Z,baseline-c20,2026-07-11T17:19:30.138806843Z,1783790370138,3126,17,ok,
low-concurrency-20260711T171232.521874981Z,fair-c20,2026-07-11T17:19:30.165179143Z,1783790370165,3090,18,ok,
low-concurrency-20260711T171232.521874981Z,baseline-c20,2026-07-11T17:19:31.146530382Z,1783790371146,3083,13,ok,
low-concurrency-20260711T171232.521874981Z,fair-c20,2026-07-11T17:19:31.178383452Z,1783790371178,3090,18,ok,
low-concurrency-20260711T171232.521874981Z,baseline-c20,2026-07-11T17:19:32.140272294Z,1783790372140,3094,23,ok,
low-concurrency-20260711T171232.521874981Z,fair-c20,2026-07-11T17:19:32.167544952Z,1783790372167,3129,19,ok,
low-concurrency-20260711T171232.521874981Z,baseline-c20,2026-07-11T17:19:33.140215735Z,1783790373140,3136,16,ok,
low-concurrency-20260711T171232.521874981Z,fair-c20,2026-07-11T17:19:33.167575335Z,1783790373167,3053,18,ok,
low-concurrency-20260711T171232.521874981Z,baseline-c20,2026-07-11T17:19:34.141525884Z,1783790374141,3156,21,ok,
low-concurrency-20260711T171232.521874981Z,fair-c20,2026-07-11T17:19:34.16961947Z,1783790374169,3049,16,ok,
low-concurrency-20260711T171232.521874981Z,baseline-c20,2026-07-11T17:19:35.137599762Z,1783790375137,3058,21,ok,
low-concurrency-20260711T171232.521874981Z,fair-c20,2026-07-11T17:19:35.165780896Z,1783790375165,3050,16,ok,
low-concurrency-20260711T171232.521874981Z,baseline-c20,2026-07-11T17:19:36.139511085Z,1783790376139,3057,21,ok,
low-concurrency-20260711T171232.521874981Z,fair-c20,2026-07-11T17:19:36.167371675Z,1783790376167,3052,16,ok,
low-concurrency-20260711T171232.521874981Z,baseline-c20,2026-07-11T17:19:37.136709097Z,1783790377136,3083,16,ok,
low-concurrency-20260711T171232.521874981Z,fair-c20,2026-07-11T17:19:37.164155875Z,1783790377164,3100,17,ok,
low-concurrency-20260711T171232.521874981Z,baseline-c20,2026-07-11T17:19:38.139977655Z,1783790378139,3110,18,ok,
low-concurrency-20260711T171232.521874981Z,fair-c20,2026-07-11T17:19:38.166889623Z,1783790378166,3017,17,ok,
low-concurrency-20260711T171232.521874981Z,baseline-c20,2026-07-11T17:19:39.143253443Z,1783790379143,3067,17,ok,
low-concurrency-20260711T171232.521874981Z,fair-c20,2026-07-11T17:19:39.172897747Z,1783790379172,3050,16,ok,
low-concurrency-20260711T171232.521874981Z,baseline-c20,2026-07-11T17:19:40.138713649Z,1783790380138,3057,21,ok,
low-concurrency-20260711T171232.521874981Z,fair-c20,2026-07-11T17:19:40.165367312Z,1783790380165,3053,18,ok,
low-concurrency-20260711T171232.521874981Z,baseline-c20,2026-07-11T17:19:41.138692776Z,1783790381138,3023,14,ok,
low-concurrency-20260711T171232.521874981Z,fair-c20,2026-07-11T17:19:41.166821851Z,1783790381166,3010,12,ok,
low-concurrency-20260711T171232.521874981Z,baseline-c20,2026-07-11T17:19:42.140199792Z,1783790382140,3022,14,ok,
low-concurrency-20260711T171232.521874981Z,fair-c20,2026-07-11T17:19:42.17563346Z,1783790382175,2999,18,ok,
low-concurrency-20260711T171232.521874981Z,baseline-c20,2026-07-11T17:19:43.1391211Z,1783790383139,3093,22,ok,
low-concurrency-20260711T171232.521874981Z,fair-c20,2026-07-11T17:19:43.1673521Z,1783790383167,3051,15,ok,
low-concurrency-20260711T171232.521874981Z,baseline-c20,2026-07-11T17:19:44.139158304Z,1783790384139,3000,17,ok,
low-concurrency-20260711T171232.521874981Z,fair-c20,2026-07-11T17:19:44.165577255Z,1783790384165,3078,18,ok,
low-concurrency-20260711T171232.521874981Z,baseline-c20,2026-07-11T17:19:45.138270831Z,1783790385138,3024,14,ok,
low-concurrency-20260711T171232.521874981Z,fair-c20,2026-07-11T17:19:45.165761723Z,1783790385165,3017,20,ok,
low-concurrency-20260711T171232.521874981Z,baseline-c20,2026-07-11T17:19:46.141285122Z,1783790386141,2999,20,ok,
low-concurrency-20260711T171232.521874981Z,fair-c20,2026-07-11T17:19:46.168223371Z,1783790386168,3118,18,ok,
low-concurrency-20260711T171232.521874981Z,baseline-c20,2026-07-11T17:19:47.140980463Z,1783790387140,3023,15,ok,
low-concurrency-20260711T171232.521874981Z,fair-c20,2026-07-11T17:19:47.168588129Z,1783790387168,2972,16,ok,
low-concurrency-20260711T171232.521874981Z,baseline-c20,2026-07-11T17:19:48.138290783Z,1783790388138,3266,12,ok,
low-concurrency-20260711T171232.521874981Z,fair-c20,2026-07-11T17:19:48.168489113Z,1783790388168,2974,16,ok,
low-concurrency-20260711T171232.521874981Z,baseline-c20,2026-07-11T17:19:49.137823933Z,1783790389137,3039,19,ok,
low-concurrency-20260711T171232.521874981Z,fair-c20,2026-07-11T17:19:49.165886457Z,1783790389165,3010,13,ok,
low-concurrency-20260711T171232.521874981Z,baseline-c20,2026-07-11T17:19:50.139087207Z,1783790390139,2999,17,ok,
low-concurrency-20260711T171232.521874981Z,fair-c20,2026-07-11T17:19:50.165912014Z,1783790390165,2980,19,ok,
low-concurrency-20260711T171232.521874981Z,baseline-c20,2026-07-11T17:19:51.139235699Z,1783790391139,2971,17,ok,
low-concurrency-20260711T171232.521874981Z,fair-c20,2026-07-11T17:19:51.170410068Z,1783790391170,2962,21,ok,
low-concurrency-20260711T171232.521874981Z,baseline-c20,2026-07-11T17:19:52.141074604Z,1783790392141,3027,16,ok,
low-concurrency-20260711T171232.521874981Z,fair-c20,2026-07-11T17:19:52.177638804Z,1783790392177,2932,16,ok,
low-concurrency-20260711T171232.521874981Z,baseline-c20,2026-07-11T17:19:53.139913521Z,1783790393139,3032,19,ok,
low-concurrency-20260711T171232.521874981Z,fair-c20,2026-07-11T17:19:53.167860493Z,1783790393167,2962,16,ok,
low-concurrency-20260711T171232.521874981Z,baseline-c20,2026-07-11T17:19:54.189584947Z,1783790394189,2935,18,ok,
low-concurrency-20260711T171232.521874981Z,fair-c20,2026-07-11T17:19:54.215438182Z,1783790394215,2930,17,ok,
low-concurrency-20260711T171232.521874981Z,baseline-c20,2026-07-11T17:19:55.138244503Z,1783790395138,2977,17,ok,
low-concurrency-20260711T171232.521874981Z,fair-c20,2026-07-11T17:19:55.166117616Z,1783790395166,2943,16,ok,
low-concurrency-20260711T171232.521874981Z,baseline-c20,2026-07-11T17:19:56.139425297Z,1783790396139,2935,18,ok,
low-concurrency-20260711T171232.521874981Z,fair-c20,2026-07-11T17:19:56.167328621Z,1783790396167,2973,17,ok,
low-concurrency-20260711T171232.521874981Z,baseline-c20,2026-07-11T17:19:57.139465936Z,1783790397139,2961,19,ok,
low-concurrency-20260711T171232.521874981Z,fair-c20,2026-07-11T17:19:57.167269785Z,1783790397167,2920,16,ok,
low-concurrency-20260711T171232.521874981Z,baseline-c20,2026-07-11T17:19:58.139687335Z,1783790398139,2943,20,ok,
low-concurrency-20260711T171232.521874981Z,fair-c20,2026-07-11T17:19:58.168569412Z,1783790398168,2933,16,ok,
low-concurrency-20260711T171232.521874981Z,baseline-c20,2026-07-11T17:19:59.136780504Z,1783790399136,2905,15,ok,
low-concurrency-20260711T171232.521874981Z,fair-c20,2026-07-11T17:19:59.163701897Z,1783790399163,2908,17,ok,
low-concurrency-20260711T171232.521874981Z,baseline-c20,2026-07-11T17:20:00.139331581Z,1783790400139,2969,17,ok,
low-concurrency-20260711T171232.521874981Z,fair-c20,2026-07-11T17:20:00.168042022Z,1783790400168,3000,17,ok,
low-concurrency-20260711T171232.521874981Z,baseline-c20,2026-07-11T17:20:01.139989733Z,1783790401139,2923,13,ok,
low-concurrency-20260711T171232.521874981Z,fair-c20,2026-07-11T17:20:01.164987695Z,1783790401164,2879,13,ok,
low-concurrency-20260711T171232.521874981Z,baseline-c20,2026-07-11T17:20:02.142056997Z,1783790402142,2956,16,ok,
low-concurrency-20260711T171232.521874981Z,fair-c20,2026-07-11T17:20:02.177852542Z,1783790402177,2880,16,ok,
low-concurrency-20260711T171232.521874981Z,baseline-c20,2026-07-11T17:20:03.138127024Z,1783790403138,2894,16,ok,
low-concurrency-20260711T171232.521874981Z,fair-c20,2026-07-11T17:20:03.165518493Z,1783790403165,2936,20,ok,
low-concurrency-20260711T171232.521874981Z,baseline-c20,2026-07-11T17:20:04.141533757Z,1783790404141,2906,16,ok,
low-concurrency-20260711T171232.521874981Z,fair-c20,2026-07-11T17:20:04.169669789Z,1783790404169,2887,16,ok,
low-concurrency-20260711T171232.521874981Z,baseline-c20,2026-07-11T17:20:05.137932934Z,1783790405137,2912,15,ok,
low-concurrency-20260711T171232.521874981Z,fair-c20,2026-07-11T17:20:05.166038884Z,1783790405166,2851,16,ok,
low-concurrency-20260711T171232.521874981Z,baseline-c20,2026-07-11T17:20:06.139579482Z,1783790406139,2880,17,ok,
low-concurrency-20260711T171232.521874981Z,fair-c20,2026-07-11T17:20:06.165717063Z,1783790406165,2862,14,ok,
low-concurrency-20260711T171232.521874981Z,baseline-c20,2026-07-11T17:20:07.139525334Z,1783790407139,2867,18,ok,
low-concurrency-20260711T171232.521874981Z,fair-c20,2026-07-11T17:20:07.165610808Z,1783790407165,2919,15,ok,
low-concurrency-20260711T171232.521874981Z,baseline-c20,2026-07-11T17:20:08.138412068Z,1783790408138,2884,20,ok,
low-concurrency-20260711T171232.521874981Z,fair-c20,2026-07-11T17:20:08.166147847Z,1783790408166,2851,21,ok,
low-concurrency-20260711T171232.521874981Z,baseline-c20,2026-07-11T17:20:09.136892299Z,1783790409136,2842,16,ok,
low-concurrency-20260711T171232.521874981Z,fair-c20,2026-07-11T17:20:09.163772219Z,1783790409163,2837,17,ok,
low-concurrency-20260711T171232.521874981Z,baseline-c20,2026-07-11T17:20:10.14088386Z,1783790410140,2881,17,ok,
low-concurrency-20260711T171232.521874981Z,fair-c20,2026-07-11T17:20:10.168364922Z,1783790410168,2852,17,ok,
low-concurrency-20260711T171232.521874981Z,baseline-c20,2026-07-11T17:20:11.140546453Z,1783790411140,2866,18,ok,
low-concurrency-20260711T171232.521874981Z,fair-c20,2026-07-11T17:20:11.166736143Z,1783790411166,2880,14,ok,
low-concurrency-20260711T171232.521874981Z,baseline-c20,2026-07-11T17:20:12.139636284Z,1783790412139,2840,17,ok,
low-concurrency-20260711T171232.521874981Z,fair-c20,2026-07-11T17:20:12.166746098Z,1783790412166,2835,19,ok,
low-concurrency-20260711T171232.521874981Z,baseline-c20,2026-07-11T17:20:13.137030679Z,1783790413137,2824,17,ok,
low-concurrency-20260711T171232.521874981Z,fair-c20,2026-07-11T17:20:13.162405069Z,1783790413162,2860,18,ok,
low-concurrency-20260711T171232.521874981Z,baseline-c20,2026-07-11T17:20:14.140966496Z,1783790414140,2830,15,ok,
low-concurrency-20260711T171232.521874981Z,fair-c20,2026-07-11T17:20:14.168763441Z,1783790414168,2815,13,ok,
low-concurrency-20260711T171232.521874981Z,baseline-c20,2026-07-11T17:20:15.138744884Z,1783790415138,2861,17,ok,
low-concurrency-20260711T171232.521874981Z,fair-c20,2026-07-11T17:20:15.16392717Z,1783790415163,2850,22,ok,
low-concurrency-20260711T171232.521874981Z,baseline-c20,2026-07-11T17:20:16.139311803Z,1783790416139,2851,17,ok,
low-concurrency-20260711T171232.521874981Z,fair-c20,2026-07-11T17:20:16.166196948Z,1783790416166,2796,17,ok,
low-concurrency-20260711T171232.521874981Z,baseline-c20,2026-07-11T17:20:17.13969851Z,1783790417139,2791,17,ok,
low-concurrency-20260711T171232.521874981Z,fair-c20,2026-07-11T17:20:17.164876336Z,1783790417164,2797,16,ok,
low-concurrency-20260711T171232.521874981Z,baseline-c20,2026-07-11T17:20:18.139356459Z,1783790418139,2796,20,ok,
low-concurrency-20260711T171232.521874981Z,fair-c20,2026-07-11T17:20:18.167978817Z,1783790418167,2798,13,ok,
low-concurrency-20260711T171232.521874981Z,baseline-c20,2026-07-11T17:20:19.139445626Z,1783790419139,2832,15,ok,
low-concurrency-20260711T171232.521874981Z,fair-c20,2026-07-11T17:20:19.164388054Z,1783790419164,2836,17,ok,
low-concurrency-20260711T171232.521874981Z,baseline-c20,2026-07-11T17:20:20.140742701Z,1783790420140,2771,16,ok,
low-concurrency-20260711T171232.521874981Z,fair-c20,2026-07-11T17:20:20.168636326Z,1783790420168,2899,9,ok,
low-concurrency-20260711T171232.521874981Z,baseline-c20,2026-07-11T17:20:21.147885013Z,1783790421147,2842,16,ok,
low-concurrency-20260711T171232.521874981Z,fair-c20,2026-07-11T17:20:21.174325593Z,1783790421174,2762,19,ok,
low-concurrency-20260711T171232.521874981Z,baseline-c20,2026-07-11T17:20:22.142338034Z,1783790422142,2824,18,ok,
low-concurrency-20260711T171232.521874981Z,fair-c20,2026-07-11T17:20:22.17081508Z,1783790422170,2785,18,ok,
low-concurrency-20260711T171232.521874981Z,baseline-c20,2026-07-11T17:20:23.139802621Z,1783790423139,2752,17,ok,
low-concurrency-20260711T171232.521874981Z,fair-c20,2026-07-11T17:20:23.165548431Z,1783790423165,2808,16,ok,
low-concurrency-20260711T171232.521874981Z,baseline-c20,2026-07-11T17:20:24.158302128Z,1783790424158,2770,17,ok,
low-concurrency-20260711T171232.521874981Z,fair-c20,2026-07-11T17:20:24.218071021Z,1783790424218,2732,21,ok,
low-concurrency-20260711T171232.521874981Z,baseline-c20,2026-07-11T17:20:25.194924116Z,1783790425194,2894,16,ok,
low-concurrency-20260711T171232.521874981Z,fair-c20,2026-07-11T17:20:25.273538501Z,1783790425273,2732,19,ok,
low-concurrency-20260711T171232.521874981Z,baseline-c20,2026-07-11T17:20:26.139547775Z,1783790426139,2790,19,ok,
low-concurrency-20260711T171232.521874981Z,fair-c20,2026-07-11T17:20:26.166270244Z,1783790426166,2762,19,ok,
low-concurrency-20260711T171232.521874981Z,baseline-c20,2026-07-11T17:20:27.13804554Z,1783790427138,2728,17,ok,
low-concurrency-20260711T171232.521874981Z,fair-c20,2026-07-11T17:20:27.164357857Z,1783790427164,2751,17,ok,
low-concurrency-20260711T171232.521874981Z,baseline-c20,2026-07-11T17:20:28.144163001Z,1783790428144,2797,20,ok,
low-concurrency-20260711T171232.521874981Z,fair-c20,2026-07-11T17:20:28.171940602Z,1783790428171,2731,18,ok,
low-concurrency-20260711T171232.521874981Z,baseline-c20,2026-07-11T17:20:29.136835969Z,1783790429136,2729,17,ok,
low-concurrency-20260711T171232.521874981Z,fair-c20,2026-07-11T17:20:29.163499515Z,1783790429163,2757,16,ok,
low-concurrency-20260711T171232.521874981Z,baseline-c20,2026-07-11T17:20:30.145191627Z,1783790430145,2728,17,ok,
low-concurrency-20260711T171232.521874981Z,fair-c20,2026-07-11T17:20:30.17380096Z,1783790430173,2740,15,ok,
low-concurrency-20260711T171232.521874981Z,baseline-c20,2026-07-11T17:20:31.135342489Z,1783790431135,2730,17,ok,
low-concurrency-20260711T171232.521874981Z,fair-c20,2026-07-11T17:20:31.162710407Z,1783790431162,2703,19,ok,
low-concurrency-20260711T171232.521874981Z,baseline-c20,2026-07-11T17:20:32.139564667Z,1783790432139,2729,18,ok,
low-concurrency-20260711T171232.521874981Z,fair-c20,2026-07-11T17:20:32.166355384Z,1783790432166,2692,15,ok,
low-concurrency-20260711T171232.521874981Z,baseline-c20,2026-07-11T17:20:33.139976968Z,1783790433139,2714,16,ok,
low-concurrency-20260711T171232.521874981Z,fair-c20,2026-07-11T17:20:33.167027304Z,1783790433167,2709,20,ok,
low-concurrency-20260711T171232.521874981Z,baseline-c20,2026-07-11T17:20:34.139448963Z,1783790434139,2758,12,ok,
low-concurrency-20260711T171232.521874981Z,fair-c20,2026-07-11T17:20:34.169658807Z,1783790434169,2694,14,ok,
low-concurrency-20260711T171232.521874981Z,baseline-c20,2026-07-11T17:20:35.139116091Z,1783790435139,2670,19,ok,
low-concurrency-20260711T171232.521874981Z,fair-c20,2026-07-11T17:20:35.166693342Z,1783790435166,2703,19,ok,
low-concurrency-20260711T171232.521874981Z,baseline-c20,2026-07-11T17:20:36.140171576Z,1783790436140,2731,18,ok,
low-concurrency-20260711T171232.521874981Z,fair-c20,2026-07-11T17:20:36.167185567Z,1783790436167,2664,18,ok,
low-concurrency-20260711T171232.521874981Z,baseline-c20,2026-07-11T17:20:37.139021293Z,1783790437139,2659,17,ok,
low-concurrency-20260711T171232.521874981Z,fair-c20,2026-07-11T17:20:37.166055039Z,1783790437166,2657,13,ok,
low-concurrency-20260711T171232.521874981Z,baseline-c20,2026-07-11T17:20:38.139685779Z,1783790438139,2769,15,ok,
low-concurrency-20260711T171232.521874981Z,fair-c20,2026-07-11T17:20:38.168242654Z,1783790438168,2701,14,ok,
low-concurrency-20260711T171232.521874981Z,baseline-c20,2026-07-11T17:20:39.139016063Z,1783790439139,2670,20,ok,
low-concurrency-20260711T171232.521874981Z,fair-c20,2026-07-11T17:20:39.166503983Z,1783790439166,2660,20,ok,
low-concurrency-20260711T171232.521874981Z,baseline-c20,2026-07-11T17:20:40.140939598Z,1783790440140,2670,18,ok,
low-concurrency-20260711T171232.521874981Z,fair-c20,2026-07-11T17:20:40.166225456Z,1783790440166,2656,12,ok,
low-concurrency-20260711T171232.521874981Z,baseline-c20,2026-07-11T17:20:41.144073189Z,1783790441144,2752,18,ok,
low-concurrency-20260711T171232.521874981Z,fair-c20,2026-07-11T17:20:41.171827804Z,1783790441171,2665,21,ok,
low-concurrency-20260711T171232.521874981Z,baseline-c20,2026-07-11T17:20:42.140541552Z,1783790442140,2686,19,ok,
low-concurrency-20260711T171232.521874981Z,fair-c20,2026-07-11T17:20:42.168457492Z,1783790442168,2758,17,ok,
low-concurrency-20260711T171232.521874981Z,baseline-c20,2026-07-11T17:20:43.140706409Z,1783790443140,2650,11,ok,
low-concurrency-20260711T171232.521874981Z,fair-c20,2026-07-11T17:20:43.167280197Z,1783790443167,2617,19,ok,
low-concurrency-20260711T171232.521874981Z,baseline-c20,2026-07-11T17:20:44.138119961Z,1783790444138,2625,16,ok,
low-concurrency-20260711T171232.521874981Z,fair-c20,2026-07-11T17:20:44.168172327Z,1783790444168,2636,17,ok,
low-concurrency-20260711T171232.521874981Z,baseline-c20,2026-07-11T17:20:45.141075095Z,1783790445141,2658,15,ok,
low-concurrency-20260711T171232.521874981Z,fair-c20,2026-07-11T17:20:45.169126462Z,1783790445169,2597,18,ok,
low-concurrency-20260711T171232.521874981Z,baseline-c20,2026-07-11T17:20:46.138947844Z,1783790446138,2602,15,ok,
low-concurrency-20260711T171232.521874981Z,fair-c20,2026-07-11T17:20:46.166071805Z,1783790446166,2686,19,ok,
low-concurrency-20260711T171232.521874981Z,baseline-c20,2026-07-11T17:20:47.138933454Z,1783790447138,2714,21,ok,
low-concurrency-20260711T171232.521874981Z,fair-c20,2026-07-11T17:20:47.168222172Z,1783790447168,2611,14,ok,
low-concurrency-20260711T171232.521874981Z,baseline-c20,2026-07-11T17:20:48.14082885Z,1783790448140,2601,16,ok,
low-concurrency-20260711T171232.521874981Z,fair-c20,2026-07-11T17:20:48.171247084Z,1783790448171,2610,17,ok,
low-concurrency-20260711T171232.521874981Z,baseline-c20,2026-07-11T17:20:49.137970038Z,1783790449137,2634,16,ok,
low-concurrency-20260711T171232.521874981Z,fair-c20,2026-07-11T17:20:49.164593251Z,1783790449164,2597,18,ok,
low-concurrency-20260711T171232.521874981Z,baseline-c20,2026-07-11T17:20:50.138906155Z,1783790450138,2594,15,ok,
low-concurrency-20260711T171232.521874981Z,fair-c20,2026-07-11T17:20:50.166168244Z,1783790450166,2655,15,ok,
low-concurrency-20260711T171232.521874981Z,baseline-c20,2026-07-11T17:20:51.138506405Z,1783790451138,2581,17,ok,
low-concurrency-20260711T171232.521874981Z,fair-c20,2026-07-11T17:20:51.165146073Z,1783790451165,2576,17,ok,
low-concurrency-20260711T171232.521874981Z,baseline-c20,2026-07-11T17:20:52.141845408Z,1783790452141,2593,13,ok,
low-concurrency-20260711T171232.521874981Z,fair-c20,2026-07-11T17:20:52.170089275Z,1783790452170,2574,19,ok,
low-concurrency-20260711T171232.521874981Z,baseline-c20,2026-07-11T17:20:53.138227293Z,1783790453138,2561,20,ok,
low-concurrency-20260711T171232.521874981Z,fair-c20,2026-07-11T17:20:53.164990817Z,1783790453164,2574,17,ok,
low-concurrency-20260711T171232.521874981Z,baseline-c20,2026-07-11T17:20:54.148036727Z,1783790454148,2649,10,ok,
low-concurrency-20260711T171232.521874981Z,fair-c20,2026-07-11T17:20:54.17572939Z,1783790454175,2588,16,ok,
low-concurrency-20260711T171232.521874981Z,baseline-c20,2026-07-11T17:20:55.138438145Z,1783790455138,2603,13,ok,
low-concurrency-20260711T171232.521874981Z,fair-c20,2026-07-11T17:20:55.165154663Z,1783790455165,2598,16,ok,
low-concurrency-20260711T171232.521874981Z,baseline-c20,2026-07-11T17:20:56.139264913Z,1783790456139,2628,16,ok,
low-concurrency-20260711T171232.521874981Z,fair-c20,2026-07-11T17:20:56.16758048Z,1783790456167,2535,17,ok,
low-concurrency-20260711T171232.521874981Z,baseline-c20,2026-07-11T17:20:57.137799132Z,1783790457137,2547,13,ok,
low-concurrency-20260711T171232.521874981Z,fair-c20,2026-07-11T17:20:57.16573596Z,1783790457165,2617,16,ok,
low-concurrency-20260711T171232.521874981Z,baseline-c20,2026-07-11T17:20:58.140430248Z,1783790458140,2624,13,ok,
low-concurrency-20260711T171232.521874981Z,fair-c20,2026-07-11T17:20:58.168705362Z,1783790458168,2575,15,ok,
low-concurrency-20260711T171232.521874981Z,baseline-c20,2026-07-11T17:20:59.137921901Z,1783790459137,2583,15,ok,
low-concurrency-20260711T171232.521874981Z,fair-c20,2026-07-11T17:20:59.166392241Z,1783790459166,2659,19,ok,
low-concurrency-20260711T171232.521874981Z,baseline-c20,2026-07-11T17:21:00.136842208Z,1783790460136,2529,14,ok,
low-concurrency-20260711T171232.521874981Z,fair-c20,2026-07-11T17:21:00.162366109Z,1783790460162,2503,16,ok,
low-concurrency-20260711T171232.521874981Z,baseline-c20,2026-07-11T17:21:01.138786656Z,1783790461138,2562,18,ok,
low-concurrency-20260711T171232.521874981Z,fair-c20,2026-07-11T17:21:01.168663471Z,1783790461168,2535,17,ok,
low-concurrency-20260711T171232.521874981Z,baseline-c20,2026-07-11T17:21:02.137083817Z,1783790462137,2520,17,ok,
low-concurrency-20260711T171232.521874981Z,fair-c20,2026-07-11T17:21:02.163516896Z,1783790462163,2504,16,ok,
low-concurrency-20260711T171232.521874981Z,baseline-c20,2026-07-11T17:21:03.139591212Z,1783790463139,2520,19,ok,
low-concurrency-20260711T171232.521874981Z,fair-c20,2026-07-11T17:21:03.166252775Z,1783790463166,2490,20,ok,
low-concurrency-20260711T171232.521874981Z,baseline-c20,2026-07-11T17:21:04.137600325Z,1783790464137,2554,13,ok,
low-concurrency-20260711T171232.521874981Z,fair-c20,2026-07-11T17:21:04.169653043Z,1783790464169,2563,16,ok,
low-concurrency-20260711T171232.521874981Z,baseline-c20,2026-07-11T17:21:05.138009806Z,1783790465138,2488,17,ok,
low-concurrency-20260711T171232.521874981Z,fair-c20,2026-07-11T17:21:05.165956611Z,1783790465165,2528,18,ok,
low-concurrency-20260711T171232.521874981Z,baseline-c20,2026-07-11T17:21:06.136247112Z,1783790466136,2487,21,ok,
low-concurrency-20260711T171232.521874981Z,fair-c20,2026-07-11T17:21:06.162112716Z,1783790466162,2466,15,ok,
low-concurrency-20260711T171232.521874981Z,baseline-c20,2026-07-11T17:21:07.138998847Z,1783790467138,2491,18,ok,
low-concurrency-20260711T171232.521874981Z,fair-c20,2026-07-11T17:21:07.165573487Z,1783790467165,2516,19,ok,
low-concurrency-20260711T171232.521874981Z,baseline-c20,2026-07-11T17:21:08.141117119Z,1783790468141,2488,17,ok,
low-concurrency-20260711T171232.521874981Z,fair-c20,2026-07-11T17:21:08.166431402Z,1783790468166,2491,17,ok,
low-concurrency-20260711T171232.521874981Z,baseline-c20,2026-07-11T17:21:09.13811373Z,1783790469138,2508,15,ok,
low-concurrency-20260711T171232.521874981Z,fair-c20,2026-07-11T17:21:09.164815407Z,1783790469164,2458,14,ok,
low-concurrency-20260711T171232.521874981Z,baseline-c20,2026-07-11T17:21:10.138538632Z,1783790470138,2487,18,ok,
low-concurrency-20260711T171232.521874981Z,fair-c20,2026-07-11T17:21:10.167547332Z,1783790470167,2511,16,ok,
low-concurrency-20260711T171232.521874981Z,baseline-c20,2026-07-11T17:21:11.141410674Z,1783790471141,2458,16,ok,
low-concurrency-20260711T171232.521874981Z,fair-c20,2026-07-11T17:21:11.175227686Z,1783790471175,2468,14,ok,
low-concurrency-20260711T171232.521874981Z,baseline-c20,2026-07-11T17:21:12.137169255Z,1783790472137,2538,19,ok,
low-concurrency-20260711T171232.521874981Z,fair-c20,2026-07-11T17:21:12.163014234Z,1783790472163,2456,18,ok,
low-concurrency-20260711T171232.521874981Z,baseline-c20,2026-07-11T17:21:13.138762096Z,1783790473138,2490,19,ok,
low-concurrency-20260711T171232.521874981Z,fair-c20,2026-07-11T17:21:13.166193351Z,1783790473166,2439,16,ok,
low-concurrency-20260711T171232.521874981Z,baseline-c20,2026-07-11T17:21:14.138916014Z,1783790474138,2435,16,ok,
low-concurrency-20260711T171232.521874981Z,fair-c20,2026-07-11T17:21:14.165753922Z,1783790474165,2440,16,ok,
low-concurrency-20260711T171232.521874981Z,baseline-c20,2026-07-11T17:21:15.13932761Z,1783790475139,2458,18,ok,
low-concurrency-20260711T171232.521874981Z,fair-c20,2026-07-11T17:21:15.165551429Z,1783790475165,2453,21,ok,
low-concurrency-20260711T171232.521874981Z,baseline-c20,2026-07-11T17:21:16.140063289Z,1783790476140,2529,16,ok,
low-concurrency-20260711T171232.521874981Z,fair-c20,2026-07-11T17:21:16.165989542Z,1783790476165,2431,16,ok,
low-concurrency-20260711T171232.521874981Z,baseline-c20,2026-07-11T17:21:17.139018546Z,1783790477139,2454,19,ok,
low-concurrency-20260711T171232.521874981Z,fair-c20,2026-07-11T17:21:17.166361379Z,1783790477166,2431,16,ok,
low-concurrency-20260711T171232.521874981Z,baseline-c20,2026-07-11T17:21:18.144489654Z,1783790478144,2409,17,ok,
low-concurrency-20260711T171232.521874981Z,fair-c20,2026-07-11T17:21:18.173829361Z,1783790478173,2456,18,ok,
low-concurrency-20260711T171232.521874981Z,baseline-c20,2026-07-11T17:21:19.138180918Z,1783790479138,2442,17,ok,
low-concurrency-20260711T171232.521874981Z,fair-c20,2026-07-11T17:21:19.167077628Z,1783790479167,2441,14,ok,
low-concurrency-20260711T171232.521874981Z,baseline-c20,2026-07-11T17:21:20.136417274Z,1783790480136,2547,10,ok,
low-concurrency-20260711T171232.521874981Z,fair-c20,2026-07-11T17:21:20.162573268Z,1783790480162,2395,15,ok,
low-concurrency-20260711T171232.521874981Z,baseline-c20,2026-07-11T17:21:21.136727932Z,1783790481136,2386,15,ok,
low-concurrency-20260711T171232.521874981Z,fair-c20,2026-07-11T17:21:21.165787386Z,1783790481165,2390,16,ok,
low-concurrency-20260711T171232.521874981Z,baseline-c20,2026-07-11T17:21:22.137964771Z,1783790482137,2386,15,ok,
low-concurrency-20260711T171232.521874981Z,fair-c20,2026-07-11T17:21:22.164464542Z,1783790482164,2406,17,ok,
low-concurrency-20260711T171232.521874981Z,baseline-c20,2026-07-11T17:21:23.13704929Z,1783790483137,2438,16,ok,
low-concurrency-20260711T171232.521874981Z,fair-c20,2026-07-11T17:21:23.162471221Z,1783790483162,2395,15,ok,
low-concurrency-20260711T171232.521874981Z,baseline-c20,2026-07-11T17:21:24.138059877Z,1783790484138,2370,15,ok,
low-concurrency-20260711T171232.521874981Z,fair-c20,2026-07-11T17:21:24.164551636Z,1783790484164,2451,17,ok,
low-concurrency-20260711T171232.521874981Z,baseline-c20,2026-07-11T17:21:25.137742415Z,1783790485137,2425,17,ok,
low-concurrency-20260711T171232.521874981Z,fair-c20,2026-07-11T17:21:25.162025276Z,1783790485162,2381,18,ok,
low-concurrency-20260711T171232.521874981Z,baseline-c20,2026-07-11T17:21:26.14191952Z,1783790486141,2409,17,ok,
low-concurrency-20260711T171232.521874981Z,fair-c20,2026-07-11T17:21:26.169122574Z,1783790486169,2343,20,ok,
low-concurrency-20260711T171232.521874981Z,baseline-c20,2026-07-11T17:21:27.136179911Z,1783790487136,2379,19,ok,
low-concurrency-20260711T171232.521874981Z,fair-c20,2026-07-11T17:21:27.16079967Z,1783790487160,2360,20,ok,
low-concurrency-20260711T171232.521874981Z,baseline-c20,2026-07-11T17:21:28.145562301Z,1783790488145,2393,17,ok,
low-concurrency-20260711T171232.521874981Z,fair-c20,2026-07-11T17:21:28.173223612Z,1783790488173,2347,20,ok,
low-concurrency-20260711T171232.521874981Z,baseline-c20,2026-07-11T17:21:29.139302723Z,1783790489139,2340,16,ok,
low-concurrency-20260711T171232.521874981Z,fair-c20,2026-07-11T17:21:29.165551159Z,1783790489165,2470,18,ok,
low-concurrency-20260711T171232.521874981Z,baseline-c20,2026-07-11T17:21:30.139559831Z,1783790490139,2388,17,ok,
low-concurrency-20260711T171232.521874981Z,fair-c20,2026-07-11T17:21:30.167634958Z,1783790490167,2320,16,ok,
low-concurrency-20260711T171232.521874981Z,baseline-c20,2026-07-11T17:21:31.139695654Z,1783790491139,2353,20,ok,
low-concurrency-20260711T171232.521874981Z,fair-c20,2026-07-11T17:21:31.167388387Z,1783790491167,2343,17,ok,
low-concurrency-20260711T171232.521874981Z,baseline-c20,2026-07-11T17:21:32.139251759Z,1783790492139,2334,18,ok,
low-concurrency-20260711T171232.521874981Z,fair-c20,2026-07-11T17:21:32.166527358Z,1783790492166,2357,20,ok,
low-concurrency-20260711T171232.521874981Z,baseline-c20,2026-07-11T17:21:33.13797246Z,1783790493137,2368,15,ok,
low-concurrency-20260711T171232.521874981Z,fair-c20,2026-07-11T17:21:33.16587853Z,1783790493165,2347,18,ok,
low-concurrency-20260711T171232.521874981Z,baseline-c20,2026-07-11T17:21:34.141984203Z,1783790494141,2314,16,ok,
low-concurrency-20260711T171232.521874981Z,fair-c20,2026-07-11T17:21:34.170147352Z,1783790494170,2360,19,ok,
low-concurrency-20260711T171232.521874981Z,baseline-c20,2026-07-11T17:21:35.135723479Z,1783790495135,2318,20,ok,
low-concurrency-20260711T171232.521874981Z,fair-c20,2026-07-11T17:21:35.164364876Z,1783790495164,2288,15,ok,
low-concurrency-20260711T171232.521874981Z,baseline-c20,2026-07-11T17:21:36.140586618Z,1783790496140,2319,19,ok,
low-concurrency-20260711T171232.521874981Z,fair-c20,2026-07-11T17:21:36.166977603Z,1783790496166,2295,16,ok,
low-concurrency-20260711T171232.521874981Z,baseline-c20,2026-07-11T17:21:37.138528906Z,1783790497138,2336,17,ok,
low-concurrency-20260711T171232.521874981Z,fair-c20,2026-07-11T17:21:37.164919799Z,1783790497164,2293,17,ok,
low-concurrency-20260711T171232.521874981Z,baseline-c20,2026-07-11T17:21:38.14056267Z,1783790498140,2279,12,ok,
low-concurrency-20260711T171232.521874981Z,fair-c20,2026-07-11T17:21:38.167122957Z,1783790498167,2294,14,ok,
low-concurrency-20260711T171232.521874981Z,baseline-c20,2026-07-11T17:21:39.138069249Z,1783790499138,2313,18,ok,
low-concurrency-20260711T171232.521874981Z,fair-c20,2026-07-11T17:21:39.200485872Z,1783790499200,2288,16,ok,
low-concurrency-20260711T171232.521874981Z,baseline-c20,2026-07-11T17:21:40.139462361Z,1783790500139,2299,18,ok,
low-concurrency-20260711T171232.521874981Z,fair-c20,2026-07-11T17:21:40.168529245Z,1783790500168,2288,15,ok,
low-concurrency-20260711T171232.521874981Z,baseline-c20,2026-07-11T17:21:41.138249624Z,1783790501138,2255,19,ok,
low-concurrency-20260711T171232.521874981Z,fair-c20,2026-07-11T17:21:41.165687176Z,1783790501165,2298,15,ok,
low-concurrency-20260711T171232.521874981Z,baseline-c20,2026-07-11T17:21:42.187160611Z,1783790502187,2250,17,ok,
low-concurrency-20260711T171232.521874981Z,fair-c20,2026-07-11T17:21:42.213587215Z,1783790502213,2249,18,ok,
low-concurrency-20260711T171232.521874981Z,baseline-c20,2026-07-11T17:21:43.140540874Z,1783790503140,2341,15,ok,
low-concurrency-20260711T171232.521874981Z,fair-c20,2026-07-11T17:21:43.167542419Z,1783790503167,2248,18,ok,
low-concurrency-20260711T171232.521874981Z,baseline-c20,2026-07-11T17:21:44.139712262Z,1783790504139,2281,17,ok,
low-concurrency-20260711T171232.521874981Z,fair-c20,2026-07-11T17:21:44.168506572Z,1783790504168,2307,21,ok,
low-concurrency-20260711T171232.521874981Z,baseline-c20,2026-07-11T17:21:45.143871395Z,1783790505143,2256,17,ok,
low-concurrency-20260711T171232.521874981Z,fair-c20,2026-07-11T17:21:45.169418198Z,1783790505169,2265,18,ok,
low-concurrency-20260711T171232.521874981Z,baseline-c20,2026-07-11T17:21:46.14136193Z,1783790506141,2230,15,ok,
low-concurrency-20260711T171232.521874981Z,fair-c20,2026-07-11T17:21:46.169353629Z,1783790506169,2220,15,ok,
low-concurrency-20260711T171232.521874981Z,baseline-c20,2026-07-11T17:21:47.137823842Z,1783790507137,2277,12,ok,
low-concurrency-20260711T171232.521874981Z,fair-c20,2026-07-11T17:21:47.164397667Z,1783790507164,2250,16,ok,
low-concurrency-20260711T171232.521874981Z,baseline-c20,2026-07-11T17:21:48.138262339Z,1783790508138,2209,19,ok,
low-concurrency-20260711T171232.521874981Z,fair-c20,2026-07-11T17:21:48.165783631Z,1783790508165,2323,18,ok,
low-concurrency-20260711T171232.521874981Z,baseline-c20,2026-07-11T17:21:49.141411725Z,1783790509141,2208,19,ok,
low-concurrency-20260711T171232.521874981Z,fair-c20,2026-07-11T17:21:49.167962485Z,1783790509167,2243,19,ok,
low-concurrency-20260711T171232.521874981Z,baseline-c20,2026-07-11T17:21:50.139874074Z,1783790510139,2255,18,ok,
low-concurrency-20260711T171232.521874981Z,fair-c20,2026-07-11T17:21:50.167446409Z,1783790510167,2195,21,ok,
low-concurrency-20260711T171232.521874981Z,baseline-c20,2026-07-11T17:21:51.138394033Z,1783790511138,2266,20,ok,
low-concurrency-20260711T171232.521874981Z,fair-c20,2026-07-11T17:21:51.16356473Z,1783790511163,2217,13,ok,
low-concurrency-20260711T171232.521874981Z,baseline-c20,2026-07-11T17:21:52.13829633Z,1783790512138,2194,15,ok,
low-concurrency-20260711T171232.521874981Z,fair-c20,2026-07-11T17:21:52.166221506Z,1783790512166,2223,16,ok,
low-concurrency-20260711T171232.521874981Z,baseline-c20,2026-07-11T17:21:53.139671713Z,1783790513139,2239,13,ok,
low-concurrency-20260711T171232.521874981Z,fair-c20,2026-07-11T17:21:53.167308859Z,1783790513167,2173,18,ok,
low-concurrency-20260711T171232.521874981Z,baseline-c20,2026-07-11T17:21:54.138067652Z,1783790514138,2185,18,ok,
low-concurrency-20260711T171232.521874981Z,fair-c20,2026-07-11T17:21:54.171400862Z,1783790514171,2194,17,ok,
low-concurrency-20260711T171232.521874981Z,baseline-c20,2026-07-11T17:21:55.13767438Z,1783790515137,2209,18,ok,
low-concurrency-20260711T171232.521874981Z,fair-c20,2026-07-11T17:21:55.163801926Z,1783790515163,2174,17,ok,
low-concurrency-20260711T171232.521874981Z,baseline-c20,2026-07-11T17:21:56.137986343Z,1783790516137,2162,16,ok,
low-concurrency-20260711T171232.521874981Z,fair-c20,2026-07-11T17:21:56.165857211Z,1783790516165,2389,15,ok,
low-concurrency-20260711T171232.521874981Z,baseline-c20,2026-07-11T17:21:57.13935437Z,1783790517139,2230,15,ok,
low-concurrency-20260711T171232.521874981Z,fair-c20,2026-07-11T17:21:57.166057376Z,1783790517166,2173,18,ok,
low-concurrency-20260711T171232.521874981Z,baseline-c20,2026-07-11T17:21:58.136924134Z,1783790518136,2160,15,ok,
low-concurrency-20260711T171232.521874981Z,fair-c20,2026-07-11T17:21:58.165028029Z,1783790518165,2173,18,ok,
low-concurrency-20260711T171232.521874981Z,baseline-c20,2026-07-11T17:21:59.136969842Z,1783790519136,2149,18,ok,
low-concurrency-20260711T171232.521874981Z,fair-c20,2026-07-11T17:21:59.161231368Z,1783790519161,2153,16,ok,
low-concurrency-20260711T171232.521874981Z,baseline-c20,2026-07-11T17:22:00.138209704Z,1783790520138,2133,20,ok,
low-concurrency-20260711T171232.521874981Z,fair-c20,2026-07-11T17:22:00.164392441Z,1783790520164,2177,20,ok,
low-concurrency-20260711T171232.521874981Z,baseline-c20,2026-07-11T17:22:01.139151142Z,1783790521139,2148,15,ok,
low-concurrency-20260711T171232.521874981Z,fair-c20,2026-07-11T17:22:01.165875643Z,1783790521165,2158,12,ok,
low-concurrency-20260711T171232.521874981Z,baseline-c20,2026-07-11T17:22:02.140753222Z,1783790522140,2161,16,ok,
low-concurrency-20260711T171232.521874981Z,fair-c20,2026-07-11T17:22:02.16914239Z,1783790522169,2193,17,ok,
low-concurrency-20260711T171232.521874981Z,baseline-c20,2026-07-11T17:22:03.137023319Z,1783790523137,2192,17,ok,
low-concurrency-20260711T171232.521874981Z,fair-c20,2026-07-11T17:22:03.164629581Z,1783790523164,2126,13,ok,
low-concurrency-20260711T171232.521874981Z,baseline-c20,2026-07-11T17:22:04.141661548Z,1783790524141,2182,20,ok,
low-concurrency-20260711T171232.521874981Z,fair-c20,2026-07-11T17:22:04.168609285Z,1783790524168,2151,17,ok,
low-concurrency-20260711T171232.521874981Z,baseline-c20,2026-07-11T17:22:05.137692512Z,1783790525137,2103,18,ok,
low-concurrency-20260711T171232.521874981Z,fair-c20,2026-07-11T17:22:05.168240154Z,1783790525168,2135,19,ok,
low-concurrency-20260711T171232.521874981Z,baseline-c20,2026-07-11T17:22:06.142757153Z,1783790526142,2250,18,ok,
low-concurrency-20260711T171232.521874981Z,fair-c20,2026-07-11T17:22:06.172907792Z,1783790526172,2092,17,ok,
low-concurrency-20260711T171232.521874981Z,baseline-c20,2026-07-11T17:22:07.138959465Z,1783790527138,2096,15,ok,
low-concurrency-20260711T171232.521874981Z,fair-c20,2026-07-11T17:22:07.167036681Z,1783790527167,2119,15,ok,
low-concurrency-20260711T171232.521874981Z,baseline-c20,2026-07-11T17:22:08.138372018Z,1783790528138,2112,14,ok,
low-concurrency-20260711T171232.521874981Z,fair-c20,2026-07-11T17:22:08.162275733Z,1783790528162,2078,18,ok,
low-concurrency-20260711T171232.521874981Z,baseline-c20,2026-07-11T17:22:09.1397654Z,1783790529139,2132,16,ok,
low-concurrency-20260711T171232.521874981Z,fair-c20,2026-07-11T17:22:09.166714531Z,1783790529166,2109,21,ok,
low-concurrency-20260711T171232.521874981Z,baseline-c20,2026-07-11T17:22:10.141224854Z,1783790530141,2112,14,ok,
low-concurrency-20260711T171232.521874981Z,fair-c20,2026-07-11T17:22:10.167762728Z,1783790530167,2093,17,ok,
low-concurrency-20260711T171232.521874981Z,baseline-c20,2026-07-11T17:22:11.141058934Z,1783790531141,2116,19,ok,
low-concurrency-20260711T171232.521874981Z,fair-c20,2026-07-11T17:22:11.168728925Z,1783790531168,2193,19,ok,
low-concurrency-20260711T171232.521874981Z,baseline-c20,2026-07-11T17:22:12.145245862Z,1783790532145,2075,19,ok,
low-concurrency-20260711T171232.521874981Z,fair-c20,2026-07-11T17:22:12.17160476Z,1783790532171,2124,16,ok,
low-concurrency-20260711T171232.521874981Z,baseline-c20,2026-07-11T17:22:13.140530706Z,1783790533140,2150,19,ok,
low-concurrency-20260711T171232.521874981Z,fair-c20,2026-07-11T17:22:13.169094783Z,1783790533169,2078,18,ok,
low-concurrency-20260711T171232.521874981Z,baseline-c20,2026-07-11T17:22:14.142094192Z,1783790534142,2068,17,ok,
low-concurrency-20260711T171232.521874981Z,fair-c20,2026-07-11T17:22:14.169138282Z,1783790534169,2039,17,ok,
low-concurrency-20260711T171232.521874981Z,baseline-c20,2026-07-11T17:22:15.138351799Z,1783790535138,2049,17,ok,
low-concurrency-20260711T171232.521874981Z,fair-c20,2026-07-11T17:22:15.165844439Z,1783790535165,2039,16,ok,
low-concurrency-20260711T171232.521874981Z,baseline-c20,2026-07-11T17:22:16.138348069Z,1783790536138,2094,14,ok,
low-concurrency-20260711T171232.521874981Z,fair-c20,2026-07-11T17:22:16.164614792Z,1783790536164,2049,16,ok,
low-concurrency-20260711T171232.521874981Z,baseline-c20,2026-07-11T17:22:17.138649093Z,1783790537138,2067,16,ok,
low-concurrency-20260711T171232.521874981Z,fair-c20,2026-07-11T17:22:17.164930881Z,1783790537164,2052,15,ok,
low-concurrency-20260711T171232.521874981Z,baseline-c20,2026-07-11T17:22:18.1376838Z,1783790538137,2023,15,ok,
low-concurrency-20260711T171232.521874981Z,fair-c20,2026-07-11T17:22:18.164831093Z,1783790538164,2038,17,ok,
low-concurrency-20260711T171232.521874981Z,baseline-c20,2026-07-11T17:22:19.139080386Z,1783790539139,2059,19,ok,
low-concurrency-20260711T171232.521874981Z,fair-c20,2026-07-11T17:22:19.168155194Z,1783790539168,2064,20,ok,
low-concurrency-20260711T171232.521874981Z,baseline-c20,2026-07-11T17:22:20.139548835Z,1783790540139,2027,20,ok,
low-concurrency-20260711T171232.521874981Z,fair-c20,2026-07-11T17:22:20.165903912Z,1783790540165,2015,18,ok,
low-concurrency-20260711T171232.521874981Z,baseline-c20,2026-07-11T17:22:21.185283787Z,1783790541185,2027,19,ok,
low-concurrency-20260711T171232.521874981Z,fair-c20,2026-07-11T17:22:21.21166568Z,1783790541211,2038,19,ok,
low-concurrency-20260711T171232.521874981Z,baseline-c20,2026-07-11T17:22:22.13757922Z,1783790542137,1993,20,ok,
low-concurrency-20260711T171232.521874981Z,fair-c20,2026-07-11T17:22:22.164697399Z,1783790542164,2049,15,ok,
low-concurrency-20260711T171232.521874981Z,baseline-c20,2026-07-11T17:22:23.138030621Z,1783790543138,2074,18,ok,
low-concurrency-20260711T171232.521874981Z,fair-c20,2026-07-11T17:22:23.165065816Z,1783790543165,2002,18,ok,
low-concurrency-20260711T171232.521874981Z,baseline-c20,2026-07-11T17:22:24.13754023Z,1783790544137,2048,16,ok,
low-concurrency-20260711T171232.521874981Z,fair-c20,2026-07-11T17:22:24.164101058Z,1783790544164,2094,17,ok,
low-concurrency-20260711T171232.521874981Z,baseline-c20,2026-07-11T17:22:25.141697263Z,1783790545141,2009,20,ok,
low-concurrency-20260711T171232.521874981Z,fair-c20,2026-07-11T17:22:25.170064438Z,1783790545170,1985,15,ok,
low-concurrency-20260711T171232.521874981Z,baseline-c20,2026-07-11T17:22:26.137488115Z,1783790546137,2102,20,ok,
low-concurrency-20260711T171232.521874981Z,fair-c20,2026-07-11T17:22:26.163837819Z,1783790546163,2002,18,ok,
low-concurrency-20260711T171232.521874981Z,baseline-c20,2026-07-11T17:22:27.13759767Z,1783790547137,1984,13,ok,
low-concurrency-20260711T171232.521874981Z,fair-c20,2026-07-11T17:22:27.16394888Z,1783790547163,1985,15,ok,
low-concurrency-20260711T171232.521874981Z,baseline-c20,2026-07-11T17:22:28.137970861Z,1783790548137,1969,16,ok,
low-concurrency-20260711T171232.521874981Z,fair-c20,2026-07-11T17:22:28.163633133Z,1783790548163,1983,16,ok,
low-concurrency-20260711T171232.521874981Z,baseline-c20,2026-07-11T17:22:29.14303714Z,1783790549143,1965,15,ok,
low-concurrency-20260711T171232.521874981Z,fair-c20,2026-07-11T17:22:29.171209837Z,1783790549171,1989,18,ok,
low-concurrency-20260711T171232.521874981Z,baseline-c20,2026-07-11T17:22:30.137023786Z,1783790550137,1969,20,ok,
low-concurrency-20260711T171232.521874981Z,fair-c20,2026-07-11T17:22:30.164299763Z,1783790550164,1974,14,ok,
low-concurrency-20260711T171232.521874981Z,baseline-c20,2026-07-11T17:22:31.138389405Z,1783790551138,1985,11,ok,
low-concurrency-20260711T171232.521874981Z,fair-c20,2026-07-11T17:22:31.167001717Z,1783790551167,2093,17,ok,
low-concurrency-20260711T171232.521874981Z,baseline-c20,2026-07-11T17:22:32.137975954Z,1783790552137,1992,23,ok,
low-concurrency-20260711T171232.521874981Z,fair-c20,2026-07-11T17:22:32.168053583Z,1783790552168,1931,16,ok,
low-concurrency-20260711T171232.521874981Z,baseline-c20,2026-07-11T17:22:33.143452761Z,1783790553143,2025,13,ok,
low-concurrency-20260711T171232.521874981Z,fair-c20,2026-07-11T17:22:33.193040967Z,1783790553193,1934,18,ok,
low-concurrency-20260711T171232.521874981Z,baseline-c20,2026-07-11T17:22:34.139028762Z,1783790554139,1932,19,ok,
low-concurrency-20260711T171232.521874981Z,fair-c20,2026-07-11T17:22:34.165137983Z,1783790554165,1948,17,ok,
low-concurrency-20260711T171232.521874981Z,baseline-c20,2026-07-11T17:22:35.147292672Z,1783790555147,1966,13,ok,
low-concurrency-20260711T171232.521874981Z,fair-c20,2026-07-11T17:22:35.174168434Z,1783790555174,1932,16,ok,
low-concurrency-20260711T171232.521874981Z,baseline-c20,2026-07-11T17:22:36.139464436Z,1783790556139,1932,18,ok,
low-concurrency-20260711T171232.521874981Z,fair-c20,2026-07-11T17:22:36.166075502Z,1783790556166,1936,19,ok,
low-concurrency-20260711T171232.521874981Z,baseline-c20,2026-07-11T17:22:37.14173793Z,1783790557141,1918,17,ok,
low-concurrency-20260711T171232.521874981Z,fair-c20,2026-07-11T17:22:37.168270429Z,1783790557168,1895,19,ok,
low-concurrency-20260711T171232.521874981Z,baseline-c20,2026-07-11T17:22:38.15137021Z,1783790558151,1969,18,ok,
low-concurrency-20260711T171232.521874981Z,fair-c20,2026-07-11T17:22:38.178683331Z,1783790558178,1896,18,ok,
low-concurrency-20260711T171232.521874981Z,baseline-c20,2026-07-11T17:22:39.146889755Z,1783790559146,1975,19,ok,
low-concurrency-20260711T171232.521874981Z,fair-c20,2026-07-11T17:22:39.174219278Z,1783790559174,2016,19,ok,
low-concurrency-20260711T171232.521874981Z,baseline-c20,2026-07-11T17:22:40.138052961Z,1783790560138,1876,19,ok,
low-concurrency-20260711T171232.521874981Z,fair-c20,2026-07-11T17:22:40.164620181Z,1783790560164,1931,17,ok,
low-concurrency-20260711T171232.521874981Z,baseline-c20,2026-07-11T17:22:41.137159819Z,1783790561137,1925,19,ok,
low-concurrency-20260711T171232.521874981Z,fair-c20,2026-07-11T17:22:41.163417852Z,1783790561163,1875,21,ok,
low-concurrency-20260711T171232.521874981Z,baseline-c20,2026-07-11T17:22:42.139802517Z,1783790562139,1866,14,ok,
low-concurrency-20260711T171232.521874981Z,fair-c20,2026-07-11T17:22:42.165998836Z,1783790562165,1910,18,ok,
low-concurrency-20260711T171232.521874981Z,baseline-c20,2026-07-11T17:22:43.139265821Z,1783790563139,1893,21,ok,
low-concurrency-20260711T171232.521874981Z,fair-c20,2026-07-11T17:22:43.165523727Z,1783790563165,1857,19,ok,
low-concurrency-20260711T171232.521874981Z,baseline-c20,2026-07-11T17:22:44.138410784Z,1783790564138,1906,14,ok,
low-concurrency-20260711T171232.521874981Z,fair-c20,2026-07-11T17:22:44.166876638Z,1783790564166,1870,21,ok,
low-concurrency-20260711T171232.521874981Z,baseline-c20,2026-07-11T17:22:45.137968079Z,1783790565137,1877,17,ok,
low-concurrency-20260711T171232.521874981Z,fair-c20,2026-07-11T17:22:45.164015194Z,1783790565164,1872,19,ok,
low-concurrency-20260711T171232.521874981Z,baseline-c20,2026-07-11T17:22:46.141844391Z,1783790566141,1919,19,ok,
low-concurrency-20260711T171232.521874981Z,fair-c20,2026-07-11T17:22:46.169162136Z,1783790566169,1871,19,ok,
low-concurrency-20260711T171232.521874981Z,baseline-c20,2026-07-11T17:22:47.138760594Z,1783790567138,1888,19,ok,
low-concurrency-20260711T171232.521874981Z,fair-c20,2026-07-11T17:22:47.165173096Z,1783790567165,1830,18,ok,
low-concurrency-20260711T171232.521874981Z,baseline-c20,2026-07-11T17:22:48.138349619Z,1783790568138,1835,17,ok,
low-concurrency-20260711T171232.521874981Z,fair-c20,2026-07-11T17:22:48.166443697Z,1783790568166,1961,18,ok,
low-concurrency-20260711T171232.521874981Z,baseline-c20,2026-07-11T17:22:49.138601823Z,1783790569138,1841,17,ok,
low-concurrency-20260711T171232.521874981Z,fair-c20,2026-07-11T17:22:49.167309748Z,1783790569167,1818,18,ok,
low-concurrency-20260711T171232.521874981Z,baseline-c20,2026-07-11T17:22:50.138807437Z,1783790570138,1835,16,ok,
low-concurrency-20260711T171232.521874981Z,fair-c20,2026-07-11T17:22:50.166517662Z,1783790570166,1836,17,ok,
low-concurrency-20260711T171232.521874981Z,baseline-c20,2026-07-11T17:22:51.140228545Z,1783790571140,1841,17,ok,
low-concurrency-20260711T171232.521874981Z,fair-c20,2026-07-11T17:22:51.167187746Z,1783790571167,1877,20,ok,
low-concurrency-20260711T171232.521874981Z,baseline-c20,2026-07-11T17:22:52.138357058Z,1783790572138,1830,16,ok,
low-concurrency-20260711T171232.521874981Z,fair-c20,2026-07-11T17:22:52.165319389Z,1783790572165,1817,18,ok,
low-concurrency-20260711T171232.521874981Z,baseline-c20,2026-07-11T17:22:53.139223155Z,1783790573139,1803,13,ok,
low-concurrency-20260711T171232.521874981Z,fair-c20,2026-07-11T17:22:53.168433697Z,1783790573168,1856,17,ok,
low-concurrency-20260711T171232.521874981Z,baseline-c20,2026-07-11T17:22:54.138109175Z,1783790574138,1866,16,ok,
low-concurrency-20260711T171232.521874981Z,fair-c20,2026-07-11T17:22:54.165338156Z,1783790574165,1799,22,ok,
low-concurrency-20260711T171232.521874981Z,baseline-c20,2026-07-11T17:22:55.139413295Z,1783790575139,1846,21,ok,
low-concurrency-20260711T171232.521874981Z,fair-c20,2026-07-11T17:22:55.166091773Z,1783790575166,1837,17,ok,
low-concurrency-20260711T171232.521874981Z,baseline-c20,2026-07-11T17:22:56.140594408Z,1783790576140,1805,14,ok,
low-concurrency-20260711T171232.521874981Z,fair-c20,2026-07-11T17:22:56.167527552Z,1783790576167,1830,20,ok,
low-concurrency-20260711T171232.521874981Z,baseline-c20,2026-07-11T17:22:57.138821239Z,1783790577138,1853,18,ok,
low-concurrency-20260711T171232.521874981Z,fair-c20,2026-07-11T17:22:57.167223939Z,1783790577167,1768,12,ok,
low-concurrency-20260711T171232.521874981Z,baseline-c20,2026-07-11T17:22:58.141803707Z,1783790578141,1829,17,ok,
low-concurrency-20260711T171232.521874981Z,fair-c20,2026-07-11T17:22:58.169202421Z,1783790578169,1786,16,ok,
low-concurrency-20260711T171232.521874981Z,baseline-c20,2026-07-11T17:22:59.137580245Z,1783790579137,1804,12,ok,
low-concurrency-20260711T171232.521874981Z,fair-c20,2026-07-11T17:22:59.163058445Z,1783790579163,1769,13,ok,
low-concurrency-20260711T171232.521874981Z,baseline-c20,2026-07-11T17:23:00.138142647Z,1783790580138,1778,19,ok,
low-concurrency-20260711T171232.521874981Z,fair-c20,2026-07-11T17:23:00.163918866Z,1783790580163,1769,13,ok,
low-concurrency-20260711T171232.521874981Z,baseline-c20,2026-07-11T17:23:01.136015768Z,1783790581136,1752,18,ok,
low-concurrency-20260711T171232.521874981Z,fair-c20,2026-07-11T17:23:01.161248551Z,1783790581161,1767,15,ok,
low-concurrency-20260711T171232.521874981Z,baseline-c20,2026-07-11T17:23:02.139936164Z,1783790582139,1768,16,ok,
low-concurrency-20260711T171232.521874981Z,fair-c20,2026-07-11T17:23:02.166927256Z,1783790582166,1799,21,ok,
low-concurrency-20260711T171232.521874981Z,baseline-c20,2026-07-11T17:23:03.139232584Z,1783790583139,1778,20,ok,
low-concurrency-20260711T171232.521874981Z,fair-c20,2026-07-11T17:23:03.16531525Z,1783790583165,1756,16,ok,
low-concurrency-20260711T171232.521874981Z,baseline-c20,2026-07-11T17:23:04.138485118Z,1783790584138,1766,16,ok,
low-concurrency-20260711T171232.521874981Z,fair-c20,2026-07-11T17:23:04.165554023Z,1783790584165,1727,17,ok,
low-concurrency-20260711T171232.521874981Z,baseline-c20,2026-07-11T17:23:05.153590811Z,1783790585153,1728,18,ok,
low-concurrency-20260711T171232.521874981Z,fair-c20,2026-07-11T17:23:05.180908351Z,1783790585180,1897,16,ok,
low-concurrency-20260711T171232.521874981Z,baseline-c20,2026-07-11T17:23:06.138301809Z,1783790586138,1763,13,ok,
low-concurrency-20260711T171232.521874981Z,fair-c20,2026-07-11T17:23:06.168578166Z,1783790586168,1770,12,ok,
low-concurrency-20260711T171232.521874981Z,baseline-c20,2026-07-11T17:23:07.138578126Z,1783790587138,1752,17,ok,
low-concurrency-20260711T171232.521874981Z,fair-c20,2026-07-11T17:23:07.170315532Z,1783790587170,1820,17,ok,
low-concurrency-20260711T171232.521874981Z,baseline-c20,2026-07-11T17:23:08.138240302Z,1783790588138,1702,19,ok,
low-concurrency-20260711T171232.521874981Z,fair-c20,2026-07-11T17:23:08.166297965Z,1783790588166,1724,20,ok,
low-concurrency-20260711T171232.521874981Z,baseline-c20,2026-07-11T17:23:09.139738522Z,1783790589139,1702,17,ok,
low-concurrency-20260711T171232.521874981Z,fair-c20,2026-07-11T17:23:09.165959596Z,1783790589165,1703,10,ok,
low-concurrency-20260711T171232.521874981Z,baseline-c20,2026-07-11T17:23:10.138423058Z,1783790590138,1728,18,ok,
low-concurrency-20260711T171232.521874981Z,fair-c20,2026-07-11T17:23:10.165879746Z,1783790590165,1721,14,ok,
low-concurrency-20260711T171232.521874981Z,baseline-c20,2026-07-11T17:23:11.138147829Z,1783790591138,1684,15,ok,
low-concurrency-20260711T171232.521874981Z,fair-c20,2026-07-11T17:23:11.164813127Z,1783790591164,1708,16,ok,
low-concurrency-20260711T171232.521874981Z,baseline-c20,2026-07-11T17:23:12.14328044Z,1783790592143,1684,15,ok,
low-concurrency-20260711T171232.521874981Z,fair-c20,2026-07-11T17:23:12.170597498Z,1783790592170,1690,19,ok,
low-concurrency-20260711T171232.521874981Z,baseline-c20,2026-07-11T17:23:13.138798136Z,1783790593138,1702,17,ok,
low-concurrency-20260711T171232.521874981Z,fair-c20,2026-07-11T17:23:13.166120056Z,1783790593166,1688,20,ok,
low-concurrency-20260711T171232.521874981Z,baseline-c20,2026-07-11T17:23:14.140136336Z,1783790594140,1707,16,ok,
low-concurrency-20260711T171232.521874981Z,fair-c20,2026-07-11T17:23:14.166916108Z,1783790594166,1688,20,ok,
low-concurrency-20260711T171232.521874981Z,baseline-c20,2026-07-11T17:23:15.140196817Z,1783790595140,1661,20,ok,
low-concurrency-20260711T171232.521874981Z,fair-c20,2026-07-11T17:23:15.167166617Z,1783790595167,1649,18,ok,
low-concurrency-20260711T171232.521874981Z,baseline-c20,2026-07-11T17:23:16.140220429Z,1783790596140,1784,21,ok,
low-concurrency-20260711T171232.521874981Z,fair-c20,2026-07-11T17:23:16.166272646Z,1783790596166,1677,17,ok,
low-concurrency-20260711T171232.521874981Z,baseline-c20,2026-07-11T17:23:17.139149953Z,1783790597139,1654,20,ok,
low-concurrency-20260711T171232.521874981Z,fair-c20,2026-07-11T17:23:17.165637133Z,1783790597165,1696,16,ok,
low-concurrency-20260711T171232.521874981Z,baseline-c20,2026-07-11T17:23:18.144256174Z,1783790598144,1686,15,ok,
low-concurrency-20260711T171232.521874981Z,fair-c20,2026-07-11T17:23:18.171321542Z,1783790598171,1650,19,ok,
low-concurrency-20260711T171232.521874981Z,baseline-c20,2026-07-11T17:23:19.138654637Z,1783790599138,1668,15,ok,
low-concurrency-20260711T171232.521874981Z,fair-c20,2026-07-11T17:23:19.166905195Z,1783790599166,1771,20,ok,
low-concurrency-20260711T171232.521874981Z,baseline-c20,2026-07-11T17:23:20.142590167Z,1783790600142,1661,20,ok,
low-concurrency-20260711T171232.521874981Z,fair-c20,2026-07-11T17:23:20.169585613Z,1783790600169,1636,17,ok,
low-concurrency-20260711T171232.521874981Z,baseline-c20,2026-07-11T17:23:21.137619546Z,1783790601137,1718,21,ok,
low-concurrency-20260711T171232.521874981Z,fair-c20,2026-07-11T17:23:21.16365425Z,1783790601163,1669,18,ok,
low-concurrency-20260711T171232.521874981Z,baseline-c20,2026-07-11T17:23:22.142510379Z,1783790602142,1627,14,ok,
low-concurrency-20260711T171232.521874981Z,fair-c20,2026-07-11T17:23:22.16939309Z,1783790602169,1703,10,ok,
low-concurrency-20260711T171232.521874981Z,baseline-c20,2026-07-11T17:23:23.140332224Z,1783790603140,1629,12,ok,
low-concurrency-20260711T171232.521874981Z,fair-c20,2026-07-11T17:23:23.167154305Z,1783790603167,1632,14,ok,
low-concurrency-20260711T171232.521874981Z,baseline-c20,2026-07-11T17:23:24.137575558Z,1783790604137,1625,13,ok,
low-concurrency-20260711T171232.521874981Z,fair-c20,2026-07-11T17:23:24.16515269Z,1783790604165,1620,17,ok,
low-concurrency-20260711T171232.521874981Z,baseline-c20,2026-07-11T17:23:25.137666606Z,1783790605137,1649,16,ok,
low-concurrency-20260711T171232.521874981Z,fair-c20,2026-07-11T17:23:25.165048858Z,1783790605165,1650,17,ok,
low-concurrency-20260711T171232.521874981Z,baseline-c20,2026-07-11T17:23:26.13764917Z,1783790606137,1595,10,ok,
low-concurrency-20260711T171232.521874981Z,fair-c20,2026-07-11T17:23:26.165702133Z,1783790606165,1606,20,ok,
low-concurrency-20260711T171232.521874981Z,baseline-c20,2026-07-11T17:23:27.139512713Z,1783790607139,1654,19,ok,
low-concurrency-20260711T171232.521874981Z,fair-c20,2026-07-11T17:23:27.165828967Z,1783790607165,1599,16,ok,
low-concurrency-20260711T171232.521874981Z,baseline-c20,2026-07-11T17:23:28.138214513Z,1783790608138,1596,11,ok,
low-concurrency-20260711T171232.521874981Z,fair-c20,2026-07-11T17:23:28.16542812Z,1783790608165,1578,16,ok,
low-concurrency-20260711T171232.521874981Z,baseline-c20,2026-07-11T17:23:29.141049676Z,1783790609141,1616,18,ok,
low-concurrency-20260711T171232.521874981Z,fair-c20,2026-07-11T17:23:29.170000626Z,1783790609170,1590,18,ok,
low-concurrency-20260711T171232.521874981Z,baseline-c20,2026-07-11T17:23:30.138265438Z,1783790610138,1583,21,ok,
low-concurrency-20260711T171232.521874981Z,fair-c20,2026-07-11T17:23:30.165382561Z,1783790610165,1599,15,ok,
low-concurrency-20260711T171232.521874981Z,baseline-c20,2026-07-11T17:23:31.138601868Z,1783790611138,1597,10,ok,
low-concurrency-20260711T171232.521874981Z,fair-c20,2026-07-11T17:23:31.164637231Z,1783790611164,1606,20,ok,
low-concurrency-20260711T171232.521874981Z,baseline-c20,2026-07-11T17:23:32.139406803Z,1783790612139,1626,12,ok,
low-concurrency-20260711T171232.521874981Z,fair-c20,2026-07-11T17:23:32.167477754Z,1783790612167,1578,14,ok,
low-concurrency-20260711T171232.521874981Z,baseline-c20,2026-07-11T17:23:33.137376855Z,1783790613137,1566,19,ok,
low-concurrency-20260711T171232.521874981Z,fair-c20,2026-07-11T17:23:33.163791788Z,1783790613163,1541,19,ok,
low-concurrency-20260711T171232.521874981Z,baseline-c20,2026-07-11T17:23:34.140120274Z,1783790614140,1556,13,ok,
low-concurrency-20260711T171232.521874981Z,fair-c20,2026-07-11T17:23:34.167873486Z,1783790614167,1548,17,ok,
low-concurrency-20260711T171232.521874981Z,baseline-c20,2026-07-11T17:23:35.13905495Z,1783790615139,1567,17,ok,
low-concurrency-20260711T171232.521874981Z,fair-c20,2026-07-11T17:23:35.168650627Z,1783790615168,1636,18,ok,
low-concurrency-20260711T171232.521874981Z,baseline-c20,2026-07-11T17:23:36.138336637Z,1783790616138,1546,17,ok,
low-concurrency-20260711T171232.521874981Z,fair-c20,2026-07-11T17:23:36.165977818Z,1783790616165,1516,13,ok,
low-concurrency-20260711T171232.521874981Z,baseline-c20,2026-07-11T17:23:37.138329796Z,1783790617138,1581,19,ok,
low-concurrency-20260711T171232.521874981Z,fair-c20,2026-07-11T17:23:37.164134576Z,1783790617164,1534,21,ok,
low-concurrency-20260711T171232.521874981Z,baseline-c20,2026-07-11T17:23:38.177923396Z,1783790618177,1532,13,ok,
low-concurrency-20260711T171232.521874981Z,fair-c20,2026-07-11T17:23:38.205428769Z,1783790618205,1554,20,ok,
low-concurrency-20260711T171232.521874981Z,baseline-c20,2026-07-11T17:23:39.140178732Z,1783790619140,1636,17,ok,
low-concurrency-20260711T171232.521874981Z,fair-c20,2026-07-11T17:23:39.166537934Z,1783790619166,1515,14,ok,
low-concurrency-20260711T171232.521874981Z,baseline-c20,2026-07-11T17:23:40.140443766Z,1783790620140,1548,19,ok,
low-concurrency-20260711T171232.521874981Z,fair-c20,2026-07-11T17:23:40.166990765Z,1783790620166,1497,12,ok,
low-concurrency-20260711T171232.521874981Z,baseline-c20,2026-07-11T17:23:41.140683842Z,1783790621140,1530,15,ok,
low-concurrency-20260711T171232.521874981Z,fair-c20,2026-07-11T17:23:41.166649877Z,1783790621166,1516,14,ok,
low-concurrency-20260711T171232.521874981Z,baseline-c20,2026-07-11T17:23:42.140073375Z,1783790622140,1493,18,ok,
low-concurrency-20260711T171232.521874981Z,fair-c20,2026-07-11T17:23:42.167840968Z,1783790622167,1534,25,ok,
low-concurrency-20260711T171232.521874981Z,baseline-c20,2026-07-11T17:23:43.139257378Z,1783790623139,1518,19,ok,
low-concurrency-20260711T171232.521874981Z,fair-c20,2026-07-11T17:23:43.167749829Z,1783790623167,1495,12,ok,
low-concurrency-20260711T171232.521874981Z,baseline-c20,2026-07-11T17:23:44.139851839Z,1783790624139,1492,20,ok,
low-concurrency-20260711T171232.521874981Z,fair-c20,2026-07-11T17:23:44.167937954Z,1783790624167,1497,12,ok,
low-concurrency-20260711T171232.521874981Z,baseline-c20,2026-07-11T17:23:45.136929712Z,1783790625136,1554,15,ok,
low-concurrency-20260711T171232.521874981Z,fair-c20,2026-07-11T17:23:45.163368413Z,1783790625163,1541,20,ok,
low-concurrency-20260711T171232.521874981Z,baseline-c20,2026-07-11T17:23:46.139788336Z,1783790626139,1507,16,ok,
low-concurrency-20260711T171232.521874981Z,fair-c20,2026-07-11T17:23:46.166434854Z,1783790626166,1473,17,ok,
low-concurrency-20260711T171232.521874981Z,baseline-c20,2026-07-11T17:23:47.13830669Z,1783790627138,1492,17,ok,
low-concurrency-20260711T171232.521874981Z,fair-c20,2026-07-11T17:23:47.164853794Z,1783790627164,1479,10,ok,
low-concurrency-20260711T171232.521874981Z,baseline-c20,2026-07-11T17:23:48.137737291Z,1783790628137,1482,13,ok,
low-concurrency-20260711T171232.521874981Z,fair-c20,2026-07-11T17:23:48.171526547Z,1783790628171,1456,20,ok,
low-concurrency-20260711T171232.521874981Z,baseline-c20,2026-07-11T17:23:49.137499759Z,1783790629137,1465,20,ok,
low-concurrency-20260711T171232.521874981Z,fair-c20,2026-07-11T17:23:49.164890768Z,1783790629164,1570,20,ok,
low-concurrency-20260711T171232.521874981Z,baseline-c20,2026-07-11T17:23:50.141358117Z,1783790630141,1499,20,ok,
low-concurrency-20260711T171232.521874981Z,fair-c20,2026-07-11T17:23:50.170451416Z,1783790630170,1454,17,ok,
low-concurrency-20260711T171232.521874981Z,baseline-c20,2026-07-11T17:23:51.139934909Z,1783790631139,1454,15,ok,
low-concurrency-20260711T171232.521874981Z,fair-c20,2026-07-11T17:23:51.167772259Z,1783790631167,1456,21,ok,
low-concurrency-20260711T171232.521874981Z,baseline-c20,2026-07-11T17:23:52.137283351Z,1783790632137,1436,16,ok,
low-concurrency-20260711T171232.521874981Z,fair-c20,2026-07-11T17:23:52.164165865Z,1783790632164,1549,17,ok,
low-concurrency-20260711T171232.521874981Z,baseline-c20,2026-07-11T17:23:53.186544982Z,1783790633186,1632,15,ok,
low-concurrency-20260711T171232.521874981Z,fair-c20,2026-07-11T17:23:53.214246735Z,1783790633214,1472,17,ok,
low-concurrency-20260711T171232.521874981Z,baseline-c20,2026-07-11T17:23:54.140474963Z,1783790634140,1456,25,ok,
low-concurrency-20260711T171232.521874981Z,fair-c20,2026-07-11T17:23:54.166828761Z,1783790634166,1438,20,ok,
low-concurrency-20260711T171232.521874981Z,baseline-c20,2026-07-11T17:23:55.139291893Z,1783790635139,1436,16,ok,
low-concurrency-20260711T171232.521874981Z,fair-c20,2026-07-11T17:23:55.168400634Z,1783790635168,1394,23,ok,
low-concurrency-20260711T171232.521874981Z,baseline-c20,2026-07-11T17:23:56.138797804Z,1783790636138,1415,15,ok,
low-concurrency-20260711T171232.521874981Z,fair-c20,2026-07-11T17:23:56.165251815Z,1783790636165,1409,16,ok,
low-concurrency-20260711T171232.521874981Z,baseline-c20,2026-07-11T17:23:57.140955165Z,1783790637140,1434,20,ok,
low-concurrency-20260711T171232.521874981Z,fair-c20,2026-07-11T17:23:57.167844999Z,1783790637167,1393,20,ok,
low-concurrency-20260711T171232.521874981Z,baseline-c20,2026-07-11T17:23:58.13766856Z,1783790638137,1416,15,ok,
low-concurrency-20260711T171232.521874981Z,fair-c20,2026-07-11T17:23:58.163416979Z,1783790638163,1403,17,ok,
low-concurrency-20260711T171232.521874981Z,baseline-c20,2026-07-11T17:23:59.139222171Z,1783790639139,1415,19,ok,
low-concurrency-20260711T171232.521874981Z,fair-c20,2026-07-11T17:23:59.167071704Z,1783790639167,1410,18,ok,
low-concurrency-20260711T171232.521874981Z,baseline-c20,2026-07-11T17:24:00.144895587Z,1783790640144,1466,21,ok,
low-concurrency-20260711T171232.521874981Z,fair-c20,2026-07-11T17:24:00.171826225Z,1783790640171,1422,21,ok,
low-concurrency-20260711T171232.521874981Z,baseline-c20,2026-07-11T17:24:01.138333194Z,1783790641138,1370,18,ok,
low-concurrency-20260711T171232.521874981Z,fair-c20,2026-07-11T17:24:01.165631788Z,1783790641165,1395,20,ok,
low-concurrency-20260711T171232.521874981Z,baseline-c20,2026-07-11T17:24:02.138836802Z,1783790642138,1412,15,ok,
low-concurrency-20260711T171232.521874981Z,fair-c20,2026-07-11T17:24:02.16645852Z,1783790642166,1430,14,ok,
low-concurrency-20260711T171232.521874981Z,baseline-c20,2026-07-11T17:24:03.139114662Z,1783790643139,1390,18,ok,
low-concurrency-20260711T171232.521874981Z,fair-c20,2026-07-11T17:24:03.168265374Z,1783790643168,1358,19,ok,
low-concurrency-20260711T171232.521874981Z,baseline-c20,2026-07-11T17:24:04.145421159Z,1783790644145,1355,19,ok,
low-concurrency-20260711T171232.521874981Z,fair-c20,2026-07-11T17:24:04.172012809Z,1783790644172,1407,15,ok,
low-concurrency-20260711T171232.521874981Z,baseline-c20,2026-07-11T17:24:05.139209138Z,1783790645139,1379,16,ok,
low-concurrency-20260711T171232.521874981Z,fair-c20,2026-07-11T17:24:05.167374154Z,1783790645167,1353,15,ok,
low-concurrency-20260711T171232.521874981Z,baseline-c20,2026-07-11T17:24:06.138672957Z,1783790646138,1371,17,ok,
low-concurrency-20260711T171232.521874981Z,fair-c20,2026-07-11T17:24:06.163372776Z,1783790646163,1341,18,ok,
low-concurrency-20260711T171232.521874981Z,baseline-c20,2026-07-11T17:24:07.136910877Z,1783790647136,1453,15,ok,
low-concurrency-20260711T171232.521874981Z,fair-c20,2026-07-11T17:24:07.161525622Z,1783790647161,1353,14,ok,
low-concurrency-20260711T171232.521874981Z,baseline-c20,2026-07-11T17:24:08.142682683Z,1783790648142,1330,17,ok,
low-concurrency-20260711T171232.521874981Z,fair-c20,2026-07-11T17:24:08.169856866Z,1783790648169,1355,19,ok,
low-concurrency-20260711T171232.521874981Z,baseline-c20,2026-07-11T17:24:09.137779708Z,1783790649137,1359,13,ok,
low-concurrency-20260711T171232.521874981Z,fair-c20,2026-07-11T17:24:09.165354895Z,1783790649165,1309,17,ok,
low-concurrency-20260711T171232.521874981Z,baseline-c20,2026-07-11T17:24:10.137634527Z,1783790650137,1341,16,ok,
low-concurrency-20260711T171232.521874981Z,fair-c20,2026-07-11T17:24:10.168753848Z,1783790650168,1378,20,ok,
low-concurrency-20260711T171232.521874981Z,baseline-c20,2026-07-11T17:24:11.139590933Z,1783790651139,1329,15,ok,
low-concurrency-20260711T171232.521874981Z,fair-c20,2026-07-11T17:24:11.16559879Z,1783790651165,1343,20,ok,
low-concurrency-20260711T171232.521874981Z,baseline-c20,2026-07-11T17:24:12.137306514Z,1783790652137,1329,15,ok,
low-concurrency-20260711T171232.521874981Z,fair-c20,2026-07-11T17:24:12.165934558Z,1783790652165,1334,13,ok,
low-concurrency-20260711T171232.521874981Z,baseline-c20,2026-07-11T17:24:13.137632335Z,1783790653137,1315,23,ok,
low-concurrency-20260711T171232.521874981Z,fair-c20,2026-07-11T17:24:13.165718329Z,1783790653165,1299,17,ok,
low-concurrency-20260711T171232.521874981Z,baseline-c20,2026-07-11T17:24:14.14082668Z,1783790654140,1354,17,ok,
low-concurrency-20260711T171232.521874981Z,fair-c20,2026-07-11T17:24:14.167194237Z,1783790654167,1315,19,ok,
low-concurrency-20260711T171232.521874981Z,baseline-c20,2026-07-11T17:24:15.138760883Z,1783790655138,1334,17,ok,
low-concurrency-20260711T171232.521874981Z,fair-c20,2026-07-11T17:24:15.166557499Z,1783790655166,1291,10,ok,
low-concurrency-20260711T171232.521874981Z,baseline-c20,2026-07-11T17:24:16.137927449Z,1783790656137,1357,15,ok,
low-concurrency-20260711T171232.521874981Z,fair-c20,2026-07-11T17:24:16.165941629Z,1783790656165,1362,18,ok,
low-concurrency-20260711T171232.521874981Z,baseline-c20,2026-07-11T17:24:17.139556189Z,1783790657139,1286,17,ok,
low-concurrency-20260711T171232.521874981Z,fair-c20,2026-07-11T17:24:17.168303935Z,1783790657168,1296,18,ok,
low-concurrency-20260711T171232.521874981Z,baseline-c20,2026-07-11T17:24:18.141812626Z,1783790658141,1281,18,ok,
low-concurrency-20260711T171232.521874981Z,fair-c20,2026-07-11T17:24:18.168103581Z,1783790658168,1291,10,ok,
low-concurrency-20260711T171232.521874981Z,baseline-c20,2026-07-11T17:24:19.137787503Z,1783790659137,1343,17,ok,
low-concurrency-20260711T171232.521874981Z,fair-c20,2026-07-11T17:24:19.168298401Z,1783790659168,1282,15,ok,
low-concurrency-20260711T171232.521874981Z,baseline-c20,2026-07-11T17:24:20.139456956Z,1783790660139,1330,18,ok,
low-concurrency-20260711T171232.521874981Z,fair-c20,2026-07-11T17:24:20.164897087Z,1783790660164,1306,16,ok,
low-concurrency-20260711T171232.521874981Z,baseline-c20,2026-07-11T17:24:21.139590284Z,1783790661139,1250,17,ok,
low-concurrency-20260711T171232.521874981Z,fair-c20,2026-07-11T17:24:21.165443864Z,1783790661165,1231,20,ok,
low-concurrency-20260711T171232.521874981Z,baseline-c20,2026-07-11T17:24:22.13859819Z,1783790662138,1276,18,ok,
low-concurrency-20260711T171232.521874981Z,fair-c20,2026-07-11T17:24:22.1641606Z,1783790662164,1248,18,ok,
low-concurrency-20260711T171232.521874981Z,baseline-c20,2026-07-11T17:24:23.139444606Z,1783790663139,1288,16,ok,
low-concurrency-20260711T171232.521874981Z,fair-c20,2026-07-11T17:24:23.164990009Z,1783790663164,1236,16,ok,
low-concurrency-20260711T171232.521874981Z,baseline-c20,2026-07-11T17:24:24.138227379Z,1783790664138,1317,19,ok,
low-concurrency-20260711T171232.521874981Z,fair-c20,2026-07-11T17:24:24.163774417Z,1783790664163,1275,16,ok,
low-concurrency-20260711T171232.521874981Z,baseline-c20,2026-07-11T17:24:25.13693527Z,1783790665136,1251,19,ok,
low-concurrency-20260711T171232.521874981Z,fair-c20,2026-07-11T17:24:25.164056799Z,1783790665164,1247,18,ok,
low-concurrency-20260711T171232.521874981Z,baseline-c20,2026-07-11T17:24:26.141208971Z,1783790666141,1283,14,ok,
low-concurrency-20260711T171232.521874981Z,fair-c20,2026-07-11T17:24:26.166681347Z,1783790666166,1197,14,ok,
low-concurrency-20260711T171232.521874981Z,baseline-c20,2026-07-11T17:24:27.145831658Z,1783790667145,1235,15,ok,
low-concurrency-20260711T171232.521874981Z,fair-c20,2026-07-11T17:24:27.171753579Z,1783790667171,1200,20,ok,
low-concurrency-20260711T171232.521874981Z,baseline-c20,2026-07-11T17:24:28.137409361Z,1783790668137,1256,15,ok,
low-concurrency-20260711T171232.521874981Z,fair-c20,2026-07-11T17:24:28.163949268Z,1783790668163,1204,18,ok,
low-concurrency-20260711T171232.521874981Z,baseline-c20,2026-07-11T17:24:29.136012879Z,1783790669136,1208,9,ok,
low-concurrency-20260711T171232.521874981Z,fair-c20,2026-07-11T17:24:29.160918838Z,1783790669160,1198,14,ok,
low-concurrency-20260711T171232.521874981Z,baseline-c20,2026-07-11T17:24:30.138131002Z,1783790670138,1251,16,ok,
low-concurrency-20260711T171232.521874981Z,fair-c20,2026-07-11T17:24:30.16556407Z,1783790670165,1197,15,ok,
low-concurrency-20260711T171232.521874981Z,baseline-c20,2026-07-11T17:24:31.136574618Z,1783790671136,1192,17,ok,
low-concurrency-20260711T171232.521874981Z,fair-c20,2026-07-11T17:24:31.162166255Z,1783790671162,1197,14,ok,
low-concurrency-20260711T171232.521874981Z,baseline-c20,2026-07-11T17:24:32.142804741Z,1783790672142,1205,8,ok,
low-concurrency-20260711T171232.521874981Z,fair-c20,2026-07-11T17:24:32.168677565Z,1783790672168,1164,16,ok,
low-concurrency-20260711T171232.521874981Z,baseline-c20,2026-07-11T17:24:33.140639052Z,1783790673140,1213,18,ok,
low-concurrency-20260711T171232.521874981Z,fair-c20,2026-07-11T17:24:33.16675934Z,1783790673166,1180,18,ok,
low-concurrency-20260711T171232.521874981Z,baseline-c20,2026-07-11T17:24:34.140195301Z,1783790674140,1239,13,ok,
low-concurrency-20260711T171232.521874981Z,fair-c20,2026-07-11T17:24:34.166636822Z,1783790674166,1154,17,ok,
low-concurrency-20260711T171232.521874981Z,baseline-c20,2026-07-11T17:24:35.138076318Z,1783790675138,1153,19,ok,
low-concurrency-20260711T171232.521874981Z,fair-c20,2026-07-11T17:24:35.163653697Z,1783790675163,1235,17,ok,
low-concurrency-20260711T171232.521874981Z,baseline-c20,2026-07-11T17:24:36.138725003Z,1783790676138,1233,18,ok,
low-concurrency-20260711T171232.521874981Z,fair-c20,2026-07-11T17:24:36.16465558Z,1783790676164,1121,17,ok,
low-concurrency-20260711T171232.521874981Z,baseline-c20,2026-07-11T17:24:37.138829393Z,1783790677138,1205,8,ok,
low-concurrency-20260711T171232.521874981Z,fair-c20,2026-07-11T17:24:37.165149142Z,1783790677165,1153,16,ok,
low-concurrency-20260711T171232.521874981Z,baseline-c20,2026-07-11T17:24:38.139517845Z,1783790678139,1153,16,ok,
low-concurrency-20260711T171232.521874981Z,fair-c20,2026-07-11T17:24:38.166474604Z,1783790678166,1120,18,ok,
low-concurrency-20260711T171232.521874981Z,baseline-c20,2026-07-11T17:24:39.138412458Z,1783790679138,1124,19,ok,
low-concurrency-20260711T171232.521874981Z,fair-c20,2026-07-11T17:24:39.16339868Z,1783790679163,1120,17,ok,
low-concurrency-20260711T171232.521874981Z,baseline-c20,2026-07-11T17:24:40.137074743Z,1783790680137,1137,17,ok,
low-concurrency-20260711T171232.521874981Z,fair-c20,2026-07-11T17:24:40.162565772Z,1783790680162,1082,18,ok,
low-concurrency-20260711T171232.521874981Z,baseline-c20,2026-07-11T17:24:41.13806532Z,1783790681138,1102,18,ok,
low-concurrency-20260711T171232.521874981Z,fair-c20,2026-07-11T17:24:41.165006358Z,1783790681165,1259,15,ok,
low-concurrency-20260711T171232.521874981Z,baseline-c20,2026-07-11T17:24:42.137810071Z,1783790682137,1153,16,ok,
low-concurrency-20260711T171232.521874981Z,fair-c20,2026-07-11T17:24:42.167637692Z,1783790682167,1102,18,ok,
low-concurrency-20260711T171232.521874981Z,baseline-c20,2026-07-11T17:24:43.14096734Z,1783790683140,1137,17,ok,
low-concurrency-20260711T171232.521874981Z,fair-c20,2026-07-11T17:24:43.167030374Z,1783790683167,1063,19,ok,
low-concurrency-20260711T171232.521874981Z,baseline-c20,2026-07-11T17:24:44.183794486Z,1783790684183,1069,17,ok,
low-concurrency-20260711T171232.521874981Z,fair-c20,2026-07-11T17:24:44.21018599Z,1783790684210,1063,19,ok,
low-concurrency-20260711T171232.521874981Z,baseline-c20,2026-07-11T17:24:45.137566648Z,1783790685137,1134,20,ok,
low-concurrency-20260711T171232.521874981Z,fair-c20,2026-07-11T17:24:45.165467285Z,1783790685165,1071,16,ok,
low-concurrency-20260711T171232.521874981Z,baseline-c20,2026-07-11T17:24:46.140993686Z,1783790686140,1073,19,ok,
low-concurrency-20260711T171232.521874981Z,fair-c20,2026-07-11T17:24:46.165957022Z,1783790686165,1031,13,ok,
low-concurrency-20260711T171232.521874981Z,baseline-c20,2026-07-11T17:24:47.141213856Z,1783790687141,1105,19,ok,
low-concurrency-20260711T171232.521874981Z,fair-c20,2026-07-11T17:24:47.166889011Z,1783790687166,1082,18,ok,
low-concurrency-20260711T171232.521874981Z,baseline-c20,2026-07-11T17:24:48.137471361Z,1783790688137,1039,16,ok,
low-concurrency-20260711T171232.521874981Z,fair-c20,2026-07-11T17:24:48.163317324Z,1783790688163,1102,18,ok,
low-concurrency-20260711T171232.521874981Z,baseline-c20,2026-07-11T17:24:49.139359463Z,1783790689139,1083,18,ok,
low-concurrency-20260711T171232.521874981Z,fair-c20,2026-07-11T17:24:49.166837564Z,1783790689166,1015,16,ok,
low-concurrency-20260711T171232.521874981Z,baseline-c20,2026-07-11T17:24:50.137684744Z,1783790690137,1069,17,ok,
low-concurrency-20260711T171232.521874981Z,fair-c20,2026-07-11T17:24:50.164378421Z,1783790690164,1031,13,ok,
low-concurrency-20260711T171232.521874981Z,baseline-c20,2026-07-11T17:24:51.136117651Z,1783790691136,1039,16,ok,
low-concurrency-20260711T171232.521874981Z,fair-c20,2026-07-11T17:24:51.163282405Z,1783790691163,1071,16,ok,
low-concurrency-20260711T171232.521874981Z,baseline-c20,2026-07-11T17:24:52.138587083Z,1783790692138,1014,20,ok,
low-concurrency-20260711T171232.521874981Z,fair-c20,2026-07-11T17:24:52.165461431Z,1783790692165,978,19,ok,
low-concurrency-20260711T171232.521874981Z,baseline-c20,2026-07-11T17:24:53.137960068Z,1783790693137,1055,18,ok,
low-concurrency-20260711T171232.521874981Z,fair-c20,2026-07-11T17:24:53.165093156Z,1783790693165,1015,16,ok,
low-concurrency-20260711T171232.521874981Z,baseline-c20,2026-07-11T17:24:54.170474577Z,1783790694170,1073,19,ok,
low-concurrency-20260711T171232.521874981Z,fair-c20,2026-07-11T17:24:54.199807386Z,1783790694199,1031,13,ok,
low-concurrency-20260711T171232.521874981Z,baseline-c20,2026-07-11T17:24:55.138118195Z,1783790695138,1014,20,ok,
low-concurrency-20260711T171232.521874981Z,fair-c20,2026-07-11T17:24:55.164513899Z,1783790695164,1020,19,ok,
low-concurrency-20260711T171232.521874981Z,baseline-c20,2026-07-11T17:24:56.136814967Z,1783790696136,976,20,ok,
low-concurrency-20260711T171232.521874981Z,fair-c20,2026-07-11T17:24:56.16315804Z,1783790696163,945,17,ok,
low-concurrency-20260711T171232.521874981Z,baseline-c20,2026-07-11T17:24:57.137000662Z,1783790697137,972,15,ok,
low-concurrency-20260711T171232.521874981Z,fair-c20,2026-07-11T17:24:57.162527435Z,1783790697162,969,16,ok,
low-concurrency-20260711T171232.521874981Z,baseline-c20,2026-07-11T17:24:58.136768721Z,1783790698136,987,15,ok,
low-concurrency-20260711T171232.521874981Z,fair-c20,2026-07-11T17:24:58.164089183Z,1783790698164,959,17,ok,
low-concurrency-20260711T171232.521874981Z,baseline-c20,2026-07-11T17:24:59.137572963Z,1783790699137,972,15,ok,
low-concurrency-20260711T171232.521874981Z,fair-c20,2026-07-11T17:24:59.163587494Z,1783790699163,950,19,ok,
low-concurrency-20260711T171232.521874981Z,baseline-c20,2026-07-11T17:25:00.141165623Z,1783790700141,987,15,ok,
low-concurrency-20260711T171232.521874981Z,fair-c20,2026-07-11T17:25:00.168857003Z,1783790700168,913,17,ok,
low-concurrency-20260711T171232.521874981Z,baseline-c20,2026-07-11T17:25:01.137831449Z,1783790701137,930,19,ok,
low-concurrency-20260711T171232.521874981Z,fair-c20,2026-07-11T17:25:01.165482175Z,1783790701165,913,17,ok,
low-concurrency-20260711T171232.521874981Z,baseline-c20,2026-07-11T17:25:02.137475879Z,1783790702137,930,19,ok,
low-concurrency-20260711T171232.521874981Z,fair-c20,2026-07-11T17:25:02.163923003Z,1783790702163,969,16,ok,
low-concurrency-20260711T171232.521874981Z,baseline-c20,2026-07-11T17:25:03.140173983Z,1783790703140,1012,20,ok,
low-concurrency-20260711T171232.521874981Z,fair-c20,2026-07-11T17:25:03.1665354Z,1783790703166,950,19,ok,
low-concurrency-20260711T171232.521874981Z,baseline-c20,2026-07-11T17:25:04.14147564Z,1783790704141,930,19,ok,
low-concurrency-20260711T171232.521874981Z,fair-c20,2026-07-11T17:25:04.169802923Z,1783790704169,945,17,ok,
low-concurrency-20260711T171232.521874981Z,baseline-c20,2026-07-11T17:25:05.139434576Z,1783790705139,929,16,ok,
low-concurrency-20260711T171232.521874981Z,fair-c20,2026-07-11T17:25:05.16703955Z,1783790705167,888,17,ok,
low-concurrency-20260711T171232.521874981Z,baseline-c20,2026-07-11T17:25:06.135986083Z,1783790706135,875,20,ok,
low-concurrency-20260711T171232.521874981Z,fair-c20,2026-07-11T17:25:06.161327657Z,1783790706161,882,17,ok,
low-concurrency-20260711T171232.521874981Z,baseline-c20,2026-07-11T17:25:07.137485113Z,1783790707137,895,17,ok,
low-concurrency-20260711T171232.521874981Z,fair-c20,2026-07-11T17:25:07.163592492Z,1783790707163,882,17,ok,
low-concurrency-20260711T171232.521874981Z,baseline-c20,2026-07-11T17:25:08.139175197Z,1783790708139,904,15,ok,
low-concurrency-20260711T171232.521874981Z,fair-c20,2026-07-11T17:25:08.164806127Z,1783790708164,880,15,ok,
low-concurrency-20260711T171232.521874981Z,baseline-c20,2026-07-11T17:25:09.139896865Z,1783790709139,895,17,ok,
low-concurrency-20260711T171232.521874981Z,fair-c20,2026-07-11T17:25:09.168087554Z,1783790709168,888,17,ok,
low-concurrency-20260711T171232.521874981Z,baseline-c20,2026-07-11T17:25:10.139419353Z,1783790710139,858,15,ok,
low-concurrency-20260711T171232.521874981Z,fair-c20,2026-07-11T17:25:10.166445389Z,1783790710166,882,17,ok,
low-concurrency-20260711T171232.521874981Z,baseline-c20,2026-07-11T17:25:11.138708985Z,1783790711138,858,16,ok,
low-concurrency-20260711T171232.521874981Z,fair-c20,2026-07-11T17:25:11.172865674Z,1783790711172,895,19,ok,
low-concurrency-20260711T171232.521874981Z,baseline-c20,2026-07-11T17:25:12.135440824Z,1783790712135,828,15,ok,
low-concurrency-20260711T171232.521874981Z,fair-c20,2026-07-11T17:25:12.161129822Z,1783790712161,830,19,ok,
low-concurrency-20260711T171232.521874981Z,baseline-c20,2026-07-11T17:25:13.14331515Z,1783790713143,858,15,ok,
low-concurrency-20260711T171232.521874981Z,fair-c20,2026-07-11T17:25:13.170536909Z,1783790713170,880,15,ok,
low-concurrency-20260711T171232.521874981Z,baseline-c20,2026-07-11T17:25:14.138760058Z,1783790714138,858,15,ok,
low-concurrency-20260711T171232.521874981Z,fair-c20,2026-07-11T17:25:14.166374908Z,1783790714166,849,18,ok,
low-concurrency-20260711T171232.521874981Z,baseline-c20,2026-07-11T17:25:15.140273057Z,1783790715140,875,20,ok,
low-concurrency-20260711T171232.521874981Z,fair-c20,2026-07-11T17:25:15.166376455Z,1783790715166,796,16,ok,
low-concurrency-20260711T171232.521874981Z,baseline-c20,2026-07-11T17:25:16.136485536Z,1783790716136,803,12,ok,
low-concurrency-20260711T171232.521874981Z,fair-c20,2026-07-11T17:25:16.16240899Z,1783790716162,779,19,ok,
low-concurrency-20260711T171232.521874981Z,baseline-c20,2026-07-11T17:25:17.13730652Z,1783790717137,812,13,ok,
low-concurrency-20260711T171232.521874981Z,fair-c20,2026-07-11T17:25:17.164428269Z,1783790717164,823,16,ok,
low-concurrency-20260711T171232.521874981Z,baseline-c20,2026-07-11T17:25:18.137557854Z,1783790718137,803,12,ok,
low-concurrency-20260711T171232.521874981Z,fair-c20,2026-07-11T17:25:18.163573738Z,1783790718163,779,19,ok,
low-concurrency-20260711T171232.521874981Z,baseline-c20,2026-07-11T17:25:19.13675231Z,1783790719136,803,12,ok,
low-concurrency-20260711T171232.521874981Z,fair-c20,2026-07-11T17:25:19.162949402Z,1783790719162,839,17,ok,
low-concurrency-20260711T171232.521874981Z,baseline-c20,2026-07-11T17:25:20.25910209Z,1783790720259,812,13,ok,
low-concurrency-20260711T171232.521874981Z,fair-c20,2026-07-11T17:25:20.289463696Z,1783790720289,796,16,ok,
low-concurrency-20260711T171232.521874981Z,baseline-c20,2026-07-11T17:25:21.159475969Z,1783790721159,794,18,ok,
low-concurrency-20260711T171232.521874981Z,fair-c20,2026-07-11T17:25:21.185633945Z,1783790721185,754,17,ok,
low-concurrency-20260711T171232.521874981Z,baseline-c20,2026-07-11T17:25:22.137702889Z,1783790722137,757,17,ok,
low-concurrency-20260711T171232.521874981Z,fair-c20,2026-07-11T17:25:22.163421876Z,1783790722163,750,16,ok,
low-concurrency-20260711T171232.521874981Z,baseline-c20,2026-07-11T17:25:23.139432533Z,1783790723139,861,14,ok,
low-concurrency-20260711T171232.521874981Z,fair-c20,2026-07-11T17:25:23.165929163Z,1783790723165,779,19,ok,
low-concurrency-20260711T171232.521874981Z,baseline-c20,2026-07-11T17:25:24.138356326Z,1783790724138,748,19,ok,
low-concurrency-20260711T171232.521874981Z,fair-c20,2026-07-11T17:25:24.163034114Z,1783790724163,750,16,ok,
low-concurrency-20260711T171232.521874981Z,baseline-c20,2026-07-11T17:25:25.140274613Z,1783790725140,828,15,ok,
low-concurrency-20260711T171232.521874981Z,fair-c20,2026-07-11T17:25:25.167072702Z,1783790725167,750,16,ok,
low-concurrency-20260711T171232.521874981Z,baseline-c20,2026-07-11T17:25:26.138445173Z,1783790726138,744,15,ok,
low-concurrency-20260711T171232.521874981Z,fair-c20,2026-07-11T17:25:26.165297531Z,1783790726165,722,14,ok,
low-concurrency-20260711T171232.521874981Z,baseline-c20,2026-07-11T17:25:27.138384464Z,1783790727138,713,16,ok,
low-concurrency-20260711T171232.521874981Z,fair-c20,2026-07-11T17:25:27.163620951Z,1783790727163,704,18,ok,
low-concurrency-20260711T171232.521874981Z,baseline-c20,2026-07-11T17:25:28.139086959Z,1783790728139,713,16,ok,
low-concurrency-20260711T171232.521874981Z,fair-c20,2026-07-11T17:25:28.183801838Z,1783790728183,754,17,ok,
low-concurrency-20260711T171232.521874981Z,baseline-c20,2026-07-11T17:25:29.139651647Z,1783790729139,803,12,ok,
low-concurrency-20260711T171232.521874981Z,fair-c20,2026-07-11T17:25:29.166623833Z,1783790729166,679,18,ok,
low-concurrency-20260711T171232.521874981Z,baseline-c20,2026-07-11T17:25:30.138690289Z,1783790730138,729,19,ok,
low-concurrency-20260711T171232.521874981Z,fair-c20,2026-07-11T17:25:30.165810987Z,1783790730165,675,20,ok,
low-concurrency-20260711T171232.521874981Z,baseline-c20,2026-07-11T17:25:31.137281661Z,1783790731137,679,18,ok,
low-concurrency-20260711T171232.521874981Z,fair-c20,2026-07-11T17:25:31.165631089Z,1783790731165,805,18,ok,
low-concurrency-20260711T171232.521874981Z,baseline-c20,2026-07-11T17:25:32.142984388Z,1783790732142,679,18,ok,
low-concurrency-20260711T171232.521874981Z,fair-c20,2026-07-11T17:25:32.169756992Z,1783790732169,675,20,ok,
low-concurrency-20260711T171232.521874981Z,baseline-c20,2026-07-11T17:25:33.138905459Z,1783790733138,656,19,ok,
low-concurrency-20260711T171232.521874981Z,fair-c20,2026-07-11T17:25:33.165751542Z,1783790733165,653,19,ok,
low-concurrency-20260711T171232.521874981Z,baseline-c20,2026-07-11T17:25:34.143257852Z,1783790734143,713,16,ok,
low-concurrency-20260711T171232.521874981Z,fair-c20,2026-07-11T17:25:34.17196734Z,1783790734171,675,20,ok,
low-concurrency-20260711T171232.521874981Z,baseline-c20,2026-07-11T17:25:35.139986997Z,1783790735139,757,17,ok,
low-concurrency-20260711T171232.521874981Z,fair-c20,2026-07-11T17:25:35.167198219Z,1783790735167,679,18,ok,
low-concurrency-20260711T171232.521874981Z,baseline-c20,2026-07-11T17:25:36.137782992Z,1783790736137,636,19,ok,
low-concurrency-20260711T171232.521874981Z,fair-c20,2026-07-11T17:25:36.163428352Z,1783790736163,622,16,ok,
low-concurrency-20260711T171232.521874981Z,baseline-c20,2026-07-11T17:25:37.144687716Z,1783790737144,673,18,ok,
low-concurrency-20260711T171232.521874981Z,fair-c20,2026-07-11T17:25:37.173135292Z,1783790737173,653,19,ok,
low-concurrency-20260711T171232.521874981Z,baseline-c20,2026-07-11T17:25:38.138471048Z,1783790738138,613,17,ok,
low-concurrency-20260711T171232.521874981Z,fair-c20,2026-07-11T17:25:38.16435881Z,1783790738164,704,18,ok,
low-concurrency-20260711T171232.521874981Z,baseline-c20,2026-07-11T17:25:39.13835209Z,1783790739138,603,16,ok,
low-concurrency-20260711T171232.521874981Z,fair-c20,2026-07-11T17:25:39.166065326Z,1783790739166,604,18,ok,
low-concurrency-20260711T171232.521874981Z,baseline-c20,2026-07-11T17:25:40.13778797Z,1783790740137,630,16,ok,
low-concurrency-20260711T171232.521874981Z,fair-c20,2026-07-11T17:25:40.165490134Z,1783790740165,626,18,ok,
low-concurrency-20260711T171232.521874981Z,baseline-c20,2026-07-11T17:25:41.138435939Z,1783790741138,630,16,ok,
low-concurrency-20260711T171232.521874981Z,fair-c20,2026-07-11T17:25:41.166282481Z,1783790741166,622,16,ok,
low-concurrency-20260711T171232.521874981Z,baseline-c20,2026-07-11T17:25:42.138358305Z,1783790742138,613,17,ok,
low-concurrency-20260711T171232.521874981Z,fair-c20,2026-07-11T17:25:42.165542898Z,1783790742165,596,15,ok,
low-concurrency-20260711T171232.521874981Z,baseline-c20,2026-07-11T17:25:43.140113335Z,1783790743140,675,17,ok,
low-concurrency-20260711T171232.521874981Z,fair-c20,2026-07-11T17:25:43.16736987Z,1783790743167,633,13,ok,
low-concurrency-20260711T171232.521874981Z,baseline-c20,2026-07-11T17:25:44.139685151Z,1783790744139,579,16,ok,
low-concurrency-20260711T171232.521874981Z,fair-c20,2026-07-11T17:25:44.168182722Z,1783790744168,581,17,ok,
low-concurrency-20260711T171232.521874981Z,baseline-c20,2026-07-11T17:25:45.137391871Z,1783790745137,679,18,ok,
low-concurrency-20260711T171232.521874981Z,fair-c20,2026-07-11T17:25:45.165315407Z,1783790745165,567,19,ok,
low-concurrency-20260711T171232.521874981Z,baseline-c20,2026-07-11T17:25:46.138742987Z,1783790746138,538,20,ok,
low-concurrency-20260711T171232.521874981Z,fair-c20,2026-07-11T17:25:46.167445179Z,1783790746167,553,15,ok,
low-concurrency-20260711T171232.521874981Z,baseline-c20,2026-07-11T17:25:47.260876278Z,1783790747260,544,18,ok,
low-concurrency-20260711T171232.521874981Z,fair-c20,2026-07-11T17:25:47.288609998Z,1783790747288,581,17,ok,
low-concurrency-20260711T171232.521874981Z,baseline-c20,2026-07-11T17:25:48.138814787Z,1783790748138,544,18,ok,
low-concurrency-20260711T171232.521874981Z,fair-c20,2026-07-11T17:25:48.166470598Z,1783790748166,604,18,ok,
low-concurrency-20260711T171232.521874981Z,baseline-c20,2026-07-11T17:25:49.14030426Z,1783790749140,586,17,ok,
low-concurrency-20260711T171232.521874981Z,fair-c20,2026-07-11T17:25:49.166718661Z,1783790749166,517,17,ok,
low-concurrency-20260711T171232.521874981Z,baseline-c20,2026-07-11T17:25:50.139217285Z,1783790750139,544,18,ok,
low-concurrency-20260711T171232.521874981Z,fair-c20,2026-07-11T17:25:50.167047619Z,1783790750167,553,15,ok,
low-concurrency-20260711T171232.521874981Z,baseline-c20,2026-07-11T17:25:51.145370602Z,1783790751145,603,16,ok,
low-concurrency-20260711T171232.521874981Z,fair-c20,2026-07-11T17:25:51.1715198Z,1783790751171,578,18,ok,
low-concurrency-20260711T171232.521874981Z,baseline-c20,2026-07-11T17:25:52.138011688Z,1783790752138,513,18,ok,
low-concurrency-20260711T171232.521874981Z,fair-c20,2026-07-11T17:25:52.166357165Z,1783790752166,494,18,ok,
low-concurrency-20260711T171232.521874981Z,baseline-c20,2026-07-11T17:25:53.137510893Z,1783790753137,562,17,ok,
low-concurrency-20260711T171232.521874981Z,fair-c20,2026-07-11T17:25:53.164200495Z,1783790753164,512,17,ok,
low-concurrency-20260711T171232.521874981Z,baseline-c20,2026-07-11T17:25:54.13900289Z,1783790754139,544,18,ok,
low-concurrency-20260711T171232.521874981Z,fair-c20,2026-07-11T17:25:54.166400265Z,1783790754166,512,17,ok,
low-concurrency-20260711T171232.521874981Z,baseline-c20,2026-07-11T17:25:55.138674092Z,1783790755138,472,19,ok,
low-concurrency-20260711T171232.521874981Z,fair-c20,2026-07-11T17:25:55.164682857Z,1783790755164,494,18,ok,
low-concurrency-20260711T171232.521874981Z,baseline-c20,2026-07-11T17:25:56.137498397Z,1783790756137,494,19,ok,
low-concurrency-20260711T171232.521874981Z,fair-c20,2026-07-11T17:25:56.175902184Z,1783790756175,489,19,ok,
low-concurrency-20260711T171232.521874981Z,baseline-c20,2026-07-11T17:25:57.136563431Z,1783790757136,494,19,ok,
low-concurrency-20260711T171232.521874981Z,fair-c20,2026-07-11T17:25:57.164032011Z,1783790757164,494,18,ok,
low-concurrency-20260711T171232.521874981Z,baseline-c20,2026-07-11T17:25:58.142169805Z,1783790758142,440,13,ok,
low-concurrency-20260711T171232.521874981Z,fair-c20,2026-07-11T17:25:58.169551543Z,1783790758169,596,15,ok,
low-concurrency-20260711T171232.521874981Z,baseline-c20,2026-07-11T17:25:59.13925339Z,1783790759139,476,18,ok,
low-concurrency-20260711T171232.521874981Z,fair-c20,2026-07-11T17:25:59.164970119Z,1783790759164,460,16,ok,
low-concurrency-20260711T171232.521874981Z,baseline-c20,2026-07-11T17:26:00.137749011Z,1783790760137,472,19,ok,
low-concurrency-20260711T171232.521874981Z,fair-c20,2026-07-11T17:26:00.16407136Z,1783790760164,446,14,ok,
low-concurrency-20260711T171232.521874981Z,baseline-c20,2026-07-11T17:26:01.145463782Z,1783790761145,471,19,ok,
low-concurrency-20260711T171232.521874981Z,fair-c20,2026-07-11T17:26:01.174649804Z,1783790761174,446,14,ok,
low-concurrency-20260711T171232.521874981Z,baseline-c20,2026-07-11T17:26:02.146460252Z,1783790762146,421,17,ok,
low-concurrency-20260711T171232.521874981Z,fair-c20,2026-07-11T17:26:02.172679745Z,1783790762172,486,17,ok,
low-concurrency-20260711T171232.521874981Z,baseline-c20,2026-07-11T17:26:03.137110961Z,1783790763137,538,20,ok,
low-concurrency-20260711T171232.521874981Z,fair-c20,2026-07-11T17:26:03.164556582Z,1783790763164,517,17,ok,
low-concurrency-20260711T171232.521874981Z,baseline-c20,2026-07-11T17:26:04.140427246Z,1783790764140,421,17,ok,
low-concurrency-20260711T171232.521874981Z,fair-c20,2026-07-11T17:26:04.170709383Z,1783790764170,401,16,ok,
low-concurrency-20260711T171232.521874981Z,baseline-c20,2026-07-11T17:26:05.138593303Z,1783790765138,440,13,ok,
low-concurrency-20260711T171232.521874981Z,fair-c20,2026-07-11T17:26:05.164918908Z,1783790765164,411,18,ok,
low-concurrency-20260711T171232.521874981Z,baseline-c20,2026-07-11T17:26:06.138618604Z,1783790766138,397,18,ok,
low-concurrency-20260711T171232.521874981Z,fair-c20,2026-07-11T17:26:06.163958113Z,1783790766163,395,13,ok,
low-concurrency-20260711T171232.521874981Z,baseline-c20,2026-07-11T17:26:07.138481103Z,1783790767138,432,14,ok,
low-concurrency-20260711T171232.521874981Z,fair-c20,2026-07-11T17:26:07.164886601Z,1783790767164,372,14,ok,
low-concurrency-20260711T171232.521874981Z,baseline-c20,2026-07-11T17:26:08.137749335Z,1783790768137,397,18,ok,
low-concurrency-20260711T171232.521874981Z,fair-c20,2026-07-11T17:26:08.163993756Z,1783790768163,348,18,ok,
low-concurrency-20260711T171232.521874981Z,baseline-c20,2026-07-11T17:26:09.140560798Z,1783790769140,421,17,ok,
low-concurrency-20260711T171232.521874981Z,fair-c20,2026-07-11T17:26:09.166708406Z,1783790769166,380,18,ok,
low-concurrency-20260711T171232.521874981Z,baseline-c20,2026-07-11T17:26:10.137424465Z,1783790770137,346,20,ok,
low-concurrency-20260711T171232.521874981Z,fair-c20,2026-07-11T17:26:10.164693904Z,1783790770164,372,14,ok,
low-concurrency-20260711T171232.521874981Z,baseline-c20,2026-07-11T17:26:11.138366007Z,1783790771138,415,17,ok,
low-concurrency-20260711T171232.521874981Z,fair-c20,2026-07-11T17:26:11.164679789Z,1783790771164,385,16,ok,
low-concurrency-20260711T171232.521874981Z,baseline-c20,2026-07-11T17:26:12.138211668Z,1783790772138,331,15,ok,
low-concurrency-20260711T171232.521874981Z,fair-c20,2026-07-11T17:26:12.165072932Z,1783790772165,372,14,ok,
low-concurrency-20260711T171232.521874981Z,baseline-c20,2026-07-11T17:26:13.142360594Z,1783790773142,346,20,ok,
low-concurrency-20260711T171232.521874981Z,fair-c20,2026-07-11T17:26:13.169463686Z,1783790773169,425,21,ok,
low-concurrency-20260711T171232.521874981Z,baseline-c20,2026-07-11T17:26:14.140622821Z,1783790774140,342,15,ok,
low-concurrency-20260711T171232.521874981Z,fair-c20,2026-07-11T17:26:14.167585431Z,1783790774167,317,21,ok,
low-concurrency-20260711T171232.521874981Z,baseline-c20,2026-07-11T17:26:15.136558891Z,1783790775136,331,15,ok,
low-concurrency-20260711T171232.521874981Z,fair-c20,2026-07-11T17:26:15.16309196Z,1783790775163,314,14,ok,
low-concurrency-20260711T171232.521874981Z,baseline-c20,2026-07-11T17:26:16.139114573Z,1783790776139,357,17,ok,
low-concurrency-20260711T171232.521874981Z,fair-c20,2026-07-11T17:26:16.165360907Z,1783790776165,348,18,ok,
low-concurrency-20260711T171232.521874981Z,baseline-c20,2026-07-11T17:26:17.137130955Z,1783790777137,342,15,ok,
low-concurrency-20260711T171232.521874981Z,fair-c20,2026-07-11T17:26:17.165595039Z,1783790777165,338,16,ok,
low-concurrency-20260711T171232.521874981Z,baseline-c20,2026-07-11T17:26:18.142157609Z,1783790778142,331,15,ok,
low-concurrency-20260711T171232.521874981Z,fair-c20,2026-07-11T17:26:18.168013067Z,1783790778168,277,17,ok,
low-concurrency-20260711T171232.521874981Z,baseline-c20,2026-07-11T17:26:19.142895054Z,1783790779142,274,16,ok,
low-concurrency-20260711T171232.521874981Z,fair-c20,2026-07-11T17:26:19.169720108Z,1783790779169,302,18,ok,
low-concurrency-20260711T171232.521874981Z,baseline-c20,2026-07-11T17:26:20.138492898Z,1783790780138,290,12,ok,
low-concurrency-20260711T171232.521874981Z,fair-c20,2026-07-11T17:26:20.164684206Z,1783790780164,252,16,ok,
low-concurrency-20260711T171232.521874981Z,baseline-c20,2026-07-11T17:26:21.138932061Z,1783790781138,304,18,ok,
low-concurrency-20260711T171232.521874981Z,fair-c20,2026-07-11T17:26:21.16684101Z,1783790781166,252,16,ok,
low-concurrency-20260711T171232.521874981Z,baseline-c20,2026-07-11T17:26:22.138285506Z,1783790782138,282,12,ok,
low-concurrency-20260711T171232.521874981Z,fair-c20,2026-07-11T17:26:22.162730759Z,1783790782162,252,16,ok,
low-concurrency-20260711T171232.521874981Z,baseline-c20,2026-07-11T17:26:23.139125991Z,1783790783139,282,12,ok,
low-concurrency-20260711T171232.521874981Z,fair-c20,2026-07-11T17:26:23.165541884Z,1783790783165,395,13,ok,
low-concurrency-20260711T171232.521874981Z,baseline-c20,2026-07-11T17:26:24.140951213Z,1783790784140,232,20,ok,
low-concurrency-20260711T171232.521874981Z,fair-c20,2026-07-11T17:26:24.16668014Z,1783790784166,219,15,ok,
low-concurrency-20260711T171232.521874981Z,baseline-c20,2026-07-11T17:26:25.138528983Z,1783790785138,227,19,ok,
low-concurrency-20260711T171232.521874981Z,fair-c20,2026-07-11T17:26:25.16542395Z,1783790785165,277,17,ok,
low-concurrency-20260711T171232.521874981Z,baseline-c20,2026-07-11T17:26:26.141626795Z,1783790786141,252,14,ok,
low-concurrency-20260711T171232.521874981Z,fair-c20,2026-07-11T17:26:26.168509996Z,1783790786168,252,16,ok,
low-concurrency-20260711T171232.521874981Z,baseline-c20,2026-07-11T17:26:27.137847836Z,1783790787137,232,20,ok,
low-concurrency-20260711T171232.521874981Z,fair-c20,2026-07-11T17:26:27.164722833Z,1783790787164,219,15,ok,
low-concurrency-20260711T171232.521874981Z,baseline-c20,2026-07-11T17:26:28.136721038Z,1783790788136,276,14,ok,
low-concurrency-20260711T171232.521874981Z,fair-c20,2026-07-11T17:26:28.16337729Z,1783790788163,191,19,ok,
low-concurrency-20260711T171232.521874981Z,baseline-c20,2026-07-11T17:26:29.138167138Z,1783790789138,193,16,ok,
low-concurrency-20260711T171232.521874981Z,fair-c20,2026-07-11T17:26:29.163807438Z,1783790789163,195,18,ok,
low-concurrency-20260711T171232.521874981Z,baseline-c20,2026-07-11T17:26:30.139356449Z,1783790790139,192,16,ok,
low-concurrency-20260711T171232.521874981Z,fair-c20,2026-07-11T17:26:30.166667307Z,1783790790166,213,14,ok,
low-concurrency-20260711T171232.521874981Z,baseline-c20,2026-07-11T17:26:31.140109936Z,1783790791140,192,16,ok,
low-concurrency-20260711T171232.521874981Z,fair-c20,2026-07-11T17:26:31.16904029Z,1783790791169,191,19,ok,
low-concurrency-20260711T171232.521874981Z,baseline-c20,2026-07-11T17:26:32.139961153Z,1783790792139,258,18,ok,
low-concurrency-20260711T171232.521874981Z,fair-c20,2026-07-11T17:26:32.166373228Z,1783790792166,202,17,ok,
low-concurrency-20260711T171232.521874981Z,baseline-c20,2026-07-11T17:26:33.138536924Z,1783790793138,193,16,ok,
low-concurrency-20260711T171232.521874981Z,fair-c20,2026-07-11T17:26:33.165021209Z,1783790793165,195,18,ok,
low-concurrency-20260711T171232.521874981Z,baseline-c20,2026-07-11T17:26:34.137705604Z,1783790794137,160,18,ok,
low-concurrency-20260711T171232.521874981Z,fair-c20,2026-07-11T17:26:34.165985953Z,1783790794165,161,17,ok,
low-concurrency-20260711T171232.521874981Z,baseline-c20,2026-07-11T17:26:35.140439126Z,1783790795140,227,19,ok,
low-concurrency-20260711T171232.521874981Z,fair-c20,2026-07-11T17:26:35.167602695Z,1783790795167,132,20,ok,
low-concurrency-20260711T171232.521874981Z,baseline-c20,2026-07-11T17:26:36.138088153Z,1783790796138,158,19,ok,
low-concurrency-20260711T171232.521874981Z,fair-c20,2026-07-11T17:26:36.165128301Z,1783790796165,159,15,ok,
low-concurrency-20260711T171232.521874981Z,baseline-c20,2026-07-11T17:26:37.138274959Z,1783790797138,178,15,ok,
low-concurrency-20260711T171232.521874981Z,fair-c20,2026-07-11T17:26:37.166205066Z,1783790797166,110,16,ok,
low-concurrency-20260711T171232.521874981Z,baseline-c20,2026-07-11T17:26:38.13784517Z,1783790798137,149,17,ok,
low-concurrency-20260711T171232.521874981Z,fair-c20,2026-07-11T17:26:38.165737329Z,1783790798165,191,19,ok,
low-concurrency-20260711T171232.521874981Z,baseline-c20,2026-07-11T17:26:39.138342704Z,1783790799138,158,19,ok,
low-concurrency-20260711T171232.521874981Z,fair-c20,2026-07-11T17:26:39.165385877Z,1783790799165,132,20,ok,
low-concurrency-20260711T171232.521874981Z,baseline-c20,2026-07-11T17:26:40.26631777Z,1783790800266,109,17,ok,
low-concurrency-20260711T171232.521874981Z,fair-c20,2026-07-11T17:26:40.29596536Z,1783790800295,90,16,ok,
low-concurrency-20260711T171232.521874981Z,baseline-c20,2026-07-11T17:26:41.137093822Z,1783790801137,109,17,ok,
low-concurrency-20260711T171232.521874981Z,fair-c20,2026-07-11T17:26:41.164731537Z,1783790801164,110,16,ok,
low-concurrency-20260711T171232.521874981Z,baseline-c20,2026-07-11T17:26:42.138447075Z,1783790802138,132,17,ok,
low-concurrency-20260711T171232.521874981Z,fair-c20,2026-07-11T17:26:42.164175264Z,1783790802164,81,13,ok,
low-concurrency-20260711T171232.521874981Z,baseline-c20,2026-07-11T17:26:43.139153196Z,1783790803139,112,20,ok,
low-concurrency-20260711T171232.521874981Z,fair-c20,2026-07-11T17:26:43.165832603Z,1783790803165,106,17,ok,
low-concurrency-20260711T171232.521874981Z,baseline-c20,2026-07-11T17:26:44.137369913Z,1783790804137,61,20,ok,
low-concurrency-20260711T171232.521874981Z,fair-c20,2026-07-11T17:26:44.165066324Z,1783790804165,66,15,ok,
low-concurrency-20260711T171232.521874981Z,baseline-c20,2026-07-11T17:26:45.14009166Z,1783790805140,90,20,ok,
low-concurrency-20260711T171232.521874981Z,fair-c20,2026-07-11T17:26:45.165861209Z,1783790805165,45,20,ok,
low-concurrency-20260711T171232.521874981Z,baseline-c20,2026-07-11T17:26:46.143511012Z,1783790806143,94,19,ok,
low-concurrency-20260711T171232.521874981Z,fair-c20,2026-07-11T17:26:46.17081985Z,1783790806170,90,16,ok,
low-concurrency-20260711T171232.521874981Z,baseline-c20,2026-07-11T17:26:47.137388778Z,1783790807137,61,20,ok,
low-concurrency-20260711T171232.521874981Z,fair-c20,2026-07-11T17:26:47.165830336Z,1783790807165,92,18,ok,
low-concurrency-20260711T171232.521874981Z,baseline-c20,2026-07-11T17:26:48.183448927Z,1783790808183,71,19,ok,
low-concurrency-20260711T171232.521874981Z,fair-c20,2026-07-11T17:26:48.209874682Z,1783790808209,52,14,ok,
low-concurrency-20260711T171232.521874981Z,baseline-c20,2026-07-11T17:26:49.138100739Z,1783790809138,22,14,ok,
low-concurrency-20260711T171232.521874981Z,fair-c20,2026-07-11T17:26:49.169558922Z,1783790809169,45,20,ok,
low-concurrency-20260711T171232.521874981Z,baseline-c20,2026-07-11T17:26:50.139778178Z,1783790810139,4,20,ok,
low-concurrency-20260711T171232.521874981Z,fair-c20,2026-07-11T17:26:50.165937068Z,1783790810165,11,17,ok,
low-concurrency-20260711T171232.521874981Z,baseline-c20,2026-07-11T17:26:51.141756914Z,1783790811141,22,14,ok,
low-concurrency-20260711T171232.521874981Z,fair-c20,2026-07-11T17:26:51.173889293Z,1783790811173,4,16,ok,
low-concurrency-20260711T171232.521874981Z,baseline-c20,2026-07-11T17:26:52.138917502Z,1783790812138,22,14,ok,
low-concurrency-20260711T171232.521874981Z,fair-c20,2026-07-11T17:26:52.165081531Z,1783790812165,11,17,ok,
low-concurrency-20260711T171232.521874981Z,baseline-c20,2026-07-11T17:26:53.138452529Z,1783790813138,0,5,ok,
low-concurrency-20260711T171232.521874981Z,fair-c20,2026-07-11T17:26:53.165838656Z,1783790813165,26,18,ok,
low-concurrency-20260711T171232.521874981Z,baseline-c20,2026-07-11T17:26:54.147793515Z,1783790814147,4,20,ok,
low-concurrency-20260711T171232.521874981Z,fair-c20,2026-07-11T17:26:54.17392754Z,1783790814173,0,0,ok,
low-concurrency-20260711T171232.521874981Z,baseline-c20,2026-07-11T17:26:55.140980829Z,1783790815140,0,0,ok,
low-concurrency-20260711T171232.521874981Z,fair-c20,2026-07-11T17:26:55.174570855Z,1783790815174,11,17,ok,
low-concurrency-20260711T171232.521874981Z,baseline-c20,2026-07-11T17:26:56.137722922Z,1783790816137,0,5,ok,
low-concurrency-20260711T171232.521874981Z,fair-c20,2026-07-11T17:26:56.164988095Z,1783790816164,0,0,ok,
low-concurrency-20260711T171232.521874981Z,baseline-c20,2026-07-11T17:26:57.137818701Z,1783790817137,0,0,ok,
low-concurrency-20260711T171232.521874981Z,fair-c20,2026-07-11T17:26:57.164934645Z,1783790817164,9,17,ok,
low-concurrency-20260711T171232.521874981Z,baseline-c20,2026-07-11T17:26:58.140308489Z,1783790818140,22,14,ok,
low-concurrency-20260711T171232.521874981Z,fair-c20,2026-07-11T17:26:58.166795209Z,1783790818166,0,0,ok,
low-concurrency-20260711T171232.521874981Z,baseline-c20,2026-07-11T17:26:59.139173324Z,1783790819139,0,0,ok,
low-concurrency-20260711T171232.521874981Z,fair-c20,2026-07-11T17:26:59.168964229Z,1783790819168,19,16,ok,
low-concurrency-20260711T171232.521874981Z,baseline-c20,2026-07-11T17:27:00.140903965Z,1783790820140,0,0,ok,
low-concurrency-20260711T171232.521874981Z,fair-c20,2026-07-11T17:27:00.169283024Z,1783790820169,0,0,ok,
low-concurrency-20260711T171232.521874981Z,baseline-c20,2026-07-11T17:27:01.13797022Z,1783790821137,0,0,ok,
low-concurrency-20260711T171232.521874981Z,fair-c20,2026-07-11T17:27:01.165888967Z,1783790821165,0,0,ok,
low-concurrency-20260711T171232.521874981Z,baseline-c20,2026-07-11T17:27:02.138117811Z,1783790822138,0,0,ok,
low-concurrency-20260711T171232.521874981Z,fair-c20,2026-07-11T17:27:02.165618895Z,1783790822165,0,0,ok,
low-concurrency-20260711T171232.521874981Z,baseline-c20,2026-07-11T17:27:03.139485814Z,1783790823139,0,0,ok,
low-concurrency-20260711T171232.521874981Z,fair-c20,2026-07-11T17:27:03.165732042Z,1783790823165,0,0,ok,
low-concurrency-20260711T171232.521874981Z,baseline-c20,2026-07-11T17:27:04.143852513Z,1783790824143,0,0,ok,
low-concurrency-20260711T171232.521874981Z,fair-c20,2026-07-11T17:27:04.170886066Z,1783790824170,0,0,ok,
low-concurrency-20260711T171232.521874981Z,baseline-c20,2026-07-11T17:27:05.137581282Z,1783790825137,0,0,ok,
low-concurrency-20260711T171232.521874981Z,fair-c20,2026-07-11T17:27:05.163770826Z,1783790825163,0,0,ok,
