experiment_id,scenario,sampled_at,sampled_at_ms,elapsed_ms,elapsed_source,approximate_visible,approximate_not_visible,sample_status,sample_error
reaction-20260711T154617.431287445Z,baseline-c100,2026-07-11T15:46:43.451Z,1783784803451,266,first_a_sqs_sent_timestamp,0,20,ok,
reaction-20260711T154617.431287445Z,fair-c100,2026-07-11T15:46:43.486Z,1783784803486,303,first_a_sqs_sent_timestamp,0,0,ok,
reaction-20260711T154617.431287445Z,baseline-c100,2026-07-11T15:46:44.45Z,1783784804450,1265,first_a_sqs_sent_timestamp,0,0,ok,
reaction-20260711T154617.431287445Z,fair-c100,2026-07-11T15:46:44.482Z,1783784804482,1299,first_a_sqs_sent_timestamp,57,17,ok,
reaction-20260711T154617.431287445Z,baseline-c100,2026-07-11T15:46:45.456Z,1783784805456,2271,first_a_sqs_sent_timestamp,0,0,ok,
reaction-20260711T154617.431287445Z,fair-c100,2026-07-11T15:46:45.484Z,1783784805484,2301,first_a_sqs_sent_timestamp,0,0,ok,
reaction-20260711T154617.431287445Z,baseline-c100,2026-07-11T15:46:46.449Z,1783784806449,3264,first_a_sqs_sent_timestamp,0,0,ok,
reaction-20260711T154617.431287445Z,fair-c100,2026-07-11T15:46:46.477Z,1783784806477,3294,first_a_sqs_sent_timestamp,0,0,ok,
reaction-20260711T154617.431287445Z,baseline-c100,2026-07-11T15:46:47.457Z,1783784807457,4272,first_a_sqs_sent_timestamp,0,0,ok,
reaction-20260711T154617.431287445Z,fair-c100,2026-07-11T15:46:47.492Z,1783784807492,4309,first_a_sqs_sent_timestamp,0,20,ok,
reaction-20260711T154617.431287445Z,baseline-c100,2026-07-11T15:46:48.463Z,1783784808463,5278,first_a_sqs_sent_timestamp,0,20,ok,
reaction-20260711T154617.431287445Z,fair-c100,2026-07-11T15:46:48.495Z,1783784808495,5312,first_a_sqs_sent_timestamp,6372,77,ok,
reaction-20260711T154617.431287445Z,baseline-c100,2026-07-11T15:46:49.448Z,1783784809448,6263,first_a_sqs_sent_timestamp,18604,47,ok,
reaction-20260711T154617.431287445Z,fair-c100,2026-07-11T15:46:49.478Z,1783784809478,6295,first_a_sqs_sent_timestamp,12996,69,ok,
reaction-20260711T154617.431287445Z,baseline-c100,2026-07-11T15:46:50.45Z,1783784810450,7265,first_a_sqs_sent_timestamp,0,0,ok,
reaction-20260711T154617.431287445Z,fair-c100,2026-07-11T15:46:50.479Z,1783784810479,7296,first_a_sqs_sent_timestamp,6372,77,ok,
reaction-20260711T154617.431287445Z,baseline-c100,2026-07-11T15:46:51.453Z,1783784811453,8268,first_a_sqs_sent_timestamp,0,0,ok,
reaction-20260711T154617.431287445Z,fair-c100,2026-07-11T15:46:51.486Z,1783784811486,8303,first_a_sqs_sent_timestamp,0,0,ok,
reaction-20260711T154617.431287445Z,baseline-c100,2026-07-11T15:46:52.45Z,1783784812450,9265,first_a_sqs_sent_timestamp,29792,87,ok,
reaction-20260711T154617.431287445Z,fair-c100,2026-07-11T15:46:52.512Z,1783784812512,9329,first_a_sqs_sent_timestamp,2201,76,ok,
reaction-20260711T154617.431287445Z,baseline-c100,2026-07-11T15:46:53.451Z,1783784813451,10266,first_a_sqs_sent_timestamp,0,0,ok,
reaction-20260711T154617.431287445Z,fair-c100,2026-07-11T15:46:53.48Z,1783784813480,10297,first_a_sqs_sent_timestamp,29736,78,ok,
reaction-20260711T154617.431287445Z,baseline-c100,2026-07-11T15:46:54.447Z,1783784814447,11262,first_a_sqs_sent_timestamp,29792,87,ok,
reaction-20260711T154617.431287445Z,fair-c100,2026-07-11T15:46:54.475Z,1783784814475,11292,first_a_sqs_sent_timestamp,29767,94,ok,
reaction-20260711T154617.431287445Z,baseline-c100,2026-07-11T15:46:55.452Z,1783784815452,12267,first_a_sqs_sent_timestamp,18604,47,ok,
reaction-20260711T154617.431287445Z,fair-c100,2026-07-11T15:46:55.478Z,1783784815478,12295,first_a_sqs_sent_timestamp,29736,78,ok,
reaction-20260711T154617.431287445Z,baseline-c100,2026-07-11T15:46:56.45Z,1783784816450,13265,first_a_sqs_sent_timestamp,29710,99,ok,
reaction-20260711T154617.431287445Z,fair-c100,2026-07-11T15:46:56.481Z,1783784816481,13298,first_a_sqs_sent_timestamp,12996,69,ok,
reaction-20260711T154617.431287445Z,baseline-c100,2026-07-11T15:46:57.45Z,1783784817450,14265,first_a_sqs_sent_timestamp,29732,81,ok,
reaction-20260711T154617.431287445Z,fair-c100,2026-07-11T15:46:57.478Z,1783784817478,14295,first_a_sqs_sent_timestamp,0,0,ok,
reaction-20260711T154617.431287445Z,baseline-c100,2026-07-11T15:46:58.451Z,1783784818451,15266,first_a_sqs_sent_timestamp,7003,86,ok,
reaction-20260711T154617.431287445Z,fair-c100,2026-07-11T15:46:58.479Z,1783784818479,15296,first_a_sqs_sent_timestamp,29596,94,ok,
reaction-20260711T154617.431287445Z,baseline-c100,2026-07-11T15:46:59.451Z,1783784819451,16266,first_a_sqs_sent_timestamp,29732,81,ok,
reaction-20260711T154617.431287445Z,fair-c100,2026-07-11T15:46:59.482Z,1783784819482,16299,first_a_sqs_sent_timestamp,27948,94,ok,
reaction-20260711T154617.431287445Z,baseline-c100,2026-07-11T15:47:00.455Z,1783784820455,17270,first_a_sqs_sent_timestamp,29792,87,ok,
reaction-20260711T154617.431287445Z,fair-c100,2026-07-11T15:47:00.485Z,1783784820485,17302,first_a_sqs_sent_timestamp,29767,94,ok,
reaction-20260711T154617.431287445Z,baseline-c100,2026-07-11T15:47:01.466Z,1783784821466,18281,first_a_sqs_sent_timestamp,26974,71,ok,
reaction-20260711T154617.431287445Z,fair-c100,2026-07-11T15:47:01.499Z,1783784821499,18316,first_a_sqs_sent_timestamp,9811,50,ok,
reaction-20260711T154617.431287445Z,baseline-c100,2026-07-11T15:47:02.447Z,1783784822447,19262,first_a_sqs_sent_timestamp,29453,99,ok,
reaction-20260711T154617.431287445Z,fair-c100,2026-07-11T15:47:02.473Z,1783784822473,19290,first_a_sqs_sent_timestamp,29596,94,ok,
reaction-20260711T154617.431287445Z,baseline-c100,2026-07-11T15:47:03.45Z,1783784823450,20265,first_a_sqs_sent_timestamp,29559,89,ok,
reaction-20260711T154617.431287445Z,fair-c100,2026-07-11T15:47:03.479Z,1783784823479,20296,first_a_sqs_sent_timestamp,29638,93,ok,
reaction-20260711T154617.431287445Z,baseline-c100,2026-07-11T15:47:04.454Z,1783784824454,21269,first_a_sqs_sent_timestamp,29711,110,ok,
reaction-20260711T154617.431287445Z,fair-c100,2026-07-11T15:47:04.485Z,1783784824485,21302,first_a_sqs_sent_timestamp,29400,65,ok,
reaction-20260711T154617.431287445Z,baseline-c100,2026-07-11T15:47:05.45Z,1783784825450,22265,first_a_sqs_sent_timestamp,29366,82,ok,
reaction-20260711T154617.431287445Z,fair-c100,2026-07-11T15:47:05.477Z,1783784825477,22294,first_a_sqs_sent_timestamp,29501,95,ok,
reaction-20260711T154617.431287445Z,baseline-c100,2026-07-11T15:47:06.467Z,1783784826467,23282,first_a_sqs_sent_timestamp,29503,86,ok,
reaction-20260711T154617.431287445Z,fair-c100,2026-07-11T15:47:06.496Z,1783784826496,23313,first_a_sqs_sent_timestamp,29400,74,ok,
reaction-20260711T154617.431287445Z,baseline-c100,2026-07-11T15:47:07.464Z,1783784827464,24279,first_a_sqs_sent_timestamp,29535,108,ok,
reaction-20260711T154617.431287445Z,fair-c100,2026-07-11T15:47:07.491Z,1783784827491,24308,first_a_sqs_sent_timestamp,29524,108,ok,
reaction-20260711T154617.431287445Z,baseline-c100,2026-07-11T15:47:08.451Z,1783784828451,25266,first_a_sqs_sent_timestamp,29560,100,ok,
reaction-20260711T154617.431287445Z,fair-c100,2026-07-11T15:47:08.483Z,1783784828483,25300,first_a_sqs_sent_timestamp,29269,96,ok,
reaction-20260711T154617.431287445Z,baseline-c100,2026-07-11T15:47:09.45Z,1783784829450,26265,first_a_sqs_sent_timestamp,29455,107,ok,
reaction-20260711T154617.431287445Z,fair-c100,2026-07-11T15:47:09.484Z,1783784829484,26301,first_a_sqs_sent_timestamp,29400,74,ok,
reaction-20260711T154617.431287445Z,baseline-c100,2026-07-11T15:47:10.451Z,1783784830451,27266,first_a_sqs_sent_timestamp,29241,100,ok,
reaction-20260711T154617.431287445Z,fair-c100,2026-07-11T15:47:10.484Z,1783784830484,27301,first_a_sqs_sent_timestamp,29736,92,ok,
reaction-20260711T154617.431287445Z,baseline-c100,2026-07-11T15:47:11.449Z,1783784831449,28264,first_a_sqs_sent_timestamp,29679,73,ok,
reaction-20260711T154617.431287445Z,fair-c100,2026-07-11T15:47:11.479Z,1783784831479,28296,first_a_sqs_sent_timestamp,29501,95,ok,
reaction-20260711T154617.431287445Z,baseline-c100,2026-07-11T15:47:12.45Z,1783784832450,29265,first_a_sqs_sent_timestamp,29240,89,ok,
reaction-20260711T154617.431287445Z,fair-c100,2026-07-11T15:47:12.481Z,1783784832481,29298,first_a_sqs_sent_timestamp,29449,89,ok,
reaction-20260711T154617.431287445Z,baseline-c100,2026-07-11T15:47:13.449Z,1783784833449,30264,first_a_sqs_sent_timestamp,29290,101,ok,
reaction-20260711T154617.431287445Z,fair-c100,2026-07-11T15:47:13.48Z,1783784833480,30297,first_a_sqs_sent_timestamp,29269,96,ok,
reaction-20260711T154617.431287445Z,baseline-c100,2026-07-11T15:47:14.448Z,1783784834448,31263,first_a_sqs_sent_timestamp,29170,81,ok,
reaction-20260711T154617.431287445Z,fair-c100,2026-07-11T15:47:14.476Z,1783784834476,31293,first_a_sqs_sent_timestamp,29188,51,ok,
reaction-20260711T154617.431287445Z,baseline-c100,2026-07-11T15:47:15.467Z,1783784835467,32282,first_a_sqs_sent_timestamp,29043,79,ok,
reaction-20260711T154617.431287445Z,fair-c100,2026-07-11T15:47:15.498Z,1783784835498,32315,first_a_sqs_sent_timestamp,29214,67,ok,
reaction-20260711T154617.431287445Z,baseline-c100,2026-07-11T15:47:16.451Z,1783784836451,33266,first_a_sqs_sent_timestamp,29172,91,ok,
reaction-20260711T154617.431287445Z,fair-c100,2026-07-11T15:47:16.478Z,1783784836478,33295,first_a_sqs_sent_timestamp,29081,97,ok,
reaction-20260711T154617.431287445Z,baseline-c100,2026-07-11T15:47:17.471Z,1783784837471,34286,first_a_sqs_sent_timestamp,29100,94,ok,
reaction-20260711T154617.431287445Z,fair-c100,2026-07-11T15:47:17.5Z,1783784837500,34317,first_a_sqs_sent_timestamp,29192,61,ok,
reaction-20260711T154617.431287445Z,baseline-c100,2026-07-11T15:47:18.449Z,1783784838449,35264,first_a_sqs_sent_timestamp,29367,93,ok,
reaction-20260711T154617.431287445Z,fair-c100,2026-07-11T15:47:18.477Z,1783784838477,35294,first_a_sqs_sent_timestamp,29125,83,ok,
reaction-20260711T154617.431287445Z,baseline-c100,2026-07-11T15:47:19.467Z,1783784839467,36282,first_a_sqs_sent_timestamp,28909,91,ok,
reaction-20260711T154617.431287445Z,fair-c100,2026-07-11T15:47:19.494Z,1783784839494,36311,first_a_sqs_sent_timestamp,29361,82,ok,
reaction-20260711T154617.431287445Z,baseline-c100,2026-07-11T15:47:20.467Z,1783784840467,37282,first_a_sqs_sent_timestamp,28871,88,ok,
reaction-20260711T154617.431287445Z,fair-c100,2026-07-11T15:47:20.495Z,1783784840495,37312,first_a_sqs_sent_timestamp,29159,77,ok,
reaction-20260711T154617.431287445Z,baseline-c100,2026-07-11T15:47:21.467Z,1783784841467,38282,first_a_sqs_sent_timestamp,29043,76,ok,
reaction-20260711T154617.431287445Z,fair-c100,2026-07-11T15:47:21.497Z,1783784841497,38314,first_a_sqs_sent_timestamp,28916,92,ok,
reaction-20260711T154617.431287445Z,baseline-c100,2026-07-11T15:47:22.449Z,1783784842449,39264,first_a_sqs_sent_timestamp,28871,88,ok,
reaction-20260711T154617.431287445Z,fair-c100,2026-07-11T15:47:22.48Z,1783784842480,39297,first_a_sqs_sent_timestamp,28915,88,ok,
reaction-20260711T154617.431287445Z,baseline-c100,2026-07-11T15:47:23.447Z,1783784843447,40262,first_a_sqs_sent_timestamp,29218,99,ok,
reaction-20260711T154617.431287445Z,fair-c100,2026-07-11T15:47:23.474Z,1783784843474,40291,first_a_sqs_sent_timestamp,28897,89,ok,
reaction-20260711T154617.431287445Z,baseline-c100,2026-07-11T15:47:24.45Z,1783784844450,41265,first_a_sqs_sent_timestamp,29240,97,ok,
reaction-20260711T154617.431287445Z,fair-c100,2026-07-11T15:47:24.48Z,1783784844480,41297,first_a_sqs_sent_timestamp,29025,70,ok,
reaction-20260711T154617.431287445Z,baseline-c100,2026-07-11T15:47:25.447Z,1783784845447,42262,first_a_sqs_sent_timestamp,28707,99,ok,
reaction-20260711T154617.431287445Z,fair-c100,2026-07-11T15:47:25.474Z,1783784845474,42291,first_a_sqs_sent_timestamp,28864,80,ok,
reaction-20260711T154617.431287445Z,baseline-c100,2026-07-11T15:47:26.45Z,1783784846450,43265,first_a_sqs_sent_timestamp,28907,98,ok,
reaction-20260711T154617.431287445Z,fair-c100,2026-07-11T15:47:26.478Z,1783784846478,43295,first_a_sqs_sent_timestamp,28899,86,ok,
reaction-20260711T154617.431287445Z,baseline-c100,2026-07-11T15:47:27.468Z,1783784847468,44283,first_a_sqs_sent_timestamp,28784,79,ok,
reaction-20260711T154617.431287445Z,fair-c100,2026-07-11T15:47:27.497Z,1783784847497,44314,first_a_sqs_sent_timestamp,28917,80,ok,
reaction-20260711T154617.431287445Z,baseline-c100,2026-07-11T15:47:28.461Z,1783784848461,45276,first_a_sqs_sent_timestamp,28687,68,ok,
reaction-20260711T154617.431287445Z,fair-c100,2026-07-11T15:47:28.491Z,1783784848491,45308,first_a_sqs_sent_timestamp,28737,65,ok,
reaction-20260711T154617.431287445Z,baseline-c100,2026-07-11T15:47:29.449Z,1783784849449,46264,first_a_sqs_sent_timestamp,28687,74,ok,
reaction-20260711T154617.431287445Z,fair-c100,2026-07-11T15:47:29.477Z,1783784849477,46294,first_a_sqs_sent_timestamp,28736,68,ok,
reaction-20260711T154617.431287445Z,baseline-c100,2026-07-11T15:47:30.466Z,1783784850466,47281,first_a_sqs_sent_timestamp,28526,63,ok,
reaction-20260711T154617.431287445Z,fair-c100,2026-07-11T15:47:30.493Z,1783784850493,47310,first_a_sqs_sent_timestamp,28863,74,ok,
reaction-20260711T154617.431287445Z,baseline-c100,2026-07-11T15:47:31.498Z,1783784851498,48313,first_a_sqs_sent_timestamp,28607,90,ok,
reaction-20260711T154617.431287445Z,fair-c100,2026-07-11T15:47:31.525Z,1783784851525,48342,first_a_sqs_sent_timestamp,28963,80,ok,
reaction-20260711T154617.431287445Z,baseline-c100,2026-07-11T15:47:32.449Z,1783784852449,49264,first_a_sqs_sent_timestamp,28677,73,ok,
reaction-20260711T154617.431287445Z,fair-c100,2026-07-11T15:47:32.478Z,1783784852478,49295,first_a_sqs_sent_timestamp,28735,69,ok,
reaction-20260711T154617.431287445Z,baseline-c100,2026-07-11T15:47:33.468Z,1783784853468,50283,first_a_sqs_sent_timestamp,28708,102,ok,
reaction-20260711T154617.431287445Z,fair-c100,2026-07-11T15:47:33.495Z,1783784853495,50312,first_a_sqs_sent_timestamp,28661,97,ok,
reaction-20260711T154617.431287445Z,baseline-c100,2026-07-11T15:47:34.449Z,1783784854449,51264,first_a_sqs_sent_timestamp,28872,88,ok,
reaction-20260711T154617.431287445Z,fair-c100,2026-07-11T15:47:34.474Z,1783784854474,51291,first_a_sqs_sent_timestamp,28492,83,ok,
reaction-20260711T154617.431287445Z,baseline-c100,2026-07-11T15:47:35.447Z,1783784855447,52262,first_a_sqs_sent_timestamp,28523,62,ok,
reaction-20260711T154617.431287445Z,fair-c100,2026-07-11T15:47:35.475Z,1783784855475,52292,first_a_sqs_sent_timestamp,28418,107,ok,
reaction-20260711T154617.431287445Z,baseline-c100,2026-07-11T15:47:36.447Z,1783784856447,53262,first_a_sqs_sent_timestamp,28310,82,ok,
reaction-20260711T154617.431287445Z,fair-c100,2026-07-11T15:47:36.476Z,1783784856476,53293,first_a_sqs_sent_timestamp,28636,85,ok,
reaction-20260711T154617.431287445Z,baseline-c100,2026-07-11T15:47:37.447Z,1783784857447,54262,first_a_sqs_sent_timestamp,28311,84,ok,
reaction-20260711T154617.431287445Z,fair-c100,2026-07-11T15:47:37.474Z,1783784857474,54291,first_a_sqs_sent_timestamp,29083,96,ok,
reaction-20260711T154617.431287445Z,baseline-c100,2026-07-11T15:47:38.447Z,1783784858447,55262,first_a_sqs_sent_timestamp,28423,78,ok,
reaction-20260711T154617.431287445Z,fair-c100,2026-07-11T15:47:38.472Z,1783784858472,55289,first_a_sqs_sent_timestamp,28318,98,ok,
reaction-20260711T154617.431287445Z,baseline-c100,2026-07-11T15:47:39.447Z,1783784859447,56262,first_a_sqs_sent_timestamp,28567,80,ok,
reaction-20260711T154617.431287445Z,fair-c100,2026-07-11T15:47:39.473Z,1783784859473,56290,first_a_sqs_sent_timestamp,28497,82,ok,
reaction-20260711T154617.431287445Z,baseline-c100,2026-07-11T15:47:40.448Z,1783784860448,57263,first_a_sqs_sent_timestamp,28448,93,ok,
reaction-20260711T154617.431287445Z,fair-c100,2026-07-11T15:47:40.473Z,1783784860473,57290,first_a_sqs_sent_timestamp,28298,90,ok,
reaction-20260711T154617.431287445Z,baseline-c100,2026-07-11T15:47:41.45Z,1783784861450,58265,first_a_sqs_sent_timestamp,28310,90,ok,
reaction-20260711T154617.431287445Z,fair-c100,2026-07-11T15:47:41.478Z,1783784861478,58295,first_a_sqs_sent_timestamp,28458,100,ok,
reaction-20260711T154617.431287445Z,baseline-c100,2026-07-11T15:47:42.446Z,1783784862446,59261,first_a_sqs_sent_timestamp,28131,95,ok,
reaction-20260711T154617.431287445Z,fair-c100,2026-07-11T15:47:42.471Z,1783784862471,59288,first_a_sqs_sent_timestamp,28297,94,ok,
reaction-20260711T154617.431287445Z,baseline-c100,2026-07-11T15:47:43.448Z,1783784863448,60263,first_a_sqs_sent_timestamp,28132,95,ok,
reaction-20260711T154617.431287445Z,fair-c100,2026-07-11T15:47:43.475Z,1783784863475,60292,first_a_sqs_sent_timestamp,28297,95,ok,
reaction-20260711T154617.431287445Z,baseline-c100,2026-07-11T15:47:44.45Z,1783784864450,61265,first_a_sqs_sent_timestamp,28374,99,ok,
reaction-20260711T154617.431287445Z,fair-c100,2026-07-11T15:47:44.474Z,1783784864474,61291,first_a_sqs_sent_timestamp,28231,91,ok,
reaction-20260711T154617.431287445Z,baseline-c100,2026-07-11T15:47:45.466Z,1783784865466,62281,first_a_sqs_sent_timestamp,28206,90,ok,
reaction-20260711T154617.431287445Z,fair-c100,2026-07-11T15:47:45.492Z,1783784865492,62309,first_a_sqs_sent_timestamp,28318,97,ok,
reaction-20260711T154617.431287445Z,baseline-c100,2026-07-11T15:47:46.45Z,1783784866450,63265,first_a_sqs_sent_timestamp,28173,91,ok,
reaction-20260711T154617.431287445Z,fair-c100,2026-07-11T15:47:46.476Z,1783784866476,63293,first_a_sqs_sent_timestamp,28162,95,ok,
reaction-20260711T154617.431287445Z,baseline-c100,2026-07-11T15:47:47.447Z,1783784867447,64262,first_a_sqs_sent_timestamp,27948,87,ok,
reaction-20260711T154617.431287445Z,fair-c100,2026-07-11T15:47:47.476Z,1783784867476,64293,first_a_sqs_sent_timestamp,28229,94,ok,
reaction-20260711T154617.431287445Z,baseline-c100,2026-07-11T15:47:48.446Z,1783784868446,65261,first_a_sqs_sent_timestamp,28348,100,ok,
reaction-20260711T154617.431287445Z,fair-c100,2026-07-11T15:47:48.473Z,1783784868473,65290,first_a_sqs_sent_timestamp,28160,94,ok,
reaction-20260711T154617.431287445Z,baseline-c100,2026-07-11T15:47:49.447Z,1783784869447,66262,first_a_sqs_sent_timestamp,28114,78,ok,
reaction-20260711T154617.431287445Z,fair-c100,2026-07-11T15:47:49.473Z,1783784869473,66290,first_a_sqs_sent_timestamp,28419,97,ok,
reaction-20260711T154617.431287445Z,baseline-c100,2026-07-11T15:47:50.463Z,1783784870463,67278,first_a_sqs_sent_timestamp,27945,82,ok,
reaction-20260711T154617.431287445Z,fair-c100,2026-07-11T15:47:50.49Z,1783784870490,67307,first_a_sqs_sent_timestamp,28033,85,ok,
reaction-20260711T154617.431287445Z,baseline-c100,2026-07-11T15:47:51.45Z,1783784871450,68265,first_a_sqs_sent_timestamp,28007,86,ok,
reaction-20260711T154617.431287445Z,fair-c100,2026-07-11T15:47:51.476Z,1783784871476,68293,first_a_sqs_sent_timestamp,27971,77,ok,
reaction-20260711T154617.431287445Z,baseline-c100,2026-07-11T15:47:52.447Z,1783784872447,69262,first_a_sqs_sent_timestamp,27883,90,ok,
reaction-20260711T154617.431287445Z,fair-c100,2026-07-11T15:47:52.477Z,1783784872477,69294,first_a_sqs_sent_timestamp,28104,80,ok,
reaction-20260711T154617.431287445Z,baseline-c100,2026-07-11T15:47:53.448Z,1783784873448,70263,first_a_sqs_sent_timestamp,27976,85,ok,
reaction-20260711T154617.431287445Z,fair-c100,2026-07-11T15:47:53.477Z,1783784873477,70294,first_a_sqs_sent_timestamp,27918,82,ok,
reaction-20260711T154617.431287445Z,baseline-c100,2026-07-11T15:47:54.448Z,1783784874448,71263,first_a_sqs_sent_timestamp,27883,86,ok,
reaction-20260711T154617.431287445Z,fair-c100,2026-07-11T15:47:54.475Z,1783784874475,71292,first_a_sqs_sent_timestamp,27972,83,ok,
reaction-20260711T154617.431287445Z,baseline-c100,2026-07-11T15:47:55.466Z,1783784875466,72281,first_a_sqs_sent_timestamp,27708,95,ok,
reaction-20260711T154617.431287445Z,fair-c100,2026-07-11T15:47:55.495Z,1783784875495,72312,first_a_sqs_sent_timestamp,28534,90,ok,
reaction-20260711T154617.431287445Z,baseline-c100,2026-07-11T15:47:56.446Z,1783784876446,73261,first_a_sqs_sent_timestamp,28131,94,ok,
reaction-20260711T154617.431287445Z,fair-c100,2026-07-11T15:47:56.473Z,1783784876473,73290,first_a_sqs_sent_timestamp,27699,98,ok,
reaction-20260711T154617.431287445Z,baseline-c100,2026-07-11T15:47:57.447Z,1783784877447,74262,first_a_sqs_sent_timestamp,27836,93,ok,
reaction-20260711T154617.431287445Z,fair-c100,2026-07-11T15:47:57.471Z,1783784877471,74288,first_a_sqs_sent_timestamp,27799,82,ok,
reaction-20260711T154617.431287445Z,baseline-c100,2026-07-11T15:47:58.446Z,1783784878446,75261,first_a_sqs_sent_timestamp,27613,102,ok,
reaction-20260711T154617.431287445Z,fair-c100,2026-07-11T15:47:58.472Z,1783784878472,75289,first_a_sqs_sent_timestamp,27743,86,ok,
reaction-20260711T154617.431287445Z,baseline-c100,2026-07-11T15:47:59.447Z,1783784879447,76262,first_a_sqs_sent_timestamp,27694,66,ok,
reaction-20260711T154617.431287445Z,fair-c100,2026-07-11T15:47:59.474Z,1783784879474,76291,first_a_sqs_sent_timestamp,27700,96,ok,
reaction-20260711T154617.431287445Z,baseline-c100,2026-07-11T15:48:00.473Z,1783784880473,77288,first_a_sqs_sent_timestamp,27557,89,ok,
reaction-20260711T154617.431287445Z,fair-c100,2026-07-11T15:48:00.511Z,1783784880511,77328,first_a_sqs_sent_timestamp,27943,89,ok,
reaction-20260711T154617.431287445Z,baseline-c100,2026-07-11T15:48:01.448Z,1783784881448,78263,first_a_sqs_sent_timestamp,27945,90,ok,
reaction-20260711T154617.431287445Z,fair-c100,2026-07-11T15:48:01.474Z,1783784881474,78291,first_a_sqs_sent_timestamp,27529,90,ok,
reaction-20260711T154617.431287445Z,baseline-c100,2026-07-11T15:48:02.448Z,1783784882448,79263,first_a_sqs_sent_timestamp,27451,92,ok,
reaction-20260711T154617.431287445Z,fair-c100,2026-07-11T15:48:02.474Z,1783784882474,79291,first_a_sqs_sent_timestamp,27545,88,ok,
reaction-20260711T154617.431287445Z,baseline-c100,2026-07-11T15:48:03.447Z,1783784883447,80262,first_a_sqs_sent_timestamp,27614,91,ok,
reaction-20260711T154617.431287445Z,fair-c100,2026-07-11T15:48:03.474Z,1783784883474,80291,first_a_sqs_sent_timestamp,27917,76,ok,
reaction-20260711T154617.431287445Z,baseline-c100,2026-07-11T15:48:04.45Z,1783784884450,81265,first_a_sqs_sent_timestamp,27691,67,ok,
reaction-20260711T154617.431287445Z,fair-c100,2026-07-11T15:48:04.48Z,1783784884480,81297,first_a_sqs_sent_timestamp,27442,92,ok,
reaction-20260711T154617.431287445Z,baseline-c100,2026-07-11T15:48:05.448Z,1783784885448,82263,first_a_sqs_sent_timestamp,27558,84,ok,
reaction-20260711T154617.431287445Z,fair-c100,2026-07-11T15:48:05.476Z,1783784885476,82293,first_a_sqs_sent_timestamp,27798,87,ok,
reaction-20260711T154617.431287445Z,baseline-c100,2026-07-11T15:48:06.445Z,1783784886445,83260,first_a_sqs_sent_timestamp,27386,85,ok,
reaction-20260711T154617.431287445Z,fair-c100,2026-07-11T15:48:06.477Z,1783784886477,83294,first_a_sqs_sent_timestamp,27477,67,ok,
reaction-20260711T154617.431287445Z,baseline-c100,2026-07-11T15:48:07.467Z,1783784887467,84282,first_a_sqs_sent_timestamp,27336,87,ok,
reaction-20260711T154617.431287445Z,fair-c100,2026-07-11T15:48:07.495Z,1783784887495,84312,first_a_sqs_sent_timestamp,28033,87,ok,
reaction-20260711T154617.431287445Z,baseline-c100,2026-07-11T15:48:08.458Z,1783784888458,85273,first_a_sqs_sent_timestamp,27782,78,ok,
reaction-20260711T154617.431287445Z,fair-c100,2026-07-11T15:48:08.491Z,1783784888491,85308,first_a_sqs_sent_timestamp,27529,89,ok,
reaction-20260711T154617.431287445Z,baseline-c100,2026-07-11T15:48:09.449Z,1783784889449,86264,first_a_sqs_sent_timestamp,27385,90,ok,
reaction-20260711T154617.431287445Z,fair-c100,2026-07-11T15:48:09.476Z,1783784889476,86293,first_a_sqs_sent_timestamp,27321,75,ok,
reaction-20260711T154617.431287445Z,baseline-c100,2026-07-11T15:48:10.465Z,1783784890465,87280,first_a_sqs_sent_timestamp,27208,77,ok,
reaction-20260711T154617.431287445Z,fair-c100,2026-07-11T15:48:10.493Z,1783784890493,87310,first_a_sqs_sent_timestamp,27479,62,ok,
reaction-20260711T154617.431287445Z,baseline-c100,2026-07-11T15:48:11.467Z,1783784891467,88282,first_a_sqs_sent_timestamp,27143,101,ok,
reaction-20260711T154617.431287445Z,fair-c100,2026-07-11T15:48:11.5Z,1783784891500,88317,first_a_sqs_sent_timestamp,27322,77,ok,
reaction-20260711T154617.431287445Z,baseline-c100,2026-07-11T15:48:12.448Z,1783784892448,89263,first_a_sqs_sent_timestamp,27209,79,ok,
reaction-20260711T154617.431287445Z,fair-c100,2026-07-11T15:48:12.475Z,1783784892475,89292,first_a_sqs_sent_timestamp,27442,90,ok,
reaction-20260711T154617.431287445Z,baseline-c100,2026-07-11T15:48:13.449Z,1783784893449,90264,first_a_sqs_sent_timestamp,27144,93,ok,
reaction-20260711T154617.431287445Z,fair-c100,2026-07-11T15:48:13.481Z,1783784893481,90298,first_a_sqs_sent_timestamp,27380,86,ok,
reaction-20260711T154617.431287445Z,baseline-c100,2026-07-11T15:48:14.447Z,1783784894447,91262,first_a_sqs_sent_timestamp,27309,99,ok,
reaction-20260711T154617.431287445Z,fair-c100,2026-07-11T15:48:14.475Z,1783784894475,91292,first_a_sqs_sent_timestamp,27146,87,ok,
reaction-20260711T154617.431287445Z,baseline-c100,2026-07-11T15:48:15.449Z,1783784895449,92264,first_a_sqs_sent_timestamp,27208,83,ok,
reaction-20260711T154617.431287445Z,fair-c100,2026-07-11T15:48:15.477Z,1783784895477,92294,first_a_sqs_sent_timestamp,27204,69,ok,
reaction-20260711T154617.431287445Z,baseline-c100,2026-07-11T15:48:16.449Z,1783784896449,93264,first_a_sqs_sent_timestamp,27338,91,ok,
reaction-20260711T154617.431287445Z,fair-c100,2026-07-11T15:48:16.483Z,1783784896483,93300,first_a_sqs_sent_timestamp,27249,99,ok,
reaction-20260711T154617.431287445Z,baseline-c100,2026-07-11T15:48:17.448Z,1783784897448,94263,first_a_sqs_sent_timestamp,26974,93,ok,
reaction-20260711T154617.431287445Z,fair-c100,2026-07-11T15:48:17.541Z,1783784897541,94358,first_a_sqs_sent_timestamp,27182,87,ok,
reaction-20260711T154617.431287445Z,baseline-c100,2026-07-11T15:48:18.447Z,1783784898447,95262,first_a_sqs_sent_timestamp,26985,95,ok,
reaction-20260711T154617.431287445Z,fair-c100,2026-07-11T15:48:18.477Z,1783784898477,95294,first_a_sqs_sent_timestamp,27322,76,ok,
reaction-20260711T154617.431287445Z,baseline-c100,2026-07-11T15:48:19.446Z,1783784899446,96261,first_a_sqs_sent_timestamp,26913,94,ok,
reaction-20260711T154617.431287445Z,fair-c100,2026-07-11T15:48:19.473Z,1783784899473,96290,first_a_sqs_sent_timestamp,27204,69,ok,
reaction-20260711T154617.431287445Z,baseline-c100,2026-07-11T15:48:20.473Z,1783784900473,97288,first_a_sqs_sent_timestamp,26974,92,ok,
reaction-20260711T154617.431287445Z,fair-c100,2026-07-11T15:48:20.5Z,1783784900500,97317,first_a_sqs_sent_timestamp,26921,82,ok,
reaction-20260711T154617.431287445Z,baseline-c100,2026-07-11T15:48:21.473Z,1783784901473,98288,first_a_sqs_sent_timestamp,27145,97,ok,
reaction-20260711T154617.431287445Z,fair-c100,2026-07-11T15:48:21.501Z,1783784901501,98318,first_a_sqs_sent_timestamp,27111,83,ok,
reaction-20260711T154617.431287445Z,baseline-c100,2026-07-11T15:48:22.457Z,1783784902457,99272,first_a_sqs_sent_timestamp,26913,96,ok,
reaction-20260711T154617.431287445Z,fair-c100,2026-07-11T15:48:22.491Z,1783784902491,99308,first_a_sqs_sent_timestamp,27002,86,ok,
reaction-20260711T154617.431287445Z,baseline-c100,2026-07-11T15:48:23.447Z,1783784903447,100262,first_a_sqs_sent_timestamp,26796,93,ok,
reaction-20260711T154617.431287445Z,fair-c100,2026-07-11T15:48:23.474Z,1783784903474,100291,first_a_sqs_sent_timestamp,26844,98,ok,
reaction-20260711T154617.431287445Z,baseline-c100,2026-07-11T15:48:24.447Z,1783784904447,101262,first_a_sqs_sent_timestamp,27188,67,ok,
reaction-20260711T154617.431287445Z,fair-c100,2026-07-11T15:48:24.472Z,1783784904472,101289,first_a_sqs_sent_timestamp,26920,81,ok,
reaction-20260711T154617.431287445Z,baseline-c100,2026-07-11T15:48:25.447Z,1783784905447,102262,first_a_sqs_sent_timestamp,26744,97,ok,
reaction-20260711T154617.431287445Z,fair-c100,2026-07-11T15:48:25.479Z,1783784905479,102296,first_a_sqs_sent_timestamp,26919,84,ok,
reaction-20260711T154617.431287445Z,baseline-c100,2026-07-11T15:48:26.448Z,1783784906448,103263,first_a_sqs_sent_timestamp,27227,98,ok,
reaction-20260711T154617.431287445Z,fair-c100,2026-07-11T15:48:26.475Z,1783784906475,103292,first_a_sqs_sent_timestamp,26978,94,ok,
reaction-20260711T154617.431287445Z,baseline-c100,2026-07-11T15:48:27.446Z,1783784907446,104261,first_a_sqs_sent_timestamp,26661,95,ok,
reaction-20260711T154617.431287445Z,fair-c100,2026-07-11T15:48:27.472Z,1783784907472,104289,first_a_sqs_sent_timestamp,26664,99,ok,
reaction-20260711T154617.431287445Z,baseline-c100,2026-07-11T15:48:28.448Z,1783784908448,105263,first_a_sqs_sent_timestamp,26985,95,ok,
reaction-20260711T154617.431287445Z,fair-c100,2026-07-11T15:48:28.473Z,1783784908473,105290,first_a_sqs_sent_timestamp,26691,95,ok,
reaction-20260711T154617.431287445Z,baseline-c100,2026-07-11T15:48:29.446Z,1783784909446,106261,first_a_sqs_sent_timestamp,26585,102,ok,
reaction-20260711T154617.431287445Z,fair-c100,2026-07-11T15:48:29.472Z,1783784909472,106289,first_a_sqs_sent_timestamp,26691,95,ok,
reaction-20260711T154617.431287445Z,baseline-c100,2026-07-11T15:48:30.464Z,1783784910464,107279,first_a_sqs_sent_timestamp,26586,105,ok,
reaction-20260711T154617.431287445Z,fair-c100,2026-07-11T15:48:30.49Z,1783784910490,107307,first_a_sqs_sent_timestamp,26691,102,ok,
reaction-20260711T154617.431287445Z,baseline-c100,2026-07-11T15:48:31.448Z,1783784911448,108263,first_a_sqs_sent_timestamp,26796,91,ok,
reaction-20260711T154617.431287445Z,fair-c100,2026-07-11T15:48:31.475Z,1783784911475,108292,first_a_sqs_sent_timestamp,26691,96,ok,
reaction-20260711T154617.431287445Z,baseline-c100,2026-07-11T15:48:32.45Z,1783784912450,109265,first_a_sqs_sent_timestamp,26588,103,ok,
reaction-20260711T154617.431287445Z,fair-c100,2026-07-11T15:48:32.477Z,1783784912477,109294,first_a_sqs_sent_timestamp,27145,86,ok,
reaction-20260711T154617.431287445Z,baseline-c100,2026-07-11T15:48:33.469Z,1783784913469,110284,first_a_sqs_sent_timestamp,26402,84,ok,
reaction-20260711T154617.431287445Z,fair-c100,2026-07-11T15:48:33.504Z,1783784913504,110321,first_a_sqs_sent_timestamp,26813,71,ok,
reaction-20260711T154617.431287445Z,baseline-c100,2026-07-11T15:48:34.462Z,1783784914462,111277,first_a_sqs_sent_timestamp,26661,97,ok,
reaction-20260711T154617.431287445Z,fair-c100,2026-07-11T15:48:34.495Z,1783784914495,111312,first_a_sqs_sent_timestamp,26664,104,ok,
reaction-20260711T154617.431287445Z,baseline-c100,2026-07-11T15:48:35.447Z,1783784915447,112262,first_a_sqs_sent_timestamp,26747,93,ok,
reaction-20260711T154617.431287445Z,fair-c100,2026-07-11T15:48:35.48Z,1783784915480,112297,first_a_sqs_sent_timestamp,26442,82,ok,
reaction-20260711T154617.431287445Z,baseline-c100,2026-07-11T15:48:36.448Z,1783784916448,113263,first_a_sqs_sent_timestamp,26404,79,ok,
reaction-20260711T154617.431287445Z,fair-c100,2026-07-11T15:48:36.475Z,1783784916475,113292,first_a_sqs_sent_timestamp,26439,89,ok,
reaction-20260711T154617.431287445Z,baseline-c100,2026-07-11T15:48:37.454Z,1783784917454,114269,first_a_sqs_sent_timestamp,26512,95,ok,
reaction-20260711T154617.431287445Z,fair-c100,2026-07-11T15:48:37.482Z,1783784917482,114299,first_a_sqs_sent_timestamp,26448,99,ok,
reaction-20260711T154617.431287445Z,baseline-c100,2026-07-11T15:48:38.447Z,1783784918447,115262,first_a_sqs_sent_timestamp,26334,95,ok,
reaction-20260711T154617.431287445Z,fair-c100,2026-07-11T15:48:38.478Z,1783784918478,115295,first_a_sqs_sent_timestamp,26440,88,ok,
reaction-20260711T154617.431287445Z,baseline-c100,2026-07-11T15:48:39.449Z,1783784919449,116264,first_a_sqs_sent_timestamp,26404,79,ok,
reaction-20260711T154617.431287445Z,fair-c100,2026-07-11T15:48:39.477Z,1783784919477,116294,first_a_sqs_sent_timestamp,26502,87,ok,
reaction-20260711T154617.431287445Z,baseline-c100,2026-07-11T15:48:40.45Z,1783784920450,117265,first_a_sqs_sent_timestamp,26162,92,ok,
reaction-20260711T154617.431287445Z,fair-c100,2026-07-11T15:48:40.478Z,1783784920478,117295,first_a_sqs_sent_timestamp,26843,95,ok,
reaction-20260711T154617.431287445Z,baseline-c100,2026-07-11T15:48:41.447Z,1783784921447,118262,first_a_sqs_sent_timestamp,26160,95,ok,
reaction-20260711T154617.431287445Z,fair-c100,2026-07-11T15:48:41.476Z,1783784921476,118293,first_a_sqs_sent_timestamp,26381,94,ok,
reaction-20260711T154617.431287445Z,baseline-c100,2026-07-11T15:48:42.448Z,1783784922448,119263,first_a_sqs_sent_timestamp,26160,97,ok,
reaction-20260711T154617.431287445Z,fair-c100,2026-07-11T15:48:42.477Z,1783784922477,119294,first_a_sqs_sent_timestamp,26183,99,ok,
reaction-20260711T154617.431287445Z,baseline-c100,2026-07-11T15:48:43.448Z,1783784923448,120263,first_a_sqs_sent_timestamp,26232,95,ok,
reaction-20260711T154617.431287445Z,fair-c100,2026-07-11T15:48:43.475Z,1783784923475,120292,first_a_sqs_sent_timestamp,26139,98,ok,
reaction-20260711T154617.431287445Z,baseline-c100,2026-07-11T15:48:44.448Z,1783784924448,121263,first_a_sqs_sent_timestamp,26017,87,ok,
reaction-20260711T154617.431287445Z,fair-c100,2026-07-11T15:48:44.476Z,1783784924476,121293,first_a_sqs_sent_timestamp,26440,88,ok,
reaction-20260711T154617.431287445Z,baseline-c100,2026-07-11T15:48:45.47Z,1783784925470,122285,first_a_sqs_sent_timestamp,26161,96,ok,
reaction-20260711T154617.431287445Z,fair-c100,2026-07-11T15:48:45.496Z,1783784925496,122313,first_a_sqs_sent_timestamp,26183,94,ok,
reaction-20260711T154617.431287445Z,baseline-c100,2026-07-11T15:48:46.453Z,1783784926453,123268,first_a_sqs_sent_timestamp,25974,64,ok,
reaction-20260711T154617.431287445Z,fair-c100,2026-07-11T15:48:46.483Z,1783784926483,123300,first_a_sqs_sent_timestamp,26933,89,ok,
reaction-20260711T154617.431287445Z,baseline-c100,2026-07-11T15:48:47.448Z,1783784927448,124263,first_a_sqs_sent_timestamp,26737,78,ok,
reaction-20260711T154617.431287445Z,fair-c100,2026-07-11T15:48:47.474Z,1783784927474,124291,first_a_sqs_sent_timestamp,25988,91,ok,
reaction-20260711T154617.431287445Z,baseline-c100,2026-07-11T15:48:48.45Z,1783784928450,125265,first_a_sqs_sent_timestamp,25974,64,ok,
reaction-20260711T154617.431287445Z,fair-c100,2026-07-11T15:48:48.476Z,1783784928476,125293,first_a_sqs_sent_timestamp,26008,94,ok,
reaction-20260711T154617.431287445Z,baseline-c100,2026-07-11T15:48:49.449Z,1783784929449,126264,first_a_sqs_sent_timestamp,26019,87,ok,
reaction-20260711T154617.431287445Z,fair-c100,2026-07-11T15:48:49.477Z,1783784929477,126294,first_a_sqs_sent_timestamp,26213,100,ok,
reaction-20260711T154617.431287445Z,baseline-c100,2026-07-11T15:48:50.447Z,1783784930447,127262,first_a_sqs_sent_timestamp,26305,73,ok,
reaction-20260711T154617.431287445Z,fair-c100,2026-07-11T15:48:50.475Z,1783784930475,127292,first_a_sqs_sent_timestamp,26055,89,ok,
reaction-20260711T154617.431287445Z,baseline-c100,2026-07-11T15:48:51.467Z,1783784931467,128282,first_a_sqs_sent_timestamp,25905,92,ok,
reaction-20260711T154617.431287445Z,fair-c100,2026-07-11T15:48:51.494Z,1783784931494,128311,first_a_sqs_sent_timestamp,25876,91,ok,
reaction-20260711T154617.431287445Z,baseline-c100,2026-07-11T15:48:52.47Z,1783784932470,129285,first_a_sqs_sent_timestamp,25794,83,ok,
reaction-20260711T154617.431287445Z,fair-c100,2026-07-11T15:48:52.5Z,1783784932500,129317,first_a_sqs_sent_timestamp,26136,101,ok,
reaction-20260711T154617.431287445Z,baseline-c100,2026-07-11T15:48:53.446Z,1783784933446,130261,first_a_sqs_sent_timestamp,26334,94,ok,
reaction-20260711T154617.431287445Z,fair-c100,2026-07-11T15:48:53.472Z,1783784933472,130289,first_a_sqs_sent_timestamp,26009,93,ok,
reaction-20260711T154617.431287445Z,baseline-c100,2026-07-11T15:48:54.449Z,1783784934449,131264,first_a_sqs_sent_timestamp,25974,64,ok,
reaction-20260711T154617.431287445Z,fair-c100,2026-07-11T15:48:54.479Z,1783784934479,131296,first_a_sqs_sent_timestamp,26449,99,ok,
reaction-20260711T154617.431287445Z,baseline-c100,2026-07-11T15:48:55.446Z,1783784935446,132261,first_a_sqs_sent_timestamp,25658,96,ok,
reaction-20260711T154617.431287445Z,fair-c100,2026-07-11T15:48:55.472Z,1783784935472,132289,first_a_sqs_sent_timestamp,25875,89,ok,
reaction-20260711T154617.431287445Z,baseline-c100,2026-07-11T15:48:56.467Z,1783784936467,133282,first_a_sqs_sent_timestamp,25658,94,ok,
reaction-20260711T154617.431287445Z,fair-c100,2026-07-11T15:48:56.492Z,1783784936492,133309,first_a_sqs_sent_timestamp,25990,92,ok,
reaction-20260711T154617.431287445Z,baseline-c100,2026-07-11T15:48:57.45Z,1783784937450,134265,first_a_sqs_sent_timestamp,25794,78,ok,
reaction-20260711T154617.431287445Z,fair-c100,2026-07-11T15:48:57.479Z,1783784937479,134296,first_a_sqs_sent_timestamp,25765,98,ok,
reaction-20260711T154617.431287445Z,baseline-c100,2026-07-11T15:48:58.446Z,1783784938446,135261,first_a_sqs_sent_timestamp,25557,74,ok,
reaction-20260711T154617.431287445Z,fair-c100,2026-07-11T15:48:58.476Z,1783784938476,135293,first_a_sqs_sent_timestamp,25748,92,ok,
reaction-20260711T154617.431287445Z,baseline-c100,2026-07-11T15:48:59.448Z,1783784939448,136263,first_a_sqs_sent_timestamp,25557,74,ok,
reaction-20260711T154617.431287445Z,fair-c100,2026-07-11T15:48:59.476Z,1783784939476,136293,first_a_sqs_sent_timestamp,25692,101,ok,
reaction-20260711T154617.431287445Z,baseline-c100,2026-07-11T15:49:00.449Z,1783784940449,137264,first_a_sqs_sent_timestamp,26158,99,ok,
reaction-20260711T154617.431287445Z,fair-c100,2026-07-11T15:49:00.483Z,1783784940483,137300,first_a_sqs_sent_timestamp,25766,93,ok,
reaction-20260711T154617.431287445Z,baseline-c100,2026-07-11T15:49:01.446Z,1783784941446,138261,first_a_sqs_sent_timestamp,25557,74,ok,
reaction-20260711T154617.431287445Z,fair-c100,2026-07-11T15:49:01.473Z,1783784941473,138290,first_a_sqs_sent_timestamp,25677,93,ok,
reaction-20260711T154617.431287445Z,baseline-c100,2026-07-11T15:49:02.464Z,1783784942464,139279,first_a_sqs_sent_timestamp,25453,80,ok,
reaction-20260711T154617.431287445Z,fair-c100,2026-07-11T15:49:02.491Z,1783784942491,139308,first_a_sqs_sent_timestamp,25837,96,ok,
reaction-20260711T154617.431287445Z,baseline-c100,2026-07-11T15:49:03.468Z,1783784943468,140283,first_a_sqs_sent_timestamp,25505,82,ok,
reaction-20260711T154617.431287445Z,fair-c100,2026-07-11T15:49:03.495Z,1783784943495,140312,first_a_sqs_sent_timestamp,25619,94,ok,
reaction-20260711T154617.431287445Z,baseline-c100,2026-07-11T15:49:04.448Z,1783784944448,141263,first_a_sqs_sent_timestamp,25658,97,ok,
reaction-20260711T154617.431287445Z,fair-c100,2026-07-11T15:49:04.475Z,1783784944475,141292,first_a_sqs_sent_timestamp,25692,97,ok,
reaction-20260711T154617.431287445Z,baseline-c100,2026-07-11T15:49:05.447Z,1783784945447,142262,first_a_sqs_sent_timestamp,25681,99,ok,
reaction-20260711T154617.431287445Z,fair-c100,2026-07-11T15:49:05.475Z,1783784945475,142292,first_a_sqs_sent_timestamp,25463,94,ok,
reaction-20260711T154617.431287445Z,baseline-c100,2026-07-11T15:49:06.454Z,1783784946454,143269,first_a_sqs_sent_timestamp,25281,84,ok,
reaction-20260711T154617.431287445Z,fair-c100,2026-07-11T15:49:06.485Z,1783784946485,143302,first_a_sqs_sent_timestamp,25400,85,ok,
reaction-20260711T154617.431287445Z,baseline-c100,2026-07-11T15:49:07.469Z,1783784947469,144284,first_a_sqs_sent_timestamp,25282,82,ok,
reaction-20260711T154617.431287445Z,fair-c100,2026-07-11T15:49:07.516Z,1783784947516,144333,first_a_sqs_sent_timestamp,25332,89,ok,
reaction-20260711T154617.431287445Z,baseline-c100,2026-07-11T15:49:08.448Z,1783784948448,145263,first_a_sqs_sent_timestamp,25453,81,ok,
reaction-20260711T154617.431287445Z,fair-c100,2026-07-11T15:49:08.476Z,1783784948476,145293,first_a_sqs_sent_timestamp,25400,85,ok,
reaction-20260711T154617.431287445Z,baseline-c100,2026-07-11T15:49:09.447Z,1783784949447,146262,first_a_sqs_sent_timestamp,25164,99,ok,
reaction-20260711T154617.431287445Z,fair-c100,2026-07-11T15:49:09.475Z,1783784949475,146292,first_a_sqs_sent_timestamp,25396,87,ok,
reaction-20260711T154617.431287445Z,baseline-c100,2026-07-11T15:49:10.449Z,1783784950449,147264,first_a_sqs_sent_timestamp,25164,97,ok,
reaction-20260711T154617.431287445Z,fair-c100,2026-07-11T15:49:10.479Z,1783784950479,147296,first_a_sqs_sent_timestamp,25333,90,ok,
reaction-20260711T154617.431287445Z,baseline-c100,2026-07-11T15:49:11.448Z,1783784951448,148263,first_a_sqs_sent_timestamp,25505,82,ok,
reaction-20260711T154617.431287445Z,fair-c100,2026-07-11T15:49:11.479Z,1783784951479,148296,first_a_sqs_sent_timestamp,25213,93,ok,
reaction-20260711T154617.431287445Z,baseline-c100,2026-07-11T15:49:12.446Z,1783784952446,149261,first_a_sqs_sent_timestamp,25067,96,ok,
reaction-20260711T154617.431287445Z,fair-c100,2026-07-11T15:49:12.478Z,1783784952478,149295,first_a_sqs_sent_timestamp,25441,91,ok,
reaction-20260711T154617.431287445Z,baseline-c100,2026-07-11T15:49:13.447Z,1783784953447,150262,first_a_sqs_sent_timestamp,25903,91,ok,
reaction-20260711T154617.431287445Z,fair-c100,2026-07-11T15:49:13.473Z,1783784953473,150290,first_a_sqs_sent_timestamp,25212,101,ok,
reaction-20260711T154617.431287445Z,baseline-c100,2026-07-11T15:49:14.448Z,1783784954448,151263,first_a_sqs_sent_timestamp,25311,83,ok,
reaction-20260711T154617.431287445Z,fair-c100,2026-07-11T15:49:14.479Z,1783784954479,151296,first_a_sqs_sent_timestamp,25108,84,ok,
reaction-20260711T154617.431287445Z,baseline-c100,2026-07-11T15:49:15.447Z,1783784955447,152262,first_a_sqs_sent_timestamp,24971,92,ok,
reaction-20260711T154617.431287445Z,fair-c100,2026-07-11T15:49:15.473Z,1783784955473,152290,first_a_sqs_sent_timestamp,25179,88,ok,
reaction-20260711T154617.431287445Z,baseline-c100,2026-07-11T15:49:16.449Z,1783784956449,153264,first_a_sqs_sent_timestamp,25068,88,ok,
reaction-20260711T154617.431287445Z,fair-c100,2026-07-11T15:49:16.478Z,1783784956478,153295,first_a_sqs_sent_timestamp,25266,74,ok,
reaction-20260711T154617.431287445Z,baseline-c100,2026-07-11T15:49:17.449Z,1783784957449,154264,first_a_sqs_sent_timestamp,25163,96,ok,
reaction-20260711T154617.431287445Z,fair-c100,2026-07-11T15:49:17.477Z,1783784957477,154294,first_a_sqs_sent_timestamp,25212,102,ok,
reaction-20260711T154617.431287445Z,baseline-c100,2026-07-11T15:49:18.462Z,1783784958462,155277,first_a_sqs_sent_timestamp,24996,99,ok,
reaction-20260711T154617.431287445Z,fair-c100,2026-07-11T15:49:18.493Z,1783784958493,155310,first_a_sqs_sent_timestamp,25175,89,ok,
reaction-20260711T154617.431287445Z,baseline-c100,2026-07-11T15:49:19.468Z,1783784959468,156283,first_a_sqs_sent_timestamp,24864,83,ok,
reaction-20260711T154617.431287445Z,fair-c100,2026-07-11T15:49:19.499Z,1783784959499,156316,first_a_sqs_sent_timestamp,24941,96,ok,
reaction-20260711T154617.431287445Z,baseline-c100,2026-07-11T15:49:20.449Z,1783784960449,157264,first_a_sqs_sent_timestamp,24973,92,ok,
reaction-20260711T154617.431287445Z,fair-c100,2026-07-11T15:49:20.48Z,1783784960480,157297,first_a_sqs_sent_timestamp,24973,100,ok,
reaction-20260711T154617.431287445Z,baseline-c100,2026-07-11T15:49:21.448Z,1783784961448,158263,first_a_sqs_sent_timestamp,25066,88,ok,
reaction-20260711T154617.431287445Z,fair-c100,2026-07-11T15:49:21.474Z,1783784961474,158291,first_a_sqs_sent_timestamp,24912,84,ok,
reaction-20260711T154617.431287445Z,baseline-c100,2026-07-11T15:49:22.447Z,1783784962447,159262,first_a_sqs_sent_timestamp,24759,96,ok,
reaction-20260711T154617.431287445Z,fair-c100,2026-07-11T15:49:22.472Z,1783784962472,159289,first_a_sqs_sent_timestamp,24912,84,ok,
reaction-20260711T154617.431287445Z,baseline-c100,2026-07-11T15:49:23.449Z,1783784963449,160264,first_a_sqs_sent_timestamp,25318,88,ok,
reaction-20260711T154617.431287445Z,fair-c100,2026-07-11T15:49:23.476Z,1783784963476,160293,first_a_sqs_sent_timestamp,25366,92,ok,
reaction-20260711T154617.431287445Z,baseline-c100,2026-07-11T15:49:24.448Z,1783784964448,161263,first_a_sqs_sent_timestamp,24652,99,ok,
reaction-20260711T154617.431287445Z,fair-c100,2026-07-11T15:49:24.474Z,1783784964474,161291,first_a_sqs_sent_timestamp,24912,81,ok,
reaction-20260711T154617.431287445Z,baseline-c100,2026-07-11T15:49:25.45Z,1783784965450,162265,first_a_sqs_sent_timestamp,24653,98,ok,
reaction-20260711T154617.431287445Z,fair-c100,2026-07-11T15:49:25.478Z,1783784965478,162295,first_a_sqs_sent_timestamp,25109,90,ok,
reaction-20260711T154617.431287445Z,baseline-c100,2026-07-11T15:49:26.447Z,1783784966447,163262,first_a_sqs_sent_timestamp,24651,98,ok,
reaction-20260711T154617.431287445Z,fair-c100,2026-07-11T15:49:26.476Z,1783784966476,163293,first_a_sqs_sent_timestamp,24743,66,ok,
reaction-20260711T154617.431287445Z,baseline-c100,2026-07-11T15:49:27.449Z,1783784967449,164264,first_a_sqs_sent_timestamp,24730,80,ok,
reaction-20260711T154617.431287445Z,fair-c100,2026-07-11T15:49:27.482Z,1783784967482,164299,first_a_sqs_sent_timestamp,24973,97,ok,
reaction-20260711T154617.431287445Z,baseline-c100,2026-07-11T15:49:28.448Z,1783784968448,165263,first_a_sqs_sent_timestamp,24831,87,ok,
reaction-20260711T154617.431287445Z,fair-c100,2026-07-11T15:49:28.476Z,1783784968476,165293,first_a_sqs_sent_timestamp,24742,68,ok,
reaction-20260711T154617.431287445Z,baseline-c100,2026-07-11T15:49:29.448Z,1783784969448,166263,first_a_sqs_sent_timestamp,24521,78,ok,
reaction-20260711T154617.431287445Z,fair-c100,2026-07-11T15:49:29.479Z,1783784969479,166296,first_a_sqs_sent_timestamp,24743,66,ok,
reaction-20260711T154617.431287445Z,baseline-c100,2026-07-11T15:49:30.448Z,1783784970448,167263,first_a_sqs_sent_timestamp,24523,80,ok,
reaction-20260711T154617.431287445Z,fair-c100,2026-07-11T15:49:30.475Z,1783784970475,167292,first_a_sqs_sent_timestamp,25459,93,ok,
reaction-20260711T154617.431287445Z,baseline-c100,2026-07-11T15:49:31.448Z,1783784971448,168263,first_a_sqs_sent_timestamp,24522,81,ok,
reaction-20260711T154617.431287445Z,fair-c100,2026-07-11T15:49:31.48Z,1783784971480,168297,first_a_sqs_sent_timestamp,24943,93,ok,
reaction-20260711T154617.431287445Z,baseline-c100,2026-07-11T15:49:32.447Z,1783784972447,169262,first_a_sqs_sent_timestamp,24863,84,ok,
reaction-20260711T154617.431287445Z,fair-c100,2026-07-11T15:49:32.473Z,1783784972473,169290,first_a_sqs_sent_timestamp,24691,89,ok,
reaction-20260711T154617.431287445Z,baseline-c100,2026-07-11T15:49:33.447Z,1783784973447,170262,first_a_sqs_sent_timestamp,24759,93,ok,
reaction-20260711T154617.431287445Z,fair-c100,2026-07-11T15:49:33.482Z,1783784973482,170299,first_a_sqs_sent_timestamp,24492,80,ok,
reaction-20260711T154617.431287445Z,baseline-c100,2026-07-11T15:49:34.448Z,1783784974448,171263,first_a_sqs_sent_timestamp,24372,88,ok,
reaction-20260711T154617.431287445Z,fair-c100,2026-07-11T15:49:34.476Z,1783784974476,171293,first_a_sqs_sent_timestamp,24532,88,ok,
reaction-20260711T154617.431287445Z,baseline-c100,2026-07-11T15:49:35.449Z,1783784975449,172264,first_a_sqs_sent_timestamp,25285,81,ok,
reaction-20260711T154617.431287445Z,fair-c100,2026-07-11T15:49:35.477Z,1783784975477,172294,first_a_sqs_sent_timestamp,24671,92,ok,
reaction-20260711T154617.431287445Z,baseline-c100,2026-07-11T15:49:36.447Z,1783784976447,173262,first_a_sqs_sent_timestamp,24349,66,ok,
reaction-20260711T154617.431287445Z,fair-c100,2026-07-11T15:49:36.474Z,1783784976474,173291,first_a_sqs_sent_timestamp,24428,82,ok,
reaction-20260711T154617.431287445Z,baseline-c100,2026-07-11T15:49:37.447Z,1783784977447,174262,first_a_sqs_sent_timestamp,24526,81,ok,
reaction-20260711T154617.431287445Z,fair-c100,2026-07-11T15:49:37.478Z,1783784977478,174295,first_a_sqs_sent_timestamp,24601,91,ok,
reaction-20260711T154617.431287445Z,baseline-c100,2026-07-11T15:49:38.448Z,1783784978448,175263,first_a_sqs_sent_timestamp,24353,67,ok,
reaction-20260711T154617.431287445Z,fair-c100,2026-07-11T15:49:38.479Z,1783784978479,175296,first_a_sqs_sent_timestamp,24532,89,ok,
reaction-20260711T154617.431287445Z,baseline-c100,2026-07-11T15:49:39.449Z,1783784979449,176264,first_a_sqs_sent_timestamp,24373,90,ok,
reaction-20260711T154617.431287445Z,fair-c100,2026-07-11T15:49:39.496Z,1783784979496,176313,first_a_sqs_sent_timestamp,24251,98,ok,
reaction-20260711T154617.431287445Z,baseline-c100,2026-07-11T15:49:40.47Z,1783784980470,177285,first_a_sqs_sent_timestamp,24127,99,ok,
reaction-20260711T154617.431287445Z,fair-c100,2026-07-11T15:49:40.497Z,1783784980497,177314,first_a_sqs_sent_timestamp,24251,102,ok,
reaction-20260711T154617.431287445Z,baseline-c100,2026-07-11T15:49:41.448Z,1783784981448,178263,first_a_sqs_sent_timestamp,24218,87,ok,
reaction-20260711T154617.431287445Z,fair-c100,2026-07-11T15:49:41.479Z,1783784981479,178296,first_a_sqs_sent_timestamp,24328,99,ok,
reaction-20260711T154617.431287445Z,baseline-c100,2026-07-11T15:49:42.465Z,1783784982465,179280,first_a_sqs_sent_timestamp,24157,87,ok,
reaction-20260711T154617.431287445Z,fair-c100,2026-07-11T15:49:42.499Z,1783784982499,179316,first_a_sqs_sent_timestamp,24222,79,ok,
reaction-20260711T154617.431287445Z,baseline-c100,2026-07-11T15:49:43.445Z,1783784983445,180260,first_a_sqs_sent_timestamp,24479,94,ok,
reaction-20260711T154617.431287445Z,fair-c100,2026-07-11T15:49:43.472Z,1783784983472,180289,first_a_sqs_sent_timestamp,24461,95,ok,
reaction-20260711T154617.431287445Z,baseline-c100,2026-07-11T15:49:44.446Z,1783784984446,181261,first_a_sqs_sent_timestamp,24027,89,ok,
reaction-20260711T154617.431287445Z,fair-c100,2026-07-11T15:49:44.474Z,1783784984474,181291,first_a_sqs_sent_timestamp,24251,102,ok,
reaction-20260711T154617.431287445Z,baseline-c100,2026-07-11T15:49:45.449Z,1783784985449,182264,first_a_sqs_sent_timestamp,24089,92,ok,
reaction-20260711T154617.431287445Z,fair-c100,2026-07-11T15:49:45.477Z,1783784985477,182294,first_a_sqs_sent_timestamp,24008,101,ok,
reaction-20260711T154617.431287445Z,baseline-c100,2026-07-11T15:49:46.448Z,1783784986448,183263,first_a_sqs_sent_timestamp,24028,90,ok,
reaction-20260711T154617.431287445Z,fair-c100,2026-07-11T15:49:46.475Z,1783784986475,183292,first_a_sqs_sent_timestamp,24428,83,ok,
reaction-20260711T154617.431287445Z,baseline-c100,2026-07-11T15:49:47.446Z,1783784987446,184261,first_a_sqs_sent_timestamp,23992,95,ok,
reaction-20260711T154617.431287445Z,fair-c100,2026-07-11T15:49:47.471Z,1783784987471,184288,first_a_sqs_sent_timestamp,23947,85,ok,
reaction-20260711T154617.431287445Z,baseline-c100,2026-07-11T15:49:48.448Z,1783784988448,185263,first_a_sqs_sent_timestamp,23996,93,ok,
reaction-20260711T154617.431287445Z,fair-c100,2026-07-11T15:49:48.475Z,1783784988475,185292,first_a_sqs_sent_timestamp,24222,79,ok,
reaction-20260711T154617.431287445Z,baseline-c100,2026-07-11T15:49:49.447Z,1783784989447,186262,first_a_sqs_sent_timestamp,24026,85,ok,
reaction-20260711T154617.431287445Z,fair-c100,2026-07-11T15:49:49.501Z,1783784989501,186318,first_a_sqs_sent_timestamp,24491,84,ok,
reaction-20260711T154617.431287445Z,baseline-c100,2026-07-11T15:49:50.449Z,1783784990449,187264,first_a_sqs_sent_timestamp,24127,99,ok,
reaction-20260711T154617.431287445Z,fair-c100,2026-07-11T15:49:50.48Z,1783784990480,187297,first_a_sqs_sent_timestamp,24008,102,ok,
reaction-20260711T154617.431287445Z,baseline-c100,2026-07-11T15:49:51.447Z,1783784991447,188262,first_a_sqs_sent_timestamp,24291,94,ok,
reaction-20260711T154617.431287445Z,fair-c100,2026-07-11T15:49:51.474Z,1783784991474,188291,first_a_sqs_sent_timestamp,24124,90,ok,
reaction-20260711T154617.431287445Z,baseline-c100,2026-07-11T15:49:52.449Z,1783784992449,189264,first_a_sqs_sent_timestamp,23683,88,ok,
reaction-20260711T154617.431287445Z,fair-c100,2026-07-11T15:49:52.477Z,1783784992477,189294,first_a_sqs_sent_timestamp,23945,80,ok,
reaction-20260711T154617.431287445Z,baseline-c100,2026-07-11T15:49:53.466Z,1783784993466,190281,first_a_sqs_sent_timestamp,23779,88,ok,
reaction-20260711T154617.431287445Z,fair-c100,2026-07-11T15:49:53.498Z,1783784993498,190315,first_a_sqs_sent_timestamp,23769,96,ok,
reaction-20260711T154617.431287445Z,baseline-c100,2026-07-11T15:49:54.447Z,1783784994447,191262,first_a_sqs_sent_timestamp,23957,98,ok,
reaction-20260711T154617.431287445Z,fair-c100,2026-07-11T15:49:54.474Z,1783784994474,191291,first_a_sqs_sent_timestamp,23790,99,ok,
reaction-20260711T154617.431287445Z,baseline-c100,2026-07-11T15:49:55.447Z,1783784995447,192262,first_a_sqs_sent_timestamp,23573,92,ok,
reaction-20260711T154617.431287445Z,fair-c100,2026-07-11T15:49:55.475Z,1783784995475,192292,first_a_sqs_sent_timestamp,23794,94,ok,
reaction-20260711T154617.431287445Z,baseline-c100,2026-07-11T15:49:56.448Z,1783784996448,193263,first_a_sqs_sent_timestamp,23682,83,ok,
reaction-20260711T154617.431287445Z,fair-c100,2026-07-11T15:49:56.497Z,1783784996497,193314,first_a_sqs_sent_timestamp,23735,82,ok,
reaction-20260711T154617.431287445Z,baseline-c100,2026-07-11T15:49:57.449Z,1783784997449,194264,first_a_sqs_sent_timestamp,23882,96,ok,
reaction-20260711T154617.431287445Z,fair-c100,2026-07-11T15:49:57.476Z,1783784997476,194293,first_a_sqs_sent_timestamp,23586,75,ok,
reaction-20260711T154617.431287445Z,baseline-c100,2026-07-11T15:49:58.449Z,1783784998449,195264,first_a_sqs_sent_timestamp,23609,99,ok,
reaction-20260711T154617.431287445Z,fair-c100,2026-07-11T15:49:58.476Z,1783784998476,195293,first_a_sqs_sent_timestamp,23868,102,ok,
reaction-20260711T154617.431287445Z,baseline-c100,2026-07-11T15:49:59.447Z,1783784999447,196262,first_a_sqs_sent_timestamp,23682,80,ok,
reaction-20260711T154617.431287445Z,fair-c100,2026-07-11T15:49:59.476Z,1783784999476,196293,first_a_sqs_sent_timestamp,23842,79,ok,
reaction-20260711T154617.431287445Z,baseline-c100,2026-07-11T15:50:00.447Z,1783785000447,197262,first_a_sqs_sent_timestamp,23750,78,ok,
reaction-20260711T154617.431287445Z,fair-c100,2026-07-11T15:50:00.474Z,1783785000474,197291,first_a_sqs_sent_timestamp,23532,93,ok,
reaction-20260711T154617.431287445Z,baseline-c100,2026-07-11T15:50:01.447Z,1783785001447,198262,first_a_sqs_sent_timestamp,23609,97,ok,
reaction-20260711T154617.431287445Z,fair-c100,2026-07-11T15:50:01.475Z,1783785001475,198292,first_a_sqs_sent_timestamp,24049,95,ok,
reaction-20260711T154617.431287445Z,baseline-c100,2026-07-11T15:50:02.469Z,1783785002469,199284,first_a_sqs_sent_timestamp,23327,93,ok,
reaction-20260711T154617.431287445Z,fair-c100,2026-07-11T15:50:02.498Z,1783785002498,199315,first_a_sqs_sent_timestamp,23584,76,ok,
reaction-20260711T154617.431287445Z,baseline-c100,2026-07-11T15:50:03.468Z,1783785003468,200283,first_a_sqs_sent_timestamp,23330,94,ok,
reaction-20260711T154617.431287445Z,fair-c100,2026-07-11T15:50:03.498Z,1783785003498,200315,first_a_sqs_sent_timestamp,23420,105,ok,
reaction-20260711T154617.431287445Z,baseline-c100,2026-07-11T15:50:04.447Z,1783785004447,201262,first_a_sqs_sent_timestamp,23327,98,ok,
reaction-20260711T154617.431287445Z,fair-c100,2026-07-11T15:50:04.474Z,1783785004474,201291,first_a_sqs_sent_timestamp,23495,75,ok,
reaction-20260711T154617.431287445Z,baseline-c100,2026-07-11T15:50:05.454Z,1783785005454,202269,first_a_sqs_sent_timestamp,23709,94,ok,
reaction-20260711T154617.431287445Z,fair-c100,2026-07-11T15:50:05.482Z,1783785005482,202299,first_a_sqs_sent_timestamp,23377,91,ok,
reaction-20260711T154617.431287445Z,baseline-c100,2026-07-11T15:50:06.449Z,1783785006449,203264,first_a_sqs_sent_timestamp,23472,95,ok,
reaction-20260711T154617.431287445Z,fair-c100,2026-07-11T15:50:06.475Z,1783785006475,203292,first_a_sqs_sent_timestamp,23420,105,ok,
reaction-20260711T154617.431287445Z,baseline-c100,2026-07-11T15:50:07.448Z,1783785007448,204263,first_a_sqs_sent_timestamp,23573,89,ok,
reaction-20260711T154617.431287445Z,fair-c100,2026-07-11T15:50:07.482Z,1783785007482,204299,first_a_sqs_sent_timestamp,23496,82,ok,
reaction-20260711T154617.431287445Z,baseline-c100,2026-07-11T15:50:08.449Z,1783785008449,205264,first_a_sqs_sent_timestamp,23191,85,ok,
reaction-20260711T154617.431287445Z,fair-c100,2026-07-11T15:50:08.478Z,1783785008478,205295,first_a_sqs_sent_timestamp,23379,94,ok,
reaction-20260711T154617.431287445Z,baseline-c100,2026-07-11T15:50:09.448Z,1783785009448,206263,first_a_sqs_sent_timestamp,23154,94,ok,
reaction-20260711T154617.431287445Z,fair-c100,2026-07-11T15:50:09.478Z,1783785009478,206295,first_a_sqs_sent_timestamp,23419,106,ok,
reaction-20260711T154617.431287445Z,baseline-c100,2026-07-11T15:50:10.448Z,1783785010448,207263,first_a_sqs_sent_timestamp,23156,91,ok,
reaction-20260711T154617.431287445Z,fair-c100,2026-07-11T15:50:10.475Z,1783785010475,207292,first_a_sqs_sent_timestamp,23216,92,ok,
reaction-20260711T154617.431287445Z,baseline-c100,2026-07-11T15:50:11.448Z,1783785011448,208263,first_a_sqs_sent_timestamp,23328,93,ok,
reaction-20260711T154617.431287445Z,fair-c100,2026-07-11T15:50:11.474Z,1783785011474,208291,first_a_sqs_sent_timestamp,23529,99,ok,
reaction-20260711T154617.431287445Z,baseline-c100,2026-07-11T15:50:12.465Z,1783785012465,209280,first_a_sqs_sent_timestamp,23400,92,ok,
reaction-20260711T154617.431287445Z,fair-c100,2026-07-11T15:50:12.492Z,1783785012492,209309,first_a_sqs_sent_timestamp,23217,97,ok,
reaction-20260711T154617.431287445Z,baseline-c100,2026-07-11T15:50:13.457Z,1783785013457,210272,first_a_sqs_sent_timestamp,22975,95,ok,
reaction-20260711T154617.431287445Z,fair-c100,2026-07-11T15:50:13.485Z,1783785013485,210302,first_a_sqs_sent_timestamp,23038,94,ok,
reaction-20260711T154617.431287445Z,baseline-c100,2026-07-11T15:50:14.472Z,1783785014472,211287,first_a_sqs_sent_timestamp,23368,95,ok,
reaction-20260711T154617.431287445Z,fair-c100,2026-07-11T15:50:14.504Z,1783785014504,211321,first_a_sqs_sent_timestamp,23179,82,ok,
reaction-20260711T154617.431287445Z,baseline-c100,2026-07-11T15:50:15.448Z,1783785015448,212263,first_a_sqs_sent_timestamp,22880,101,ok,
reaction-20260711T154617.431287445Z,fair-c100,2026-07-11T15:50:15.475Z,1783785015475,212292,first_a_sqs_sent_timestamp,23037,95,ok,
reaction-20260711T154617.431287445Z,baseline-c100,2026-07-11T15:50:16.448Z,1783785016448,213263,first_a_sqs_sent_timestamp,22885,97,ok,
reaction-20260711T154617.431287445Z,fair-c100,2026-07-11T15:50:16.475Z,1783785016475,213292,first_a_sqs_sent_timestamp,23037,91,ok,
reaction-20260711T154617.431287445Z,baseline-c100,2026-07-11T15:50:17.448Z,1783785017448,214263,first_a_sqs_sent_timestamp,23190,86,ok,
reaction-20260711T154617.431287445Z,fair-c100,2026-07-11T15:50:17.476Z,1783785017476,214293,first_a_sqs_sent_timestamp,23037,95,ok,
reaction-20260711T154617.431287445Z,baseline-c100,2026-07-11T15:50:18.447Z,1783785018447,215262,first_a_sqs_sent_timestamp,22884,98,ok,
reaction-20260711T154617.431287445Z,fair-c100,2026-07-11T15:50:18.474Z,1783785018474,215291,first_a_sqs_sent_timestamp,22968,89,ok,
reaction-20260711T154617.431287445Z,baseline-c100,2026-07-11T15:50:19.448Z,1783785019448,216263,first_a_sqs_sent_timestamp,22976,96,ok,
reaction-20260711T154617.431287445Z,fair-c100,2026-07-11T15:50:19.475Z,1783785019475,216292,first_a_sqs_sent_timestamp,22968,93,ok,
reaction-20260711T154617.431287445Z,baseline-c100,2026-07-11T15:50:20.447Z,1783785020447,217262,first_a_sqs_sent_timestamp,22710,87,ok,
reaction-20260711T154617.431287445Z,fair-c100,2026-07-11T15:50:20.475Z,1783785020475,217292,first_a_sqs_sent_timestamp,23138,104,ok,
reaction-20260711T154617.431287445Z,baseline-c100,2026-07-11T15:50:21.448Z,1783785021448,218263,first_a_sqs_sent_timestamp,22956,86,ok,
reaction-20260711T154617.431287445Z,fair-c100,2026-07-11T15:50:21.476Z,1783785021476,218293,first_a_sqs_sent_timestamp,22777,96,ok,
reaction-20260711T154617.431287445Z,baseline-c100,2026-07-11T15:50:22.447Z,1783785022447,219262,first_a_sqs_sent_timestamp,22883,96,ok,
reaction-20260711T154617.431287445Z,fair-c100,2026-07-11T15:50:22.474Z,1783785022474,219291,first_a_sqs_sent_timestamp,23060,90,ok,
reaction-20260711T154617.431287445Z,baseline-c100,2026-07-11T15:50:23.471Z,1783785023471,220286,first_a_sqs_sent_timestamp,22877,101,ok,
reaction-20260711T154617.431287445Z,fair-c100,2026-07-11T15:50:23.5Z,1783785023500,220317,first_a_sqs_sent_timestamp,23039,93,ok,
reaction-20260711T154617.431287445Z,baseline-c100,2026-07-11T15:50:24.467Z,1783785024467,221282,first_a_sqs_sent_timestamp,22602,90,ok,
reaction-20260711T154617.431287445Z,fair-c100,2026-07-11T15:50:24.494Z,1783785024494,221311,first_a_sqs_sent_timestamp,22710,85,ok,
reaction-20260711T154617.431287445Z,baseline-c100,2026-07-11T15:50:25.448Z,1783785025448,222263,first_a_sqs_sent_timestamp,22775,96,ok,
reaction-20260711T154617.431287445Z,fair-c100,2026-07-11T15:50:25.473Z,1783785025473,222290,first_a_sqs_sent_timestamp,22709,85,ok,
reaction-20260711T154617.431287445Z,baseline-c100,2026-07-11T15:50:26.468Z,1783785026468,223283,first_a_sqs_sent_timestamp,23130,85,ok,
reaction-20260711T154617.431287445Z,fair-c100,2026-07-11T15:50:26.497Z,1783785026497,223314,first_a_sqs_sent_timestamp,23735,83,ok,
reaction-20260711T154617.431287445Z,baseline-c100,2026-07-11T15:50:27.457Z,1783785027457,224272,first_a_sqs_sent_timestamp,22491,97,ok,
reaction-20260711T154617.431287445Z,fair-c100,2026-07-11T15:50:27.486Z,1783785027486,224303,first_a_sqs_sent_timestamp,22971,91,ok,
reaction-20260711T154617.431287445Z,baseline-c100,2026-07-11T15:50:28.449Z,1783785028449,225264,first_a_sqs_sent_timestamp,22603,87,ok,
reaction-20260711T154617.431287445Z,fair-c100,2026-07-11T15:50:28.476Z,1783785028476,225293,first_a_sqs_sent_timestamp,22774,93,ok,
reaction-20260711T154617.431287445Z,baseline-c100,2026-07-11T15:50:29.447Z,1783785029447,226262,first_a_sqs_sent_timestamp,22492,95,ok,
reaction-20260711T154617.431287445Z,fair-c100,2026-07-11T15:50:29.473Z,1783785029473,226290,first_a_sqs_sent_timestamp,22590,77,ok,
reaction-20260711T154617.431287445Z,baseline-c100,2026-07-11T15:50:30.449Z,1783785030449,227264,first_a_sqs_sent_timestamp,22393,91,ok,
reaction-20260711T154617.431287445Z,fair-c100,2026-07-11T15:50:30.476Z,1783785030476,227293,first_a_sqs_sent_timestamp,22712,88,ok,
reaction-20260711T154617.431287445Z,baseline-c100,2026-07-11T15:50:31.447Z,1783785031447,228262,first_a_sqs_sent_timestamp,22708,89,ok,
reaction-20260711T154617.431287445Z,fair-c100,2026-07-11T15:50:31.475Z,1783785031475,228292,first_a_sqs_sent_timestamp,22551,83,ok,
reaction-20260711T154617.431287445Z,baseline-c100,2026-07-11T15:50:32.449Z,1783785032449,229264,first_a_sqs_sent_timestamp,22566,92,ok,
reaction-20260711T154617.431287445Z,fair-c100,2026-07-11T15:50:32.484Z,1783785032484,229301,first_a_sqs_sent_timestamp,22591,75,ok,
reaction-20260711T154617.431287445Z,baseline-c100,2026-07-11T15:50:33.465Z,1783785033465,230280,first_a_sqs_sent_timestamp,22635,91,ok,
reaction-20260711T154617.431287445Z,fair-c100,2026-07-11T15:50:33.493Z,1783785033493,230310,first_a_sqs_sent_timestamp,22684,72,ok,
reaction-20260711T154617.431287445Z,baseline-c100,2026-07-11T15:50:34.457Z,1783785034457,231272,first_a_sqs_sent_timestamp,22394,93,ok,
reaction-20260711T154617.431287445Z,fair-c100,2026-07-11T15:50:34.487Z,1783785034487,231304,first_a_sqs_sent_timestamp,22347,92,ok,
reaction-20260711T154617.431287445Z,baseline-c100,2026-07-11T15:50:35.447Z,1783785035447,232262,first_a_sqs_sent_timestamp,22295,67,ok,
reaction-20260711T154617.431287445Z,fair-c100,2026-07-11T15:50:35.474Z,1783785035474,232291,first_a_sqs_sent_timestamp,23769,95,ok,
reaction-20260711T154617.431287445Z,baseline-c100,2026-07-11T15:50:36.468Z,1783785036468,233283,first_a_sqs_sent_timestamp,22296,67,ok,
reaction-20260711T154617.431287445Z,fair-c100,2026-07-11T15:50:36.499Z,1783785036499,233316,first_a_sqs_sent_timestamp,22444,101,ok,
reaction-20260711T154617.431287445Z,baseline-c100,2026-07-11T15:50:37.445Z,1783785037445,234260,first_a_sqs_sent_timestamp,22224,97,ok,
reaction-20260711T154617.431287445Z,fair-c100,2026-07-11T15:50:37.477Z,1783785037477,234294,first_a_sqs_sent_timestamp,22346,90,ok,
reaction-20260711T154617.431287445Z,baseline-c100,2026-07-11T15:50:38.449Z,1783785038449,235264,first_a_sqs_sent_timestamp,22257,104,ok,
reaction-20260711T154617.431287445Z,fair-c100,2026-07-11T15:50:38.48Z,1783785038480,235297,first_a_sqs_sent_timestamp,22553,82,ok,
reaction-20260711T154617.431287445Z,baseline-c100,2026-07-11T15:50:39.449Z,1783785039449,236264,first_a_sqs_sent_timestamp,22494,90,ok,
reaction-20260711T154617.431287445Z,fair-c100,2026-07-11T15:50:39.475Z,1783785039475,236292,first_a_sqs_sent_timestamp,22229,94,ok,
reaction-20260711T154617.431287445Z,baseline-c100,2026-07-11T15:50:40.45Z,1783785040450,237265,first_a_sqs_sent_timestamp,22115,92,ok,
reaction-20260711T154617.431287445Z,fair-c100,2026-07-11T15:50:40.479Z,1783785040479,237296,first_a_sqs_sent_timestamp,22278,92,ok,
reaction-20260711T154617.431287445Z,baseline-c100,2026-07-11T15:50:41.448Z,1783785041448,238263,first_a_sqs_sent_timestamp,22222,98,ok,
reaction-20260711T154617.431287445Z,fair-c100,2026-07-11T15:50:41.479Z,1783785041479,238296,first_a_sqs_sent_timestamp,22099,103,ok,
reaction-20260711T154617.431287445Z,baseline-c100,2026-07-11T15:50:42.448Z,1783785042448,239263,first_a_sqs_sent_timestamp,22042,97,ok,
reaction-20260711T154617.431287445Z,fair-c100,2026-07-11T15:50:42.477Z,1783785042477,239294,first_a_sqs_sent_timestamp,22369,93,ok,
reaction-20260711T154617.431287445Z,baseline-c100,2026-07-11T15:50:43.448Z,1783785043448,240263,first_a_sqs_sent_timestamp,22461,85,ok,
reaction-20260711T154617.431287445Z,fair-c100,2026-07-11T15:50:43.476Z,1783785043476,240293,first_a_sqs_sent_timestamp,22180,71,ok,
reaction-20260711T154617.431287445Z,baseline-c100,2026-07-11T15:50:44.449Z,1783785044449,241264,first_a_sqs_sent_timestamp,22041,100,ok,
reaction-20260711T154617.431287445Z,fair-c100,2026-07-11T15:50:44.476Z,1783785044476,241293,first_a_sqs_sent_timestamp,22101,99,ok,
reaction-20260711T154617.431287445Z,baseline-c100,2026-07-11T15:50:45.471Z,1783785045471,242286,first_a_sqs_sent_timestamp,22190,93,ok,
reaction-20260711T154617.431287445Z,fair-c100,2026-07-11T15:50:45.5Z,1783785045500,242317,first_a_sqs_sent_timestamp,22179,71,ok,
reaction-20260711T154617.431287445Z,baseline-c100,2026-07-11T15:50:46.448Z,1783785046448,243263,first_a_sqs_sent_timestamp,21857,83,ok,
reaction-20260711T154617.431287445Z,fair-c100,2026-07-11T15:50:46.475Z,1783785046475,243292,first_a_sqs_sent_timestamp,22099,103,ok,
reaction-20260711T154617.431287445Z,baseline-c100,2026-07-11T15:50:47.472Z,1783785047472,244287,first_a_sqs_sent_timestamp,21878,95,ok,
reaction-20260711T154617.431287445Z,fair-c100,2026-07-11T15:50:47.5Z,1783785047500,244317,first_a_sqs_sent_timestamp,22350,84,ok,
reaction-20260711T154617.431287445Z,baseline-c100,2026-07-11T15:50:48.448Z,1783785048448,245263,first_a_sqs_sent_timestamp,22115,90,ok,
reaction-20260711T154617.431287445Z,fair-c100,2026-07-11T15:50:48.474Z,1783785048474,245291,first_a_sqs_sent_timestamp,22229,92,ok,
reaction-20260711T154617.431287445Z,baseline-c100,2026-07-11T15:50:49.447Z,1783785049447,246262,first_a_sqs_sent_timestamp,21798,100,ok,
reaction-20260711T154617.431287445Z,fair-c100,2026-07-11T15:50:49.477Z,1783785049477,246294,first_a_sqs_sent_timestamp,22025,100,ok,
reaction-20260711T154617.431287445Z,baseline-c100,2026-07-11T15:50:50.449Z,1783785050449,247264,first_a_sqs_sent_timestamp,21955,95,ok,
reaction-20260711T154617.431287445Z,fair-c100,2026-07-11T15:50:50.476Z,1783785050476,247293,first_a_sqs_sent_timestamp,21866,94,ok,
reaction-20260711T154617.431287445Z,baseline-c100,2026-07-11T15:50:51.448Z,1783785051448,248263,first_a_sqs_sent_timestamp,21800,105,ok,
reaction-20260711T154617.431287445Z,fair-c100,2026-07-11T15:50:51.474Z,1783785051474,248291,first_a_sqs_sent_timestamp,21885,93,ok,
reaction-20260711T154617.431287445Z,baseline-c100,2026-07-11T15:50:52.448Z,1783785052448,249263,first_a_sqs_sent_timestamp,22031,81,ok,
reaction-20260711T154617.431287445Z,fair-c100,2026-07-11T15:50:52.476Z,1783785052476,249293,first_a_sqs_sent_timestamp,21942,68,ok,
reaction-20260711T154617.431287445Z,baseline-c100,2026-07-11T15:50:53.458Z,1783785053458,250273,first_a_sqs_sent_timestamp,21718,84,ok,
reaction-20260711T154617.431287445Z,fair-c100,2026-07-11T15:50:53.485Z,1783785053485,250302,first_a_sqs_sent_timestamp,21885,93,ok,
reaction-20260711T154617.431287445Z,baseline-c100,2026-07-11T15:50:54.469Z,1783785054469,251284,first_a_sqs_sent_timestamp,21856,81,ok,
reaction-20260711T154617.431287445Z,fair-c100,2026-07-11T15:50:54.497Z,1783785054497,251314,first_a_sqs_sent_timestamp,21843,67,ok,
reaction-20260711T154617.431287445Z,baseline-c100,2026-07-11T15:50:55.464Z,1783785055464,252279,first_a_sqs_sent_timestamp,21879,98,ok,
reaction-20260711T154617.431287445Z,fair-c100,2026-07-11T15:50:55.495Z,1783785055495,252312,first_a_sqs_sent_timestamp,21793,93,ok,
reaction-20260711T154617.431287445Z,baseline-c100,2026-07-11T15:50:56.45Z,1783785056450,253265,first_a_sqs_sent_timestamp,21642,100,ok,
reaction-20260711T154617.431287445Z,fair-c100,2026-07-11T15:50:56.476Z,1783785056476,253293,first_a_sqs_sent_timestamp,21601,74,ok,
reaction-20260711T154617.431287445Z,baseline-c100,2026-07-11T15:50:57.467Z,1783785057467,254282,first_a_sqs_sent_timestamp,21567,95,ok,
reaction-20260711T154617.431287445Z,fair-c100,2026-07-11T15:50:57.495Z,1783785057495,254312,first_a_sqs_sent_timestamp,21600,79,ok,
reaction-20260711T154617.431287445Z,baseline-c100,2026-07-11T15:50:58.446Z,1783785058446,255261,first_a_sqs_sent_timestamp,21415,80,ok,
reaction-20260711T154617.431287445Z,fair-c100,2026-07-11T15:50:58.474Z,1783785058474,255291,first_a_sqs_sent_timestamp,21865,94,ok,
reaction-20260711T154617.431287445Z,baseline-c100,2026-07-11T15:50:59.45Z,1783785059450,256265,first_a_sqs_sent_timestamp,21621,84,ok,
reaction-20260711T154617.431287445Z,fair-c100,2026-07-11T15:50:59.479Z,1783785059479,256296,first_a_sqs_sent_timestamp,21652,98,ok,
reaction-20260711T154617.431287445Z,baseline-c100,2026-07-11T15:51:00.449Z,1783785060449,257264,first_a_sqs_sent_timestamp,21493,98,ok,
reaction-20260711T154617.431287445Z,fair-c100,2026-07-11T15:51:00.482Z,1783785060482,257299,first_a_sqs_sent_timestamp,21623,96,ok,
reaction-20260711T154617.431287445Z,baseline-c100,2026-07-11T15:51:01.465Z,1783785061465,258280,first_a_sqs_sent_timestamp,21718,86,ok,
reaction-20260711T154617.431287445Z,fair-c100,2026-07-11T15:51:01.491Z,1783785061491,258308,first_a_sqs_sent_timestamp,21600,78,ok,
reaction-20260711T154617.431287445Z,baseline-c100,2026-07-11T15:51:02.456Z,1783785062456,259271,first_a_sqs_sent_timestamp,21471,93,ok,
reaction-20260711T154617.431287445Z,fair-c100,2026-07-11T15:51:02.487Z,1783785062487,259304,first_a_sqs_sent_timestamp,21697,92,ok,
reaction-20260711T154617.431287445Z,baseline-c100,2026-07-11T15:51:03.449Z,1783785063449,260264,first_a_sqs_sent_timestamp,21415,76,ok,
reaction-20260711T154617.431287445Z,fair-c100,2026-07-11T15:51:03.476Z,1783785063476,260293,first_a_sqs_sent_timestamp,21361,82,ok,
reaction-20260711T154617.431287445Z,baseline-c100,2026-07-11T15:51:04.447Z,1783785064447,261262,first_a_sqs_sent_timestamp,21347,95,ok,
reaction-20260711T154617.431287445Z,fair-c100,2026-07-11T15:51:04.474Z,1783785064474,261291,first_a_sqs_sent_timestamp,21498,89,ok,
reaction-20260711T154617.431287445Z,baseline-c100,2026-07-11T15:51:05.465Z,1783785065465,262280,first_a_sqs_sent_timestamp,21457,62,ok,
reaction-20260711T154617.431287445Z,fair-c100,2026-07-11T15:51:05.493Z,1783785065493,262310,first_a_sqs_sent_timestamp,21389,88,ok,
reaction-20260711T154617.431287445Z,baseline-c100,2026-07-11T15:51:06.464Z,1783785066464,263279,first_a_sqs_sent_timestamp,21264,101,ok,
reaction-20260711T154617.431287445Z,fair-c100,2026-07-11T15:51:06.489Z,1783785066489,263306,first_a_sqs_sent_timestamp,21298,83,ok,
reaction-20260711T154617.431287445Z,baseline-c100,2026-07-11T15:51:07.447Z,1783785067447,264262,first_a_sqs_sent_timestamp,21207,78,ok,
reaction-20260711T154617.431287445Z,fair-c100,2026-07-11T15:51:07.476Z,1783785067476,264293,first_a_sqs_sent_timestamp,21223,95,ok,
reaction-20260711T154617.431287445Z,baseline-c100,2026-07-11T15:51:08.447Z,1783785068447,265262,first_a_sqs_sent_timestamp,21207,78,ok,
reaction-20260711T154617.431287445Z,fair-c100,2026-07-11T15:51:08.476Z,1783785068476,265293,first_a_sqs_sent_timestamp,21387,94,ok,
reaction-20260711T154617.431287445Z,baseline-c100,2026-07-11T15:51:09.449Z,1783785069449,266264,first_a_sqs_sent_timestamp,21143,85,ok,
reaction-20260711T154617.431287445Z,fair-c100,2026-07-11T15:51:09.475Z,1783785069475,266292,first_a_sqs_sent_timestamp,21293,86,ok,
reaction-20260711T154617.431287445Z,baseline-c100,2026-07-11T15:51:10.447Z,1783785070447,267262,first_a_sqs_sent_timestamp,21143,85,ok,
reaction-20260711T154617.431287445Z,fair-c100,2026-07-11T15:51:10.475Z,1783785070475,267292,first_a_sqs_sent_timestamp,21460,91,ok,
reaction-20260711T154617.431287445Z,baseline-c100,2026-07-11T15:51:11.448Z,1783785071448,268263,first_a_sqs_sent_timestamp,21208,76,ok,
reaction-20260711T154617.431287445Z,fair-c100,2026-07-11T15:51:11.478Z,1783785071478,268295,first_a_sqs_sent_timestamp,21362,76,ok,
reaction-20260711T154617.431287445Z,baseline-c100,2026-07-11T15:51:12.466Z,1783785072466,269281,first_a_sqs_sent_timestamp,21346,91,ok,
reaction-20260711T154617.431287445Z,fair-c100,2026-07-11T15:51:12.494Z,1783785072494,269311,first_a_sqs_sent_timestamp,21556,89,ok,
reaction-20260711T154617.431287445Z,baseline-c100,2026-07-11T15:51:13.465Z,1783785073465,270280,first_a_sqs_sent_timestamp,21142,88,ok,
reaction-20260711T154617.431287445Z,fair-c100,2026-07-11T15:51:13.495Z,1783785073495,270312,first_a_sqs_sent_timestamp,21294,86,ok,
reaction-20260711T154617.431287445Z,baseline-c100,2026-07-11T15:51:14.447Z,1783785074447,271262,first_a_sqs_sent_timestamp,21263,104,ok,
reaction-20260711T154617.431287445Z,fair-c100,2026-07-11T15:51:14.475Z,1783785074475,271292,first_a_sqs_sent_timestamp,21050,90,ok,
reaction-20260711T154617.431287445Z,baseline-c100,2026-07-11T15:51:15.45Z,1783785075450,272265,first_a_sqs_sent_timestamp,20905,61,ok,
reaction-20260711T154617.431287445Z,fair-c100,2026-07-11T15:51:15.479Z,1783785075479,272296,first_a_sqs_sent_timestamp,21049,98,ok,
reaction-20260711T154617.431287445Z,baseline-c100,2026-07-11T15:51:16.477Z,1783785076477,273292,first_a_sqs_sent_timestamp,20856,96,ok,
reaction-20260711T154617.431287445Z,fair-c100,2026-07-11T15:51:16.503Z,1783785076503,273320,first_a_sqs_sent_timestamp,21223,100,ok,
reaction-20260711T154617.431287445Z,baseline-c100,2026-07-11T15:51:17.466Z,1783785077466,274281,first_a_sqs_sent_timestamp,21311,92,ok,
reaction-20260711T154617.431287445Z,fair-c100,2026-07-11T15:51:17.491Z,1783785077491,274308,first_a_sqs_sent_timestamp,21076,92,ok,
reaction-20260711T154617.431287445Z,baseline-c100,2026-07-11T15:51:18.449Z,1783785078449,275264,first_a_sqs_sent_timestamp,20714,100,ok,
reaction-20260711T154617.431287445Z,fair-c100,2026-07-11T15:51:18.475Z,1783785078475,275292,first_a_sqs_sent_timestamp,20984,81,ok,
reaction-20260711T154617.431287445Z,baseline-c100,2026-07-11T15:51:19.446Z,1783785079446,276261,first_a_sqs_sent_timestamp,20716,102,ok,
reaction-20260711T154617.431287445Z,fair-c100,2026-07-11T15:51:19.472Z,1783785079472,276289,first_a_sqs_sent_timestamp,21009,86,ok,
reaction-20260711T154617.431287445Z,baseline-c100,2026-07-11T15:51:20.45Z,1783785080450,277265,first_a_sqs_sent_timestamp,20905,62,ok,
reaction-20260711T154617.431287445Z,fair-c100,2026-07-11T15:51:20.477Z,1783785080477,277294,first_a_sqs_sent_timestamp,20869,94,ok,
reaction-20260711T154617.431287445Z,baseline-c100,2026-07-11T15:51:21.449Z,1783785081449,278264,first_a_sqs_sent_timestamp,21244,87,ok,
reaction-20260711T154617.431287445Z,fair-c100,2026-07-11T15:51:21.476Z,1783785081476,278293,first_a_sqs_sent_timestamp,20766,86,ok,
reaction-20260711T154617.431287445Z,baseline-c100,2026-07-11T15:51:22.447Z,1783785082447,279262,first_a_sqs_sent_timestamp,20838,97,ok,
reaction-20260711T154617.431287445Z,fair-c100,2026-07-11T15:51:22.474Z,1783785082474,279291,first_a_sqs_sent_timestamp,20870,93,ok,
reaction-20260711T154617.431287445Z,baseline-c100,2026-07-11T15:51:23.503Z,1783785083503,280318,first_a_sqs_sent_timestamp,20857,94,ok,
reaction-20260711T154617.431287445Z,fair-c100,2026-07-11T15:51:23.53Z,1783785083530,280347,first_a_sqs_sent_timestamp,20766,86,ok,
reaction-20260711T154617.431287445Z,baseline-c100,2026-07-11T15:51:24.449Z,1783785084449,281264,first_a_sqs_sent_timestamp,20606,91,ok,
reaction-20260711T154617.431287445Z,fair-c100,2026-07-11T15:51:24.477Z,1783785084477,281294,first_a_sqs_sent_timestamp,21049,93,ok,
reaction-20260711T154617.431287445Z,baseline-c100,2026-07-11T15:51:25.467Z,1783785085467,282282,first_a_sqs_sent_timestamp,20622,89,ok,
reaction-20260711T154617.431287445Z,fair-c100,2026-07-11T15:51:25.492Z,1783785085492,282309,first_a_sqs_sent_timestamp,20831,97,ok,
reaction-20260711T154617.431287445Z,baseline-c100,2026-07-11T15:51:26.453Z,1783785086453,283268,first_a_sqs_sent_timestamp,20461,87,ok,
reaction-20260711T154617.431287445Z,fair-c100,2026-07-11T15:51:26.481Z,1783785086481,283298,first_a_sqs_sent_timestamp,20551,81,ok,
reaction-20260711T154617.431287445Z,baseline-c100,2026-07-11T15:51:27.465Z,1783785087465,284280,first_a_sqs_sent_timestamp,20545,95,ok,
reaction-20260711T154617.431287445Z,fair-c100,2026-07-11T15:51:27.496Z,1783785087496,284313,first_a_sqs_sent_timestamp,20670,102,ok,
reaction-20260711T154617.431287445Z,baseline-c100,2026-07-11T15:51:28.449Z,1783785088449,285264,first_a_sqs_sent_timestamp,20607,89,ok,
reaction-20260711T154617.431287445Z,fair-c100,2026-07-11T15:51:28.479Z,1783785088479,285296,first_a_sqs_sent_timestamp,21145,97,ok,
reaction-20260711T154617.431287445Z,baseline-c100,2026-07-11T15:51:29.45Z,1783785089450,286265,first_a_sqs_sent_timestamp,20461,85,ok,
reaction-20260711T154617.431287445Z,fair-c100,2026-07-11T15:51:29.478Z,1783785089478,286295,first_a_sqs_sent_timestamp,20489,87,ok,
reaction-20260711T154617.431287445Z,baseline-c100,2026-07-11T15:51:30.45Z,1783785090450,287265,first_a_sqs_sent_timestamp,20474,89,ok,
reaction-20260711T154617.431287445Z,fair-c100,2026-07-11T15:51:30.476Z,1783785090476,287293,first_a_sqs_sent_timestamp,20983,81,ok,
reaction-20260711T154617.431287445Z,baseline-c100,2026-07-11T15:51:31.449Z,1783785091449,288264,first_a_sqs_sent_timestamp,20290,93,ok,
reaction-20260711T154617.431287445Z,fair-c100,2026-07-11T15:51:31.478Z,1783785091478,288295,first_a_sqs_sent_timestamp,20550,83,ok,
reaction-20260711T154617.431287445Z,baseline-c100,2026-07-11T15:51:32.448Z,1783785092448,289263,first_a_sqs_sent_timestamp,20291,96,ok,
reaction-20260711T154617.431287445Z,fair-c100,2026-07-11T15:51:32.508Z,1783785092508,289325,first_a_sqs_sent_timestamp,20360,90,ok,
reaction-20260711T154617.431287445Z,baseline-c100,2026-07-11T15:51:33.448Z,1783785093448,290263,first_a_sqs_sent_timestamp,20365,103,ok,
reaction-20260711T154617.431287445Z,fair-c100,2026-07-11T15:51:33.474Z,1783785093474,290291,first_a_sqs_sent_timestamp,20377,97,ok,
reaction-20260711T154617.431287445Z,baseline-c100,2026-07-11T15:51:34.447Z,1783785094447,291262,first_a_sqs_sent_timestamp,20364,99,ok,
reaction-20260711T154617.431287445Z,fair-c100,2026-07-11T15:51:34.473Z,1783785094473,291290,first_a_sqs_sent_timestamp,20766,84,ok,
reaction-20260711T154617.431287445Z,baseline-c100,2026-07-11T15:51:35.449Z,1783785095449,292264,first_a_sqs_sent_timestamp,20462,87,ok,
reaction-20260711T154617.431287445Z,fair-c100,2026-07-11T15:51:35.476Z,1783785095476,292293,first_a_sqs_sent_timestamp,20451,88,ok,
reaction-20260711T154617.431287445Z,baseline-c100,2026-07-11T15:51:36.473Z,1783785096473,293288,first_a_sqs_sent_timestamp,20527,97,ok,
reaction-20260711T154617.431287445Z,fair-c100,2026-07-11T15:51:36.501Z,1783785096501,293318,first_a_sqs_sent_timestamp,20488,92,ok,
reaction-20260711T154617.431287445Z,baseline-c100,2026-07-11T15:51:37.47Z,1783785097470,294285,first_a_sqs_sent_timestamp,20169,74,ok,
reaction-20260711T154617.431287445Z,fair-c100,2026-07-11T15:51:37.496Z,1783785097496,294313,first_a_sqs_sent_timestamp,20193,80,ok,
reaction-20260711T154617.431287445Z,baseline-c100,2026-07-11T15:51:38.469Z,1783785098469,295284,first_a_sqs_sent_timestamp,20291,93,ok,
reaction-20260711T154617.431287445Z,fair-c100,2026-07-11T15:51:38.497Z,1783785098497,295314,first_a_sqs_sent_timestamp,20262,63,ok,
reaction-20260711T154617.431287445Z,baseline-c100,2026-07-11T15:51:39.463Z,1783785099463,296278,first_a_sqs_sent_timestamp,20102,81,ok,
reaction-20260711T154617.431287445Z,fair-c100,2026-07-11T15:51:39.493Z,1783785099493,296310,first_a_sqs_sent_timestamp,20377,98,ok,
reaction-20260711T154617.431287445Z,baseline-c100,2026-07-11T15:51:40.447Z,1783785100447,297262,first_a_sqs_sent_timestamp,20036,86,ok,
reaction-20260711T154617.431287445Z,fair-c100,2026-07-11T15:51:40.479Z,1783785100479,297296,first_a_sqs_sent_timestamp,20359,94,ok,
reaction-20260711T154617.431287445Z,baseline-c100,2026-07-11T15:51:41.448Z,1783785101448,298263,first_a_sqs_sent_timestamp,20129,95,ok,
reaction-20260711T154617.431287445Z,fair-c100,2026-07-11T15:51:41.475Z,1783785101475,298292,first_a_sqs_sent_timestamp,20048,94,ok,
reaction-20260711T154617.431287445Z,baseline-c100,2026-07-11T15:51:42.447Z,1783785102447,299262,first_a_sqs_sent_timestamp,20395,87,ok,
reaction-20260711T154617.431287445Z,fair-c100,2026-07-11T15:51:42.472Z,1783785102472,299289,first_a_sqs_sent_timestamp,20259,60,ok,
reaction-20260711T154617.431287445Z,baseline-c100,2026-07-11T15:51:43.449Z,1783785103449,300264,first_a_sqs_sent_timestamp,20715,99,ok,
reaction-20260711T154617.431287445Z,fair-c100,2026-07-11T15:51:43.478Z,1783785103478,300295,first_a_sqs_sent_timestamp,20316,81,ok,
reaction-20260711T154617.431287445Z,baseline-c100,2026-07-11T15:51:44.448Z,1783785104448,301263,first_a_sqs_sent_timestamp,20100,86,ok,
reaction-20260711T154617.431287445Z,fair-c100,2026-07-11T15:51:44.475Z,1783785104475,301292,first_a_sqs_sent_timestamp,20046,95,ok,
reaction-20260711T154617.431287445Z,baseline-c100,2026-07-11T15:51:45.449Z,1783785105449,302264,first_a_sqs_sent_timestamp,19920,85,ok,
reaction-20260711T154617.431287445Z,fair-c100,2026-07-11T15:51:45.479Z,1783785105479,302296,first_a_sqs_sent_timestamp,20049,97,ok,
reaction-20260711T154617.431287445Z,baseline-c100,2026-07-11T15:51:46.469Z,1783785106469,303284,first_a_sqs_sent_timestamp,19846,92,ok,
reaction-20260711T154617.431287445Z,fair-c100,2026-07-11T15:51:46.497Z,1783785106497,303314,first_a_sqs_sent_timestamp,19950,93,ok,
reaction-20260711T154617.431287445Z,baseline-c100,2026-07-11T15:51:47.468Z,1783785107468,304283,first_a_sqs_sent_timestamp,19845,93,ok,
reaction-20260711T154617.431287445Z,fair-c100,2026-07-11T15:51:47.495Z,1783785107495,304312,first_a_sqs_sent_timestamp,20193,81,ok,
reaction-20260711T154617.431287445Z,baseline-c100,2026-07-11T15:51:48.453Z,1783785108453,305268,first_a_sqs_sent_timestamp,20034,89,ok,
reaction-20260711T154617.431287445Z,fair-c100,2026-07-11T15:51:48.482Z,1783785108482,305299,first_a_sqs_sent_timestamp,19950,87,ok,
reaction-20260711T154617.431287445Z,baseline-c100,2026-07-11T15:51:49.448Z,1783785109448,306263,first_a_sqs_sent_timestamp,19923,85,ok,
reaction-20260711T154617.431287445Z,fair-c100,2026-07-11T15:51:49.476Z,1783785109476,306293,first_a_sqs_sent_timestamp,19966,102,ok,
reaction-20260711T154617.431287445Z,baseline-c100,2026-07-11T15:51:50.468Z,1783785110468,307283,first_a_sqs_sent_timestamp,19895,97,ok,
reaction-20260711T154617.431287445Z,fair-c100,2026-07-11T15:51:50.496Z,1783785110496,307313,first_a_sqs_sent_timestamp,19726,91,ok,
reaction-20260711T154617.431287445Z,baseline-c100,2026-07-11T15:51:51.452Z,1783785111452,308267,first_a_sqs_sent_timestamp,19651,91,ok,
reaction-20260711T154617.431287445Z,fair-c100,2026-07-11T15:51:51.477Z,1783785111477,308294,first_a_sqs_sent_timestamp,19799,96,ok,
reaction-20260711T154617.431287445Z,baseline-c100,2026-07-11T15:51:52.451Z,1783785112451,309266,first_a_sqs_sent_timestamp,19607,91,ok,
reaction-20260711T154617.431287445Z,fair-c100,2026-07-11T15:51:52.479Z,1783785112479,309296,first_a_sqs_sent_timestamp,20213,92,ok,
reaction-20260711T154617.431287445Z,baseline-c100,2026-07-11T15:51:53.452Z,1783785113452,310267,first_a_sqs_sent_timestamp,19673,95,ok,
reaction-20260711T154617.431287445Z,fair-c100,2026-07-11T15:51:53.481Z,1783785113481,310298,first_a_sqs_sent_timestamp,19767,97,ok,
reaction-20260711T154617.431287445Z,baseline-c100,2026-07-11T15:51:54.448Z,1783785114448,311263,first_a_sqs_sent_timestamp,19849,94,ok,
reaction-20260711T154617.431287445Z,fair-c100,2026-07-11T15:51:54.476Z,1783785114476,311293,first_a_sqs_sent_timestamp,19725,90,ok,
reaction-20260711T154617.431287445Z,baseline-c100,2026-07-11T15:51:55.449Z,1783785115449,312264,first_a_sqs_sent_timestamp,20168,72,ok,
reaction-20260711T154617.431287445Z,fair-c100,2026-07-11T15:51:55.477Z,1783785115477,312294,first_a_sqs_sent_timestamp,19616,92,ok,
reaction-20260711T154617.431287445Z,baseline-c100,2026-07-11T15:51:56.448Z,1783785116448,313263,first_a_sqs_sent_timestamp,19829,85,ok,
reaction-20260711T154617.431287445Z,fair-c100,2026-07-11T15:51:56.473Z,1783785116473,313290,first_a_sqs_sent_timestamp,20046,96,ok,
reaction-20260711T154617.431287445Z,baseline-c100,2026-07-11T15:51:57.447Z,1783785117447,314262,first_a_sqs_sent_timestamp,19437,94,ok,
reaction-20260711T154617.431287445Z,fair-c100,2026-07-11T15:51:57.474Z,1783785117474,314291,first_a_sqs_sent_timestamp,19798,97,ok,
reaction-20260711T154617.431287445Z,baseline-c100,2026-07-11T15:51:58.493Z,1783785118493,315308,first_a_sqs_sent_timestamp,19455,94,ok,
reaction-20260711T154617.431287445Z,fair-c100,2026-07-11T15:51:58.52Z,1783785118520,315337,first_a_sqs_sent_timestamp,19725,91,ok,
reaction-20260711T154617.431287445Z,baseline-c100,2026-07-11T15:51:59.447Z,1783785119447,316262,first_a_sqs_sent_timestamp,19398,79,ok,
reaction-20260711T154617.431287445Z,fair-c100,2026-07-11T15:51:59.477Z,1783785119477,316294,first_a_sqs_sent_timestamp,19765,92,ok,
reaction-20260711T154617.431287445Z,baseline-c100,2026-07-11T15:52:00.45Z,1783785120450,317265,first_a_sqs_sent_timestamp,19435,96,ok,
reaction-20260711T154617.431287445Z,fair-c100,2026-07-11T15:52:00.478Z,1783785120478,317295,first_a_sqs_sent_timestamp,19484,87,ok,
reaction-20260711T154617.431287445Z,baseline-c100,2026-07-11T15:52:01.449Z,1783785121449,318264,first_a_sqs_sent_timestamp,19605,90,ok,
reaction-20260711T154617.431287445Z,fair-c100,2026-07-11T15:52:01.474Z,1783785121474,318291,first_a_sqs_sent_timestamp,20083,72,ok,
reaction-20260711T154617.431287445Z,baseline-c100,2026-07-11T15:52:02.448Z,1783785122448,319263,first_a_sqs_sent_timestamp,19397,81,ok,
reaction-20260711T154617.431287445Z,fair-c100,2026-07-11T15:52:02.475Z,1783785122475,319292,first_a_sqs_sent_timestamp,19366,91,ok,
reaction-20260711T154617.431287445Z,baseline-c100,2026-07-11T15:52:03.452Z,1783785123452,320267,first_a_sqs_sent_timestamp,19224,87,ok,
reaction-20260711T154617.431287445Z,fair-c100,2026-07-11T15:52:03.48Z,1783785123480,320297,first_a_sqs_sent_timestamp,19617,98,ok,
reaction-20260711T154617.431287445Z,baseline-c100,2026-07-11T15:52:04.446Z,1783785124446,321261,first_a_sqs_sent_timestamp,19434,97,ok,
reaction-20260711T154617.431287445Z,fair-c100,2026-07-11T15:52:04.471Z,1783785124471,321288,first_a_sqs_sent_timestamp,19408,101,ok,
reaction-20260711T154617.431287445Z,baseline-c100,2026-07-11T15:52:05.451Z,1783785125451,322266,first_a_sqs_sent_timestamp,19121,94,ok,
reaction-20260711T154617.431287445Z,fair-c100,2026-07-11T15:52:05.476Z,1783785125476,322293,first_a_sqs_sent_timestamp,19298,85,ok,
reaction-20260711T154617.431287445Z,baseline-c100,2026-07-11T15:52:06.448Z,1783785126448,323263,first_a_sqs_sent_timestamp,19061,91,ok,
reaction-20260711T154617.431287445Z,fair-c100,2026-07-11T15:52:06.474Z,1783785126474,323291,first_a_sqs_sent_timestamp,19298,90,ok,
reaction-20260711T154617.431287445Z,baseline-c100,2026-07-11T15:52:07.447Z,1783785127447,324262,first_a_sqs_sent_timestamp,19675,102,ok,
reaction-20260711T154617.431287445Z,fair-c100,2026-07-11T15:52:07.472Z,1783785127472,324289,first_a_sqs_sent_timestamp,19300,87,ok,
reaction-20260711T154617.431287445Z,baseline-c100,2026-07-11T15:52:08.458Z,1783785128458,325273,first_a_sqs_sent_timestamp,19456,96,ok,
reaction-20260711T154617.431287445Z,fair-c100,2026-07-11T15:52:08.484Z,1783785128484,325301,first_a_sqs_sent_timestamp,19368,95,ok,
reaction-20260711T154617.431287445Z,baseline-c100,2026-07-11T15:52:09.447Z,1783785129447,326262,first_a_sqs_sent_timestamp,19061,94,ok,
reaction-20260711T154617.431287445Z,fair-c100,2026-07-11T15:52:09.478Z,1783785129478,326295,first_a_sqs_sent_timestamp,19217,102,ok,
reaction-20260711T154617.431287445Z,baseline-c100,2026-07-11T15:52:10.446Z,1783785130446,327261,first_a_sqs_sent_timestamp,19191,102,ok,
reaction-20260711T154617.431287445Z,fair-c100,2026-07-11T15:52:10.471Z,1783785130471,327288,first_a_sqs_sent_timestamp,19048,102,ok,
reaction-20260711T154617.431287445Z,baseline-c100,2026-07-11T15:52:11.467Z,1783785131467,328282,first_a_sqs_sent_timestamp,19001,95,ok,
reaction-20260711T154617.431287445Z,fair-c100,2026-07-11T15:52:11.493Z,1783785131493,328310,first_a_sqs_sent_timestamp,19092,91,ok,
reaction-20260711T154617.431287445Z,baseline-c100,2026-07-11T15:52:12.446Z,1783785132446,329261,first_a_sqs_sent_timestamp,18978,88,ok,
reaction-20260711T154617.431287445Z,fair-c100,2026-07-11T15:52:12.472Z,1783785132472,329289,first_a_sqs_sent_timestamp,19047,97,ok,
reaction-20260711T154617.431287445Z,baseline-c100,2026-07-11T15:52:13.447Z,1783785133447,330262,first_a_sqs_sent_timestamp,19001,96,ok,
reaction-20260711T154617.431287445Z,fair-c100,2026-07-11T15:52:13.472Z,1783785133472,330289,first_a_sqs_sent_timestamp,19437,99,ok,
reaction-20260711T154617.431287445Z,baseline-c100,2026-07-11T15:52:14.448Z,1783785134448,331263,first_a_sqs_sent_timestamp,18801,90,ok,
reaction-20260711T154617.431287445Z,fair-c100,2026-07-11T15:52:14.473Z,1783785134473,331290,first_a_sqs_sent_timestamp,18872,90,ok,
reaction-20260711T154617.431287445Z,baseline-c100,2026-07-11T15:52:15.448Z,1783785135448,332263,first_a_sqs_sent_timestamp,18976,90,ok,
reaction-20260711T154617.431287445Z,fair-c100,2026-07-11T15:52:15.475Z,1783785135475,332292,first_a_sqs_sent_timestamp,19018,95,ok,
reaction-20260711T154617.431287445Z,baseline-c100,2026-07-11T15:52:16.45Z,1783785136450,333265,first_a_sqs_sent_timestamp,18912,85,ok,
reaction-20260711T154617.431287445Z,fair-c100,2026-07-11T15:52:16.474Z,1783785136474,333291,first_a_sqs_sent_timestamp,19195,81,ok,
reaction-20260711T154617.431287445Z,baseline-c100,2026-07-11T15:52:17.45Z,1783785137450,334265,first_a_sqs_sent_timestamp,18695,89,ok,
reaction-20260711T154617.431287445Z,fair-c100,2026-07-11T15:52:17.479Z,1783785137479,334296,first_a_sqs_sent_timestamp,19047,97,ok,
reaction-20260711T154617.431287445Z,baseline-c100,2026-07-11T15:52:18.447Z,1783785138447,335262,first_a_sqs_sent_timestamp,18800,90,ok,
reaction-20260711T154617.431287445Z,fair-c100,2026-07-11T15:52:18.475Z,1783785138475,335292,first_a_sqs_sent_timestamp,19487,86,ok,
reaction-20260711T154617.431287445Z,baseline-c100,2026-07-11T15:52:19.463Z,1783785139463,336278,first_a_sqs_sent_timestamp,19122,93,ok,
reaction-20260711T154617.431287445Z,fair-c100,2026-07-11T15:52:19.491Z,1783785139491,336308,first_a_sqs_sent_timestamp,18780,99,ok,
reaction-20260711T154617.431287445Z,baseline-c100,2026-07-11T15:52:20.449Z,1783785140449,337264,first_a_sqs_sent_timestamp,18727,94,ok,
reaction-20260711T154617.431287445Z,fair-c100,2026-07-11T15:52:20.475Z,1783785140475,337292,first_a_sqs_sent_timestamp,18708,87,ok,
reaction-20260711T154617.431287445Z,baseline-c100,2026-07-11T15:52:21.475Z,1783785141475,338290,first_a_sqs_sent_timestamp,19225,88,ok,
reaction-20260711T154617.431287445Z,fair-c100,2026-07-11T15:52:21.507Z,1783785141507,338324,first_a_sqs_sent_timestamp,18872,95,ok,
reaction-20260711T154617.431287445Z,baseline-c100,2026-07-11T15:52:22.467Z,1783785142467,339282,first_a_sqs_sent_timestamp,18693,92,ok,
reaction-20260711T154617.431287445Z,fair-c100,2026-07-11T15:52:22.533Z,1783785142533,339350,first_a_sqs_sent_timestamp,18809,88,ok,
reaction-20260711T154617.431287445Z,baseline-c100,2026-07-11T15:52:23.447Z,1783785143447,340262,first_a_sqs_sent_timestamp,18505,54,ok,
reaction-20260711T154617.431287445Z,fair-c100,2026-07-11T15:52:23.474Z,1783785143474,340291,first_a_sqs_sent_timestamp,18596,94,ok,
reaction-20260711T154617.431287445Z,baseline-c100,2026-07-11T15:52:24.449Z,1783785144449,341264,first_a_sqs_sent_timestamp,18800,92,ok,
reaction-20260711T154617.431287445Z,fair-c100,2026-07-11T15:52:24.474Z,1783785144474,341291,first_a_sqs_sent_timestamp,18783,90,ok,
reaction-20260711T154617.431287445Z,baseline-c100,2026-07-11T15:52:25.446Z,1783785145446,342261,first_a_sqs_sent_timestamp,18727,96,ok,
reaction-20260711T154617.431287445Z,fair-c100,2026-07-11T15:52:25.476Z,1783785145476,342293,first_a_sqs_sent_timestamp,18737,95,ok,
reaction-20260711T154617.431287445Z,baseline-c100,2026-07-11T15:52:26.446Z,1783785146446,343261,first_a_sqs_sent_timestamp,18526,85,ok,
reaction-20260711T154617.431287445Z,fair-c100,2026-07-11T15:52:26.474Z,1783785146474,343291,first_a_sqs_sent_timestamp,18597,91,ok,
reaction-20260711T154617.431287445Z,baseline-c100,2026-07-11T15:52:27.447Z,1783785147447,344262,first_a_sqs_sent_timestamp,18446,76,ok,
reaction-20260711T154617.431287445Z,fair-c100,2026-07-11T15:52:27.478Z,1783785147478,344295,first_a_sqs_sent_timestamp,18709,91,ok,
reaction-20260711T154617.431287445Z,baseline-c100,2026-07-11T15:52:28.446Z,1783785148446,345261,first_a_sqs_sent_timestamp,18409,80,ok,
reaction-20260711T154617.431287445Z,fair-c100,2026-07-11T15:52:28.472Z,1783785148472,345289,first_a_sqs_sent_timestamp,18401,91,ok,
reaction-20260711T154617.431287445Z,baseline-c100,2026-07-11T15:52:29.447Z,1783785149447,346262,first_a_sqs_sent_timestamp,18446,77,ok,
reaction-20260711T154617.431287445Z,fair-c100,2026-07-11T15:52:29.472Z,1783785149472,346289,first_a_sqs_sent_timestamp,18492,85,ok,
reaction-20260711T154617.431287445Z,baseline-c100,2026-07-11T15:52:30.448Z,1783785150448,347263,first_a_sqs_sent_timestamp,18527,85,ok,
reaction-20260711T154617.431287445Z,fair-c100,2026-07-11T15:52:30.473Z,1783785150473,347290,first_a_sqs_sent_timestamp,18472,89,ok,
reaction-20260711T154617.431287445Z,baseline-c100,2026-07-11T15:52:31.448Z,1783785151448,348263,first_a_sqs_sent_timestamp,18449,72,ok,
reaction-20260711T154617.431287445Z,fair-c100,2026-07-11T15:52:31.477Z,1783785151477,348294,first_a_sqs_sent_timestamp,18561,104,ok,
reaction-20260711T154617.431287445Z,baseline-c100,2026-07-11T15:52:32.467Z,1783785152467,349282,first_a_sqs_sent_timestamp,18252,70,ok,
reaction-20260711T154617.431287445Z,fair-c100,2026-07-11T15:52:32.495Z,1783785152495,349312,first_a_sqs_sent_timestamp,18476,96,ok,
reaction-20260711T154617.431287445Z,baseline-c100,2026-07-11T15:52:33.448Z,1783785153448,350263,first_a_sqs_sent_timestamp,18590,91,ok,
reaction-20260711T154617.431287445Z,fair-c100,2026-07-11T15:52:33.476Z,1783785153476,350293,first_a_sqs_sent_timestamp,18249,94,ok,
reaction-20260711T154617.431287445Z,baseline-c100,2026-07-11T15:52:34.448Z,1783785154448,351263,first_a_sqs_sent_timestamp,18506,57,ok,
reaction-20260711T154617.431287445Z,fair-c100,2026-07-11T15:52:34.477Z,1783785154477,351294,first_a_sqs_sent_timestamp,18401,96,ok,
reaction-20260711T154617.431287445Z,baseline-c100,2026-07-11T15:52:35.45Z,1783785155450,352265,first_a_sqs_sent_timestamp,18209,66,ok,
reaction-20260711T154617.431287445Z,fair-c100,2026-07-11T15:52:35.48Z,1783785155480,352297,first_a_sqs_sent_timestamp,18490,88,ok,
reaction-20260711T154617.431287445Z,baseline-c100,2026-07-11T15:52:36.449Z,1783785156449,353264,first_a_sqs_sent_timestamp,18252,70,ok,
reaction-20260711T154617.431287445Z,fair-c100,2026-07-11T15:52:36.483Z,1783785156483,353300,first_a_sqs_sent_timestamp,18102,94,ok,
reaction-20260711T154617.431287445Z,baseline-c100,2026-07-11T15:52:37.449Z,1783785157449,354264,first_a_sqs_sent_timestamp,18161,81,ok,
reaction-20260711T154617.431287445Z,fair-c100,2026-07-11T15:52:37.475Z,1783785157475,354292,first_a_sqs_sent_timestamp,19092,87,ok,
reaction-20260711T154617.431287445Z,baseline-c100,2026-07-11T15:52:38.474Z,1783785158474,355289,first_a_sqs_sent_timestamp,18409,76,ok,
reaction-20260711T154617.431287445Z,fair-c100,2026-07-11T15:52:38.501Z,1783785158501,355318,first_a_sqs_sent_timestamp,18026,102,ok,
reaction-20260711T154617.431287445Z,baseline-c100,2026-07-11T15:52:39.448Z,1783785159448,356263,first_a_sqs_sent_timestamp,18282,73,ok,
reaction-20260711T154617.431287445Z,fair-c100,2026-07-11T15:52:39.476Z,1783785159476,356293,first_a_sqs_sent_timestamp,18249,94,ok,
reaction-20260711T154617.431287445Z,baseline-c100,2026-07-11T15:52:40.456Z,1783785160456,357271,first_a_sqs_sent_timestamp,18161,81,ok,
reaction-20260711T154617.431287445Z,fair-c100,2026-07-11T15:52:40.486Z,1783785160486,357303,first_a_sqs_sent_timestamp,18595,93,ok,
reaction-20260711T154617.431287445Z,baseline-c100,2026-07-11T15:52:41.448Z,1783785161448,358263,first_a_sqs_sent_timestamp,18208,68,ok,
reaction-20260711T154617.431287445Z,fair-c100,2026-07-11T15:52:41.48Z,1783785161480,358297,first_a_sqs_sent_timestamp,18149,90,ok,
reaction-20260711T154617.431287445Z,baseline-c100,2026-07-11T15:52:42.452Z,1783785162452,359267,first_a_sqs_sent_timestamp,18060,70,ok,
reaction-20260711T154617.431287445Z,fair-c100,2026-07-11T15:52:42.479Z,1783785162479,359296,first_a_sqs_sent_timestamp,18025,98,ok,
reaction-20260711T154617.431287445Z,baseline-c100,2026-07-11T15:52:43.457Z,1783785163457,360272,first_a_sqs_sent_timestamp,18015,63,ok,
reaction-20260711T154617.431287445Z,fair-c100,2026-07-11T15:52:43.486Z,1783785163486,360303,first_a_sqs_sent_timestamp,18101,98,ok,
reaction-20260711T154617.431287445Z,baseline-c100,2026-07-11T15:52:44.448Z,1783785164448,361263,first_a_sqs_sent_timestamp,18059,71,ok,
reaction-20260711T154617.431287445Z,fair-c100,2026-07-11T15:52:44.475Z,1783785164475,361292,first_a_sqs_sent_timestamp,17927,93,ok,
reaction-20260711T154617.431287445Z,baseline-c100,2026-07-11T15:52:45.447Z,1783785165447,362262,first_a_sqs_sent_timestamp,18576,70,ok,
reaction-20260711T154617.431287445Z,fair-c100,2026-07-11T15:52:45.474Z,1783785165474,362291,first_a_sqs_sent_timestamp,18218,77,ok,
reaction-20260711T154617.431287445Z,baseline-c100,2026-07-11T15:52:46.448Z,1783785166448,363263,first_a_sqs_sent_timestamp,18042,70,ok,
reaction-20260711T154617.431287445Z,fair-c100,2026-07-11T15:52:46.476Z,1783785166476,363293,first_a_sqs_sent_timestamp,17821,96,ok,
reaction-20260711T154617.431287445Z,baseline-c100,2026-07-11T15:52:47.45Z,1783785167450,364265,first_a_sqs_sent_timestamp,18015,59,ok,
reaction-20260711T154617.431287445Z,fair-c100,2026-07-11T15:52:47.476Z,1783785167476,364293,first_a_sqs_sent_timestamp,17929,89,ok,
reaction-20260711T154617.431287445Z,baseline-c100,2026-07-11T15:52:48.448Z,1783785168448,365263,first_a_sqs_sent_timestamp,17821,66,ok,
reaction-20260711T154617.431287445Z,fair-c100,2026-07-11T15:52:48.481Z,1783785168481,365298,first_a_sqs_sent_timestamp,17694,100,ok,
reaction-20260711T154617.431287445Z,baseline-c100,2026-07-11T15:52:49.46Z,1783785169460,366275,first_a_sqs_sent_timestamp,18253,69,ok,
reaction-20260711T154617.431287445Z,fair-c100,2026-07-11T15:52:49.49Z,1783785169490,366307,first_a_sqs_sent_timestamp,17867,86,ok,
reaction-20260711T154617.431287445Z,baseline-c100,2026-07-11T15:52:50.447Z,1783785170447,367262,first_a_sqs_sent_timestamp,17860,72,ok,
reaction-20260711T154617.431287445Z,fair-c100,2026-07-11T15:52:50.475Z,1783785170475,367292,first_a_sqs_sent_timestamp,17953,90,ok,
reaction-20260711T154617.431287445Z,baseline-c100,2026-07-11T15:52:51.447Z,1783785171447,368262,first_a_sqs_sent_timestamp,17859,68,ok,
reaction-20260711T154617.431287445Z,fair-c100,2026-07-11T15:52:51.473Z,1783785171473,368290,first_a_sqs_sent_timestamp,17628,83,ok,
reaction-20260711T154617.431287445Z,baseline-c100,2026-07-11T15:52:52.447Z,1783785172447,369262,first_a_sqs_sent_timestamp,17771,72,ok,
reaction-20260711T154617.431287445Z,fair-c100,2026-07-11T15:52:52.474Z,1783785172474,369291,first_a_sqs_sent_timestamp,17696,92,ok,
reaction-20260711T154617.431287445Z,baseline-c100,2026-07-11T15:52:53.464Z,1783785173464,370279,first_a_sqs_sent_timestamp,17983,81,ok,
reaction-20260711T154617.431287445Z,fair-c100,2026-07-11T15:52:53.497Z,1783785173497,370314,first_a_sqs_sent_timestamp,17694,94,ok,
reaction-20260711T154617.431287445Z,baseline-c100,2026-07-11T15:52:54.468Z,1783785174468,371283,first_a_sqs_sent_timestamp,17771,71,ok,
reaction-20260711T154617.431287445Z,fair-c100,2026-07-11T15:52:54.5Z,1783785174500,371317,first_a_sqs_sent_timestamp,17817,103,ok,
reaction-20260711T154617.431287445Z,baseline-c100,2026-07-11T15:52:55.446Z,1783785175446,372261,first_a_sqs_sent_timestamp,17671,68,ok,
reaction-20260711T154617.431287445Z,fair-c100,2026-07-11T15:52:55.472Z,1783785175472,372289,first_a_sqs_sent_timestamp,17477,97,ok,
reaction-20260711T154617.431287445Z,baseline-c100,2026-07-11T15:52:56.447Z,1783785176447,373262,first_a_sqs_sent_timestamp,17672,67,ok,
reaction-20260711T154617.431287445Z,fair-c100,2026-07-11T15:52:56.472Z,1783785176472,373289,first_a_sqs_sent_timestamp,17447,101,ok,
reaction-20260711T154617.431287445Z,baseline-c100,2026-07-11T15:52:57.447Z,1783785177447,374262,first_a_sqs_sent_timestamp,17859,73,ok,
reaction-20260711T154617.431287445Z,fair-c100,2026-07-11T15:52:57.474Z,1783785177474,374291,first_a_sqs_sent_timestamp,17594,97,ok,
reaction-20260711T154617.431287445Z,baseline-c100,2026-07-11T15:52:58.449Z,1783785178449,375264,first_a_sqs_sent_timestamp,17645,68,ok,
reaction-20260711T154617.431287445Z,fair-c100,2026-07-11T15:52:58.474Z,1783785178474,375291,first_a_sqs_sent_timestamp,17628,89,ok,
reaction-20260711T154617.431287445Z,baseline-c100,2026-07-11T15:52:59.447Z,1783785179447,376262,first_a_sqs_sent_timestamp,17670,68,ok,
reaction-20260711T154617.431287445Z,fair-c100,2026-07-11T15:52:59.475Z,1783785179475,376292,first_a_sqs_sent_timestamp,17770,68,ok,
reaction-20260711T154617.431287445Z,baseline-c100,2026-07-11T15:53:00.445Z,1783785180445,377260,first_a_sqs_sent_timestamp,17572,77,ok,
reaction-20260711T154617.431287445Z,fair-c100,2026-07-11T15:53:00.471Z,1783785180471,377288,first_a_sqs_sent_timestamp,17478,96,ok,
reaction-20260711T154617.431287445Z,baseline-c100,2026-07-11T15:53:01.446Z,1783785181446,378261,first_a_sqs_sent_timestamp,17907,82,ok,
reaction-20260711T154617.431287445Z,fair-c100,2026-07-11T15:53:01.473Z,1783785181473,378290,first_a_sqs_sent_timestamp,17292,91,ok,
reaction-20260711T154617.431287445Z,baseline-c100,2026-07-11T15:53:02.446Z,1783785182446,379261,first_a_sqs_sent_timestamp,17822,67,ok,
reaction-20260711T154617.431287445Z,fair-c100,2026-07-11T15:53:02.474Z,1783785182474,379291,first_a_sqs_sent_timestamp,17248,90,ok,
reaction-20260711T154617.431287445Z,baseline-c100,2026-07-11T15:53:03.446Z,1783785183446,380261,first_a_sqs_sent_timestamp,17515,78,ok,
reaction-20260711T154617.431287445Z,fair-c100,2026-07-11T15:53:03.471Z,1783785183471,380288,first_a_sqs_sent_timestamp,17315,94,ok,
reaction-20260711T154617.431287445Z,baseline-c100,2026-07-11T15:53:04.466Z,1783785184466,381281,first_a_sqs_sent_timestamp,17439,79,ok,
reaction-20260711T154617.431287445Z,fair-c100,2026-07-11T15:53:04.492Z,1783785184492,381309,first_a_sqs_sent_timestamp,17291,93,ok,
reaction-20260711T154617.431287445Z,baseline-c100,2026-07-11T15:53:05.464Z,1783785185464,382279,first_a_sqs_sent_timestamp,17515,78,ok,
reaction-20260711T154617.431287445Z,fair-c100,2026-07-11T15:53:05.492Z,1783785185492,382309,first_a_sqs_sent_timestamp,17315,93,ok,
reaction-20260711T154617.431287445Z,baseline-c100,2026-07-11T15:53:06.448Z,1783785186448,383263,first_a_sqs_sent_timestamp,17440,78,ok,
reaction-20260711T154617.431287445Z,fair-c100,2026-07-11T15:53:06.476Z,1783785186476,383293,first_a_sqs_sent_timestamp,17073,80,ok,
reaction-20260711T154617.431287445Z,baseline-c100,2026-07-11T15:53:07.448Z,1783785187448,384263,first_a_sqs_sent_timestamp,17439,75,ok,
reaction-20260711T154617.431287445Z,fair-c100,2026-07-11T15:53:07.48Z,1783785187480,384297,first_a_sqs_sent_timestamp,17291,96,ok,
reaction-20260711T154617.431287445Z,baseline-c100,2026-07-11T15:53:08.448Z,1783785188448,385263,first_a_sqs_sent_timestamp,17440,80,ok,
reaction-20260711T154617.431287445Z,fair-c100,2026-07-11T15:53:08.478Z,1783785188478,385295,first_a_sqs_sent_timestamp,17895,81,ok,
reaction-20260711T154617.431287445Z,baseline-c100,2026-07-11T15:53:09.448Z,1783785189448,386263,first_a_sqs_sent_timestamp,17378,82,ok,
reaction-20260711T154617.431287445Z,fair-c100,2026-07-11T15:53:09.475Z,1783785189475,386292,first_a_sqs_sent_timestamp,17078,83,ok,
reaction-20260711T154617.431287445Z,baseline-c100,2026-07-11T15:53:10.448Z,1783785190448,387263,first_a_sqs_sent_timestamp,17574,75,ok,
reaction-20260711T154617.431287445Z,fair-c100,2026-07-11T15:53:10.476Z,1783785190476,387293,first_a_sqs_sent_timestamp,17366,78,ok,
reaction-20260711T154617.431287445Z,baseline-c100,2026-07-11T15:53:11.447Z,1783785191447,388262,first_a_sqs_sent_timestamp,17379,82,ok,
reaction-20260711T154617.431287445Z,fair-c100,2026-07-11T15:53:11.472Z,1783785191472,388289,first_a_sqs_sent_timestamp,16890,79,ok,
reaction-20260711T154617.431287445Z,baseline-c100,2026-07-11T15:53:12.447Z,1783785192447,389262,first_a_sqs_sent_timestamp,17221,78,ok,
reaction-20260711T154617.431287445Z,fair-c100,2026-07-11T15:53:12.474Z,1783785192474,389291,first_a_sqs_sent_timestamp,17071,83,ok,
reaction-20260711T154617.431287445Z,baseline-c100,2026-07-11T15:53:13.446Z,1783785193446,390261,first_a_sqs_sent_timestamp,17207,73,ok,
reaction-20260711T154617.431287445Z,fair-c100,2026-07-11T15:53:13.473Z,1783785193473,390290,first_a_sqs_sent_timestamp,16907,89,ok,
reaction-20260711T154617.431287445Z,baseline-c100,2026-07-11T15:53:14.449Z,1783785194449,391264,first_a_sqs_sent_timestamp,17372,64,ok,
reaction-20260711T154617.431287445Z,fair-c100,2026-07-11T15:53:14.476Z,1783785194476,391293,first_a_sqs_sent_timestamp,17447,99,ok,
reaction-20260711T154617.431287445Z,baseline-c100,2026-07-11T15:53:15.448Z,1783785195448,392263,first_a_sqs_sent_timestamp,17127,71,ok,
reaction-20260711T154617.431287445Z,fair-c100,2026-07-11T15:53:15.476Z,1783785195476,392293,first_a_sqs_sent_timestamp,16770,89,ok,
reaction-20260711T154617.431287445Z,baseline-c100,2026-07-11T15:53:16.467Z,1783785196467,393282,first_a_sqs_sent_timestamp,17207,74,ok,
reaction-20260711T154617.431287445Z,fair-c100,2026-07-11T15:53:16.496Z,1783785196496,393313,first_a_sqs_sent_timestamp,16999,104,ok,
reaction-20260711T154617.431287445Z,baseline-c100,2026-07-11T15:53:17.448Z,1783785197448,394263,first_a_sqs_sent_timestamp,17281,70,ok,
reaction-20260711T154617.431287445Z,fair-c100,2026-07-11T15:53:17.477Z,1783785197477,394294,first_a_sqs_sent_timestamp,16981,81,ok,
reaction-20260711T154617.431287445Z,baseline-c100,2026-07-11T15:53:18.449Z,1783785198449,395264,first_a_sqs_sent_timestamp,17065,74,ok,
reaction-20260711T154617.431287445Z,fair-c100,2026-07-11T15:53:18.476Z,1783785198476,395293,first_a_sqs_sent_timestamp,16908,91,ok,
reaction-20260711T154617.431287445Z,baseline-c100,2026-07-11T15:53:19.445Z,1783785199445,396260,first_a_sqs_sent_timestamp,17129,69,ok,
reaction-20260711T154617.431287445Z,fair-c100,2026-07-11T15:53:19.47Z,1783785199470,396287,first_a_sqs_sent_timestamp,16770,85,ok,
reaction-20260711T154617.431287445Z,baseline-c100,2026-07-11T15:53:20.447Z,1783785200447,397262,first_a_sqs_sent_timestamp,17222,74,ok,
reaction-20260711T154617.431287445Z,fair-c100,2026-07-11T15:53:20.474Z,1783785200474,397291,first_a_sqs_sent_timestamp,16834,95,ok,
reaction-20260711T154617.431287445Z,baseline-c100,2026-07-11T15:53:21.447Z,1783785201447,398262,first_a_sqs_sent_timestamp,17076,73,ok,
reaction-20260711T154617.431287445Z,fair-c100,2026-07-11T15:53:21.473Z,1783785201473,398290,first_a_sqs_sent_timestamp,16691,100,ok,
reaction-20260711T154617.431287445Z,baseline-c100,2026-07-11T15:53:22.451Z,1783785202451,399266,first_a_sqs_sent_timestamp,17076,75,ok,
reaction-20260711T154617.431287445Z,fair-c100,2026-07-11T15:53:22.477Z,1783785202477,399294,first_a_sqs_sent_timestamp,16614,102,ok,
reaction-20260711T154617.431287445Z,baseline-c100,2026-07-11T15:53:23.449Z,1783785203449,400264,first_a_sqs_sent_timestamp,16944,83,ok,
reaction-20260711T154617.431287445Z,fair-c100,2026-07-11T15:53:23.475Z,1783785203475,400292,first_a_sqs_sent_timestamp,16691,96,ok,
reaction-20260711T154617.431287445Z,baseline-c100,2026-07-11T15:53:24.462Z,1783785204462,401277,first_a_sqs_sent_timestamp,16942,84,ok,
reaction-20260711T154617.431287445Z,fair-c100,2026-07-11T15:53:24.489Z,1783785204489,401306,first_a_sqs_sent_timestamp,16770,83,ok,
reaction-20260711T154617.431287445Z,baseline-c100,2026-07-11T15:53:25.448Z,1783785205448,402263,first_a_sqs_sent_timestamp,17455,80,ok,
reaction-20260711T154617.431287445Z,fair-c100,2026-07-11T15:53:25.473Z,1783785205473,402290,first_a_sqs_sent_timestamp,16401,91,ok,
reaction-20260711T154617.431287445Z,baseline-c100,2026-07-11T15:53:26.467Z,1783785206467,403282,first_a_sqs_sent_timestamp,16751,77,ok,
reaction-20260711T154617.431287445Z,fair-c100,2026-07-11T15:53:26.496Z,1783785206496,403313,first_a_sqs_sent_timestamp,16542,93,ok,
reaction-20260711T154617.431287445Z,baseline-c100,2026-07-11T15:53:27.465Z,1783785207465,404280,first_a_sqs_sent_timestamp,16868,99,ok,
reaction-20260711T154617.431287445Z,fair-c100,2026-07-11T15:53:27.491Z,1783785207491,404308,first_a_sqs_sent_timestamp,16448,93,ok,
reaction-20260711T154617.431287445Z,baseline-c100,2026-07-11T15:53:28.447Z,1783785208447,405262,first_a_sqs_sent_timestamp,16701,69,ok,
reaction-20260711T154617.431287445Z,fair-c100,2026-07-11T15:53:28.475Z,1783785208475,405292,first_a_sqs_sent_timestamp,16654,95,ok,
reaction-20260711T154617.431287445Z,baseline-c100,2026-07-11T15:53:29.447Z,1783785209447,406262,first_a_sqs_sent_timestamp,16942,84,ok,
reaction-20260711T154617.431287445Z,fair-c100,2026-07-11T15:53:29.473Z,1783785209473,406290,first_a_sqs_sent_timestamp,16400,88,ok,
reaction-20260711T154617.431287445Z,baseline-c100,2026-07-11T15:53:30.448Z,1783785210448,407263,first_a_sqs_sent_timestamp,17063,71,ok,
reaction-20260711T154617.431287445Z,fair-c100,2026-07-11T15:53:30.475Z,1783785210475,407292,first_a_sqs_sent_timestamp,16447,94,ok,
reaction-20260711T154617.431287445Z,baseline-c100,2026-07-11T15:53:31.446Z,1783785211446,408261,first_a_sqs_sent_timestamp,16599,88,ok,
reaction-20260711T154617.431287445Z,fair-c100,2026-07-11T15:53:31.473Z,1783785211473,408290,first_a_sqs_sent_timestamp,16890,80,ok,
reaction-20260711T154617.431287445Z,baseline-c100,2026-07-11T15:53:32.445Z,1783785212445,409260,first_a_sqs_sent_timestamp,16631,94,ok,
reaction-20260711T154617.431287445Z,fair-c100,2026-07-11T15:53:32.471Z,1783785212471,409288,first_a_sqs_sent_timestamp,16616,102,ok,
reaction-20260711T154617.431287445Z,baseline-c100,2026-07-11T15:53:33.449Z,1783785213449,410264,first_a_sqs_sent_timestamp,16702,68,ok,
reaction-20260711T154617.431287445Z,fair-c100,2026-07-11T15:53:33.476Z,1783785213476,410293,first_a_sqs_sent_timestamp,16262,92,ok,
reaction-20260711T154617.431287445Z,baseline-c100,2026-07-11T15:53:34.477Z,1783785214477,411292,first_a_sqs_sent_timestamp,16753,77,ok,
reaction-20260711T154617.431287445Z,fair-c100,2026-07-11T15:53:34.503Z,1783785214503,411320,first_a_sqs_sent_timestamp,16190,94,ok,
reaction-20260711T154617.431287445Z,baseline-c100,2026-07-11T15:53:35.446Z,1783785215446,412261,first_a_sqs_sent_timestamp,16628,93,ok,
reaction-20260711T154617.431287445Z,fair-c100,2026-07-11T15:53:35.475Z,1783785215475,412292,first_a_sqs_sent_timestamp,16331,89,ok,
reaction-20260711T154617.431287445Z,baseline-c100,2026-07-11T15:53:36.463Z,1783785216463,413278,first_a_sqs_sent_timestamp,17015,111,ok,
reaction-20260711T154617.431287445Z,fair-c100,2026-07-11T15:53:36.491Z,1783785216491,413308,first_a_sqs_sent_timestamp,16188,93,ok,
reaction-20260711T154617.431287445Z,baseline-c100,2026-07-11T15:53:37.468Z,1783785217468,414283,first_a_sqs_sent_timestamp,16397,78,ok,
reaction-20260711T154617.431287445Z,fair-c100,2026-07-11T15:53:37.496Z,1783785217496,414313,first_a_sqs_sent_timestamp,16261,89,ok,
reaction-20260711T154617.431287445Z,baseline-c100,2026-07-11T15:53:38.464Z,1783785218464,415279,first_a_sqs_sent_timestamp,17130,71,ok,
reaction-20260711T154617.431287445Z,fair-c100,2026-07-11T15:53:38.492Z,1783785218492,415309,first_a_sqs_sent_timestamp,16399,88,ok,
reaction-20260711T154617.431287445Z,baseline-c100,2026-07-11T15:53:39.449Z,1783785219449,416264,first_a_sqs_sent_timestamp,16597,90,ok,
reaction-20260711T154617.431287445Z,fair-c100,2026-07-11T15:53:39.476Z,1783785219476,416293,first_a_sqs_sent_timestamp,16024,89,ok,
reaction-20260711T154617.431287445Z,baseline-c100,2026-07-11T15:53:40.446Z,1783785220446,417261,first_a_sqs_sent_timestamp,16396,78,ok,
reaction-20260711T154617.431287445Z,fair-c100,2026-07-11T15:53:40.474Z,1783785220474,417291,first_a_sqs_sent_timestamp,16114,87,ok,
reaction-20260711T154617.431287445Z,baseline-c100,2026-07-11T15:53:41.451Z,1783785221451,418266,first_a_sqs_sent_timestamp,16317,98,ok,
reaction-20260711T154617.431287445Z,fair-c100,2026-07-11T15:53:41.477Z,1783785221477,418294,first_a_sqs_sent_timestamp,16155,92,ok,
reaction-20260711T154617.431287445Z,baseline-c100,2026-07-11T15:53:42.448Z,1783785222448,419263,first_a_sqs_sent_timestamp,16458,96,ok,
reaction-20260711T154617.431287445Z,fair-c100,2026-07-11T15:53:42.475Z,1783785222475,419292,first_a_sqs_sent_timestamp,15905,87,ok,
reaction-20260711T154617.431287445Z,baseline-c100,2026-07-11T15:53:43.448Z,1783785223448,420263,first_a_sqs_sent_timestamp,16423,104,ok,
reaction-20260711T154617.431287445Z,fair-c100,2026-07-11T15:53:43.474Z,1783785223474,420291,first_a_sqs_sent_timestamp,15905,89,ok,
reaction-20260711T154617.431287445Z,baseline-c100,2026-07-11T15:53:44.45Z,1783785224450,421265,first_a_sqs_sent_timestamp,16285,85,ok,
reaction-20260711T154617.431287445Z,fair-c100,2026-07-11T15:53:44.479Z,1783785224479,421296,first_a_sqs_sent_timestamp,15972,100,ok,
reaction-20260711T154617.431287445Z,baseline-c100,2026-07-11T15:53:45.447Z,1783785225447,422262,first_a_sqs_sent_timestamp,16322,94,ok,
reaction-20260711T154617.431287445Z,fair-c100,2026-07-11T15:53:45.473Z,1783785225473,422290,first_a_sqs_sent_timestamp,15904,87,ok,
reaction-20260711T154617.431287445Z,baseline-c100,2026-07-11T15:53:46.459Z,1783785226459,423274,first_a_sqs_sent_timestamp,16394,84,ok,
reaction-20260711T154617.431287445Z,fair-c100,2026-07-11T15:53:46.492Z,1783785226492,423309,first_a_sqs_sent_timestamp,15950,88,ok,
reaction-20260711T154617.431287445Z,baseline-c100,2026-07-11T15:53:47.474Z,1783785227474,424289,first_a_sqs_sent_timestamp,16078,95,ok,
reaction-20260711T154617.431287445Z,fair-c100,2026-07-11T15:53:47.513Z,1783785227513,424330,first_a_sqs_sent_timestamp,15664,88,ok,
reaction-20260711T154617.431287445Z,baseline-c100,2026-07-11T15:53:48.447Z,1783785228447,425262,first_a_sqs_sent_timestamp,16164,104,ok,
reaction-20260711T154617.431287445Z,fair-c100,2026-07-11T15:53:48.475Z,1783785228475,425292,first_a_sqs_sent_timestamp,15840,91,ok,
reaction-20260711T154617.431287445Z,baseline-c100,2026-07-11T15:53:49.448Z,1783785229448,426263,first_a_sqs_sent_timestamp,15965,92,ok,
reaction-20260711T154617.431287445Z,fair-c100,2026-07-11T15:53:49.474Z,1783785229474,426291,first_a_sqs_sent_timestamp,15665,89,ok,
reaction-20260711T154617.431287445Z,baseline-c100,2026-07-11T15:53:50.464Z,1783785230464,427279,first_a_sqs_sent_timestamp,16146,87,ok,
reaction-20260711T154617.431287445Z,fair-c100,2026-07-11T15:53:50.491Z,1783785230491,427308,first_a_sqs_sent_timestamp,15554,92,ok,
reaction-20260711T154617.431287445Z,baseline-c100,2026-07-11T15:53:51.461Z,1783785231461,428276,first_a_sqs_sent_timestamp,16077,90,ok,
reaction-20260711T154617.431287445Z,fair-c100,2026-07-11T15:53:51.492Z,1783785231492,428309,first_a_sqs_sent_timestamp,15702,95,ok,
reaction-20260711T154617.431287445Z,baseline-c100,2026-07-11T15:53:52.447Z,1783785232447,429262,first_a_sqs_sent_timestamp,16032,82,ok,
reaction-20260711T154617.431287445Z,fair-c100,2026-07-11T15:53:52.478Z,1783785232478,429295,first_a_sqs_sent_timestamp,15460,98,ok,
reaction-20260711T154617.431287445Z,baseline-c100,2026-07-11T15:53:53.446Z,1783785233446,430261,first_a_sqs_sent_timestamp,15822,91,ok,
reaction-20260711T154617.431287445Z,fair-c100,2026-07-11T15:53:53.475Z,1783785233475,430292,first_a_sqs_sent_timestamp,15553,95,ok,
reaction-20260711T154617.431287445Z,baseline-c100,2026-07-11T15:53:54.448Z,1783785234448,431263,first_a_sqs_sent_timestamp,15892,88,ok,
reaction-20260711T154617.431287445Z,fair-c100,2026-07-11T15:53:54.475Z,1783785234475,431292,first_a_sqs_sent_timestamp,15663,91,ok,
reaction-20260711T154617.431287445Z,baseline-c100,2026-07-11T15:53:55.448Z,1783785235448,432263,first_a_sqs_sent_timestamp,15965,91,ok,
reaction-20260711T154617.431287445Z,fair-c100,2026-07-11T15:53:55.476Z,1783785235476,432293,first_a_sqs_sent_timestamp,15808,83,ok,
reaction-20260711T154617.431287445Z,baseline-c100,2026-07-11T15:53:56.446Z,1783785236446,433261,first_a_sqs_sent_timestamp,16078,101,ok,
reaction-20260711T154617.431287445Z,fair-c100,2026-07-11T15:53:56.471Z,1783785236471,433288,first_a_sqs_sent_timestamp,15316,96,ok,
reaction-20260711T154617.431287445Z,baseline-c100,2026-07-11T15:53:57.463Z,1783785237463,434278,first_a_sqs_sent_timestamp,15699,97,ok,
reaction-20260711T154617.431287445Z,fair-c100,2026-07-11T15:53:57.49Z,1783785237490,434307,first_a_sqs_sent_timestamp,15552,93,ok,
reaction-20260711T154617.431287445Z,baseline-c100,2026-07-11T15:53:58.468Z,1783785238468,435283,first_a_sqs_sent_timestamp,16501,82,ok,
reaction-20260711T154617.431287445Z,fair-c100,2026-07-11T15:53:58.494Z,1783785238494,435311,first_a_sqs_sent_timestamp,15319,94,ok,
reaction-20260711T154617.431287445Z,baseline-c100,2026-07-11T15:53:59.447Z,1783785239447,436262,first_a_sqs_sent_timestamp,15674,97,ok,
reaction-20260711T154617.431287445Z,fair-c100,2026-07-11T15:53:59.474Z,1783785239474,436291,first_a_sqs_sent_timestamp,16023,87,ok,
reaction-20260711T154617.431287445Z,baseline-c100,2026-07-11T15:54:00.447Z,1783785240447,437262,first_a_sqs_sent_timestamp,15823,88,ok,
reaction-20260711T154617.431287445Z,fair-c100,2026-07-11T15:54:00.476Z,1783785240476,437293,first_a_sqs_sent_timestamp,15460,101,ok,
reaction-20260711T154617.431287445Z,baseline-c100,2026-07-11T15:54:01.472Z,1783785241472,438287,first_a_sqs_sent_timestamp,15596,100,ok,
reaction-20260711T154617.431287445Z,fair-c100,2026-07-11T15:54:01.498Z,1783785241498,438315,first_a_sqs_sent_timestamp,15237,97,ok,
reaction-20260711T154617.431287445Z,baseline-c100,2026-07-11T15:54:02.448Z,1783785242448,439263,first_a_sqs_sent_timestamp,15850,96,ok,
reaction-20260711T154617.431287445Z,fair-c100,2026-07-11T15:54:02.475Z,1783785242475,439292,first_a_sqs_sent_timestamp,15368,98,ok,
reaction-20260711T154617.431287445Z,baseline-c100,2026-07-11T15:54:03.448Z,1783785243448,440263,first_a_sqs_sent_timestamp,15521,103,ok,
reaction-20260711T154617.431287445Z,fair-c100,2026-07-11T15:54:03.474Z,1783785243474,440291,first_a_sqs_sent_timestamp,15158,97,ok,
reaction-20260711T154617.431287445Z,baseline-c100,2026-07-11T15:54:04.447Z,1783785244447,441262,first_a_sqs_sent_timestamp,15451,91,ok,
reaction-20260711T154617.431287445Z,fair-c100,2026-07-11T15:54:04.475Z,1783785244475,441292,first_a_sqs_sent_timestamp,15315,95,ok,
reaction-20260711T154617.431287445Z,baseline-c100,2026-07-11T15:54:05.447Z,1783785245447,442262,first_a_sqs_sent_timestamp,15674,95,ok,
reaction-20260711T154617.431287445Z,fair-c100,2026-07-11T15:54:05.476Z,1783785245476,442293,first_a_sqs_sent_timestamp,15627,96,ok,
reaction-20260711T154617.431287445Z,baseline-c100,2026-07-11T15:54:06.447Z,1783785246447,443262,first_a_sqs_sent_timestamp,15345,93,ok,
reaction-20260711T154617.431287445Z,fair-c100,2026-07-11T15:54:06.472Z,1783785246472,443289,first_a_sqs_sent_timestamp,15077,97,ok,
reaction-20260711T154617.431287445Z,baseline-c100,2026-07-11T15:54:07.449Z,1783785247449,444264,first_a_sqs_sent_timestamp,15597,95,ok,
reaction-20260711T154617.431287445Z,fair-c100,2026-07-11T15:54:07.477Z,1783785247477,444294,first_a_sqs_sent_timestamp,15156,98,ok,
reaction-20260711T154617.431287445Z,baseline-c100,2026-07-11T15:54:08.468Z,1783785248468,445283,first_a_sqs_sent_timestamp,15272,88,ok,
reaction-20260711T154617.431287445Z,fair-c100,2026-07-11T15:54:08.495Z,1783785248495,445312,first_a_sqs_sent_timestamp,15007,96,ok,
reaction-20260711T154617.431287445Z,baseline-c100,2026-07-11T15:54:09.475Z,1783785249475,446290,first_a_sqs_sent_timestamp,15583,97,ok,
reaction-20260711T154617.431287445Z,fair-c100,2026-07-11T15:54:09.506Z,1783785249506,446323,first_a_sqs_sent_timestamp,14903,91,ok,
reaction-20260711T154617.431287445Z,baseline-c100,2026-07-11T15:54:10.453Z,1783785250453,447268,first_a_sqs_sent_timestamp,15347,95,ok,
reaction-20260711T154617.431287445Z,fair-c100,2026-07-11T15:54:10.483Z,1783785250483,447300,first_a_sqs_sent_timestamp,15177,83,ok,
reaction-20260711T154617.431287445Z,baseline-c100,2026-07-11T15:54:11.471Z,1783785251471,448286,first_a_sqs_sent_timestamp,15523,101,ok,
reaction-20260711T154617.431287445Z,fair-c100,2026-07-11T15:54:11.508Z,1783785251508,448325,first_a_sqs_sent_timestamp,15077,97,ok,
reaction-20260711T154617.431287445Z,baseline-c100,2026-07-11T15:54:12.448Z,1783785252448,449263,first_a_sqs_sent_timestamp,15697,102,ok,
reaction-20260711T154617.431287445Z,fair-c100,2026-07-11T15:54:12.476Z,1783785252476,449293,first_a_sqs_sent_timestamp,15001,99,ok,
reaction-20260711T154617.431287445Z,baseline-c100,2026-07-11T15:54:13.45Z,1783785253450,450265,first_a_sqs_sent_timestamp,15165,97,ok,
reaction-20260711T154617.431287445Z,fair-c100,2026-07-11T15:54:13.476Z,1783785253476,450293,first_a_sqs_sent_timestamp,14801,104,ok,
reaction-20260711T154617.431287445Z,baseline-c100,2026-07-11T15:54:14.469Z,1783785254469,451284,first_a_sqs_sent_timestamp,15273,93,ok,
reaction-20260711T154617.431287445Z,fair-c100,2026-07-11T15:54:14.5Z,1783785254500,451317,first_a_sqs_sent_timestamp,14904,90,ok,
reaction-20260711T154617.431287445Z,baseline-c100,2026-07-11T15:54:15.448Z,1783785255448,452263,first_a_sqs_sent_timestamp,15166,94,ok,
reaction-20260711T154617.431287445Z,fair-c100,2026-07-11T15:54:15.475Z,1783785255475,452292,first_a_sqs_sent_timestamp,14758,96,ok,
reaction-20260711T154617.431287445Z,baseline-c100,2026-07-11T15:54:16.449Z,1783785256449,453264,first_a_sqs_sent_timestamp,15032,82,ok,
reaction-20260711T154617.431287445Z,fair-c100,2026-07-11T15:54:16.478Z,1783785256478,453295,first_a_sqs_sent_timestamp,15005,94,ok,
reaction-20260711T154617.431287445Z,baseline-c100,2026-07-11T15:54:17.447Z,1783785257447,454262,first_a_sqs_sent_timestamp,15097,91,ok,
reaction-20260711T154617.431287445Z,fair-c100,2026-07-11T15:54:17.474Z,1783785257474,454291,first_a_sqs_sent_timestamp,14657,95,ok,
reaction-20260711T154617.431287445Z,baseline-c100,2026-07-11T15:54:18.448Z,1783785258448,455263,first_a_sqs_sent_timestamp,15097,94,ok,
reaction-20260711T154617.431287445Z,fair-c100,2026-07-11T15:54:18.476Z,1783785258476,455293,first_a_sqs_sent_timestamp,14729,88,ok,
reaction-20260711T154617.431287445Z,baseline-c100,2026-07-11T15:54:19.449Z,1783785259449,456264,first_a_sqs_sent_timestamp,15031,86,ok,
reaction-20260711T154617.431287445Z,fair-c100,2026-07-11T15:54:19.479Z,1783785259479,456296,first_a_sqs_sent_timestamp,14658,100,ok,
reaction-20260711T154617.431287445Z,baseline-c100,2026-07-11T15:54:20.463Z,1783785260463,457278,first_a_sqs_sent_timestamp,14901,94,ok,
reaction-20260711T154617.431287445Z,fair-c100,2026-07-11T15:54:20.49Z,1783785260490,457307,first_a_sqs_sent_timestamp,14588,92,ok,
reaction-20260711T154617.431287445Z,baseline-c100,2026-07-11T15:54:21.467Z,1783785261467,458282,first_a_sqs_sent_timestamp,14903,91,ok,
reaction-20260711T154617.431287445Z,fair-c100,2026-07-11T15:54:21.504Z,1783785261504,458321,first_a_sqs_sent_timestamp,14975,89,ok,
reaction-20260711T154617.431287445Z,baseline-c100,2026-07-11T15:54:22.447Z,1783785262447,459262,first_a_sqs_sent_timestamp,14902,94,ok,
reaction-20260711T154617.431287445Z,fair-c100,2026-07-11T15:54:22.475Z,1783785262475,459292,first_a_sqs_sent_timestamp,14587,97,ok,
reaction-20260711T154617.431287445Z,baseline-c100,2026-07-11T15:54:23.453Z,1783785263453,460268,first_a_sqs_sent_timestamp,15186,91,ok,
reaction-20260711T154617.431287445Z,fair-c100,2026-07-11T15:54:23.482Z,1783785263482,460299,first_a_sqs_sent_timestamp,14799,104,ok,
reaction-20260711T154617.431287445Z,baseline-c100,2026-07-11T15:54:24.447Z,1783785264447,461262,first_a_sqs_sent_timestamp,15131,92,ok,
reaction-20260711T154617.431287445Z,fair-c100,2026-07-11T15:54:24.474Z,1783785264474,461291,first_a_sqs_sent_timestamp,14512,99,ok,
reaction-20260711T154617.431287445Z,baseline-c100,2026-07-11T15:54:25.448Z,1783785265448,462263,first_a_sqs_sent_timestamp,14745,95,ok,
reaction-20260711T154617.431287445Z,fair-c100,2026-07-11T15:54:25.475Z,1783785265475,462292,first_a_sqs_sent_timestamp,14377,81,ok,
reaction-20260711T154617.431287445Z,baseline-c100,2026-07-11T15:54:26.448Z,1783785266448,463263,first_a_sqs_sent_timestamp,15166,93,ok,
reaction-20260711T154617.431287445Z,fair-c100,2026-07-11T15:54:26.477Z,1783785266477,463294,first_a_sqs_sent_timestamp,14307,87,ok,
reaction-20260711T154617.431287445Z,baseline-c100,2026-07-11T15:54:27.446Z,1783785267446,464261,first_a_sqs_sent_timestamp,14630,93,ok,
reaction-20260711T154617.431287445Z,fair-c100,2026-07-11T15:54:27.473Z,1783785267473,464290,first_a_sqs_sent_timestamp,14403,100,ok,
reaction-20260711T154617.431287445Z,baseline-c100,2026-07-11T15:54:28.45Z,1783785268450,465265,first_a_sqs_sent_timestamp,14698,93,ok,
reaction-20260711T154617.431287445Z,fair-c100,2026-07-11T15:54:28.475Z,1783785268475,465292,first_a_sqs_sent_timestamp,14305,88,ok,
reaction-20260711T154617.431287445Z,baseline-c100,2026-07-11T15:54:29.446Z,1783785269446,466261,first_a_sqs_sent_timestamp,14630,93,ok,
reaction-20260711T154617.431287445Z,fair-c100,2026-07-11T15:54:29.478Z,1783785269478,466295,first_a_sqs_sent_timestamp,14760,98,ok,
reaction-20260711T154617.431287445Z,baseline-c100,2026-07-11T15:54:30.448Z,1783785270448,467263,first_a_sqs_sent_timestamp,14697,88,ok,
reaction-20260711T154617.431287445Z,fair-c100,2026-07-11T15:54:30.48Z,1783785270480,467297,first_a_sqs_sent_timestamp,14329,98,ok,
reaction-20260711T154617.431287445Z,baseline-c100,2026-07-11T15:54:31.466Z,1783785271466,468281,first_a_sqs_sent_timestamp,14494,100,ok,
reaction-20260711T154617.431287445Z,fair-c100,2026-07-11T15:54:31.498Z,1783785271498,468315,first_a_sqs_sent_timestamp,14658,98,ok,
reaction-20260711T154617.431287445Z,baseline-c100,2026-07-11T15:54:32.47Z,1783785272470,469285,first_a_sqs_sent_timestamp,15032,86,ok,
reaction-20260711T154617.431287445Z,fair-c100,2026-07-11T15:54:32.496Z,1783785272496,469313,first_a_sqs_sent_timestamp,14097,91,ok,
reaction-20260711T154617.431287445Z,baseline-c100,2026-07-11T15:54:33.448Z,1783785273448,470263,first_a_sqs_sent_timestamp,14744,94,ok,
reaction-20260711T154617.431287445Z,fair-c100,2026-07-11T15:54:33.478Z,1783785273478,470295,first_a_sqs_sent_timestamp,14192,93,ok,
reaction-20260711T154617.431287445Z,baseline-c100,2026-07-11T15:54:34.45Z,1783785274450,471265,first_a_sqs_sent_timestamp,14381,92,ok,
reaction-20260711T154617.431287445Z,fair-c100,2026-07-11T15:54:34.478Z,1783785274478,471295,first_a_sqs_sent_timestamp,14052,93,ok,
reaction-20260711T154617.431287445Z,baseline-c100,2026-07-11T15:54:35.474Z,1783785275474,472289,first_a_sqs_sent_timestamp,14904,91,ok,
reaction-20260711T154617.431287445Z,fair-c100,2026-07-11T15:54:35.505Z,1783785275505,472322,first_a_sqs_sent_timestamp,14123,94,ok,
reaction-20260711T154617.431287445Z,baseline-c100,2026-07-11T15:54:36.449Z,1783785276449,473264,first_a_sqs_sent_timestamp,14419,97,ok,
reaction-20260711T154617.431287445Z,fair-c100,2026-07-11T15:54:36.475Z,1783785276475,473292,first_a_sqs_sent_timestamp,13920,94,ok,
reaction-20260711T154617.431287445Z,baseline-c100,2026-07-11T15:54:37.448Z,1783785277448,474263,first_a_sqs_sent_timestamp,15193,95,ok,
reaction-20260711T154617.431287445Z,fair-c100,2026-07-11T15:54:37.475Z,1783785277475,474292,first_a_sqs_sent_timestamp,13990,81,ok,
reaction-20260711T154617.431287445Z,baseline-c100,2026-07-11T15:54:38.447Z,1783785278447,475262,first_a_sqs_sent_timestamp,14379,98,ok,
reaction-20260711T154617.431287445Z,fair-c100,2026-07-11T15:54:38.473Z,1783785278473,475290,first_a_sqs_sent_timestamp,13921,89,ok,
reaction-20260711T154617.431287445Z,baseline-c100,2026-07-11T15:54:39.447Z,1783785279447,476262,first_a_sqs_sent_timestamp,14252,81,ok,
reaction-20260711T154617.431287445Z,fair-c100,2026-07-11T15:54:39.475Z,1783785279475,476292,first_a_sqs_sent_timestamp,13920,92,ok,
reaction-20260711T154617.431287445Z,baseline-c100,2026-07-11T15:54:40.449Z,1783785280449,477264,first_a_sqs_sent_timestamp,14418,99,ok,
reaction-20260711T154617.431287445Z,fair-c100,2026-07-11T15:54:40.477Z,1783785280477,477294,first_a_sqs_sent_timestamp,14097,99,ok,
reaction-20260711T154617.431287445Z,baseline-c100,2026-07-11T15:54:41.448Z,1783785281448,478263,first_a_sqs_sent_timestamp,14141,91,ok,
reaction-20260711T154617.431287445Z,fair-c100,2026-07-11T15:54:41.477Z,1783785281477,478294,first_a_sqs_sent_timestamp,14378,81,ok,
reaction-20260711T154617.431287445Z,baseline-c100,2026-07-11T15:54:42.471Z,1783785282471,479286,first_a_sqs_sent_timestamp,14316,90,ok,
reaction-20260711T154617.431287445Z,fair-c100,2026-07-11T15:54:42.563Z,1783785282563,479380,first_a_sqs_sent_timestamp,14052,89,ok,
reaction-20260711T154617.431287445Z,baseline-c100,2026-07-11T15:54:43.448Z,1783785283448,480263,first_a_sqs_sent_timestamp,14495,96,ok,
reaction-20260711T154617.431287445Z,fair-c100,2026-07-11T15:54:43.476Z,1783785283476,480293,first_a_sqs_sent_timestamp,13990,78,ok,
reaction-20260711T154617.431287445Z,baseline-c100,2026-07-11T15:54:44.449Z,1783785284449,481264,first_a_sqs_sent_timestamp,14139,88,ok,
reaction-20260711T154617.431287445Z,fair-c100,2026-07-11T15:54:44.477Z,1783785284477,481294,first_a_sqs_sent_timestamp,13675,88,ok,
reaction-20260711T154617.431287445Z,baseline-c100,2026-07-11T15:54:45.466Z,1783785285466,482281,first_a_sqs_sent_timestamp,14032,96,ok,
reaction-20260711T154617.431287445Z,fair-c100,2026-07-11T15:54:45.5Z,1783785285500,482317,first_a_sqs_sent_timestamp,13743,95,ok,
reaction-20260711T154617.431287445Z,baseline-c100,2026-07-11T15:54:46.477Z,1783785286477,483292,first_a_sqs_sent_timestamp,14252,79,ok,
reaction-20260711T154617.431287445Z,fair-c100,2026-07-11T15:54:46.503Z,1783785286503,483320,first_a_sqs_sent_timestamp,13921,93,ok,
reaction-20260711T154617.431287445Z,baseline-c100,2026-07-11T15:54:47.49Z,1783785287490,484305,first_a_sqs_sent_timestamp,14380,98,ok,
reaction-20260711T154617.431287445Z,fair-c100,2026-07-11T15:54:47.56Z,1783785287560,484377,first_a_sqs_sent_timestamp,13532,94,ok,
reaction-20260711T154617.431287445Z,baseline-c100,2026-07-11T15:54:48.445Z,1783785288445,485260,first_a_sqs_sent_timestamp,14031,96,ok,
reaction-20260711T154617.431287445Z,fair-c100,2026-07-11T15:54:48.513Z,1783785288513,485330,first_a_sqs_sent_timestamp,13637,87,ok,
reaction-20260711T154617.431287445Z,baseline-c100,2026-07-11T15:54:49.452Z,1783785289452,486267,first_a_sqs_sent_timestamp,14630,87,ok,
reaction-20260711T154617.431287445Z,fair-c100,2026-07-11T15:54:49.498Z,1783785289498,486315,first_a_sqs_sent_timestamp,13673,89,ok,
reaction-20260711T154617.431287445Z,baseline-c100,2026-07-11T15:54:50.448Z,1783785290448,487263,first_a_sqs_sent_timestamp,13928,88,ok,
reaction-20260711T154617.431287445Z,fair-c100,2026-07-11T15:54:50.475Z,1783785290475,487292,first_a_sqs_sent_timestamp,13466,86,ok,
reaction-20260711T154617.431287445Z,baseline-c100,2026-07-11T15:54:51.465Z,1783785291465,488280,first_a_sqs_sent_timestamp,14062,96,ok,
reaction-20260711T154617.431287445Z,fair-c100,2026-07-11T15:54:51.491Z,1783785291491,488308,first_a_sqs_sent_timestamp,13466,86,ok,
reaction-20260711T154617.431287445Z,baseline-c100,2026-07-11T15:54:52.448Z,1783785292448,489263,first_a_sqs_sent_timestamp,14139,89,ok,
reaction-20260711T154617.431287445Z,fair-c100,2026-07-11T15:54:52.475Z,1783785292475,489292,first_a_sqs_sent_timestamp,13534,90,ok,
reaction-20260711T154617.431287445Z,baseline-c100,2026-07-11T15:54:53.465Z,1783785293465,490280,first_a_sqs_sent_timestamp,13874,104,ok,
reaction-20260711T154617.431287445Z,fair-c100,2026-07-11T15:54:53.491Z,1783785293491,490308,first_a_sqs_sent_timestamp,13465,85,ok,
reaction-20260711T154617.431287445Z,baseline-c100,2026-07-11T15:54:54.446Z,1783785294446,491261,first_a_sqs_sent_timestamp,13687,97,ok,
reaction-20260711T154617.431287445Z,fair-c100,2026-07-11T15:54:54.474Z,1783785294474,491291,first_a_sqs_sent_timestamp,14306,90,ok,
reaction-20260711T154617.431287445Z,baseline-c100,2026-07-11T15:54:55.449Z,1783785295449,492264,first_a_sqs_sent_timestamp,13821,74,ok,
reaction-20260711T154617.431287445Z,fair-c100,2026-07-11T15:54:55.476Z,1783785295476,492293,first_a_sqs_sent_timestamp,13706,101,ok,
reaction-20260711T154617.431287445Z,baseline-c100,2026-07-11T15:54:56.447Z,1783785296447,493262,first_a_sqs_sent_timestamp,13614,97,ok,
reaction-20260711T154617.431287445Z,fair-c100,2026-07-11T15:54:56.472Z,1783785296472,493289,first_a_sqs_sent_timestamp,13216,92,ok,
reaction-20260711T154617.431287445Z,baseline-c100,2026-07-11T15:54:57.448Z,1783785297448,494263,first_a_sqs_sent_timestamp,13929,87,ok,
reaction-20260711T154617.431287445Z,fair-c100,2026-07-11T15:54:57.476Z,1783785297476,494293,first_a_sqs_sent_timestamp,13216,93,ok,
reaction-20260711T154617.431287445Z,baseline-c100,2026-07-11T15:54:58.466Z,1783785298466,495281,first_a_sqs_sent_timestamp,13709,99,ok,
reaction-20260711T154617.431287445Z,fair-c100,2026-07-11T15:54:58.495Z,1783785298495,495312,first_a_sqs_sent_timestamp,13424,94,ok,
reaction-20260711T154617.431287445Z,baseline-c100,2026-07-11T15:54:59.461Z,1783785299461,496276,first_a_sqs_sent_timestamp,13615,96,ok,
reaction-20260711T154617.431287445Z,fair-c100,2026-07-11T15:54:59.498Z,1783785299498,496315,first_a_sqs_sent_timestamp,13316,105,ok,
reaction-20260711T154617.431287445Z,baseline-c100,2026-07-11T15:55:00.476Z,1783785300476,497291,first_a_sqs_sent_timestamp,13508,79,ok,
reaction-20260711T154617.431287445Z,fair-c100,2026-07-11T15:55:00.505Z,1783785300505,497322,first_a_sqs_sent_timestamp,13466,86,ok,
reaction-20260711T154617.431287445Z,baseline-c100,2026-07-11T15:55:01.448Z,1783785301448,498263,first_a_sqs_sent_timestamp,13538,102,ok,
reaction-20260711T154617.431287445Z,fair-c100,2026-07-11T15:55:01.476Z,1783785301476,498293,first_a_sqs_sent_timestamp,13216,93,ok,
reaction-20260711T154617.431287445Z,baseline-c100,2026-07-11T15:55:02.451Z,1783785302451,499266,first_a_sqs_sent_timestamp,13761,79,ok,
reaction-20260711T154617.431287445Z,fair-c100,2026-07-11T15:55:02.478Z,1783785302478,499295,first_a_sqs_sent_timestamp,13076,87,ok,
reaction-20260711T154617.431287445Z,baseline-c100,2026-07-11T15:55:03.472Z,1783785303472,500287,first_a_sqs_sent_timestamp,13537,99,ok,
reaction-20260711T154617.431287445Z,fair-c100,2026-07-11T15:55:03.5Z,1783785303500,500317,first_a_sqs_sent_timestamp,13572,89,ok,
reaction-20260711T154617.431287445Z,baseline-c100,2026-07-11T15:55:04.448Z,1783785304448,501263,first_a_sqs_sent_timestamp,13365,105,ok,
reaction-20260711T154617.431287445Z,fair-c100,2026-07-11T15:55:04.483Z,1783785304483,501300,first_a_sqs_sent_timestamp,12938,94,ok,
reaction-20260711T154617.431287445Z,baseline-c100,2026-07-11T15:55:05.449Z,1783785305449,502264,first_a_sqs_sent_timestamp,13508,76,ok,
reaction-20260711T154617.431287445Z,fair-c100,2026-07-11T15:55:05.476Z,1783785305476,502293,first_a_sqs_sent_timestamp,12937,97,ok,
reaction-20260711T154617.431287445Z,baseline-c100,2026-07-11T15:55:06.447Z,1783785306447,503262,first_a_sqs_sent_timestamp,13312,96,ok,
reaction-20260711T154617.431287445Z,fair-c100,2026-07-11T15:55:06.478Z,1783785306478,503295,first_a_sqs_sent_timestamp,13046,104,ok,
reaction-20260711T154617.431287445Z,baseline-c100,2026-07-11T15:55:07.45Z,1783785307450,504265,first_a_sqs_sent_timestamp,13299,90,ok,
reaction-20260711T154617.431287445Z,fair-c100,2026-07-11T15:55:07.477Z,1783785307477,504294,first_a_sqs_sent_timestamp,13009,90,ok,
reaction-20260711T154617.431287445Z,baseline-c100,2026-07-11T15:55:08.449Z,1783785308449,505264,first_a_sqs_sent_timestamp,13689,94,ok,
reaction-20260711T154617.431287445Z,fair-c100,2026-07-11T15:55:08.477Z,1783785308477,505294,first_a_sqs_sent_timestamp,13077,90,ok,
reaction-20260711T154617.431287445Z,baseline-c100,2026-07-11T15:55:09.449Z,1783785309449,506264,first_a_sqs_sent_timestamp,13142,97,ok,
reaction-20260711T154617.431287445Z,fair-c100,2026-07-11T15:55:09.484Z,1783785309484,506301,first_a_sqs_sent_timestamp,12765,90,ok,
reaction-20260711T154617.431287445Z,baseline-c100,2026-07-11T15:55:10.448Z,1783785310448,507263,first_a_sqs_sent_timestamp,13139,92,ok,
reaction-20260711T154617.431287445Z,fair-c100,2026-07-11T15:55:10.477Z,1783785310477,507294,first_a_sqs_sent_timestamp,13125,79,ok,
reaction-20260711T154617.431287445Z,baseline-c100,2026-07-11T15:55:11.465Z,1783785311465,508280,first_a_sqs_sent_timestamp,13310,93,ok,
reaction-20260711T154617.431287445Z,fair-c100,2026-07-11T15:55:11.493Z,1783785311493,508310,first_a_sqs_sent_timestamp,12751,97,ok,
reaction-20260711T154617.431287445Z,baseline-c100,2026-07-11T15:55:12.451Z,1783785312451,509266,first_a_sqs_sent_timestamp,13138,99,ok,
reaction-20260711T154617.431287445Z,fair-c100,2026-07-11T15:55:12.478Z,1783785312478,509295,first_a_sqs_sent_timestamp,12937,95,ok,
reaction-20260711T154617.431287445Z,baseline-c100,2026-07-11T15:55:13.466Z,1783785313466,510281,first_a_sqs_sent_timestamp,13297,96,ok,
reaction-20260711T154617.431287445Z,fair-c100,2026-07-11T15:55:13.494Z,1783785313494,510311,first_a_sqs_sent_timestamp,12832,84,ok,
reaction-20260711T154617.431287445Z,baseline-c100,2026-07-11T15:55:14.456Z,1783785314456,511271,first_a_sqs_sent_timestamp,12975,102,ok,
reaction-20260711T154617.431287445Z,fair-c100,2026-07-11T15:55:14.486Z,1783785314486,511303,first_a_sqs_sent_timestamp,12700,89,ok,
reaction-20260711T154617.431287445Z,baseline-c100,2026-07-11T15:55:15.447Z,1783785315447,512262,first_a_sqs_sent_timestamp,13051,69,ok,
reaction-20260711T154617.431287445Z,fair-c100,2026-07-11T15:55:15.475Z,1783785315475,512292,first_a_sqs_sent_timestamp,12589,100,ok,
reaction-20260711T154617.431287445Z,baseline-c100,2026-07-11T15:55:16.449Z,1783785316449,513264,first_a_sqs_sent_timestamp,13138,95,ok,
reaction-20260711T154617.431287445Z,fair-c100,2026-07-11T15:55:16.476Z,1783785316476,513293,first_a_sqs_sent_timestamp,12630,90,ok,
reaction-20260711T154617.431287445Z,baseline-c100,2026-07-11T15:55:17.449Z,1783785317449,514264,first_a_sqs_sent_timestamp,13052,71,ok,
reaction-20260711T154617.431287445Z,fair-c100,2026-07-11T15:55:17.477Z,1783785317477,514294,first_a_sqs_sent_timestamp,12764,89,ok,
reaction-20260711T154617.431287445Z,baseline-c100,2026-07-11T15:55:18.447Z,1783785318447,515262,first_a_sqs_sent_timestamp,12976,103,ok,
reaction-20260711T154617.431287445Z,fair-c100,2026-07-11T15:55:18.477Z,1783785318477,515294,first_a_sqs_sent_timestamp,12804,93,ok,
reaction-20260711T154617.431287445Z,baseline-c100,2026-07-11T15:55:19.448Z,1783785319448,516263,first_a_sqs_sent_timestamp,12836,91,ok,
reaction-20260711T154617.431287445Z,fair-c100,2026-07-11T15:55:19.475Z,1783785319475,516292,first_a_sqs_sent_timestamp,12417,89,ok,
reaction-20260711T154617.431287445Z,baseline-c100,2026-07-11T15:55:20.469Z,1783785320469,517284,first_a_sqs_sent_timestamp,13236,93,ok,
reaction-20260711T154617.431287445Z,fair-c100,2026-07-11T15:55:20.497Z,1783785320497,517314,first_a_sqs_sent_timestamp,12698,90,ok,
reaction-20260711T154617.431287445Z,baseline-c100,2026-07-11T15:55:21.458Z,1783785321458,518273,first_a_sqs_sent_timestamp,12721,96,ok,
reaction-20260711T154617.431287445Z,fair-c100,2026-07-11T15:55:21.491Z,1783785321491,518308,first_a_sqs_sent_timestamp,12752,92,ok,
reaction-20260711T154617.431287445Z,baseline-c100,2026-07-11T15:55:22.468Z,1783785322468,519283,first_a_sqs_sent_timestamp,12723,95,ok,
reaction-20260711T154617.431287445Z,fair-c100,2026-07-11T15:55:22.498Z,1783785322498,519315,first_a_sqs_sent_timestamp,12630,94,ok,
reaction-20260711T154617.431287445Z,baseline-c100,2026-07-11T15:55:23.449Z,1783785323449,520264,first_a_sqs_sent_timestamp,12720,99,ok,
reaction-20260711T154617.431287445Z,fair-c100,2026-07-11T15:55:23.476Z,1783785323476,520293,first_a_sqs_sent_timestamp,12345,93,ok,
reaction-20260711T154617.431287445Z,baseline-c100,2026-07-11T15:55:24.448Z,1783785324448,521263,first_a_sqs_sent_timestamp,13366,92,ok,
reaction-20260711T154617.431287445Z,fair-c100,2026-07-11T15:55:24.475Z,1783785324475,521292,first_a_sqs_sent_timestamp,12267,101,ok,
reaction-20260711T154617.431287445Z,baseline-c100,2026-07-11T15:55:25.467Z,1783785325467,522282,first_a_sqs_sent_timestamp,13143,89,ok,
reaction-20260711T154617.431287445Z,fair-c100,2026-07-11T15:55:25.494Z,1783785325494,522311,first_a_sqs_sent_timestamp,12451,93,ok,
reaction-20260711T154617.431287445Z,baseline-c100,2026-07-11T15:55:26.448Z,1783785326448,523263,first_a_sqs_sent_timestamp,12978,100,ok,
reaction-20260711T154617.431287445Z,fair-c100,2026-07-11T15:55:26.477Z,1783785326477,523294,first_a_sqs_sent_timestamp,12345,93,ok,
reaction-20260711T154617.431287445Z,baseline-c100,2026-07-11T15:55:27.448Z,1783785327448,524263,first_a_sqs_sent_timestamp,12541,91,ok,
reaction-20260711T154617.431287445Z,fair-c100,2026-07-11T15:55:27.474Z,1783785327474,524291,first_a_sqs_sent_timestamp,12417,88,ok,
reaction-20260711T154617.431287445Z,baseline-c100,2026-07-11T15:55:28.448Z,1783785328448,525263,first_a_sqs_sent_timestamp,12580,94,ok,
reaction-20260711T154617.431287445Z,fair-c100,2026-07-11T15:55:28.476Z,1783785328476,525293,first_a_sqs_sent_timestamp,12268,99,ok,
reaction-20260711T154617.431287445Z,baseline-c100,2026-07-11T15:55:29.45Z,1783785329450,526265,first_a_sqs_sent_timestamp,12877,89,ok,
reaction-20260711T154617.431287445Z,fair-c100,2026-07-11T15:55:29.476Z,1783785329476,526293,first_a_sqs_sent_timestamp,12163,90,ok,
reaction-20260711T154617.431287445Z,baseline-c100,2026-07-11T15:55:30.45Z,1783785330450,527265,first_a_sqs_sent_timestamp,12540,88,ok,
reaction-20260711T154617.431287445Z,fair-c100,2026-07-11T15:55:30.48Z,1783785330480,527297,first_a_sqs_sent_timestamp,12059,88,ok,
reaction-20260711T154617.431287445Z,baseline-c100,2026-07-11T15:55:31.468Z,1783785331468,528283,first_a_sqs_sent_timestamp,12540,89,ok,
reaction-20260711T154617.431287445Z,fair-c100,2026-07-11T15:55:31.498Z,1783785331498,528315,first_a_sqs_sent_timestamp,12091,99,ok,
reaction-20260711T154617.431287445Z,baseline-c100,2026-07-11T15:55:32.447Z,1783785332447,529262,first_a_sqs_sent_timestamp,12512,90,ok,
reaction-20260711T154617.431287445Z,fair-c100,2026-07-11T15:55:32.48Z,1783785332480,529297,first_a_sqs_sent_timestamp,12588,104,ok,
reaction-20260711T154617.431287445Z,baseline-c100,2026-07-11T15:55:33.466Z,1783785333466,530281,first_a_sqs_sent_timestamp,12331,90,ok,
reaction-20260711T154617.431287445Z,fair-c100,2026-07-11T15:55:33.492Z,1783785333492,530309,first_a_sqs_sent_timestamp,11914,94,ok,
reaction-20260711T154617.431287445Z,baseline-c100,2026-07-11T15:55:34.448Z,1783785334448,531263,first_a_sqs_sent_timestamp,12291,96,ok,
reaction-20260711T154617.431287445Z,fair-c100,2026-07-11T15:55:34.475Z,1783785334475,531292,first_a_sqs_sent_timestamp,11915,91,ok,
reaction-20260711T154617.431287445Z,baseline-c100,2026-07-11T15:55:35.447Z,1783785335447,532262,first_a_sqs_sent_timestamp,12289,95,ok,
reaction-20260711T154617.431287445Z,fair-c100,2026-07-11T15:55:35.474Z,1783785335474,532291,first_a_sqs_sent_timestamp,11915,91,ok,
reaction-20260711T154617.431287445Z,baseline-c100,2026-07-11T15:55:36.449Z,1783785336449,533264,first_a_sqs_sent_timestamp,12721,96,ok,
reaction-20260711T154617.431287445Z,fair-c100,2026-07-11T15:55:36.476Z,1783785336476,533293,first_a_sqs_sent_timestamp,12304,97,ok,
reaction-20260711T154617.431287445Z,baseline-c100,2026-07-11T15:55:37.469Z,1783785337469,534284,first_a_sqs_sent_timestamp,12580,97,ok,
reaction-20260711T154617.431287445Z,fair-c100,2026-07-11T15:55:37.497Z,1783785337497,534314,first_a_sqs_sent_timestamp,11947,100,ok,
reaction-20260711T154617.431287445Z,baseline-c100,2026-07-11T15:55:38.461Z,1783785338461,535276,first_a_sqs_sent_timestamp,12838,91,ok,
reaction-20260711T154617.431287445Z,fair-c100,2026-07-11T15:55:38.497Z,1783785338497,535314,first_a_sqs_sent_timestamp,12164,91,ok,
reaction-20260711T154617.431287445Z,baseline-c100,2026-07-11T15:55:39.447Z,1783785339447,536262,first_a_sqs_sent_timestamp,12147,86,ok,
reaction-20260711T154617.431287445Z,fair-c100,2026-07-11T15:55:39.475Z,1783785339475,536292,first_a_sqs_sent_timestamp,12091,93,ok,
reaction-20260711T154617.431287445Z,baseline-c100,2026-07-11T15:55:40.448Z,1783785340448,537263,first_a_sqs_sent_timestamp,12072,97,ok,
reaction-20260711T154617.431287445Z,fair-c100,2026-07-11T15:55:40.475Z,1783785340475,537292,first_a_sqs_sent_timestamp,11781,86,ok,
reaction-20260711T154617.431287445Z,baseline-c100,2026-07-11T15:55:41.448Z,1783785341448,538263,first_a_sqs_sent_timestamp,12402,97,ok,
reaction-20260711T154617.431287445Z,fair-c100,2026-07-11T15:55:41.475Z,1783785341475,538292,first_a_sqs_sent_timestamp,11730,98,ok,
reaction-20260711T154617.431287445Z,baseline-c100,2026-07-11T15:55:42.469Z,1783785342469,539284,first_a_sqs_sent_timestamp,12144,87,ok,
reaction-20260711T154617.431287445Z,fair-c100,2026-07-11T15:55:42.496Z,1783785342496,539313,first_a_sqs_sent_timestamp,11658,96,ok,
reaction-20260711T154617.431287445Z,baseline-c100,2026-07-11T15:55:43.449Z,1783785343449,540264,first_a_sqs_sent_timestamp,12289,98,ok,
reaction-20260711T154617.431287445Z,fair-c100,2026-07-11T15:55:43.479Z,1783785343479,540296,first_a_sqs_sent_timestamp,11658,96,ok,
reaction-20260711T154617.431287445Z,baseline-c100,2026-07-11T15:55:44.448Z,1783785344448,541263,first_a_sqs_sent_timestamp,11954,96,ok,
reaction-20260711T154617.431287445Z,fair-c100,2026-07-11T15:55:44.477Z,1783785344477,541294,first_a_sqs_sent_timestamp,11658,101,ok,
reaction-20260711T154617.431287445Z,baseline-c100,2026-07-11T15:55:45.448Z,1783785345448,542263,first_a_sqs_sent_timestamp,12108,101,ok,
reaction-20260711T154617.431287445Z,fair-c100,2026-07-11T15:55:45.476Z,1783785345476,542293,first_a_sqs_sent_timestamp,11781,86,ok,
reaction-20260711T154617.431287445Z,baseline-c100,2026-07-11T15:55:46.45Z,1783785346450,543265,first_a_sqs_sent_timestamp,12328,93,ok,
reaction-20260711T154617.431287445Z,fair-c100,2026-07-11T15:55:46.476Z,1783785346476,543293,first_a_sqs_sent_timestamp,11659,100,ok,
reaction-20260711T154617.431287445Z,baseline-c100,2026-07-11T15:55:47.451Z,1783785347451,544266,first_a_sqs_sent_timestamp,11787,99,ok,
reaction-20260711T154617.431287445Z,fair-c100,2026-07-11T15:55:47.522Z,1783785347522,544339,first_a_sqs_sent_timestamp,11419,102,ok,
reaction-20260711T154617.431287445Z,baseline-c100,2026-07-11T15:55:48.449Z,1783785348449,545264,first_a_sqs_sent_timestamp,12071,97,ok,
reaction-20260711T154617.431287445Z,fair-c100,2026-07-11T15:55:48.477Z,1783785348477,545294,first_a_sqs_sent_timestamp,12060,91,ok,
reaction-20260711T154617.431287445Z,baseline-c100,2026-07-11T15:55:49.467Z,1783785349467,546282,first_a_sqs_sent_timestamp,11878,101,ok,
reaction-20260711T154617.431287445Z,fair-c100,2026-07-11T15:55:49.495Z,1783785349495,546312,first_a_sqs_sent_timestamp,11417,99,ok,
reaction-20260711T154617.431287445Z,baseline-c100,2026-07-11T15:55:50.45Z,1783785350450,547265,first_a_sqs_sent_timestamp,11678,92,ok,
reaction-20260711T154617.431287445Z,fair-c100,2026-07-11T15:55:50.477Z,1783785350477,547294,first_a_sqs_sent_timestamp,11455,94,ok,
reaction-20260711T154617.431287445Z,baseline-c100,2026-07-11T15:55:51.468Z,1783785351468,548283,first_a_sqs_sent_timestamp,11814,90,ok,
reaction-20260711T154617.431287445Z,fair-c100,2026-07-11T15:55:51.496Z,1783785351496,548313,first_a_sqs_sent_timestamp,11343,102,ok,
reaction-20260711T154617.431287445Z,baseline-c100,2026-07-11T15:55:52.448Z,1783785352448,549263,first_a_sqs_sent_timestamp,11605,96,ok,
reaction-20260711T154617.431287445Z,fair-c100,2026-07-11T15:55:52.475Z,1783785352475,549292,first_a_sqs_sent_timestamp,11455,90,ok,
reaction-20260711T154617.431287445Z,baseline-c100,2026-07-11T15:55:53.451Z,1783785353451,550266,first_a_sqs_sent_timestamp,11786,98,ok,
reaction-20260711T154617.431287445Z,fair-c100,2026-07-11T15:55:53.48Z,1783785353480,550297,first_a_sqs_sent_timestamp,11711,93,ok,
reaction-20260711T154617.431287445Z,baseline-c100,2026-07-11T15:55:54.469Z,1783785354469,551284,first_a_sqs_sent_timestamp,11935,92,ok,
reaction-20260711T154617.431287445Z,fair-c100,2026-07-11T15:55:54.497Z,1783785354497,551314,first_a_sqs_sent_timestamp,11731,101,ok,
reaction-20260711T154617.431287445Z,baseline-c100,2026-07-11T15:55:55.448Z,1783785355448,552263,first_a_sqs_sent_timestamp,11526,102,ok,
reaction-20260711T154617.431287445Z,fair-c100,2026-07-11T15:55:55.475Z,1783785355475,552292,first_a_sqs_sent_timestamp,11345,96,ok,
reaction-20260711T154617.431287445Z,baseline-c100,2026-07-11T15:55:56.449Z,1783785356449,553264,first_a_sqs_sent_timestamp,11494,103,ok,
reaction-20260711T154617.431287445Z,fair-c100,2026-07-11T15:55:56.474Z,1783785356474,553291,first_a_sqs_sent_timestamp,11193,95,ok,
reaction-20260711T154617.431287445Z,baseline-c100,2026-07-11T15:55:57.447Z,1783785357447,554262,first_a_sqs_sent_timestamp,11491,100,ok,
reaction-20260711T154617.431287445Z,fair-c100,2026-07-11T15:55:57.476Z,1783785357476,554293,first_a_sqs_sent_timestamp,11227,72,ok,
reaction-20260711T154617.431287445Z,baseline-c100,2026-07-11T15:55:58.447Z,1783785358447,555262,first_a_sqs_sent_timestamp,11605,98,ok,
reaction-20260711T154617.431287445Z,fair-c100,2026-07-11T15:55:58.473Z,1783785358473,555290,first_a_sqs_sent_timestamp,11118,98,ok,
reaction-20260711T154617.431287445Z,baseline-c100,2026-07-11T15:55:59.447Z,1783785359447,556262,first_a_sqs_sent_timestamp,11954,93,ok,
reaction-20260711T154617.431287445Z,fair-c100,2026-07-11T15:55:59.472Z,1783785359472,556289,first_a_sqs_sent_timestamp,11119,97,ok,
reaction-20260711T154617.431287445Z,baseline-c100,2026-07-11T15:56:00.451Z,1783785360451,557266,first_a_sqs_sent_timestamp,11527,101,ok,
reaction-20260711T154617.431287445Z,fair-c100,2026-07-11T15:56:00.478Z,1783785360478,557295,first_a_sqs_sent_timestamp,11193,96,ok,
reaction-20260711T154617.431287445Z,baseline-c100,2026-07-11T15:56:01.464Z,1783785361464,558279,first_a_sqs_sent_timestamp,11357,91,ok,
reaction-20260711T154617.431287445Z,fair-c100,2026-07-11T15:56:01.49Z,1783785361490,558307,first_a_sqs_sent_timestamp,11417,96,ok,
reaction-20260711T154617.431287445Z,baseline-c100,2026-07-11T15:56:02.458Z,1783785362458,559273,first_a_sqs_sent_timestamp,11492,102,ok,
reaction-20260711T154617.431287445Z,fair-c100,2026-07-11T15:56:02.497Z,1783785362497,559314,first_a_sqs_sent_timestamp,11915,90,ok,
reaction-20260711T154617.431287445Z,baseline-c100,2026-07-11T15:56:03.446Z,1783785363446,560261,first_a_sqs_sent_timestamp,11325,79,ok,
reaction-20260711T154617.431287445Z,fair-c100,2026-07-11T15:56:03.471Z,1783785363471,560288,first_a_sqs_sent_timestamp,10909,76,ok,
reaction-20260711T154617.431287445Z,baseline-c100,2026-07-11T15:56:04.448Z,1783785364448,561263,first_a_sqs_sent_timestamp,11213,89,ok,
reaction-20260711T154617.431287445Z,fair-c100,2026-07-11T15:56:04.475Z,1783785364475,561292,first_a_sqs_sent_timestamp,10883,96,ok,
reaction-20260711T154617.431287445Z,baseline-c100,2026-07-11T15:56:05.449Z,1783785365449,562264,first_a_sqs_sent_timestamp,11325,79,ok,
reaction-20260711T154617.431287445Z,fair-c100,2026-07-11T15:56:05.476Z,1783785365476,562293,first_a_sqs_sent_timestamp,10885,93,ok,
reaction-20260711T154617.431287445Z,baseline-c100,2026-07-11T15:56:06.447Z,1783785366447,563262,first_a_sqs_sent_timestamp,11718,88,ok,
reaction-20260711T154617.431287445Z,fair-c100,2026-07-11T15:56:06.475Z,1783785366475,563292,first_a_sqs_sent_timestamp,11161,87,ok,
reaction-20260711T154617.431287445Z,baseline-c100,2026-07-11T15:56:07.446Z,1783785367446,564261,first_a_sqs_sent_timestamp,11679,87,ok,
reaction-20260711T154617.431287445Z,fair-c100,2026-07-11T15:56:07.482Z,1783785367482,564299,first_a_sqs_sent_timestamp,10957,88,ok,
reaction-20260711T154617.431287445Z,baseline-c100,2026-07-11T15:56:08.445Z,1783785368445,565260,first_a_sqs_sent_timestamp,11095,97,ok,
reaction-20260711T154617.431287445Z,fair-c100,2026-07-11T15:56:08.47Z,1783785368470,565287,first_a_sqs_sent_timestamp,10713,93,ok,
reaction-20260711T154617.431287445Z,baseline-c100,2026-07-11T15:56:09.448Z,1783785369448,566263,first_a_sqs_sent_timestamp,11044,68,ok,
reaction-20260711T154617.431287445Z,fair-c100,2026-07-11T15:56:09.476Z,1783785369476,566293,first_a_sqs_sent_timestamp,11224,78,ok,
reaction-20260711T154617.431287445Z,baseline-c100,2026-07-11T15:56:10.447Z,1783785370447,567262,first_a_sqs_sent_timestamp,11080,86,ok,
reaction-20260711T154617.431287445Z,fair-c100,2026-07-11T15:56:10.473Z,1783785370473,567290,first_a_sqs_sent_timestamp,10714,93,ok,
reaction-20260711T154617.431287445Z,baseline-c100,2026-07-11T15:56:11.446Z,1783785371446,568261,first_a_sqs_sent_timestamp,11077,94,ok,
reaction-20260711T154617.431287445Z,fair-c100,2026-07-11T15:56:11.474Z,1783785371474,568291,first_a_sqs_sent_timestamp,10905,78,ok,
reaction-20260711T154617.431287445Z,baseline-c100,2026-07-11T15:56:12.465Z,1783785372465,569280,first_a_sqs_sent_timestamp,11045,67,ok,
reaction-20260711T154617.431287445Z,fair-c100,2026-07-11T15:56:12.493Z,1783785372493,569310,first_a_sqs_sent_timestamp,10569,96,ok,
reaction-20260711T154617.431287445Z,baseline-c100,2026-07-11T15:56:13.448Z,1783785373448,570263,first_a_sqs_sent_timestamp,11215,91,ok,
reaction-20260711T154617.431287445Z,fair-c100,2026-07-11T15:56:13.475Z,1783785373475,570292,first_a_sqs_sent_timestamp,10643,90,ok,
reaction-20260711T154617.431287445Z,baseline-c100,2026-07-11T15:56:14.448Z,1783785374448,571263,first_a_sqs_sent_timestamp,11280,95,ok,
reaction-20260711T154617.431287445Z,fair-c100,2026-07-11T15:56:14.474Z,1783785374474,571291,first_a_sqs_sent_timestamp,10714,95,ok,
reaction-20260711T154617.431287445Z,baseline-c100,2026-07-11T15:56:15.446Z,1783785375446,572261,first_a_sqs_sent_timestamp,10840,92,ok,
reaction-20260711T154617.431287445Z,fair-c100,2026-07-11T15:56:15.47Z,1783785375470,572287,first_a_sqs_sent_timestamp,10471,86,ok,
reaction-20260711T154617.431287445Z,baseline-c100,2026-07-11T15:56:16.468Z,1783785376468,573283,first_a_sqs_sent_timestamp,11094,102,ok,
reaction-20260711T154617.431287445Z,fair-c100,2026-07-11T15:56:16.497Z,1783785376497,573314,first_a_sqs_sent_timestamp,10643,90,ok,
reaction-20260711T154617.431287445Z,baseline-c100,2026-07-11T15:56:17.447Z,1783785377447,574262,first_a_sqs_sent_timestamp,11075,96,ok,
reaction-20260711T154617.431287445Z,fair-c100,2026-07-11T15:56:17.477Z,1783785377477,574294,first_a_sqs_sent_timestamp,10734,92,ok,
reaction-20260711T154617.431287445Z,baseline-c100,2026-07-11T15:56:18.449Z,1783785378449,575264,first_a_sqs_sent_timestamp,10695,101,ok,
reaction-20260711T154617.431287445Z,fair-c100,2026-07-11T15:56:18.476Z,1783785378476,575293,first_a_sqs_sent_timestamp,11118,92,ok,
reaction-20260711T154617.431287445Z,baseline-c100,2026-07-11T15:56:19.447Z,1783785379447,576262,first_a_sqs_sent_timestamp,10697,99,ok,
reaction-20260711T154617.431287445Z,fair-c100,2026-07-11T15:56:19.474Z,1783785379474,576291,first_a_sqs_sent_timestamp,10396,100,ok,
reaction-20260711T154617.431287445Z,baseline-c100,2026-07-11T15:56:20.453Z,1783785380453,577268,first_a_sqs_sent_timestamp,10842,92,ok,
reaction-20260711T154617.431287445Z,fair-c100,2026-07-11T15:56:20.481Z,1783785380481,577298,first_a_sqs_sent_timestamp,10351,91,ok,
reaction-20260711T154617.431287445Z,baseline-c100,2026-07-11T15:56:21.448Z,1783785381448,578263,first_a_sqs_sent_timestamp,10586,77,ok,
reaction-20260711T154617.431287445Z,fair-c100,2026-07-11T15:56:21.476Z,1783785381476,578293,first_a_sqs_sent_timestamp,10566,93,ok,
reaction-20260711T154617.431287445Z,baseline-c100,2026-07-11T15:56:22.465Z,1783785382465,579280,first_a_sqs_sent_timestamp,10721,93,ok,
reaction-20260711T154617.431287445Z,fair-c100,2026-07-11T15:56:22.492Z,1783785382492,579309,first_a_sqs_sent_timestamp,10323,98,ok,
reaction-20260711T154617.431287445Z,baseline-c100,2026-07-11T15:56:23.452Z,1783785383452,580267,first_a_sqs_sent_timestamp,10696,96,ok,
reaction-20260711T154617.431287445Z,fair-c100,2026-07-11T15:56:23.479Z,1783785383479,580296,first_a_sqs_sent_timestamp,10882,97,ok,
reaction-20260711T154617.431287445Z,baseline-c100,2026-07-11T15:56:24.472Z,1783785384472,581287,first_a_sqs_sent_timestamp,10797,97,ok,
reaction-20260711T154617.431287445Z,fair-c100,2026-07-11T15:56:24.499Z,1783785384499,581316,first_a_sqs_sent_timestamp,10154,86,ok,
reaction-20260711T154617.431287445Z,baseline-c100,2026-07-11T15:56:25.461Z,1783785385461,582276,first_a_sqs_sent_timestamp,10518,87,ok,
reaction-20260711T154617.431287445Z,fair-c100,2026-07-11T15:56:25.491Z,1783785385491,582308,first_a_sqs_sent_timestamp,10398,92,ok,
reaction-20260711T154617.431287445Z,baseline-c100,2026-07-11T15:56:26.446Z,1783785386446,583261,first_a_sqs_sent_timestamp,10518,94,ok,
reaction-20260711T154617.431287445Z,fair-c100,2026-07-11T15:56:26.472Z,1783785386472,583289,first_a_sqs_sent_timestamp,10154,76,ok,
reaction-20260711T154617.431287445Z,baseline-c100,2026-07-11T15:56:27.464Z,1783785387464,584279,first_a_sqs_sent_timestamp,10469,88,ok,
reaction-20260711T154617.431287445Z,fair-c100,2026-07-11T15:56:27.491Z,1783785387491,584308,first_a_sqs_sent_timestamp,10216,84,ok,
reaction-20260711T154617.431287445Z,baseline-c100,2026-07-11T15:56:28.46Z,1783785388460,585275,first_a_sqs_sent_timestamp,10876,72,ok,
reaction-20260711T154617.431287445Z,fair-c100,2026-07-11T15:56:28.49Z,1783785388490,585307,first_a_sqs_sent_timestamp,10322,100,ok,
reaction-20260711T154617.431287445Z,baseline-c100,2026-07-11T15:56:29.447Z,1783785389447,586262,first_a_sqs_sent_timestamp,10300,98,ok,
reaction-20260711T154617.431287445Z,fair-c100,2026-07-11T15:56:29.474Z,1783785389474,586291,first_a_sqs_sent_timestamp,10002,95,ok,
reaction-20260711T154617.431287445Z,baseline-c100,2026-07-11T15:56:30.446Z,1783785390446,587261,first_a_sqs_sent_timestamp,10468,96,ok,
reaction-20260711T154617.431287445Z,fair-c100,2026-07-11T15:56:30.475Z,1783785390475,587292,first_a_sqs_sent_timestamp,10471,79,ok,
reaction-20260711T154617.431287445Z,baseline-c100,2026-07-11T15:56:31.446Z,1783785391446,588261,first_a_sqs_sent_timestamp,10302,98,ok,
reaction-20260711T154617.431287445Z,fair-c100,2026-07-11T15:56:31.473Z,1783785391473,588290,first_a_sqs_sent_timestamp,9969,78,ok,
reaction-20260711T154617.431287445Z,baseline-c100,2026-07-11T15:56:32.448Z,1783785392448,589263,first_a_sqs_sent_timestamp,10301,100,ok,
reaction-20260711T154617.431287445Z,fair-c100,2026-07-11T15:56:32.473Z,1783785392473,589290,first_a_sqs_sent_timestamp,9968,82,ok,
reaction-20260711T154617.431287445Z,baseline-c100,2026-07-11T15:56:33.449Z,1783785393449,590264,first_a_sqs_sent_timestamp,11359,93,ok,
reaction-20260711T154617.431287445Z,fair-c100,2026-07-11T15:56:33.478Z,1783785393478,590295,first_a_sqs_sent_timestamp,10001,99,ok,
reaction-20260711T154617.431287445Z,baseline-c100,2026-07-11T15:56:34.465Z,1783785394465,591280,first_a_sqs_sent_timestamp,10300,95,ok,
reaction-20260711T154617.431287445Z,fair-c100,2026-07-11T15:56:34.496Z,1783785394496,591313,first_a_sqs_sent_timestamp,9971,83,ok,
reaction-20260711T154617.431287445Z,baseline-c100,2026-07-11T15:56:35.475Z,1783785395475,592290,first_a_sqs_sent_timestamp,10239,81,ok,
reaction-20260711T154617.431287445Z,fair-c100,2026-07-11T15:56:35.501Z,1783785395501,592318,first_a_sqs_sent_timestamp,9905,95,ok,
reaction-20260711T154617.431287445Z,baseline-c100,2026-07-11T15:56:36.467Z,1783785396467,593282,first_a_sqs_sent_timestamp,10585,84,ok,
reaction-20260711T154617.431287445Z,fair-c100,2026-07-11T15:56:36.496Z,1783785396496,593313,first_a_sqs_sent_timestamp,9767,88,ok,
reaction-20260711T154617.431287445Z,baseline-c100,2026-07-11T15:56:37.449Z,1783785397449,594264,first_a_sqs_sent_timestamp,10517,95,ok,
reaction-20260711T154617.431287445Z,fair-c100,2026-07-11T15:56:37.479Z,1783785397479,594296,first_a_sqs_sent_timestamp,10083,97,ok,
reaction-20260711T154617.431287445Z,baseline-c100,2026-07-11T15:56:38.452Z,1783785398452,595267,first_a_sqs_sent_timestamp,10458,79,ok,
reaction-20260711T154617.431287445Z,fair-c100,2026-07-11T15:56:38.48Z,1783785398480,595297,first_a_sqs_sent_timestamp,10157,84,ok,
reaction-20260711T154617.431287445Z,baseline-c100,2026-07-11T15:56:39.448Z,1783785399448,596263,first_a_sqs_sent_timestamp,10055,94,ok,
reaction-20260711T154617.431287445Z,fair-c100,2026-07-11T15:56:39.475Z,1783785399475,596292,first_a_sqs_sent_timestamp,9767,96,ok,
reaction-20260711T154617.431287445Z,baseline-c100,2026-07-11T15:56:40.448Z,1783785400448,597263,first_a_sqs_sent_timestamp,10055,85,ok,
reaction-20260711T154617.431287445Z,fair-c100,2026-07-11T15:56:40.474Z,1783785400474,597291,first_a_sqs_sent_timestamp,9733,96,ok,
reaction-20260711T154617.431287445Z,baseline-c100,2026-07-11T15:56:41.448Z,1783785401448,598263,first_a_sqs_sent_timestamp,10126,102,ok,
reaction-20260711T154617.431287445Z,fair-c100,2026-07-11T15:56:41.474Z,1783785401474,598291,first_a_sqs_sent_timestamp,9808,81,ok,
reaction-20260711T154617.431287445Z,baseline-c100,2026-07-11T15:56:42.448Z,1783785402448,599263,first_a_sqs_sent_timestamp,9849,92,ok,
reaction-20260711T154617.431287445Z,fair-c100,2026-07-11T15:56:42.477Z,1783785402477,599294,first_a_sqs_sent_timestamp,9736,94,ok,
reaction-20260711T154617.431287445Z,baseline-c100,2026-07-11T15:56:43.45Z,1783785403450,600265,first_a_sqs_sent_timestamp,10028,86,ok,
reaction-20260711T154617.431287445Z,fair-c100,2026-07-11T15:56:43.476Z,1783785403476,600293,first_a_sqs_sent_timestamp,9766,93,ok,
reaction-20260711T154617.431287445Z,baseline-c100,2026-07-11T15:56:44.449Z,1783785404449,601264,first_a_sqs_sent_timestamp,10092,91,ok,
reaction-20260711T154617.431287445Z,fair-c100,2026-07-11T15:56:44.48Z,1783785404480,601297,first_a_sqs_sent_timestamp,9492,93,ok,
reaction-20260711T154617.431287445Z,baseline-c100,2026-07-11T15:56:45.453Z,1783785405453,602268,first_a_sqs_sent_timestamp,10054,84,ok,
reaction-20260711T154617.431287445Z,fair-c100,2026-07-11T15:56:45.48Z,1783785405480,602297,first_a_sqs_sent_timestamp,9491,85,ok,
reaction-20260711T154617.431287445Z,baseline-c100,2026-07-11T15:56:46.452Z,1783785406452,603267,first_a_sqs_sent_timestamp,9688,97,ok,
reaction-20260711T154617.431287445Z,fair-c100,2026-07-11T15:56:46.481Z,1783785406481,603298,first_a_sqs_sent_timestamp,9462,97,ok,
reaction-20260711T154617.431287445Z,baseline-c100,2026-07-11T15:56:47.449Z,1783785407449,604264,first_a_sqs_sent_timestamp,9776,85,ok,
reaction-20260711T154617.431287445Z,fair-c100,2026-07-11T15:56:47.481Z,1783785407481,604298,first_a_sqs_sent_timestamp,9461,99,ok,
reaction-20260711T154617.431287445Z,baseline-c100,2026-07-11T15:56:48.449Z,1783785408449,605264,first_a_sqs_sent_timestamp,9694,96,ok,
reaction-20260711T154617.431287445Z,fair-c100,2026-07-11T15:56:48.477Z,1783785408477,605294,first_a_sqs_sent_timestamp,9461,89,ok,
reaction-20260711T154617.431287445Z,baseline-c100,2026-07-11T15:56:49.45Z,1783785409450,606265,first_a_sqs_sent_timestamp,9776,93,ok,
reaction-20260711T154617.431287445Z,fair-c100,2026-07-11T15:56:49.478Z,1783785409478,606295,first_a_sqs_sent_timestamp,9461,100,ok,
reaction-20260711T154617.431287445Z,baseline-c100,2026-07-11T15:56:50.457Z,1783785410457,607272,first_a_sqs_sent_timestamp,9769,87,ok,
reaction-20260711T154617.431287445Z,fair-c100,2026-07-11T15:56:50.486Z,1783785410486,607303,first_a_sqs_sent_timestamp,9171,102,ok,
reaction-20260711T154617.431287445Z,baseline-c100,2026-07-11T15:56:51.476Z,1783785411476,608291,first_a_sqs_sent_timestamp,9693,84,ok,
reaction-20260711T154617.431287445Z,fair-c100,2026-07-11T15:56:51.584Z,1783785411584,608401,first_a_sqs_sent_timestamp,9624,90,ok,
reaction-20260711T154617.431287445Z,baseline-c100,2026-07-11T15:56:52.451Z,1783785412451,609266,first_a_sqs_sent_timestamp,9510,89,ok,
reaction-20260711T154617.431287445Z,fair-c100,2026-07-11T15:56:52.597Z,1783785412597,609414,first_a_sqs_sent_timestamp,9080,90,ok,
reaction-20260711T154617.431287445Z,baseline-c100,2026-07-11T15:56:53.449Z,1783785413449,610264,first_a_sqs_sent_timestamp,9451,100,ok,
reaction-20260711T154617.431287445Z,fair-c100,2026-07-11T15:56:53.492Z,1783785413492,610309,first_a_sqs_sent_timestamp,10349,87,ok,
reaction-20260711T154617.431287445Z,baseline-c100,2026-07-11T15:56:54.497Z,1783785414497,611312,first_a_sqs_sent_timestamp,9510,89,ok,
reaction-20260711T154617.431287445Z,fair-c100,2026-07-11T15:56:54.587Z,1783785414587,611404,first_a_sqs_sent_timestamp,9266,109,ok,
reaction-20260711T154617.431287445Z,baseline-c100,2026-07-11T15:56:55.449Z,1783785415449,612264,first_a_sqs_sent_timestamp,9408,98,ok,
reaction-20260711T154617.431287445Z,fair-c100,2026-07-11T15:56:55.478Z,1783785415478,612295,first_a_sqs_sent_timestamp,9171,97,ok,
reaction-20260711T154617.431287445Z,baseline-c100,2026-07-11T15:56:56.451Z,1783785416451,613266,first_a_sqs_sent_timestamp,9289,83,ok,
reaction-20260711T154617.431287445Z,fair-c100,2026-07-11T15:56:56.482Z,1783785416482,613299,first_a_sqs_sent_timestamp,9016,78,ok,
reaction-20260711T154617.431287445Z,baseline-c100,2026-07-11T15:56:57.451Z,1783785417451,614266,first_a_sqs_sent_timestamp,9686,86,ok,
reaction-20260711T154617.431287445Z,fair-c100,2026-07-11T15:56:57.477Z,1783785417477,614294,first_a_sqs_sent_timestamp,8941,76,ok,
reaction-20260711T154617.431287445Z,baseline-c100,2026-07-11T15:56:58.45Z,1783785418450,615265,first_a_sqs_sent_timestamp,9451,100,ok,
reaction-20260711T154617.431287445Z,fair-c100,2026-07-11T15:56:58.478Z,1783785418478,615295,first_a_sqs_sent_timestamp,8941,76,ok,
reaction-20260711T154617.431287445Z,baseline-c100,2026-07-11T15:56:59.449Z,1783785419449,616264,first_a_sqs_sent_timestamp,9416,94,ok,
reaction-20260711T154617.431287445Z,fair-c100,2026-07-11T15:56:59.479Z,1783785419479,616296,first_a_sqs_sent_timestamp,9089,82,ok,
reaction-20260711T154617.431287445Z,baseline-c100,2026-07-11T15:57:00.449Z,1783785420449,617264,first_a_sqs_sent_timestamp,9134,99,ok,
reaction-20260711T154617.431287445Z,fair-c100,2026-07-11T15:57:00.477Z,1783785420477,617294,first_a_sqs_sent_timestamp,8972,86,ok,
reaction-20260711T154617.431287445Z,baseline-c100,2026-07-11T15:57:01.45Z,1783785421450,618265,first_a_sqs_sent_timestamp,9134,99,ok,
reaction-20260711T154617.431287445Z,fair-c100,2026-07-11T15:57:01.479Z,1783785421479,618296,first_a_sqs_sent_timestamp,9080,90,ok,
reaction-20260711T154617.431287445Z,baseline-c100,2026-07-11T15:57:02.449Z,1783785422449,619264,first_a_sqs_sent_timestamp,8977,70,ok,
reaction-20260711T154617.431287445Z,fair-c100,2026-07-11T15:57:02.475Z,1783785422475,619292,first_a_sqs_sent_timestamp,8664,95,ok,
reaction-20260711T154617.431287445Z,baseline-c100,2026-07-11T15:57:03.452Z,1783785423452,620267,first_a_sqs_sent_timestamp,9051,87,ok,
reaction-20260711T154617.431287445Z,fair-c100,2026-07-11T15:57:03.481Z,1783785423481,620298,first_a_sqs_sent_timestamp,8665,94,ok,
reaction-20260711T154617.431287445Z,baseline-c100,2026-07-11T15:57:04.455Z,1783785424455,621270,first_a_sqs_sent_timestamp,9099,98,ok,
reaction-20260711T154617.431287445Z,fair-c100,2026-07-11T15:57:04.492Z,1783785424492,621309,first_a_sqs_sent_timestamp,8664,95,ok,
reaction-20260711T154617.431287445Z,baseline-c100,2026-07-11T15:57:05.451Z,1783785425451,622266,first_a_sqs_sent_timestamp,8867,88,ok,
reaction-20260711T154617.431287445Z,fair-c100,2026-07-11T15:57:05.479Z,1783785425479,622296,first_a_sqs_sent_timestamp,8665,94,ok,
reaction-20260711T154617.431287445Z,baseline-c100,2026-07-11T15:57:06.459Z,1783785426459,623274,first_a_sqs_sent_timestamp,8867,88,ok,
reaction-20260711T154617.431287445Z,fair-c100,2026-07-11T15:57:06.491Z,1783785426491,623308,first_a_sqs_sent_timestamp,8665,94,ok,
reaction-20260711T154617.431287445Z,baseline-c100,2026-07-11T15:57:07.451Z,1783785427451,624266,first_a_sqs_sent_timestamp,8782,100,ok,
reaction-20260711T154617.431287445Z,fair-c100,2026-07-11T15:57:07.48Z,1783785427480,624297,first_a_sqs_sent_timestamp,8391,90,ok,
reaction-20260711T154617.431287445Z,baseline-c100,2026-07-11T15:57:08.45Z,1783785428450,625265,first_a_sqs_sent_timestamp,8867,88,ok,
reaction-20260711T154617.431287445Z,fair-c100,2026-07-11T15:57:08.483Z,1783785428483,625300,first_a_sqs_sent_timestamp,8690,96,ok,
reaction-20260711T154617.431287445Z,baseline-c100,2026-07-11T15:57:09.45Z,1783785429450,626265,first_a_sqs_sent_timestamp,8842,74,ok,
reaction-20260711T154617.431287445Z,fair-c100,2026-07-11T15:57:09.487Z,1783785429487,626304,first_a_sqs_sent_timestamp,8367,100,ok,
reaction-20260711T154617.431287445Z,baseline-c100,2026-07-11T15:57:10.459Z,1783785430459,627274,first_a_sqs_sent_timestamp,9408,98,ok,
reaction-20260711T154617.431287445Z,fair-c100,2026-07-11T15:57:10.492Z,1783785430492,627309,first_a_sqs_sent_timestamp,8332,93,ok,
reaction-20260711T154617.431287445Z,baseline-c100,2026-07-11T15:57:11.451Z,1783785431451,628266,first_a_sqs_sent_timestamp,8867,88,ok,
reaction-20260711T154617.431287445Z,fair-c100,2026-07-11T15:57:11.487Z,1783785431487,628304,first_a_sqs_sent_timestamp,8391,90,ok,
reaction-20260711T154617.431287445Z,baseline-c100,2026-07-11T15:57:12.453Z,1783785432453,629268,first_a_sqs_sent_timestamp,8515,81,ok,
reaction-20260711T154617.431287445Z,fair-c100,2026-07-11T15:57:12.481Z,1783785432481,629298,first_a_sqs_sent_timestamp,8274,95,ok,
reaction-20260711T154617.431287445Z,baseline-c100,2026-07-11T15:57:13.451Z,1783785433451,630266,first_a_sqs_sent_timestamp,8589,95,ok,
reaction-20260711T154617.431287445Z,fair-c100,2026-07-11T15:57:13.481Z,1783785433481,630298,first_a_sqs_sent_timestamp,8465,99,ok,
reaction-20260711T154617.431287445Z,baseline-c100,2026-07-11T15:57:14.448Z,1783785434448,631263,first_a_sqs_sent_timestamp,8515,81,ok,
reaction-20260711T154617.431287445Z,fair-c100,2026-07-11T15:57:14.477Z,1783785434477,631294,first_a_sqs_sent_timestamp,8391,90,ok,
reaction-20260711T154617.431287445Z,baseline-c100,2026-07-11T15:57:15.449Z,1783785435449,632264,first_a_sqs_sent_timestamp,8578,98,ok,
reaction-20260711T154617.431287445Z,fair-c100,2026-07-11T15:57:15.477Z,1783785435477,632294,first_a_sqs_sent_timestamp,8367,100,ok,
reaction-20260711T154617.431287445Z,baseline-c100,2026-07-11T15:57:16.45Z,1783785436450,633265,first_a_sqs_sent_timestamp,8782,100,ok,
reaction-20260711T154617.431287445Z,fair-c100,2026-07-11T15:57:16.477Z,1783785436477,633294,first_a_sqs_sent_timestamp,8423,96,ok,
reaction-20260711T154617.431287445Z,baseline-c100,2026-07-11T15:57:17.449Z,1783785437449,634264,first_a_sqs_sent_timestamp,9051,87,ok,
reaction-20260711T154617.431287445Z,fair-c100,2026-07-11T15:57:17.522Z,1783785437522,634339,first_a_sqs_sent_timestamp,7959,98,ok,
reaction-20260711T154617.431287445Z,baseline-c100,2026-07-11T15:57:18.448Z,1783785438448,635263,first_a_sqs_sent_timestamp,8347,84,ok,
reaction-20260711T154617.431287445Z,fair-c100,2026-07-11T15:57:18.482Z,1783785438482,635299,first_a_sqs_sent_timestamp,8056,97,ok,
reaction-20260711T154617.431287445Z,baseline-c100,2026-07-11T15:57:19.452Z,1783785439452,636267,first_a_sqs_sent_timestamp,8515,81,ok,
reaction-20260711T154617.431287445Z,fair-c100,2026-07-11T15:57:19.481Z,1783785439481,636298,first_a_sqs_sent_timestamp,8020,85,ok,
reaction-20260711T154617.431287445Z,baseline-c100,2026-07-11T15:57:20.453Z,1783785440453,637268,first_a_sqs_sent_timestamp,8262,91,ok,
reaction-20260711T154617.431287445Z,fair-c100,2026-07-11T15:57:20.484Z,1783785440484,637301,first_a_sqs_sent_timestamp,8020,85,ok,
reaction-20260711T154617.431287445Z,baseline-c100,2026-07-11T15:57:21.451Z,1783785441451,638266,first_a_sqs_sent_timestamp,8351,83,ok,
reaction-20260711T154617.431287445Z,fair-c100,2026-07-11T15:57:21.479Z,1783785441479,638296,first_a_sqs_sent_timestamp,8020,85,ok,
reaction-20260711T154617.431287445Z,baseline-c100,2026-07-11T15:57:22.448Z,1783785442448,639263,first_a_sqs_sent_timestamp,8262,91,ok,
reaction-20260711T154617.431287445Z,fair-c100,2026-07-11T15:57:22.48Z,1783785442480,639297,first_a_sqs_sent_timestamp,7742,94,ok,
reaction-20260711T154617.431287445Z,baseline-c100,2026-07-11T15:57:23.449Z,1783785443449,640264,first_a_sqs_sent_timestamp,8347,84,ok,
reaction-20260711T154617.431287445Z,fair-c100,2026-07-11T15:57:23.477Z,1783785443477,640294,first_a_sqs_sent_timestamp,7830,95,ok,
reaction-20260711T154617.431287445Z,baseline-c100,2026-07-11T15:57:24.452Z,1783785444452,641267,first_a_sqs_sent_timestamp,8065,101,ok,
reaction-20260711T154617.431287445Z,fair-c100,2026-07-11T15:57:24.479Z,1783785444479,641296,first_a_sqs_sent_timestamp,7959,98,ok,
reaction-20260711T154617.431287445Z,baseline-c100,2026-07-11T15:57:25.457Z,1783785445457,642272,first_a_sqs_sent_timestamp,8065,101,ok,
reaction-20260711T154617.431287445Z,fair-c100,2026-07-11T15:57:25.485Z,1783785445485,642302,first_a_sqs_sent_timestamp,7830,95,ok,
reaction-20260711T154617.431287445Z,baseline-c100,2026-07-11T15:57:26.45Z,1783785446450,643265,first_a_sqs_sent_timestamp,8065,101,ok,
reaction-20260711T154617.431287445Z,fair-c100,2026-07-11T15:57:26.482Z,1783785446482,643299,first_a_sqs_sent_timestamp,8056,97,ok,
reaction-20260711T154617.431287445Z,baseline-c100,2026-07-11T15:57:27.448Z,1783785447448,644263,first_a_sqs_sent_timestamp,8064,100,ok,
reaction-20260711T154617.431287445Z,fair-c100,2026-07-11T15:57:27.476Z,1783785447476,644293,first_a_sqs_sent_timestamp,7513,97,ok,
reaction-20260711T154617.431287445Z,baseline-c100,2026-07-11T15:57:28.452Z,1783785448452,645267,first_a_sqs_sent_timestamp,7976,90,ok,
reaction-20260711T154617.431287445Z,fair-c100,2026-07-11T15:57:28.486Z,1783785448486,645303,first_a_sqs_sent_timestamp,7742,94,ok,
reaction-20260711T154617.431287445Z,baseline-c100,2026-07-11T15:57:29.451Z,1783785449451,646266,first_a_sqs_sent_timestamp,8065,101,ok,
reaction-20260711T154617.431287445Z,fair-c100,2026-07-11T15:57:29.483Z,1783785449483,646300,first_a_sqs_sent_timestamp,7562,84,ok,
reaction-20260711T154617.431287445Z,baseline-c100,2026-07-11T15:57:30.45Z,1783785450450,647265,first_a_sqs_sent_timestamp,8323,63,ok,
reaction-20260711T154617.431287445Z,fair-c100,2026-07-11T15:57:30.607Z,1783785450607,647424,first_a_sqs_sent_timestamp,7513,97,ok,
reaction-20260711T154617.431287445Z,baseline-c100,2026-07-11T15:57:31.448Z,1783785451448,648263,first_a_sqs_sent_timestamp,7722,95,ok,
reaction-20260711T154617.431287445Z,fair-c100,2026-07-11T15:57:31.475Z,1783785451475,648292,first_a_sqs_sent_timestamp,7644,98,ok,
reaction-20260711T154617.431287445Z,baseline-c100,2026-07-11T15:57:32.448Z,1783785452448,649263,first_a_sqs_sent_timestamp,7674,98,ok,
reaction-20260711T154617.431287445Z,fair-c100,2026-07-11T15:57:32.474Z,1783785452474,649291,first_a_sqs_sent_timestamp,7280,95,ok,
reaction-20260711T154617.431287445Z,baseline-c100,2026-07-11T15:57:33.45Z,1783785453450,650265,first_a_sqs_sent_timestamp,7722,95,ok,
reaction-20260711T154617.431287445Z,fair-c100,2026-07-11T15:57:33.477Z,1783785453477,650294,first_a_sqs_sent_timestamp,7280,95,ok,
reaction-20260711T154617.431287445Z,baseline-c100,2026-07-11T15:57:34.448Z,1783785454448,651263,first_a_sqs_sent_timestamp,7731,93,ok,
reaction-20260711T154617.431287445Z,fair-c100,2026-07-11T15:57:34.474Z,1783785454474,651291,first_a_sqs_sent_timestamp,7513,97,ok,
reaction-20260711T154617.431287445Z,baseline-c100,2026-07-11T15:57:35.449Z,1783785455449,652264,first_a_sqs_sent_timestamp,7641,85,ok,
reaction-20260711T154617.431287445Z,fair-c100,2026-07-11T15:57:35.474Z,1783785455474,652291,first_a_sqs_sent_timestamp,7154,96,ok,
reaction-20260711T154617.431287445Z,baseline-c100,2026-07-11T15:57:36.454Z,1783785456454,653269,first_a_sqs_sent_timestamp,7674,98,ok,
reaction-20260711T154617.431287445Z,fair-c100,2026-07-11T15:57:36.486Z,1783785456486,653303,first_a_sqs_sent_timestamp,7425,88,ok,
reaction-20260711T154617.431287445Z,baseline-c100,2026-07-11T15:57:37.451Z,1783785457451,654266,first_a_sqs_sent_timestamp,7442,92,ok,
reaction-20260711T154617.431287445Z,fair-c100,2026-07-11T15:57:37.477Z,1783785457477,654294,first_a_sqs_sent_timestamp,7280,95,ok,
reaction-20260711T154617.431287445Z,baseline-c100,2026-07-11T15:57:38.449Z,1783785458449,655264,first_a_sqs_sent_timestamp,7823,82,ok,
reaction-20260711T154617.431287445Z,fair-c100,2026-07-11T15:57:38.5Z,1783785458500,655317,first_a_sqs_sent_timestamp,7180,99,ok,
reaction-20260711T154617.431287445Z,baseline-c100,2026-07-11T15:57:39.454Z,1783785459454,656269,first_a_sqs_sent_timestamp,7384,74,ok,
reaction-20260711T154617.431287445Z,fair-c100,2026-07-11T15:57:39.48Z,1783785459480,656297,first_a_sqs_sent_timestamp,7021,82,ok,
reaction-20260711T154617.431287445Z,baseline-c100,2026-07-11T15:57:40.448Z,1783785460448,657263,first_a_sqs_sent_timestamp,7641,85,ok,
reaction-20260711T154617.431287445Z,fair-c100,2026-07-11T15:57:40.474Z,1783785460474,657291,first_a_sqs_sent_timestamp,7056,98,ok,
reaction-20260711T154617.431287445Z,baseline-c100,2026-07-11T15:57:41.449Z,1783785461449,658264,first_a_sqs_sent_timestamp,7247,99,ok,
reaction-20260711T154617.431287445Z,fair-c100,2026-07-11T15:57:41.477Z,1783785461477,658294,first_a_sqs_sent_timestamp,7026,85,ok,
reaction-20260711T154617.431287445Z,baseline-c100,2026-07-11T15:57:42.451Z,1783785462451,659266,first_a_sqs_sent_timestamp,7442,92,ok,
reaction-20260711T154617.431287445Z,fair-c100,2026-07-11T15:57:42.478Z,1783785462478,659295,first_a_sqs_sent_timestamp,6829,99,ok,
reaction-20260711T154617.431287445Z,baseline-c100,2026-07-11T15:57:43.449Z,1783785463449,660264,first_a_sqs_sent_timestamp,7384,74,ok,
reaction-20260711T154617.431287445Z,fair-c100,2026-07-11T15:57:43.476Z,1783785463476,660293,first_a_sqs_sent_timestamp,6927,95,ok,
reaction-20260711T154617.431287445Z,baseline-c100,2026-07-11T15:57:44.448Z,1783785464448,661263,first_a_sqs_sent_timestamp,7454,98,ok,
reaction-20260711T154617.431287445Z,fair-c100,2026-07-11T15:57:44.475Z,1783785464475,661292,first_a_sqs_sent_timestamp,7180,99,ok,
reaction-20260711T154617.431287445Z,baseline-c100,2026-07-11T15:57:45.448Z,1783785465448,662263,first_a_sqs_sent_timestamp,7247,99,ok,
reaction-20260711T154617.431287445Z,fair-c100,2026-07-11T15:57:45.476Z,1783785465476,662293,first_a_sqs_sent_timestamp,6719,88,ok,
reaction-20260711T154617.431287445Z,baseline-c100,2026-07-11T15:57:46.448Z,1783785466448,663263,first_a_sqs_sent_timestamp,7067,100,ok,
reaction-20260711T154617.431287445Z,fair-c100,2026-07-11T15:57:46.475Z,1783785466475,663292,first_a_sqs_sent_timestamp,6719,88,ok,
reaction-20260711T154617.431287445Z,baseline-c100,2026-07-11T15:57:47.449Z,1783785467449,664264,first_a_sqs_sent_timestamp,7344,100,ok,
reaction-20260711T154617.431287445Z,fair-c100,2026-07-11T15:57:47.476Z,1783785467476,664293,first_a_sqs_sent_timestamp,6737,93,ok,
reaction-20260711T154617.431287445Z,baseline-c100,2026-07-11T15:57:48.447Z,1783785468447,665262,first_a_sqs_sent_timestamp,7125,95,ok,
reaction-20260711T154617.431287445Z,fair-c100,2026-07-11T15:57:48.473Z,1783785468473,665290,first_a_sqs_sent_timestamp,6719,88,ok,
reaction-20260711T154617.431287445Z,baseline-c100,2026-07-11T15:57:49.449Z,1783785469449,666264,first_a_sqs_sent_timestamp,7247,99,ok,
reaction-20260711T154617.431287445Z,fair-c100,2026-07-11T15:57:49.478Z,1783785469478,666295,first_a_sqs_sent_timestamp,7610,96,ok,
reaction-20260711T154617.431287445Z,baseline-c100,2026-07-11T15:57:50.481Z,1783785470481,667296,first_a_sqs_sent_timestamp,6842,94,ok,
reaction-20260711T154617.431287445Z,fair-c100,2026-07-11T15:57:50.511Z,1783785470511,667328,first_a_sqs_sent_timestamp,6737,93,ok,
reaction-20260711T154617.431287445Z,baseline-c100,2026-07-11T15:57:51.448Z,1783785471448,668263,first_a_sqs_sent_timestamp,7125,95,ok,
reaction-20260711T154617.431287445Z,fair-c100,2026-07-11T15:57:51.475Z,1783785471475,668292,first_a_sqs_sent_timestamp,6483,96,ok,
reaction-20260711T154617.431287445Z,baseline-c100,2026-07-11T15:57:52.448Z,1783785472448,669263,first_a_sqs_sent_timestamp,7067,100,ok,
reaction-20260711T154617.431287445Z,fair-c100,2026-07-11T15:57:52.474Z,1783785472474,669291,first_a_sqs_sent_timestamp,6475,97,ok,
reaction-20260711T154617.431287445Z,baseline-c100,2026-07-11T15:57:53.45Z,1783785473450,670265,first_a_sqs_sent_timestamp,6943,97,ok,
reaction-20260711T154617.431287445Z,fair-c100,2026-07-11T15:57:53.478Z,1783785473478,670295,first_a_sqs_sent_timestamp,6475,97,ok,
reaction-20260711T154617.431287445Z,baseline-c100,2026-07-11T15:57:54.449Z,1783785474449,671264,first_a_sqs_sent_timestamp,6843,100,ok,
reaction-20260711T154617.431287445Z,fair-c100,2026-07-11T15:57:54.476Z,1783785474476,671293,first_a_sqs_sent_timestamp,6475,97,ok,
reaction-20260711T154617.431287445Z,baseline-c100,2026-07-11T15:57:55.448Z,1783785475448,672263,first_a_sqs_sent_timestamp,6658,94,ok,
reaction-20260711T154617.431287445Z,fair-c100,2026-07-11T15:57:55.474Z,1783785475474,672291,first_a_sqs_sent_timestamp,6433,98,ok,
reaction-20260711T154617.431287445Z,baseline-c100,2026-07-11T15:57:56.45Z,1783785476450,673265,first_a_sqs_sent_timestamp,6555,98,ok,
reaction-20260711T154617.431287445Z,fair-c100,2026-07-11T15:57:56.476Z,1783785476476,673293,first_a_sqs_sent_timestamp,6571,92,ok,
reaction-20260711T154617.431287445Z,baseline-c100,2026-07-11T15:57:57.446Z,1783785477446,674261,first_a_sqs_sent_timestamp,6719,83,ok,
reaction-20260711T154617.431287445Z,fair-c100,2026-07-11T15:57:57.647Z,1783785477647,674464,first_a_sqs_sent_timestamp,6157,97,ok,
reaction-20260711T154617.431287445Z,baseline-c100,2026-07-11T15:57:58.447Z,1783785478447,675262,first_a_sqs_sent_timestamp,6455,96,ok,
reaction-20260711T154617.431287445Z,fair-c100,2026-07-11T15:57:58.506Z,1783785478506,675323,first_a_sqs_sent_timestamp,6157,97,ok,
reaction-20260711T154617.431287445Z,baseline-c100,2026-07-11T15:57:59.449Z,1783785479449,676264,first_a_sqs_sent_timestamp,6658,94,ok,
reaction-20260711T154617.431287445Z,fair-c100,2026-07-11T15:57:59.476Z,1783785479476,676293,first_a_sqs_sent_timestamp,6483,96,ok,
reaction-20260711T154617.431287445Z,baseline-c100,2026-07-11T15:58:00.448Z,1783785480448,677263,first_a_sqs_sent_timestamp,6555,98,ok,
reaction-20260711T154617.431287445Z,fair-c100,2026-07-11T15:58:00.474Z,1783785480474,677291,first_a_sqs_sent_timestamp,6157,97,ok,
reaction-20260711T154617.431287445Z,baseline-c100,2026-07-11T15:58:01.448Z,1783785481448,678263,first_a_sqs_sent_timestamp,6389,88,ok,
reaction-20260711T154617.431287445Z,fair-c100,2026-07-11T15:58:01.475Z,1783785481475,678292,first_a_sqs_sent_timestamp,6203,93,ok,
reaction-20260711T154617.431287445Z,baseline-c100,2026-07-11T15:58:02.448Z,1783785482448,679263,first_a_sqs_sent_timestamp,6719,83,ok,
reaction-20260711T154617.431287445Z,fair-c100,2026-07-11T15:58:02.475Z,1783785482475,679292,first_a_sqs_sent_timestamp,5935,86,ok,
reaction-20260711T154617.431287445Z,baseline-c100,2026-07-11T15:58:03.451Z,1783785483451,680266,first_a_sqs_sent_timestamp,6455,96,ok,
reaction-20260711T154617.431287445Z,fair-c100,2026-07-11T15:58:03.478Z,1783785483478,680295,first_a_sqs_sent_timestamp,5935,86,ok,
reaction-20260711T154617.431287445Z,baseline-c100,2026-07-11T15:58:04.448Z,1783785484448,681263,first_a_sqs_sent_timestamp,6389,88,ok,
reaction-20260711T154617.431287445Z,fair-c100,2026-07-11T15:58:04.475Z,1783785484475,681292,first_a_sqs_sent_timestamp,5865,90,ok,
reaction-20260711T154617.431287445Z,baseline-c100,2026-07-11T15:58:05.448Z,1783785485448,682263,first_a_sqs_sent_timestamp,6555,98,ok,
reaction-20260711T154617.431287445Z,fair-c100,2026-07-11T15:58:05.475Z,1783785485475,682292,first_a_sqs_sent_timestamp,6719,88,ok,
reaction-20260711T154617.431287445Z,baseline-c100,2026-07-11T15:58:06.45Z,1783785486450,683265,first_a_sqs_sent_timestamp,6389,88,ok,
reaction-20260711T154617.431287445Z,fair-c100,2026-07-11T15:58:06.475Z,1783785486475,683292,first_a_sqs_sent_timestamp,5739,99,ok,
reaction-20260711T154617.431287445Z,baseline-c100,2026-07-11T15:58:07.446Z,1783785487446,684261,first_a_sqs_sent_timestamp,6122,100,ok,
reaction-20260711T154617.431287445Z,fair-c100,2026-07-11T15:58:07.474Z,1783785487474,684291,first_a_sqs_sent_timestamp,7026,85,ok,
reaction-20260711T154617.431287445Z,baseline-c100,2026-07-11T15:58:08.447Z,1783785488447,685262,first_a_sqs_sent_timestamp,6295,83,ok,
reaction-20260711T154617.431287445Z,fair-c100,2026-07-11T15:58:08.476Z,1783785488476,685293,first_a_sqs_sent_timestamp,5865,90,ok,
reaction-20260711T154617.431287445Z,baseline-c100,2026-07-11T15:58:09.449Z,1783785489449,686264,first_a_sqs_sent_timestamp,6022,95,ok,
reaction-20260711T154617.431287445Z,fair-c100,2026-07-11T15:58:09.483Z,1783785489483,686300,first_a_sqs_sent_timestamp,5935,86,ok,
reaction-20260711T154617.431287445Z,baseline-c100,2026-07-11T15:58:10.447Z,1783785490447,687262,first_a_sqs_sent_timestamp,6070,83,ok,
reaction-20260711T154617.431287445Z,fair-c100,2026-07-11T15:58:10.476Z,1783785490476,687293,first_a_sqs_sent_timestamp,6021,98,ok,
reaction-20260711T154617.431287445Z,baseline-c100,2026-07-11T15:58:11.446Z,1783785491446,688261,first_a_sqs_sent_timestamp,6122,100,ok,
reaction-20260711T154617.431287445Z,fair-c100,2026-07-11T15:58:11.475Z,1783785491475,688292,first_a_sqs_sent_timestamp,5574,73,ok,
reaction-20260711T154617.431287445Z,baseline-c100,2026-07-11T15:58:12.448Z,1783785492448,689263,first_a_sqs_sent_timestamp,6119,86,ok,
reaction-20260711T154617.431287445Z,fair-c100,2026-07-11T15:58:12.474Z,1783785492474,689291,first_a_sqs_sent_timestamp,5646,94,ok,
reaction-20260711T154617.431287445Z,baseline-c100,2026-07-11T15:58:13.449Z,1783785493449,690264,first_a_sqs_sent_timestamp,6202,100,ok,
reaction-20260711T154617.431287445Z,fair-c100,2026-07-11T15:58:13.475Z,1783785493475,690292,first_a_sqs_sent_timestamp,5646,94,ok,
reaction-20260711T154617.431287445Z,baseline-c100,2026-07-11T15:58:14.448Z,1783785494448,691263,first_a_sqs_sent_timestamp,5744,96,ok,
reaction-20260711T154617.431287445Z,fair-c100,2026-07-11T15:58:14.48Z,1783785494480,691297,first_a_sqs_sent_timestamp,5574,73,ok,
reaction-20260711T154617.431287445Z,baseline-c100,2026-07-11T15:58:15.447Z,1783785495447,692262,first_a_sqs_sent_timestamp,5838,93,ok,
reaction-20260711T154617.431287445Z,fair-c100,2026-07-11T15:58:15.474Z,1783785495474,692291,first_a_sqs_sent_timestamp,5393,91,ok,
reaction-20260711T154617.431287445Z,baseline-c100,2026-07-11T15:58:16.448Z,1783785496448,693263,first_a_sqs_sent_timestamp,6022,95,ok,
reaction-20260711T154617.431287445Z,fair-c100,2026-07-11T15:58:16.475Z,1783785496475,693292,first_a_sqs_sent_timestamp,5522,87,ok,
reaction-20260711T154617.431287445Z,baseline-c100,2026-07-11T15:58:17.447Z,1783785497447,694262,first_a_sqs_sent_timestamp,5601,96,ok,
reaction-20260711T154617.431287445Z,fair-c100,2026-07-11T15:58:17.477Z,1783785497477,694294,first_a_sqs_sent_timestamp,5263,92,ok,
reaction-20260711T154617.431287445Z,baseline-c100,2026-07-11T15:58:18.447Z,1783785498447,695262,first_a_sqs_sent_timestamp,5601,96,ok,
reaction-20260711T154617.431287445Z,fair-c100,2026-07-11T15:58:18.473Z,1783785498473,695290,first_a_sqs_sent_timestamp,5393,91,ok,
reaction-20260711T154617.431287445Z,baseline-c100,2026-07-11T15:58:19.451Z,1783785499451,696266,first_a_sqs_sent_timestamp,5838,93,ok,
reaction-20260711T154617.431287445Z,fair-c100,2026-07-11T15:58:19.478Z,1783785499478,696295,first_a_sqs_sent_timestamp,5210,99,ok,
reaction-20260711T154617.431287445Z,baseline-c100,2026-07-11T15:58:20.448Z,1783785500448,697263,first_a_sqs_sent_timestamp,5794,99,ok,
reaction-20260711T154617.431287445Z,fair-c100,2026-07-11T15:58:20.475Z,1783785500475,697292,first_a_sqs_sent_timestamp,5355,74,ok,
reaction-20260711T154617.431287445Z,baseline-c100,2026-07-11T15:58:21.448Z,1783785501448,698263,first_a_sqs_sent_timestamp,5487,75,ok,
reaction-20260711T154617.431287445Z,fair-c100,2026-07-11T15:58:21.478Z,1783785501478,698295,first_a_sqs_sent_timestamp,5090,79,ok,
reaction-20260711T154617.431287445Z,baseline-c100,2026-07-11T15:58:22.447Z,1783785502447,699262,first_a_sqs_sent_timestamp,5983,88,ok,
reaction-20260711T154617.431287445Z,fair-c100,2026-07-11T15:58:22.473Z,1783785502473,699290,first_a_sqs_sent_timestamp,5498,86,ok,
reaction-20260711T154617.431287445Z,baseline-c100,2026-07-11T15:58:23.447Z,1783785503447,700262,first_a_sqs_sent_timestamp,5429,92,ok,
reaction-20260711T154617.431287445Z,fair-c100,2026-07-11T15:58:23.476Z,1783785503476,700293,first_a_sqs_sent_timestamp,5393,91,ok,
reaction-20260711T154617.431287445Z,baseline-c100,2026-07-11T15:58:24.447Z,1783785504447,701262,first_a_sqs_sent_timestamp,5386,97,ok,
reaction-20260711T154617.431287445Z,fair-c100,2026-07-11T15:58:24.478Z,1783785504478,701295,first_a_sqs_sent_timestamp,5308,83,ok,
reaction-20260711T154617.431287445Z,baseline-c100,2026-07-11T15:58:25.45Z,1783785505450,702265,first_a_sqs_sent_timestamp,5331,98,ok,
reaction-20260711T154617.431287445Z,fair-c100,2026-07-11T15:58:25.475Z,1783785505475,702292,first_a_sqs_sent_timestamp,4903,89,ok,
reaction-20260711T154617.431287445Z,baseline-c100,2026-07-11T15:58:26.448Z,1783785506448,703263,first_a_sqs_sent_timestamp,5487,75,ok,
reaction-20260711T154617.431287445Z,fair-c100,2026-07-11T15:58:26.475Z,1783785506475,703292,first_a_sqs_sent_timestamp,5210,99,ok,
reaction-20260711T154617.431287445Z,baseline-c100,2026-07-11T15:58:27.448Z,1783785507448,704263,first_a_sqs_sent_timestamp,5483,72,ok,
reaction-20260711T154617.431287445Z,fair-c100,2026-07-11T15:58:27.475Z,1783785507475,704292,first_a_sqs_sent_timestamp,5039,88,ok,
reaction-20260711T154617.431287445Z,baseline-c100,2026-07-11T15:58:28.447Z,1783785508447,705262,first_a_sqs_sent_timestamp,5331,98,ok,
reaction-20260711T154617.431287445Z,fair-c100,2026-07-11T15:58:28.473Z,1783785508473,705290,first_a_sqs_sent_timestamp,4815,89,ok,
reaction-20260711T154617.431287445Z,baseline-c100,2026-07-11T15:58:29.448Z,1783785509448,706263,first_a_sqs_sent_timestamp,5386,97,ok,
reaction-20260711T154617.431287445Z,fair-c100,2026-07-11T15:58:29.473Z,1783785509473,706290,first_a_sqs_sent_timestamp,4947,100,ok,
reaction-20260711T154617.431287445Z,baseline-c100,2026-07-11T15:58:30.449Z,1783785510449,707264,first_a_sqs_sent_timestamp,5123,79,ok,
reaction-20260711T154617.431287445Z,fair-c100,2026-07-11T15:58:30.479Z,1783785510479,707296,first_a_sqs_sent_timestamp,4763,85,ok,
reaction-20260711T154617.431287445Z,baseline-c100,2026-07-11T15:58:31.449Z,1783785511449,708264,first_a_sqs_sent_timestamp,5291,96,ok,
reaction-20260711T154617.431287445Z,fair-c100,2026-07-11T15:58:31.474Z,1783785511474,708291,first_a_sqs_sent_timestamp,4686,80,ok,
reaction-20260711T154617.431287445Z,baseline-c100,2026-07-11T15:58:32.452Z,1783785512452,709267,first_a_sqs_sent_timestamp,5173,84,ok,
reaction-20260711T154617.431287445Z,fair-c100,2026-07-11T15:58:32.478Z,1783785512478,709295,first_a_sqs_sent_timestamp,4758,90,ok,
reaction-20260711T154617.431287445Z,baseline-c100,2026-07-11T15:58:33.454Z,1783785513454,710269,first_a_sqs_sent_timestamp,5075,98,ok,
reaction-20260711T154617.431287445Z,fair-c100,2026-07-11T15:58:33.481Z,1783785513481,710298,first_a_sqs_sent_timestamp,4758,90,ok,
reaction-20260711T154617.431287445Z,baseline-c100,2026-07-11T15:58:34.448Z,1783785514448,711263,first_a_sqs_sent_timestamp,4858,83,ok,
reaction-20260711T154617.431287445Z,fair-c100,2026-07-11T15:58:34.476Z,1783785514476,711293,first_a_sqs_sent_timestamp,4486,99,ok,
reaction-20260711T154617.431287445Z,baseline-c100,2026-07-11T15:58:35.446Z,1783785515446,712261,first_a_sqs_sent_timestamp,4953,79,ok,
reaction-20260711T154617.431287445Z,fair-c100,2026-07-11T15:58:35.475Z,1783785515475,712292,first_a_sqs_sent_timestamp,4486,99,ok,
reaction-20260711T154617.431287445Z,baseline-c100,2026-07-11T15:58:36.447Z,1783785516447,713262,first_a_sqs_sent_timestamp,4764,96,ok,
reaction-20260711T154617.431287445Z,fair-c100,2026-07-11T15:58:36.48Z,1783785516480,713297,first_a_sqs_sent_timestamp,4763,85,ok,
reaction-20260711T154617.431287445Z,baseline-c100,2026-07-11T15:58:37.447Z,1783785517447,714262,first_a_sqs_sent_timestamp,5075,98,ok,
reaction-20260711T154617.431287445Z,fair-c100,2026-07-11T15:58:37.472Z,1783785517472,714289,first_a_sqs_sent_timestamp,4400,86,ok,
reaction-20260711T154617.431287445Z,baseline-c100,2026-07-11T15:58:38.448Z,1783785518448,715263,first_a_sqs_sent_timestamp,4858,83,ok,
reaction-20260711T154617.431287445Z,fair-c100,2026-07-11T15:58:38.474Z,1783785518474,715291,first_a_sqs_sent_timestamp,4903,89,ok,
reaction-20260711T154617.431287445Z,baseline-c100,2026-07-11T15:58:39.446Z,1783785519446,716261,first_a_sqs_sent_timestamp,4764,96,ok,
reaction-20260711T154617.431287445Z,fair-c100,2026-07-11T15:58:39.475Z,1783785519475,716292,first_a_sqs_sent_timestamp,4815,89,ok,
reaction-20260711T154617.431287445Z,baseline-c100,2026-07-11T15:58:40.448Z,1783785520448,717263,first_a_sqs_sent_timestamp,4764,96,ok,
reaction-20260711T154617.431287445Z,fair-c100,2026-07-11T15:58:40.474Z,1783785520474,717291,first_a_sqs_sent_timestamp,4486,99,ok,
reaction-20260711T154617.431287445Z,baseline-c100,2026-07-11T15:58:41.45Z,1783785521450,718265,first_a_sqs_sent_timestamp,4569,96,ok,
reaction-20260711T154617.431287445Z,fair-c100,2026-07-11T15:58:41.477Z,1783785521477,718294,first_a_sqs_sent_timestamp,4174,84,ok,
reaction-20260711T154617.431287445Z,baseline-c100,2026-07-11T15:58:42.449Z,1783785522449,719264,first_a_sqs_sent_timestamp,4670,96,ok,
reaction-20260711T154617.431287445Z,fair-c100,2026-07-11T15:58:42.475Z,1783785522475,719292,first_a_sqs_sent_timestamp,4400,86,ok,
reaction-20260711T154617.431287445Z,baseline-c100,2026-07-11T15:58:43.448Z,1783785523448,720263,first_a_sqs_sent_timestamp,4764,96,ok,
reaction-20260711T154617.431287445Z,fair-c100,2026-07-11T15:58:43.475Z,1783785523475,720292,first_a_sqs_sent_timestamp,4353,100,ok,
reaction-20260711T154617.431287445Z,baseline-c100,2026-07-11T15:58:44.448Z,1783785524448,721263,first_a_sqs_sent_timestamp,4392,88,ok,
reaction-20260711T154617.431287445Z,fair-c100,2026-07-11T15:58:44.474Z,1783785524474,721291,first_a_sqs_sent_timestamp,4258,96,ok,
reaction-20260711T154617.431287445Z,baseline-c100,2026-07-11T15:58:45.448Z,1783785525448,722263,first_a_sqs_sent_timestamp,4392,88,ok,
reaction-20260711T154617.431287445Z,fair-c100,2026-07-11T15:58:45.472Z,1783785525472,722289,first_a_sqs_sent_timestamp,4093,83,ok,
reaction-20260711T154617.431287445Z,baseline-c100,2026-07-11T15:58:46.449Z,1783785526449,723264,first_a_sqs_sent_timestamp,4858,83,ok,
reaction-20260711T154617.431287445Z,fair-c100,2026-07-11T15:58:46.475Z,1783785526475,723292,first_a_sqs_sent_timestamp,4061,88,ok,
reaction-20260711T154617.431287445Z,baseline-c100,2026-07-11T15:58:47.448Z,1783785527448,724263,first_a_sqs_sent_timestamp,4670,96,ok,
reaction-20260711T154617.431287445Z,fair-c100,2026-07-11T15:58:47.475Z,1783785527475,724292,first_a_sqs_sent_timestamp,4492,94,ok,
reaction-20260711T154617.431287445Z,baseline-c100,2026-07-11T15:58:48.451Z,1783785528451,725266,first_a_sqs_sent_timestamp,4263,98,ok,
reaction-20260711T154617.431287445Z,fair-c100,2026-07-11T15:58:48.477Z,1783785528477,725294,first_a_sqs_sent_timestamp,4004,89,ok,
reaction-20260711T154617.431287445Z,baseline-c100,2026-07-11T15:58:49.449Z,1783785529449,726264,first_a_sqs_sent_timestamp,4569,96,ok,
reaction-20260711T154617.431287445Z,fair-c100,2026-07-11T15:58:49.475Z,1783785529475,726292,first_a_sqs_sent_timestamp,4174,84,ok,
reaction-20260711T154617.431287445Z,baseline-c100,2026-07-11T15:58:50.449Z,1783785530449,727264,first_a_sqs_sent_timestamp,4122,98,ok,
reaction-20260711T154617.431287445Z,fair-c100,2026-07-11T15:58:50.595Z,1783785530595,727412,first_a_sqs_sent_timestamp,4240,85,ok,
reaction-20260711T154617.431287445Z,baseline-c100,2026-07-11T15:58:51.45Z,1783785531450,728265,first_a_sqs_sent_timestamp,4263,98,ok,
reaction-20260711T154617.431287445Z,fair-c100,2026-07-11T15:58:51.478Z,1783785531478,728295,first_a_sqs_sent_timestamp,4093,83,ok,
reaction-20260711T154617.431287445Z,baseline-c100,2026-07-11T15:58:52.45Z,1783785532450,729265,first_a_sqs_sent_timestamp,4392,88,ok,
reaction-20260711T154617.431287445Z,fair-c100,2026-07-11T15:58:52.485Z,1783785532485,729302,first_a_sqs_sent_timestamp,4061,88,ok,
reaction-20260711T154617.431287445Z,baseline-c100,2026-07-11T15:58:53.45Z,1783785533450,730265,first_a_sqs_sent_timestamp,4263,98,ok,
reaction-20260711T154617.431287445Z,fair-c100,2026-07-11T15:58:53.476Z,1783785533476,730293,first_a_sqs_sent_timestamp,3689,88,ok,
reaction-20260711T154617.431287445Z,baseline-c100,2026-07-11T15:58:54.448Z,1783785534448,731263,first_a_sqs_sent_timestamp,3948,95,ok,
reaction-20260711T154617.431287445Z,fair-c100,2026-07-11T15:58:54.477Z,1783785534477,731294,first_a_sqs_sent_timestamp,3875,90,ok,
reaction-20260711T154617.431287445Z,baseline-c100,2026-07-11T15:58:55.449Z,1783785535449,732264,first_a_sqs_sent_timestamp,4122,98,ok,
reaction-20260711T154617.431287445Z,fair-c100,2026-07-11T15:58:55.479Z,1783785535479,732296,first_a_sqs_sent_timestamp,3689,88,ok,
reaction-20260711T154617.431287445Z,baseline-c100,2026-07-11T15:58:56.451Z,1783785536451,733266,first_a_sqs_sent_timestamp,4041,85,ok,
reaction-20260711T154617.431287445Z,fair-c100,2026-07-11T15:58:56.479Z,1783785536479,733296,first_a_sqs_sent_timestamp,3656,89,ok,
reaction-20260711T154617.431287445Z,baseline-c100,2026-07-11T15:58:57.449Z,1783785537449,734264,first_a_sqs_sent_timestamp,3857,96,ok,
reaction-20260711T154617.431287445Z,fair-c100,2026-07-11T15:58:57.477Z,1783785537477,734294,first_a_sqs_sent_timestamp,3769,100,ok,
reaction-20260711T154617.431287445Z,baseline-c100,2026-07-11T15:58:58.449Z,1783785538449,735264,first_a_sqs_sent_timestamp,3857,96,ok,
reaction-20260711T154617.431287445Z,fair-c100,2026-07-11T15:58:58.477Z,1783785538477,735294,first_a_sqs_sent_timestamp,3501,92,ok,
reaction-20260711T154617.431287445Z,baseline-c100,2026-07-11T15:58:59.448Z,1783785539448,736263,first_a_sqs_sent_timestamp,4132,97,ok,
reaction-20260711T154617.431287445Z,fair-c100,2026-07-11T15:58:59.475Z,1783785539475,736292,first_a_sqs_sent_timestamp,3656,89,ok,
reaction-20260711T154617.431287445Z,baseline-c100,2026-07-11T15:59:00.451Z,1783785540451,737266,first_a_sqs_sent_timestamp,3953,97,ok,
reaction-20260711T154617.431287445Z,fair-c100,2026-07-11T15:59:00.48Z,1783785540480,737297,first_a_sqs_sent_timestamp,3501,92,ok,
reaction-20260711T154617.431287445Z,baseline-c100,2026-07-11T15:59:01.451Z,1783785541451,738266,first_a_sqs_sent_timestamp,3665,95,ok,
reaction-20260711T154617.431287445Z,fair-c100,2026-07-11T15:59:01.48Z,1783785541480,738297,first_a_sqs_sent_timestamp,3557,99,ok,
reaction-20260711T154617.431287445Z,baseline-c100,2026-07-11T15:59:02.449Z,1783785542449,739264,first_a_sqs_sent_timestamp,3997,88,ok,
reaction-20260711T154617.431287445Z,fair-c100,2026-07-11T15:59:02.478Z,1783785542478,739295,first_a_sqs_sent_timestamp,3263,86,ok,
reaction-20260711T154617.431287445Z,baseline-c100,2026-07-11T15:59:03.448Z,1783785543448,740263,first_a_sqs_sent_timestamp,3638,87,ok,
reaction-20260711T154617.431287445Z,fair-c100,2026-07-11T15:59:03.475Z,1783785543475,740292,first_a_sqs_sent_timestamp,3689,88,ok,
reaction-20260711T154617.431287445Z,baseline-c100,2026-07-11T15:59:04.448Z,1783785544448,741263,first_a_sqs_sent_timestamp,3665,95,ok,
reaction-20260711T154617.431287445Z,fair-c100,2026-07-11T15:59:04.474Z,1783785544474,741291,first_a_sqs_sent_timestamp,3168,93,ok,
reaction-20260711T154617.431287445Z,baseline-c100,2026-07-11T15:59:05.448Z,1783785545448,742263,first_a_sqs_sent_timestamp,3665,95,ok,
reaction-20260711T154617.431287445Z,fair-c100,2026-07-11T15:59:05.476Z,1783785545476,742293,first_a_sqs_sent_timestamp,3501,92,ok,
reaction-20260711T154617.431287445Z,baseline-c100,2026-07-11T15:59:06.45Z,1783785546450,743265,first_a_sqs_sent_timestamp,4041,85,ok,
reaction-20260711T154617.431287445Z,fair-c100,2026-07-11T15:59:06.48Z,1783785546480,743297,first_a_sqs_sent_timestamp,3169,95,ok,
reaction-20260711T154617.431287445Z,baseline-c100,2026-07-11T15:59:07.45Z,1783785547450,744265,first_a_sqs_sent_timestamp,3638,87,ok,
reaction-20260711T154617.431287445Z,fair-c100,2026-07-11T15:59:07.479Z,1783785547479,744296,first_a_sqs_sent_timestamp,3168,93,ok,
reaction-20260711T154617.431287445Z,baseline-c100,2026-07-11T15:59:08.451Z,1783785548451,745266,first_a_sqs_sent_timestamp,3305,88,ok,
reaction-20260711T154617.431287445Z,fair-c100,2026-07-11T15:59:08.479Z,1783785548479,745296,first_a_sqs_sent_timestamp,3349,91,ok,
reaction-20260711T154617.431287445Z,baseline-c100,2026-07-11T15:59:09.45Z,1783785549450,746265,first_a_sqs_sent_timestamp,3305,88,ok,
reaction-20260711T154617.431287445Z,fair-c100,2026-07-11T15:59:09.479Z,1783785549479,746296,first_a_sqs_sent_timestamp,2944,97,ok,
reaction-20260711T154617.431287445Z,baseline-c100,2026-07-11T15:59:10.448Z,1783785550448,747263,first_a_sqs_sent_timestamp,3543,95,ok,
reaction-20260711T154617.431287445Z,fair-c100,2026-07-11T15:59:10.476Z,1783785550476,747293,first_a_sqs_sent_timestamp,3263,86,ok,
reaction-20260711T154617.431287445Z,baseline-c100,2026-07-11T15:59:11.448Z,1783785551448,748263,first_a_sqs_sent_timestamp,3393,87,ok,
reaction-20260711T154617.431287445Z,fair-c100,2026-07-11T15:59:11.475Z,1783785551475,748292,first_a_sqs_sent_timestamp,2895,82,ok,
reaction-20260711T154617.431287445Z,baseline-c100,2026-07-11T15:59:12.452Z,1783785552452,749267,first_a_sqs_sent_timestamp,3347,99,ok,
reaction-20260711T154617.431287445Z,fair-c100,2026-07-11T15:59:12.482Z,1783785552482,749299,first_a_sqs_sent_timestamp,2944,97,ok,
reaction-20260711T154617.431287445Z,baseline-c100,2026-07-11T15:59:13.447Z,1783785553447,750262,first_a_sqs_sent_timestamp,3120,96,ok,
reaction-20260711T154617.431287445Z,fair-c100,2026-07-11T15:59:13.477Z,1783785553477,750294,first_a_sqs_sent_timestamp,3068,99,ok,
reaction-20260711T154617.431287445Z,baseline-c100,2026-07-11T15:59:14.447Z,1783785554447,751262,first_a_sqs_sent_timestamp,3122,99,ok,
reaction-20260711T154617.431287445Z,fair-c100,2026-07-11T15:59:14.475Z,1783785554475,751292,first_a_sqs_sent_timestamp,2944,97,ok,
reaction-20260711T154617.431287445Z,baseline-c100,2026-07-11T15:59:15.448Z,1783785555448,752263,first_a_sqs_sent_timestamp,3122,99,ok,
reaction-20260711T154617.431287445Z,fair-c100,2026-07-11T15:59:15.481Z,1783785555481,752298,first_a_sqs_sent_timestamp,2675,96,ok,
reaction-20260711T154617.431287445Z,baseline-c100,2026-07-11T15:59:16.459Z,1783785556459,753274,first_a_sqs_sent_timestamp,3161,95,ok,
reaction-20260711T154617.431287445Z,fair-c100,2026-07-11T15:59:16.492Z,1783785556492,753309,first_a_sqs_sent_timestamp,3168,93,ok,
reaction-20260711T154617.431287445Z,baseline-c100,2026-07-11T15:59:17.448Z,1783785557448,754263,first_a_sqs_sent_timestamp,3122,99,ok,
reaction-20260711T154617.431287445Z,fair-c100,2026-07-11T15:59:17.609Z,1783785557609,754426,first_a_sqs_sent_timestamp,2629,96,ok,
reaction-20260711T154617.431287445Z,baseline-c100,2026-07-11T15:59:18.448Z,1783785558448,755263,first_a_sqs_sent_timestamp,3120,96,ok,
reaction-20260711T154617.431287445Z,fair-c100,2026-07-11T15:59:18.475Z,1783785558475,755292,first_a_sqs_sent_timestamp,2629,96,ok,
reaction-20260711T154617.431287445Z,baseline-c100,2026-07-11T15:59:19.451Z,1783785559451,756266,first_a_sqs_sent_timestamp,2809,92,ok,
reaction-20260711T154617.431287445Z,fair-c100,2026-07-11T15:59:19.483Z,1783785559483,756300,first_a_sqs_sent_timestamp,2729,88,ok,
reaction-20260711T154617.431287445Z,baseline-c100,2026-07-11T15:59:20.463Z,1783785560463,757278,first_a_sqs_sent_timestamp,2900,95,ok,
reaction-20260711T154617.431287445Z,fair-c100,2026-07-11T15:59:20.493Z,1783785560493,757310,first_a_sqs_sent_timestamp,2895,82,ok,
reaction-20260711T154617.431287445Z,baseline-c100,2026-07-11T15:59:21.449Z,1783785561449,758264,first_a_sqs_sent_timestamp,2926,100,ok,
reaction-20260711T154617.431287445Z,fair-c100,2026-07-11T15:59:21.48Z,1783785561480,758297,first_a_sqs_sent_timestamp,2452,84,ok,
reaction-20260711T154617.431287445Z,baseline-c100,2026-07-11T15:59:22.447Z,1783785562447,759262,first_a_sqs_sent_timestamp,3076,85,ok,
reaction-20260711T154617.431287445Z,fair-c100,2026-07-11T15:59:22.472Z,1783785562472,759289,first_a_sqs_sent_timestamp,2408,94,ok,
reaction-20260711T154617.431287445Z,baseline-c100,2026-07-11T15:59:23.448Z,1783785563448,760263,first_a_sqs_sent_timestamp,2843,94,ok,
reaction-20260711T154617.431287445Z,fair-c100,2026-07-11T15:59:23.476Z,1783785563476,760293,first_a_sqs_sent_timestamp,3071,99,ok,
reaction-20260711T154617.431287445Z,baseline-c100,2026-07-11T15:59:24.447Z,1783785564447,761262,first_a_sqs_sent_timestamp,2677,78,ok,
reaction-20260711T154617.431287445Z,fair-c100,2026-07-11T15:59:24.471Z,1783785564471,761288,first_a_sqs_sent_timestamp,2408,94,ok,
reaction-20260711T154617.431287445Z,baseline-c100,2026-07-11T15:59:25.446Z,1783785565446,762261,first_a_sqs_sent_timestamp,2585,94,ok,
reaction-20260711T154617.431287445Z,fair-c100,2026-07-11T15:59:25.472Z,1783785565472,762289,first_a_sqs_sent_timestamp,2576,99,ok,
reaction-20260711T154617.431287445Z,baseline-c100,2026-07-11T15:59:26.448Z,1783785566448,763263,first_a_sqs_sent_timestamp,2809,92,ok,
reaction-20260711T154617.431287445Z,fair-c100,2026-07-11T15:59:26.475Z,1783785566475,763292,first_a_sqs_sent_timestamp,2442,93,ok,
reaction-20260711T154617.431287445Z,baseline-c100,2026-07-11T15:59:27.454Z,1783785567454,764269,first_a_sqs_sent_timestamp,2437,97,ok,
reaction-20260711T154617.431287445Z,fair-c100,2026-07-11T15:59:27.481Z,1783785567481,764298,first_a_sqs_sent_timestamp,2452,84,ok,
reaction-20260711T154617.431287445Z,baseline-c100,2026-07-11T15:59:28.448Z,1783785568448,765263,first_a_sqs_sent_timestamp,2838,88,ok,
reaction-20260711T154617.431287445Z,fair-c100,2026-07-11T15:59:28.474Z,1783785568474,765291,first_a_sqs_sent_timestamp,2408,94,ok,
reaction-20260711T154617.431287445Z,baseline-c100,2026-07-11T15:59:29.45Z,1783785569450,766265,first_a_sqs_sent_timestamp,2349,89,ok,
reaction-20260711T154617.431287445Z,fair-c100,2026-07-11T15:59:29.475Z,1783785569475,766292,first_a_sqs_sent_timestamp,2029,98,ok,
reaction-20260711T154617.431287445Z,baseline-c100,2026-07-11T15:59:30.447Z,1783785570447,767262,first_a_sqs_sent_timestamp,2619,97,ok,
reaction-20260711T154617.431287445Z,fair-c100,2026-07-11T15:59:30.474Z,1783785570474,767291,first_a_sqs_sent_timestamp,2098,93,ok,
reaction-20260711T154617.431287445Z,baseline-c100,2026-07-11T15:59:31.448Z,1783785571448,768263,first_a_sqs_sent_timestamp,2265,86,ok,
reaction-20260711T154617.431287445Z,fair-c100,2026-07-11T15:59:31.475Z,1783785571475,768292,first_a_sqs_sent_timestamp,2181,84,ok,
reaction-20260711T154617.431287445Z,baseline-c100,2026-07-11T15:59:32.448Z,1783785572448,769263,first_a_sqs_sent_timestamp,2585,94,ok,
reaction-20260711T154617.431287445Z,fair-c100,2026-07-11T15:59:32.476Z,1783785572476,769293,first_a_sqs_sent_timestamp,1915,86,ok,
reaction-20260711T154617.431287445Z,baseline-c100,2026-07-11T15:59:33.448Z,1783785573448,770263,first_a_sqs_sent_timestamp,2677,78,ok,
reaction-20260711T154617.431287445Z,fair-c100,2026-07-11T15:59:33.473Z,1783785573473,770290,first_a_sqs_sent_timestamp,2029,98,ok,
reaction-20260711T154617.431287445Z,baseline-c100,2026-07-11T15:59:34.449Z,1783785574449,771264,first_a_sqs_sent_timestamp,2181,85,ok,
reaction-20260711T154617.431287445Z,fair-c100,2026-07-11T15:59:34.476Z,1783785574476,771293,first_a_sqs_sent_timestamp,1821,94,ok,
reaction-20260711T154617.431287445Z,baseline-c100,2026-07-11T15:59:35.448Z,1783785575448,772263,first_a_sqs_sent_timestamp,2128,96,ok,
reaction-20260711T154617.431287445Z,fair-c100,2026-07-11T15:59:35.473Z,1783785575473,772290,first_a_sqs_sent_timestamp,2188,91,ok,
reaction-20260711T154617.431287445Z,baseline-c100,2026-07-11T15:59:36.448Z,1783785576448,773263,first_a_sqs_sent_timestamp,2349,89,ok,
reaction-20260711T154617.431287445Z,fair-c100,2026-07-11T15:59:36.482Z,1783785576482,773299,first_a_sqs_sent_timestamp,1821,94,ok,
reaction-20260711T154617.431287445Z,baseline-c100,2026-07-11T15:59:37.448Z,1783785577448,774263,first_a_sqs_sent_timestamp,2181,85,ok,
reaction-20260711T154617.431287445Z,fair-c100,2026-07-11T15:59:37.473Z,1783785577473,774290,first_a_sqs_sent_timestamp,1728,94,ok,
reaction-20260711T154617.431287445Z,baseline-c100,2026-07-11T15:59:38.45Z,1783785578450,775265,first_a_sqs_sent_timestamp,1991,97,ok,
reaction-20260711T154617.431287445Z,fair-c100,2026-07-11T15:59:38.479Z,1783785578479,775296,first_a_sqs_sent_timestamp,1642,83,ok,
reaction-20260711T154617.431287445Z,baseline-c100,2026-07-11T15:59:39.446Z,1783785579446,776261,first_a_sqs_sent_timestamp,2036,86,ok,
reaction-20260711T154617.431287445Z,fair-c100,2026-07-11T15:59:39.476Z,1783785579476,776293,first_a_sqs_sent_timestamp,1919,86,ok,
reaction-20260711T154617.431287445Z,baseline-c100,2026-07-11T15:59:40.446Z,1783785580446,777261,first_a_sqs_sent_timestamp,2036,86,ok,
reaction-20260711T154617.431287445Z,fair-c100,2026-07-11T15:59:40.472Z,1783785580472,777289,first_a_sqs_sent_timestamp,1728,94,ok,
reaction-20260711T154617.431287445Z,baseline-c100,2026-07-11T15:59:41.448Z,1783785581448,778263,first_a_sqs_sent_timestamp,1991,97,ok,
reaction-20260711T154617.431287445Z,fair-c100,2026-07-11T15:59:41.474Z,1783785581474,778291,first_a_sqs_sent_timestamp,1821,94,ok,
reaction-20260711T154617.431287445Z,baseline-c100,2026-07-11T15:59:42.447Z,1783785582447,779262,first_a_sqs_sent_timestamp,1943,94,ok,
reaction-20260711T154617.431287445Z,fair-c100,2026-07-11T15:59:42.476Z,1783785582476,779293,first_a_sqs_sent_timestamp,1547,103,ok,
reaction-20260711T154617.431287445Z,baseline-c100,2026-07-11T15:59:43.447Z,1783785583447,780262,first_a_sqs_sent_timestamp,2215,88,ok,
reaction-20260711T154617.431287445Z,fair-c100,2026-07-11T15:59:43.474Z,1783785583474,780291,first_a_sqs_sent_timestamp,2098,93,ok,
reaction-20260711T154617.431287445Z,baseline-c100,2026-07-11T15:59:44.449Z,1783785584449,781264,first_a_sqs_sent_timestamp,1678,94,ok,
reaction-20260711T154617.431287445Z,fair-c100,2026-07-11T15:59:44.481Z,1783785584481,781298,first_a_sqs_sent_timestamp,1468,83,ok,
reaction-20260711T154617.431287445Z,baseline-c100,2026-07-11T15:59:45.451Z,1783785585451,782266,first_a_sqs_sent_timestamp,1678,94,ok,
reaction-20260711T154617.431287445Z,fair-c100,2026-07-11T15:59:45.482Z,1783785585482,782299,first_a_sqs_sent_timestamp,2127,99,ok,
reaction-20260711T154617.431287445Z,baseline-c100,2026-07-11T15:59:46.449Z,1783785586449,783264,first_a_sqs_sent_timestamp,2036,86,ok,
reaction-20260711T154617.431287445Z,fair-c100,2026-07-11T15:59:46.477Z,1783785586477,783294,first_a_sqs_sent_timestamp,1374,92,ok,
reaction-20260711T154617.431287445Z,baseline-c100,2026-07-11T15:59:47.448Z,1783785587448,784263,first_a_sqs_sent_timestamp,1760,97,ok,
reaction-20260711T154617.431287445Z,fair-c100,2026-07-11T15:59:47.483Z,1783785587483,784300,first_a_sqs_sent_timestamp,1547,103,ok,
reaction-20260711T154617.431287445Z,baseline-c100,2026-07-11T15:59:48.451Z,1783785588451,785266,first_a_sqs_sent_timestamp,1670,75,ok,
reaction-20260711T154617.431287445Z,fair-c100,2026-07-11T15:59:48.48Z,1783785588480,785297,first_a_sqs_sent_timestamp,1283,95,ok,
reaction-20260711T154617.431287445Z,baseline-c100,2026-07-11T15:59:49.449Z,1783785589449,786264,first_a_sqs_sent_timestamp,1670,75,ok,
reaction-20260711T154617.431287445Z,fair-c100,2026-07-11T15:59:49.476Z,1783785589476,786293,first_a_sqs_sent_timestamp,1374,92,ok,
reaction-20260711T154617.431287445Z,baseline-c100,2026-07-11T15:59:50.45Z,1783785590450,787265,first_a_sqs_sent_timestamp,1678,94,ok,
reaction-20260711T154617.431287445Z,fair-c100,2026-07-11T15:59:50.48Z,1783785590480,787297,first_a_sqs_sent_timestamp,1728,94,ok,
reaction-20260711T154617.431287445Z,baseline-c100,2026-07-11T15:59:51.449Z,1783785591449,788264,first_a_sqs_sent_timestamp,1545,79,ok,
reaction-20260711T154617.431287445Z,fair-c100,2026-07-11T15:59:51.477Z,1783785591477,788294,first_a_sqs_sent_timestamp,1200,85,ok,
reaction-20260711T154617.431287445Z,baseline-c100,2026-07-11T15:59:52.487Z,1783785592487,789302,first_a_sqs_sent_timestamp,1317,89,ok,
reaction-20260711T154617.431287445Z,fair-c100,2026-07-11T15:59:52.518Z,1783785592518,789335,first_a_sqs_sent_timestamp,1023,78,ok,
reaction-20260711T154617.431287445Z,baseline-c100,2026-07-11T15:59:53.448Z,1783785593448,790263,first_a_sqs_sent_timestamp,1415,79,ok,
reaction-20260711T154617.431287445Z,fair-c100,2026-07-11T15:59:53.477Z,1783785593477,790294,first_a_sqs_sent_timestamp,1200,85,ok,
reaction-20260711T154617.431287445Z,baseline-c100,2026-07-11T15:59:54.453Z,1783785594453,791268,first_a_sqs_sent_timestamp,1415,79,ok,
reaction-20260711T154617.431287445Z,fair-c100,2026-07-11T15:59:54.481Z,1783785594481,791298,first_a_sqs_sent_timestamp,941,87,ok,
reaction-20260711T154617.431287445Z,baseline-c100,2026-07-11T15:59:55.451Z,1783785595451,792266,first_a_sqs_sent_timestamp,1494,89,ok,
reaction-20260711T154617.431287445Z,fair-c100,2026-07-11T15:59:55.478Z,1783785595478,792295,first_a_sqs_sent_timestamp,1103,98,ok,
reaction-20260711T154617.431287445Z,baseline-c100,2026-07-11T15:59:56.45Z,1783785596450,793265,first_a_sqs_sent_timestamp,1232,87,ok,
reaction-20260711T154617.431287445Z,fair-c100,2026-07-11T15:59:56.477Z,1783785596477,793294,first_a_sqs_sent_timestamp,1023,78,ok,
reaction-20260711T154617.431287445Z,baseline-c100,2026-07-11T15:59:57.448Z,1783785597448,794263,first_a_sqs_sent_timestamp,1415,79,ok,
reaction-20260711T154617.431287445Z,fair-c100,2026-07-11T15:59:57.476Z,1783785597476,794293,first_a_sqs_sent_timestamp,941,87,ok,
reaction-20260711T154617.431287445Z,baseline-c100,2026-07-11T15:59:58.449Z,1783785598449,795264,first_a_sqs_sent_timestamp,1317,89,ok,
reaction-20260711T154617.431287445Z,fair-c100,2026-07-11T15:59:58.476Z,1783785598476,795293,first_a_sqs_sent_timestamp,846,89,ok,
reaction-20260711T154617.431287445Z,baseline-c100,2026-07-11T15:59:59.45Z,1783785599450,796265,first_a_sqs_sent_timestamp,1579,98,ok,
reaction-20260711T154617.431287445Z,fair-c100,2026-07-11T15:59:59.479Z,1783785599479,796296,first_a_sqs_sent_timestamp,1023,78,ok,
reaction-20260711T154617.431287445Z,baseline-c100,2026-07-11T16:00:00.449Z,1783785600449,797264,first_a_sqs_sent_timestamp,969,80,ok,
reaction-20260711T154617.431287445Z,fair-c100,2026-07-11T16:00:00.478Z,1783785600478,797295,first_a_sqs_sent_timestamp,846,89,ok,
reaction-20260711T154617.431287445Z,baseline-c100,2026-07-11T16:00:01.451Z,1783785601451,798266,first_a_sqs_sent_timestamp,969,80,ok,
reaction-20260711T154617.431287445Z,fair-c100,2026-07-11T16:00:01.48Z,1783785601480,798297,first_a_sqs_sent_timestamp,941,87,ok,
reaction-20260711T154617.431287445Z,baseline-c100,2026-07-11T16:00:02.481Z,1783785602481,799296,first_a_sqs_sent_timestamp,1049,100,ok,
reaction-20260711T154617.431287445Z,fair-c100,2026-07-11T16:00:02.509Z,1783785602509,799326,first_a_sqs_sent_timestamp,661,92,ok,
reaction-20260711T154617.431287445Z,baseline-c100,2026-07-11T16:00:03.45Z,1783785603450,800265,first_a_sqs_sent_timestamp,1021,91,ok,
reaction-20260711T154617.431287445Z,fair-c100,2026-07-11T16:00:03.478Z,1783785603478,800295,first_a_sqs_sent_timestamp,935,89,ok,
reaction-20260711T154617.431287445Z,baseline-c100,2026-07-11T16:00:04.449Z,1783785604449,801264,first_a_sqs_sent_timestamp,1021,91,ok,
reaction-20260711T154617.431287445Z,fair-c100,2026-07-11T16:00:04.478Z,1783785604478,801295,first_a_sqs_sent_timestamp,846,89,ok,
reaction-20260711T154617.431287445Z,baseline-c100,2026-07-11T16:00:05.449Z,1783785605449,802264,first_a_sqs_sent_timestamp,838,90,ok,
reaction-20260711T154617.431287445Z,fair-c100,2026-07-11T16:00:05.476Z,1783785605476,802293,first_a_sqs_sent_timestamp,573,85,ok,
reaction-20260711T154617.431287445Z,baseline-c100,2026-07-11T16:00:06.451Z,1783785606451,803266,first_a_sqs_sent_timestamp,741,99,ok,
reaction-20260711T154617.431287445Z,fair-c100,2026-07-11T16:00:06.478Z,1783785606478,803295,first_a_sqs_sent_timestamp,661,92,ok,
reaction-20260711T154617.431287445Z,baseline-c100,2026-07-11T16:00:07.451Z,1783785607451,804266,first_a_sqs_sent_timestamp,867,95,ok,
reaction-20260711T154617.431287445Z,fair-c100,2026-07-11T16:00:07.479Z,1783785607479,804296,first_a_sqs_sent_timestamp,573,85,ok,
reaction-20260711T154617.431287445Z,baseline-c100,2026-07-11T16:00:08.449Z,1783785608449,805264,first_a_sqs_sent_timestamp,1047,96,ok,
reaction-20260711T154617.431287445Z,fair-c100,2026-07-11T16:00:08.476Z,1783785608476,805293,first_a_sqs_sent_timestamp,434,92,ok,
reaction-20260711T154617.431287445Z,baseline-c100,2026-07-11T16:00:09.45Z,1783785609450,806265,first_a_sqs_sent_timestamp,969,80,ok,
reaction-20260711T154617.431287445Z,fair-c100,2026-07-11T16:00:09.479Z,1783785609479,806296,first_a_sqs_sent_timestamp,299,96,ok,
reaction-20260711T154617.431287445Z,baseline-c100,2026-07-11T16:00:10.448Z,1783785610448,807263,first_a_sqs_sent_timestamp,522,97,ok,
reaction-20260711T154617.431287445Z,fair-c100,2026-07-11T16:00:10.612Z,1783785610612,807429,first_a_sqs_sent_timestamp,343,93,ok,
reaction-20260711T154617.431287445Z,baseline-c100,2026-07-11T16:00:11.448Z,1783785611448,808263,first_a_sqs_sent_timestamp,614,86,ok,
reaction-20260711T154617.431287445Z,fair-c100,2026-07-11T16:00:11.472Z,1783785611472,808289,first_a_sqs_sent_timestamp,301,98,ok,
reaction-20260711T154617.431287445Z,baseline-c100,2026-07-11T16:00:12.482Z,1783785612482,809297,first_a_sqs_sent_timestamp,614,86,ok,
reaction-20260711T154617.431287445Z,fair-c100,2026-07-11T16:00:12.511Z,1783785612511,809328,first_a_sqs_sent_timestamp,434,92,ok,
reaction-20260711T154617.431287445Z,baseline-c100,2026-07-11T16:00:13.447Z,1783785613447,810262,first_a_sqs_sent_timestamp,522,97,ok,
reaction-20260711T154617.431287445Z,fair-c100,2026-07-11T16:00:13.473Z,1783785613473,810290,first_a_sqs_sent_timestamp,343,93,ok,
reaction-20260711T154617.431287445Z,baseline-c100,2026-07-11T16:00:14.447Z,1783785614447,811262,first_a_sqs_sent_timestamp,573,95,ok,
reaction-20260711T154617.431287445Z,fair-c100,2026-07-11T16:00:14.482Z,1783785614482,811299,first_a_sqs_sent_timestamp,41,96,ok,
reaction-20260711T154617.431287445Z,baseline-c100,2026-07-11T16:00:15.448Z,1783785615448,812263,first_a_sqs_sent_timestamp,517,97,ok,
reaction-20260711T154617.431287445Z,fair-c100,2026-07-11T16:00:15.475Z,1783785615475,812292,first_a_sqs_sent_timestamp,34,93,ok,
reaction-20260711T154617.431287445Z,baseline-c100,2026-07-11T16:00:16.448Z,1783785616448,813263,first_a_sqs_sent_timestamp,256,95,ok,
reaction-20260711T154617.431287445Z,fair-c100,2026-07-11T16:00:16.476Z,1783785616476,813293,first_a_sqs_sent_timestamp,0,35,ok,
reaction-20260711T154617.431287445Z,baseline-c100,2026-07-11T16:00:17.447Z,1783785617447,814262,first_a_sqs_sent_timestamp,700,81,ok,
reaction-20260711T154617.431287445Z,fair-c100,2026-07-11T16:00:17.483Z,1783785617483,814300,first_a_sqs_sent_timestamp,93,72,ok,
reaction-20260711T154617.431287445Z,baseline-c100,2026-07-11T16:00:18.448Z,1783785618448,815263,first_a_sqs_sent_timestamp,269,86,ok,
reaction-20260711T154617.431287445Z,fair-c100,2026-07-11T16:00:18.474Z,1783785618474,815291,first_a_sqs_sent_timestamp,299,96,ok,
reaction-20260711T154617.431287445Z,baseline-c100,2026-07-11T16:00:19.448Z,1783785619448,816263,first_a_sqs_sent_timestamp,186,87,ok,
reaction-20260711T154617.431287445Z,fair-c100,2026-07-11T16:00:19.474Z,1783785619474,816291,first_a_sqs_sent_timestamp,34,93,ok,
reaction-20260711T154617.431287445Z,baseline-c100,2026-07-11T16:00:20.447Z,1783785620447,817262,first_a_sqs_sent_timestamp,269,86,ok,
reaction-20260711T154617.431287445Z,fair-c100,2026-07-11T16:00:20.473Z,1783785620473,817290,first_a_sqs_sent_timestamp,0,0,ok,
reaction-20260711T154617.431287445Z,baseline-c100,2026-07-11T16:00:21.447Z,1783785621447,818262,first_a_sqs_sent_timestamp,186,87,ok,
reaction-20260711T154617.431287445Z,fair-c100,2026-07-11T16:00:21.474Z,1783785621474,818291,first_a_sqs_sent_timestamp,0,35,ok,
reaction-20260711T154617.431287445Z,baseline-c100,2026-07-11T16:00:22.448Z,1783785622448,819263,first_a_sqs_sent_timestamp,307,89,ok,
reaction-20260711T154617.431287445Z,fair-c100,2026-07-11T16:00:22.477Z,1783785622477,819294,first_a_sqs_sent_timestamp,0,0,ok,
reaction-20260711T154617.431287445Z,baseline-c100,2026-07-11T16:00:23.447Z,1783785623447,820262,first_a_sqs_sent_timestamp,269,86,ok,
reaction-20260711T154617.431287445Z,fair-c100,2026-07-11T16:00:23.477Z,1783785623477,820294,first_a_sqs_sent_timestamp,93,72,ok,
reaction-20260711T154617.431287445Z,baseline-c100,2026-07-11T16:00:24.447Z,1783785624447,821262,first_a_sqs_sent_timestamp,256,95,ok,
reaction-20260711T154617.431287445Z,fair-c100,2026-07-11T16:00:24.476Z,1783785624476,821293,first_a_sqs_sent_timestamp,0,0,ok,
reaction-20260711T154617.431287445Z,baseline-c100,2026-07-11T16:00:25.448Z,1783785625448,822263,first_a_sqs_sent_timestamp,90,88,ok,
reaction-20260711T154617.431287445Z,fair-c100,2026-07-11T16:00:25.475Z,1783785625475,822292,first_a_sqs_sent_timestamp,0,0,ok,
reaction-20260711T154617.431287445Z,baseline-c100,2026-07-11T16:00:26.448Z,1783785626448,823263,first_a_sqs_sent_timestamp,0,1,ok,
reaction-20260711T154617.431287445Z,fair-c100,2026-07-11T16:00:26.474Z,1783785626474,823291,first_a_sqs_sent_timestamp,301,98,ok,
reaction-20260711T154617.431287445Z,baseline-c100,2026-07-11T16:00:27.447Z,1783785627447,824262,first_a_sqs_sent_timestamp,0,0,ok,
reaction-20260711T154617.431287445Z,fair-c100,2026-07-11T16:00:27.474Z,1783785627474,824291,first_a_sqs_sent_timestamp,0,0,ok,
reaction-20260711T154617.431287445Z,baseline-c100,2026-07-11T16:00:28.446Z,1783785628446,825261,first_a_sqs_sent_timestamp,0,90,ok,
reaction-20260711T154617.431287445Z,fair-c100,2026-07-11T16:00:28.473Z,1783785628473,825290,first_a_sqs_sent_timestamp,0,0,ok,
reaction-20260711T154617.431287445Z,baseline-c100,2026-07-11T16:00:29.447Z,1783785629447,826262,first_a_sqs_sent_timestamp,0,0,ok,
reaction-20260711T154617.431287445Z,fair-c100,2026-07-11T16:00:29.474Z,1783785629474,826291,first_a_sqs_sent_timestamp,0,0,ok,
reaction-20260711T154617.431287445Z,baseline-c100,2026-07-11T16:00:30.447Z,1783785630447,827262,first_a_sqs_sent_timestamp,186,87,ok,
reaction-20260711T154617.431287445Z,fair-c100,2026-07-11T16:00:30.473Z,1783785630473,827290,first_a_sqs_sent_timestamp,0,0,ok,
reaction-20260711T154617.431287445Z,baseline-c100,2026-07-11T16:00:31.45Z,1783785631450,828265,first_a_sqs_sent_timestamp,0,0,ok,
reaction-20260711T154617.431287445Z,fair-c100,2026-07-11T16:00:31.474Z,1783785631474,828291,first_a_sqs_sent_timestamp,0,0,ok,
reaction-20260711T154617.431287445Z,baseline-c100,2026-07-11T16:00:32.447Z,1783785632447,829262,first_a_sqs_sent_timestamp,0,0,ok,
reaction-20260711T154617.431287445Z,fair-c100,2026-07-11T16:00:32.472Z,1783785632472,829289,first_a_sqs_sent_timestamp,0,0,ok,
reaction-20260711T154617.431287445Z,baseline-c100,2026-07-11T16:00:33.45Z,1783785633450,830265,first_a_sqs_sent_timestamp,0,0,ok,
reaction-20260711T154617.431287445Z,fair-c100,2026-07-11T16:00:33.477Z,1783785633477,830294,first_a_sqs_sent_timestamp,0,0,ok,
