experiment_id,scenario,sampled_at,sampled_at_ms,approximate_visible,approximate_not_visible,sample_status,sample_error
reaction-20260711T154617.431287445Z,baseline-c100,2026-07-11T15:46:43.451131087Z,1783784803451,0,20,ok,
reaction-20260711T154617.431287445Z,fair-c100,2026-07-11T15:46:43.486042665Z,1783784803486,0,0,ok,
reaction-20260711T154617.431287445Z,baseline-c100,2026-07-11T15:46:44.450781398Z,1783784804450,0,0,ok,
reaction-20260711T154617.431287445Z,fair-c100,2026-07-11T15:46:44.482470749Z,1783784804482,57,17,ok,
reaction-20260711T154617.431287445Z,baseline-c100,2026-07-11T15:46:45.456093466Z,1783784805456,0,0,ok,
reaction-20260711T154617.431287445Z,fair-c100,2026-07-11T15:46:45.484695926Z,1783784805484,0,0,ok,
reaction-20260711T154617.431287445Z,baseline-c100,2026-07-11T15:46:46.44910958Z,1783784806449,0,0,ok,
reaction-20260711T154617.431287445Z,fair-c100,2026-07-11T15:46:46.477388719Z,1783784806477,0,0,ok,
reaction-20260711T154617.431287445Z,baseline-c100,2026-07-11T15:46:47.457041302Z,1783784807457,0,0,ok,
reaction-20260711T154617.431287445Z,fair-c100,2026-07-11T15:46:47.492676757Z,1783784807492,0,20,ok,
reaction-20260711T154617.431287445Z,baseline-c100,2026-07-11T15:46:48.463724377Z,1783784808463,0,20,ok,
reaction-20260711T154617.431287445Z,fair-c100,2026-07-11T15:46:48.495795131Z,1783784808495,6372,77,ok,
reaction-20260711T154617.431287445Z,baseline-c100,2026-07-11T15:46:49.448550431Z,1783784809448,18604,47,ok,
reaction-20260711T154617.431287445Z,fair-c100,2026-07-11T15:46:49.47811875Z,1783784809478,12996,69,ok,
reaction-20260711T154617.431287445Z,baseline-c100,2026-07-11T15:46:50.450330272Z,1783784810450,0,0,ok,
reaction-20260711T154617.431287445Z,fair-c100,2026-07-11T15:46:50.479927653Z,1783784810479,6372,77,ok,
reaction-20260711T154617.431287445Z,baseline-c100,2026-07-11T15:46:51.453100608Z,1783784811453,0,0,ok,
reaction-20260711T154617.431287445Z,fair-c100,2026-07-11T15:46:51.486108133Z,1783784811486,0,0,ok,
reaction-20260711T154617.431287445Z,baseline-c100,2026-07-11T15:46:52.450845802Z,1783784812450,29792,87,ok,
reaction-20260711T154617.431287445Z,fair-c100,2026-07-11T15:46:52.512940356Z,1783784812512,2201,76,ok,
reaction-20260711T154617.431287445Z,baseline-c100,2026-07-11T15:46:53.451570677Z,1783784813451,0,0,ok,
reaction-20260711T154617.431287445Z,fair-c100,2026-07-11T15:46:53.480544172Z,1783784813480,29736,78,ok,
reaction-20260711T154617.431287445Z,baseline-c100,2026-07-11T15:46:54.44749546Z,1783784814447,29792,87,ok,
reaction-20260711T154617.431287445Z,fair-c100,2026-07-11T15:46:54.475200808Z,1783784814475,29767,94,ok,
reaction-20260711T154617.431287445Z,baseline-c100,2026-07-11T15:46:55.452156667Z,1783784815452,18604,47,ok,
reaction-20260711T154617.431287445Z,fair-c100,2026-07-11T15:46:55.478354437Z,1783784815478,29736,78,ok,
reaction-20260711T154617.431287445Z,baseline-c100,2026-07-11T15:46:56.450370653Z,1783784816450,29710,99,ok,
reaction-20260711T154617.431287445Z,fair-c100,2026-07-11T15:46:56.481353428Z,1783784816481,12996,69,ok,
reaction-20260711T154617.431287445Z,baseline-c100,2026-07-11T15:46:57.450927482Z,1783784817450,29732,81,ok,
reaction-20260711T154617.431287445Z,fair-c100,2026-07-11T15:46:57.478678315Z,1783784817478,0,0,ok,
reaction-20260711T154617.431287445Z,baseline-c100,2026-07-11T15:46:58.451723822Z,1783784818451,7003,86,ok,
reaction-20260711T154617.431287445Z,fair-c100,2026-07-11T15:46:58.479201732Z,1783784818479,29596,94,ok,
reaction-20260711T154617.431287445Z,baseline-c100,2026-07-11T15:46:59.451284719Z,1783784819451,29732,81,ok,
reaction-20260711T154617.431287445Z,fair-c100,2026-07-11T15:46:59.4826346Z,1783784819482,27948,94,ok,
reaction-20260711T154617.431287445Z,baseline-c100,2026-07-11T15:47:00.455064399Z,1783784820455,29792,87,ok,
reaction-20260711T154617.431287445Z,fair-c100,2026-07-11T15:47:00.485888167Z,1783784820485,29767,94,ok,
reaction-20260711T154617.431287445Z,baseline-c100,2026-07-11T15:47:01.466914548Z,1783784821466,26974,71,ok,
reaction-20260711T154617.431287445Z,fair-c100,2026-07-11T15:47:01.499929032Z,1783784821499,9811,50,ok,
reaction-20260711T154617.431287445Z,baseline-c100,2026-07-11T15:47:02.447652458Z,1783784822447,29453,99,ok,
reaction-20260711T154617.431287445Z,fair-c100,2026-07-11T15:47:02.473192588Z,1783784822473,29596,94,ok,
reaction-20260711T154617.431287445Z,baseline-c100,2026-07-11T15:47:03.450521362Z,1783784823450,29559,89,ok,
reaction-20260711T154617.431287445Z,fair-c100,2026-07-11T15:47:03.479788907Z,1783784823479,29638,93,ok,
reaction-20260711T154617.431287445Z,baseline-c100,2026-07-11T15:47:04.454311367Z,1783784824454,29711,110,ok,
reaction-20260711T154617.431287445Z,fair-c100,2026-07-11T15:47:04.485351049Z,1783784824485,29400,65,ok,
reaction-20260711T154617.431287445Z,baseline-c100,2026-07-11T15:47:05.450828523Z,1783784825450,29366,82,ok,
reaction-20260711T154617.431287445Z,fair-c100,2026-07-11T15:47:05.477717056Z,1783784825477,29501,95,ok,
reaction-20260711T154617.431287445Z,baseline-c100,2026-07-11T15:47:06.467356793Z,1783784826467,29503,86,ok,
reaction-20260711T154617.431287445Z,fair-c100,2026-07-11T15:47:06.49615879Z,1783784826496,29400,74,ok,
reaction-20260711T154617.431287445Z,baseline-c100,2026-07-11T15:47:07.464187704Z,1783784827464,29535,108,ok,
reaction-20260711T154617.431287445Z,fair-c100,2026-07-11T15:47:07.491322467Z,1783784827491,29524,108,ok,
reaction-20260711T154617.431287445Z,baseline-c100,2026-07-11T15:47:08.451142826Z,1783784828451,29560,100,ok,
reaction-20260711T154617.431287445Z,fair-c100,2026-07-11T15:47:08.483781735Z,1783784828483,29269,96,ok,
reaction-20260711T154617.431287445Z,baseline-c100,2026-07-11T15:47:09.450689076Z,1783784829450,29455,107,ok,
reaction-20260711T154617.431287445Z,fair-c100,2026-07-11T15:47:09.484956329Z,1783784829484,29400,74,ok,
reaction-20260711T154617.431287445Z,baseline-c100,2026-07-11T15:47:10.451034697Z,1783784830451,29241,100,ok,
reaction-20260711T154617.431287445Z,fair-c100,2026-07-11T15:47:10.484768331Z,1783784830484,29736,92,ok,
reaction-20260711T154617.431287445Z,baseline-c100,2026-07-11T15:47:11.449826194Z,1783784831449,29679,73,ok,
reaction-20260711T154617.431287445Z,fair-c100,2026-07-11T15:47:11.479934625Z,1783784831479,29501,95,ok,
reaction-20260711T154617.431287445Z,baseline-c100,2026-07-11T15:47:12.450201851Z,1783784832450,29240,89,ok,
reaction-20260711T154617.431287445Z,fair-c100,2026-07-11T15:47:12.481967603Z,1783784832481,29449,89,ok,
reaction-20260711T154617.431287445Z,baseline-c100,2026-07-11T15:47:13.449216893Z,1783784833449,29290,101,ok,
reaction-20260711T154617.431287445Z,fair-c100,2026-07-11T15:47:13.480975229Z,1783784833480,29269,96,ok,
reaction-20260711T154617.431287445Z,baseline-c100,2026-07-11T15:47:14.448776603Z,1783784834448,29170,81,ok,
reaction-20260711T154617.431287445Z,fair-c100,2026-07-11T15:47:14.476748285Z,1783784834476,29188,51,ok,
reaction-20260711T154617.431287445Z,baseline-c100,2026-07-11T15:47:15.467001748Z,1783784835467,29043,79,ok,
reaction-20260711T154617.431287445Z,fair-c100,2026-07-11T15:47:15.498753529Z,1783784835498,29214,67,ok,
reaction-20260711T154617.431287445Z,baseline-c100,2026-07-11T15:47:16.451110656Z,1783784836451,29172,91,ok,
reaction-20260711T154617.431287445Z,fair-c100,2026-07-11T15:47:16.478780831Z,1783784836478,29081,97,ok,
reaction-20260711T154617.431287445Z,baseline-c100,2026-07-11T15:47:17.471172126Z,1783784837471,29100,94,ok,
reaction-20260711T154617.431287445Z,fair-c100,2026-07-11T15:47:17.500474906Z,1783784837500,29192,61,ok,
reaction-20260711T154617.431287445Z,baseline-c100,2026-07-11T15:47:18.449234024Z,1783784838449,29367,93,ok,
reaction-20260711T154617.431287445Z,fair-c100,2026-07-11T15:47:18.477667105Z,1783784838477,29125,83,ok,
reaction-20260711T154617.431287445Z,baseline-c100,2026-07-11T15:47:19.467186732Z,1783784839467,28909,91,ok,
reaction-20260711T154617.431287445Z,fair-c100,2026-07-11T15:47:19.494548921Z,1783784839494,29361,82,ok,
reaction-20260711T154617.431287445Z,baseline-c100,2026-07-11T15:47:20.467839493Z,1783784840467,28871,88,ok,
reaction-20260711T154617.431287445Z,fair-c100,2026-07-11T15:47:20.495877111Z,1783784840495,29159,77,ok,
reaction-20260711T154617.431287445Z,baseline-c100,2026-07-11T15:47:21.467672606Z,1783784841467,29043,76,ok,
reaction-20260711T154617.431287445Z,fair-c100,2026-07-11T15:47:21.497411908Z,1783784841497,28916,92,ok,
reaction-20260711T154617.431287445Z,baseline-c100,2026-07-11T15:47:22.449545432Z,1783784842449,28871,88,ok,
reaction-20260711T154617.431287445Z,fair-c100,2026-07-11T15:47:22.480274706Z,1783784842480,28915,88,ok,
reaction-20260711T154617.431287445Z,baseline-c100,2026-07-11T15:47:23.447596534Z,1783784843447,29218,99,ok,
reaction-20260711T154617.431287445Z,fair-c100,2026-07-11T15:47:23.474128273Z,1783784843474,28897,89,ok,
reaction-20260711T154617.431287445Z,baseline-c100,2026-07-11T15:47:24.450037685Z,1783784844450,29240,97,ok,
reaction-20260711T154617.431287445Z,fair-c100,2026-07-11T15:47:24.480208207Z,1783784844480,29025,70,ok,
reaction-20260711T154617.431287445Z,baseline-c100,2026-07-11T15:47:25.447733448Z,1783784845447,28707,99,ok,
reaction-20260711T154617.431287445Z,fair-c100,2026-07-11T15:47:25.474461195Z,1783784845474,28864,80,ok,
reaction-20260711T154617.431287445Z,baseline-c100,2026-07-11T15:47:26.450138325Z,1783784846450,28907,98,ok,
reaction-20260711T154617.431287445Z,fair-c100,2026-07-11T15:47:26.478819175Z,1783784846478,28899,86,ok,
reaction-20260711T154617.431287445Z,baseline-c100,2026-07-11T15:47:27.468810085Z,1783784847468,28784,79,ok,
reaction-20260711T154617.431287445Z,fair-c100,2026-07-11T15:47:27.497243723Z,1783784847497,28917,80,ok,
reaction-20260711T154617.431287445Z,baseline-c100,2026-07-11T15:47:28.461672778Z,1783784848461,28687,68,ok,
reaction-20260711T154617.431287445Z,fair-c100,2026-07-11T15:47:28.491443201Z,1783784848491,28737,65,ok,
reaction-20260711T154617.431287445Z,baseline-c100,2026-07-11T15:47:29.449608046Z,1783784849449,28687,74,ok,
reaction-20260711T154617.431287445Z,fair-c100,2026-07-11T15:47:29.477924907Z,1783784849477,28736,68,ok,
reaction-20260711T154617.431287445Z,baseline-c100,2026-07-11T15:47:30.466664508Z,1783784850466,28526,63,ok,
reaction-20260711T154617.431287445Z,fair-c100,2026-07-11T15:47:30.49307398Z,1783784850493,28863,74,ok,
reaction-20260711T154617.431287445Z,baseline-c100,2026-07-11T15:47:31.498125005Z,1783784851498,28607,90,ok,
reaction-20260711T154617.431287445Z,fair-c100,2026-07-11T15:47:31.525934919Z,1783784851525,28963,80,ok,
reaction-20260711T154617.431287445Z,baseline-c100,2026-07-11T15:47:32.449407813Z,1783784852449,28677,73,ok,
reaction-20260711T154617.431287445Z,fair-c100,2026-07-11T15:47:32.478637839Z,1783784852478,28735,69,ok,
reaction-20260711T154617.431287445Z,baseline-c100,2026-07-11T15:47:33.468084457Z,1783784853468,28708,102,ok,
reaction-20260711T154617.431287445Z,fair-c100,2026-07-11T15:47:33.495744756Z,1783784853495,28661,97,ok,
reaction-20260711T154617.431287445Z,baseline-c100,2026-07-11T15:47:34.449070339Z,1783784854449,28872,88,ok,
reaction-20260711T154617.431287445Z,fair-c100,2026-07-11T15:47:34.474857097Z,1783784854474,28492,83,ok,
reaction-20260711T154617.431287445Z,baseline-c100,2026-07-11T15:47:35.447146743Z,1783784855447,28523,62,ok,
reaction-20260711T154617.431287445Z,fair-c100,2026-07-11T15:47:35.475617778Z,1783784855475,28418,107,ok,
reaction-20260711T154617.431287445Z,baseline-c100,2026-07-11T15:47:36.44759155Z,1783784856447,28310,82,ok,
reaction-20260711T154617.431287445Z,fair-c100,2026-07-11T15:47:36.476361838Z,1783784856476,28636,85,ok,
reaction-20260711T154617.431287445Z,baseline-c100,2026-07-11T15:47:37.447126387Z,1783784857447,28311,84,ok,
reaction-20260711T154617.431287445Z,fair-c100,2026-07-11T15:47:37.474817263Z,1783784857474,29083,96,ok,
reaction-20260711T154617.431287445Z,baseline-c100,2026-07-11T15:47:38.447401752Z,1783784858447,28423,78,ok,
reaction-20260711T154617.431287445Z,fair-c100,2026-07-11T15:47:38.47230088Z,1783784858472,28318,98,ok,
reaction-20260711T154617.431287445Z,baseline-c100,2026-07-11T15:47:39.447397527Z,1783784859447,28567,80,ok,
reaction-20260711T154617.431287445Z,fair-c100,2026-07-11T15:47:39.473076234Z,1783784859473,28497,82,ok,
reaction-20260711T154617.431287445Z,baseline-c100,2026-07-11T15:47:40.44813223Z,1783784860448,28448,93,ok,
reaction-20260711T154617.431287445Z,fair-c100,2026-07-11T15:47:40.473903704Z,1783784860473,28298,90,ok,
reaction-20260711T154617.431287445Z,baseline-c100,2026-07-11T15:47:41.450866254Z,1783784861450,28310,90,ok,
reaction-20260711T154617.431287445Z,fair-c100,2026-07-11T15:47:41.478333593Z,1783784861478,28458,100,ok,
reaction-20260711T154617.431287445Z,baseline-c100,2026-07-11T15:47:42.446395938Z,1783784862446,28131,95,ok,
reaction-20260711T154617.431287445Z,fair-c100,2026-07-11T15:47:42.471890119Z,1783784862471,28297,94,ok,
reaction-20260711T154617.431287445Z,baseline-c100,2026-07-11T15:47:43.448106703Z,1783784863448,28132,95,ok,
reaction-20260711T154617.431287445Z,fair-c100,2026-07-11T15:47:43.475227043Z,1783784863475,28297,95,ok,
reaction-20260711T154617.431287445Z,baseline-c100,2026-07-11T15:47:44.450069669Z,1783784864450,28374,99,ok,
reaction-20260711T154617.431287445Z,fair-c100,2026-07-11T15:47:44.474979682Z,1783784864474,28231,91,ok,
reaction-20260711T154617.431287445Z,baseline-c100,2026-07-11T15:47:45.466535952Z,1783784865466,28206,90,ok,
reaction-20260711T154617.431287445Z,fair-c100,2026-07-11T15:47:45.4928438Z,1783784865492,28318,97,ok,
reaction-20260711T154617.431287445Z,baseline-c100,2026-07-11T15:47:46.450510126Z,1783784866450,28173,91,ok,
reaction-20260711T154617.431287445Z,fair-c100,2026-07-11T15:47:46.476775781Z,1783784866476,28162,95,ok,
reaction-20260711T154617.431287445Z,baseline-c100,2026-07-11T15:47:47.447239363Z,1783784867447,27948,87,ok,
reaction-20260711T154617.431287445Z,fair-c100,2026-07-11T15:47:47.476553147Z,1783784867476,28229,94,ok,
reaction-20260711T154617.431287445Z,baseline-c100,2026-07-11T15:47:48.446490683Z,1783784868446,28348,100,ok,
reaction-20260711T154617.431287445Z,fair-c100,2026-07-11T15:47:48.473676533Z,1783784868473,28160,94,ok,
reaction-20260711T154617.431287445Z,baseline-c100,2026-07-11T15:47:49.447117245Z,1783784869447,28114,78,ok,
reaction-20260711T154617.431287445Z,fair-c100,2026-07-11T15:47:49.473308871Z,1783784869473,28419,97,ok,
reaction-20260711T154617.431287445Z,baseline-c100,2026-07-11T15:47:50.463974538Z,1783784870463,27945,82,ok,
reaction-20260711T154617.431287445Z,fair-c100,2026-07-11T15:47:50.490873069Z,1783784870490,28033,85,ok,
reaction-20260711T154617.431287445Z,baseline-c100,2026-07-11T15:47:51.450024226Z,1783784871450,28007,86,ok,
reaction-20260711T154617.431287445Z,fair-c100,2026-07-11T15:47:51.476353821Z,1783784871476,27971,77,ok,
reaction-20260711T154617.431287445Z,baseline-c100,2026-07-11T15:47:52.447313356Z,1783784872447,27883,90,ok,
reaction-20260711T154617.431287445Z,fair-c100,2026-07-11T15:47:52.477950598Z,1783784872477,28104,80,ok,
reaction-20260711T154617.431287445Z,baseline-c100,2026-07-11T15:47:53.448874437Z,1783784873448,27976,85,ok,
reaction-20260711T154617.431287445Z,fair-c100,2026-07-11T15:47:53.477403237Z,1783784873477,27918,82,ok,
reaction-20260711T154617.431287445Z,baseline-c100,2026-07-11T15:47:54.448911706Z,1783784874448,27883,86,ok,
reaction-20260711T154617.431287445Z,fair-c100,2026-07-11T15:47:54.475049387Z,1783784874475,27972,83,ok,
reaction-20260711T154617.431287445Z,baseline-c100,2026-07-11T15:47:55.466233543Z,1783784875466,27708,95,ok,
reaction-20260711T154617.431287445Z,fair-c100,2026-07-11T15:47:55.495136824Z,1783784875495,28534,90,ok,
reaction-20260711T154617.431287445Z,baseline-c100,2026-07-11T15:47:56.446027999Z,1783784876446,28131,94,ok,
reaction-20260711T154617.431287445Z,fair-c100,2026-07-11T15:47:56.473183152Z,1783784876473,27699,98,ok,
reaction-20260711T154617.431287445Z,baseline-c100,2026-07-11T15:47:57.44704099Z,1783784877447,27836,93,ok,
reaction-20260711T154617.431287445Z,fair-c100,2026-07-11T15:47:57.471567802Z,1783784877471,27799,82,ok,
reaction-20260711T154617.431287445Z,baseline-c100,2026-07-11T15:47:58.446465773Z,1783784878446,27613,102,ok,
reaction-20260711T154617.431287445Z,fair-c100,2026-07-11T15:47:58.472561448Z,1783784878472,27743,86,ok,
reaction-20260711T154617.431287445Z,baseline-c100,2026-07-11T15:47:59.447488366Z,1783784879447,27694,66,ok,
reaction-20260711T154617.431287445Z,fair-c100,2026-07-11T15:47:59.474326245Z,1783784879474,27700,96,ok,
reaction-20260711T154617.431287445Z,baseline-c100,2026-07-11T15:48:00.473522103Z,1783784880473,27557,89,ok,
reaction-20260711T154617.431287445Z,fair-c100,2026-07-11T15:48:00.511974692Z,1783784880511,27943,89,ok,
reaction-20260711T154617.431287445Z,baseline-c100,2026-07-11T15:48:01.448223448Z,1783784881448,27945,90,ok,
reaction-20260711T154617.431287445Z,fair-c100,2026-07-11T15:48:01.474372874Z,1783784881474,27529,90,ok,
reaction-20260711T154617.431287445Z,baseline-c100,2026-07-11T15:48:02.448517169Z,1783784882448,27451,92,ok,
reaction-20260711T154617.431287445Z,fair-c100,2026-07-11T15:48:02.474098647Z,1783784882474,27545,88,ok,
reaction-20260711T154617.431287445Z,baseline-c100,2026-07-11T15:48:03.447528032Z,1783784883447,27614,91,ok,
reaction-20260711T154617.431287445Z,fair-c100,2026-07-11T15:48:03.474686822Z,1783784883474,27917,76,ok,
reaction-20260711T154617.431287445Z,baseline-c100,2026-07-11T15:48:04.4502953Z,1783784884450,27691,67,ok,
reaction-20260711T154617.431287445Z,fair-c100,2026-07-11T15:48:04.480275628Z,1783784884480,27442,92,ok,
reaction-20260711T154617.431287445Z,baseline-c100,2026-07-11T15:48:05.448369847Z,1783784885448,27558,84,ok,
reaction-20260711T154617.431287445Z,fair-c100,2026-07-11T15:48:05.476717353Z,1783784885476,27798,87,ok,
reaction-20260711T154617.431287445Z,baseline-c100,2026-07-11T15:48:06.445795231Z,1783784886445,27386,85,ok,
reaction-20260711T154617.431287445Z,fair-c100,2026-07-11T15:48:06.477775501Z,1783784886477,27477,67,ok,
reaction-20260711T154617.431287445Z,baseline-c100,2026-07-11T15:48:07.467456954Z,1783784887467,27336,87,ok,
reaction-20260711T154617.431287445Z,fair-c100,2026-07-11T15:48:07.495353839Z,1783784887495,28033,87,ok,
reaction-20260711T154617.431287445Z,baseline-c100,2026-07-11T15:48:08.458216554Z,1783784888458,27782,78,ok,
reaction-20260711T154617.431287445Z,fair-c100,2026-07-11T15:48:08.491937409Z,1783784888491,27529,89,ok,
reaction-20260711T154617.431287445Z,baseline-c100,2026-07-11T15:48:09.449009023Z,1783784889449,27385,90,ok,
reaction-20260711T154617.431287445Z,fair-c100,2026-07-11T15:48:09.476725613Z,1783784889476,27321,75,ok,
reaction-20260711T154617.431287445Z,baseline-c100,2026-07-11T15:48:10.46559026Z,1783784890465,27208,77,ok,
reaction-20260711T154617.431287445Z,fair-c100,2026-07-11T15:48:10.493041766Z,1783784890493,27479,62,ok,
reaction-20260711T154617.431287445Z,baseline-c100,2026-07-11T15:48:11.467031139Z,1783784891467,27143,101,ok,
reaction-20260711T154617.431287445Z,fair-c100,2026-07-11T15:48:11.500748449Z,1783784891500,27322,77,ok,
reaction-20260711T154617.431287445Z,baseline-c100,2026-07-11T15:48:12.448885058Z,1783784892448,27209,79,ok,
reaction-20260711T154617.431287445Z,fair-c100,2026-07-11T15:48:12.47562761Z,1783784892475,27442,90,ok,
reaction-20260711T154617.431287445Z,baseline-c100,2026-07-11T15:48:13.449690352Z,1783784893449,27144,93,ok,
reaction-20260711T154617.431287445Z,fair-c100,2026-07-11T15:48:13.481884934Z,1783784893481,27380,86,ok,
reaction-20260711T154617.431287445Z,baseline-c100,2026-07-11T15:48:14.447958832Z,1783784894447,27309,99,ok,
reaction-20260711T154617.431287445Z,fair-c100,2026-07-11T15:48:14.475977832Z,1783784894475,27146,87,ok,
reaction-20260711T154617.431287445Z,baseline-c100,2026-07-11T15:48:15.449671137Z,1783784895449,27208,83,ok,
reaction-20260711T154617.431287445Z,fair-c100,2026-07-11T15:48:15.477640808Z,1783784895477,27204,69,ok,
reaction-20260711T154617.431287445Z,baseline-c100,2026-07-11T15:48:16.449198381Z,1783784896449,27338,91,ok,
reaction-20260711T154617.431287445Z,fair-c100,2026-07-11T15:48:16.483120018Z,1783784896483,27249,99,ok,
reaction-20260711T154617.431287445Z,baseline-c100,2026-07-11T15:48:17.448771181Z,1783784897448,26974,93,ok,
reaction-20260711T154617.431287445Z,fair-c100,2026-07-11T15:48:17.541483983Z,1783784897541,27182,87,ok,
reaction-20260711T154617.431287445Z,baseline-c100,2026-07-11T15:48:18.447044046Z,1783784898447,26985,95,ok,
reaction-20260711T154617.431287445Z,fair-c100,2026-07-11T15:48:18.477922648Z,1783784898477,27322,76,ok,
reaction-20260711T154617.431287445Z,baseline-c100,2026-07-11T15:48:19.446750597Z,1783784899446,26913,94,ok,
reaction-20260711T154617.431287445Z,fair-c100,2026-07-11T15:48:19.473072382Z,1783784899473,27204,69,ok,
reaction-20260711T154617.431287445Z,baseline-c100,2026-07-11T15:48:20.473413999Z,1783784900473,26974,92,ok,
reaction-20260711T154617.431287445Z,fair-c100,2026-07-11T15:48:20.500584818Z,1783784900500,26921,82,ok,
reaction-20260711T154617.431287445Z,baseline-c100,2026-07-11T15:48:21.473282526Z,1783784901473,27145,97,ok,
reaction-20260711T154617.431287445Z,fair-c100,2026-07-11T15:48:21.501276555Z,1783784901501,27111,83,ok,
reaction-20260711T154617.431287445Z,baseline-c100,2026-07-11T15:48:22.45792405Z,1783784902457,26913,96,ok,
reaction-20260711T154617.431287445Z,fair-c100,2026-07-11T15:48:22.491430641Z,1783784902491,27002,86,ok,
reaction-20260711T154617.431287445Z,baseline-c100,2026-07-11T15:48:23.44786264Z,1783784903447,26796,93,ok,
reaction-20260711T154617.431287445Z,fair-c100,2026-07-11T15:48:23.47424627Z,1783784903474,26844,98,ok,
reaction-20260711T154617.431287445Z,baseline-c100,2026-07-11T15:48:24.447598321Z,1783784904447,27188,67,ok,
reaction-20260711T154617.431287445Z,fair-c100,2026-07-11T15:48:24.472746874Z,1783784904472,26920,81,ok,
reaction-20260711T154617.431287445Z,baseline-c100,2026-07-11T15:48:25.447906077Z,1783784905447,26744,97,ok,
reaction-20260711T154617.431287445Z,fair-c100,2026-07-11T15:48:25.479964305Z,1783784905479,26919,84,ok,
reaction-20260711T154617.431287445Z,baseline-c100,2026-07-11T15:48:26.448634136Z,1783784906448,27227,98,ok,
reaction-20260711T154617.431287445Z,fair-c100,2026-07-11T15:48:26.475770579Z,1783784906475,26978,94,ok,
reaction-20260711T154617.431287445Z,baseline-c100,2026-07-11T15:48:27.446681153Z,1783784907446,26661,95,ok,
reaction-20260711T154617.431287445Z,fair-c100,2026-07-11T15:48:27.472333146Z,1783784907472,26664,99,ok,
reaction-20260711T154617.431287445Z,baseline-c100,2026-07-11T15:48:28.448426984Z,1783784908448,26985,95,ok,
reaction-20260711T154617.431287445Z,fair-c100,2026-07-11T15:48:28.473254704Z,1783784908473,26691,95,ok,
reaction-20260711T154617.431287445Z,baseline-c100,2026-07-11T15:48:29.446813895Z,1783784909446,26585,102,ok,
reaction-20260711T154617.431287445Z,fair-c100,2026-07-11T15:48:29.4728076Z,1783784909472,26691,95,ok,
reaction-20260711T154617.431287445Z,baseline-c100,2026-07-11T15:48:30.464004297Z,1783784910464,26586,105,ok,
reaction-20260711T154617.431287445Z,fair-c100,2026-07-11T15:48:30.49011887Z,1783784910490,26691,102,ok,
reaction-20260711T154617.431287445Z,baseline-c100,2026-07-11T15:48:31.44891853Z,1783784911448,26796,91,ok,
reaction-20260711T154617.431287445Z,fair-c100,2026-07-11T15:48:31.475494859Z,1783784911475,26691,96,ok,
reaction-20260711T154617.431287445Z,baseline-c100,2026-07-11T15:48:32.450844009Z,1783784912450,26588,103,ok,
reaction-20260711T154617.431287445Z,fair-c100,2026-07-11T15:48:32.477050535Z,1783784912477,27145,86,ok,
reaction-20260711T154617.431287445Z,baseline-c100,2026-07-11T15:48:33.469258356Z,1783784913469,26402,84,ok,
reaction-20260711T154617.431287445Z,fair-c100,2026-07-11T15:48:33.504953754Z,1783784913504,26813,71,ok,
reaction-20260711T154617.431287445Z,baseline-c100,2026-07-11T15:48:34.462488607Z,1783784914462,26661,97,ok,
reaction-20260711T154617.431287445Z,fair-c100,2026-07-11T15:48:34.49522535Z,1783784914495,26664,104,ok,
reaction-20260711T154617.431287445Z,baseline-c100,2026-07-11T15:48:35.447547189Z,1783784915447,26747,93,ok,
reaction-20260711T154617.431287445Z,fair-c100,2026-07-11T15:48:35.480416142Z,1783784915480,26442,82,ok,
reaction-20260711T154617.431287445Z,baseline-c100,2026-07-11T15:48:36.448012081Z,1783784916448,26404,79,ok,
reaction-20260711T154617.431287445Z,fair-c100,2026-07-11T15:48:36.475266164Z,1783784916475,26439,89,ok,
reaction-20260711T154617.431287445Z,baseline-c100,2026-07-11T15:48:37.454260194Z,1783784917454,26512,95,ok,
reaction-20260711T154617.431287445Z,fair-c100,2026-07-11T15:48:37.482146831Z,1783784917482,26448,99,ok,
reaction-20260711T154617.431287445Z,baseline-c100,2026-07-11T15:48:38.447846075Z,1783784918447,26334,95,ok,
reaction-20260711T154617.431287445Z,fair-c100,2026-07-11T15:48:38.478749961Z,1783784918478,26440,88,ok,
reaction-20260711T154617.431287445Z,baseline-c100,2026-07-11T15:48:39.449877213Z,1783784919449,26404,79,ok,
reaction-20260711T154617.431287445Z,fair-c100,2026-07-11T15:48:39.477299061Z,1783784919477,26502,87,ok,
reaction-20260711T154617.431287445Z,baseline-c100,2026-07-11T15:48:40.450586547Z,1783784920450,26162,92,ok,
reaction-20260711T154617.431287445Z,fair-c100,2026-07-11T15:48:40.478884039Z,1783784920478,26843,95,ok,
reaction-20260711T154617.431287445Z,baseline-c100,2026-07-11T15:48:41.447994063Z,1783784921447,26160,95,ok,
reaction-20260711T154617.431287445Z,fair-c100,2026-07-11T15:48:41.476506561Z,1783784921476,26381,94,ok,
reaction-20260711T154617.431287445Z,baseline-c100,2026-07-11T15:48:42.448931718Z,1783784922448,26160,97,ok,
reaction-20260711T154617.431287445Z,fair-c100,2026-07-11T15:48:42.477614501Z,1783784922477,26183,99,ok,
reaction-20260711T154617.431287445Z,baseline-c100,2026-07-11T15:48:43.448388981Z,1783784923448,26232,95,ok,
reaction-20260711T154617.431287445Z,fair-c100,2026-07-11T15:48:43.475693614Z,1783784923475,26139,98,ok,
reaction-20260711T154617.431287445Z,baseline-c100,2026-07-11T15:48:44.448010618Z,1783784924448,26017,87,ok,
reaction-20260711T154617.431287445Z,fair-c100,2026-07-11T15:48:44.476476801Z,1783784924476,26440,88,ok,
reaction-20260711T154617.431287445Z,baseline-c100,2026-07-11T15:48:45.470441664Z,1783784925470,26161,96,ok,
reaction-20260711T154617.431287445Z,fair-c100,2026-07-11T15:48:45.496106975Z,1783784925496,26183,94,ok,
reaction-20260711T154617.431287445Z,baseline-c100,2026-07-11T15:48:46.453673783Z,1783784926453,25974,64,ok,
reaction-20260711T154617.431287445Z,fair-c100,2026-07-11T15:48:46.483586798Z,1783784926483,26933,89,ok,
reaction-20260711T154617.431287445Z,baseline-c100,2026-07-11T15:48:47.448458746Z,1783784927448,26737,78,ok,
reaction-20260711T154617.431287445Z,fair-c100,2026-07-11T15:48:47.474776328Z,1783784927474,25988,91,ok,
reaction-20260711T154617.431287445Z,baseline-c100,2026-07-11T15:48:48.450180335Z,1783784928450,25974,64,ok,
reaction-20260711T154617.431287445Z,fair-c100,2026-07-11T15:48:48.476034077Z,1783784928476,26008,94,ok,
reaction-20260711T154617.431287445Z,baseline-c100,2026-07-11T15:48:49.449984142Z,1783784929449,26019,87,ok,
reaction-20260711T154617.431287445Z,fair-c100,2026-07-11T15:48:49.4774351Z,1783784929477,26213,100,ok,
reaction-20260711T154617.431287445Z,baseline-c100,2026-07-11T15:48:50.447557485Z,1783784930447,26305,73,ok,
reaction-20260711T154617.431287445Z,fair-c100,2026-07-11T15:48:50.475286642Z,1783784930475,26055,89,ok,
reaction-20260711T154617.431287445Z,baseline-c100,2026-07-11T15:48:51.467834894Z,1783784931467,25905,92,ok,
reaction-20260711T154617.431287445Z,fair-c100,2026-07-11T15:48:51.494606803Z,1783784931494,25876,91,ok,
reaction-20260711T154617.431287445Z,baseline-c100,2026-07-11T15:48:52.470843414Z,1783784932470,25794,83,ok,
reaction-20260711T154617.431287445Z,fair-c100,2026-07-11T15:48:52.500658194Z,1783784932500,26136,101,ok,
reaction-20260711T154617.431287445Z,baseline-c100,2026-07-11T15:48:53.446631038Z,1783784933446,26334,94,ok,
reaction-20260711T154617.431287445Z,fair-c100,2026-07-11T15:48:53.472843244Z,1783784933472,26009,93,ok,
reaction-20260711T154617.431287445Z,baseline-c100,2026-07-11T15:48:54.449445155Z,1783784934449,25974,64,ok,
reaction-20260711T154617.431287445Z,fair-c100,2026-07-11T15:48:54.479260163Z,1783784934479,26449,99,ok,
reaction-20260711T154617.431287445Z,baseline-c100,2026-07-11T15:48:55.446871088Z,1783784935446,25658,96,ok,
reaction-20260711T154617.431287445Z,fair-c100,2026-07-11T15:48:55.472772138Z,1783784935472,25875,89,ok,
reaction-20260711T154617.431287445Z,baseline-c100,2026-07-11T15:48:56.467144098Z,1783784936467,25658,94,ok,
reaction-20260711T154617.431287445Z,fair-c100,2026-07-11T15:48:56.492786256Z,1783784936492,25990,92,ok,
reaction-20260711T154617.431287445Z,baseline-c100,2026-07-11T15:48:57.450843915Z,1783784937450,25794,78,ok,
reaction-20260711T154617.431287445Z,fair-c100,2026-07-11T15:48:57.47986743Z,1783784937479,25765,98,ok,
reaction-20260711T154617.431287445Z,baseline-c100,2026-07-11T15:48:58.44673065Z,1783784938446,25557,74,ok,
reaction-20260711T154617.431287445Z,fair-c100,2026-07-11T15:48:58.476482697Z,1783784938476,25748,92,ok,
reaction-20260711T154617.431287445Z,baseline-c100,2026-07-11T15:48:59.448486796Z,1783784939448,25557,74,ok,
reaction-20260711T154617.431287445Z,fair-c100,2026-07-11T15:48:59.476410778Z,1783784939476,25692,101,ok,
reaction-20260711T154617.431287445Z,baseline-c100,2026-07-11T15:49:00.449772516Z,1783784940449,26158,99,ok,
reaction-20260711T154617.431287445Z,fair-c100,2026-07-11T15:49:00.483263708Z,1783784940483,25766,93,ok,
reaction-20260711T154617.431287445Z,baseline-c100,2026-07-11T15:49:01.446691426Z,1783784941446,25557,74,ok,
reaction-20260711T154617.431287445Z,fair-c100,2026-07-11T15:49:01.473114055Z,1783784941473,25677,93,ok,
reaction-20260711T154617.431287445Z,baseline-c100,2026-07-11T15:49:02.464086042Z,1783784942464,25453,80,ok,
reaction-20260711T154617.431287445Z,fair-c100,2026-07-11T15:49:02.491269989Z,1783784942491,25837,96,ok,
reaction-20260711T154617.431287445Z,baseline-c100,2026-07-11T15:49:03.468805375Z,1783784943468,25505,82,ok,
reaction-20260711T154617.431287445Z,fair-c100,2026-07-11T15:49:03.495603296Z,1783784943495,25619,94,ok,
reaction-20260711T154617.431287445Z,baseline-c100,2026-07-11T15:49:04.448417621Z,1783784944448,25658,97,ok,
reaction-20260711T154617.431287445Z,fair-c100,2026-07-11T15:49:04.475227406Z,1783784944475,25692,97,ok,
reaction-20260711T154617.431287445Z,baseline-c100,2026-07-11T15:49:05.447966277Z,1783784945447,25681,99,ok,
reaction-20260711T154617.431287445Z,fair-c100,2026-07-11T15:49:05.475184187Z,1783784945475,25463,94,ok,
reaction-20260711T154617.431287445Z,baseline-c100,2026-07-11T15:49:06.454958782Z,1783784946454,25281,84,ok,
reaction-20260711T154617.431287445Z,fair-c100,2026-07-11T15:49:06.485530684Z,1783784946485,25400,85,ok,
reaction-20260711T154617.431287445Z,baseline-c100,2026-07-11T15:49:07.469164114Z,1783784947469,25282,82,ok,
reaction-20260711T154617.431287445Z,fair-c100,2026-07-11T15:49:07.516426126Z,1783784947516,25332,89,ok,
reaction-20260711T154617.431287445Z,baseline-c100,2026-07-11T15:49:08.44899981Z,1783784948448,25453,81,ok,
reaction-20260711T154617.431287445Z,fair-c100,2026-07-11T15:49:08.476228933Z,1783784948476,25400,85,ok,
reaction-20260711T154617.431287445Z,baseline-c100,2026-07-11T15:49:09.447979165Z,1783784949447,25164,99,ok,
reaction-20260711T154617.431287445Z,fair-c100,2026-07-11T15:49:09.475006997Z,1783784949475,25396,87,ok,
reaction-20260711T154617.431287445Z,baseline-c100,2026-07-11T15:49:10.449492142Z,1783784950449,25164,97,ok,
reaction-20260711T154617.431287445Z,fair-c100,2026-07-11T15:49:10.479638049Z,1783784950479,25333,90,ok,
reaction-20260711T154617.431287445Z,baseline-c100,2026-07-11T15:49:11.448974497Z,1783784951448,25505,82,ok,
reaction-20260711T154617.431287445Z,fair-c100,2026-07-11T15:49:11.479246741Z,1783784951479,25213,93,ok,
reaction-20260711T154617.431287445Z,baseline-c100,2026-07-11T15:49:12.446949678Z,1783784952446,25067,96,ok,
reaction-20260711T154617.431287445Z,fair-c100,2026-07-11T15:49:12.478296445Z,1783784952478,25441,91,ok,
reaction-20260711T154617.431287445Z,baseline-c100,2026-07-11T15:49:13.44798792Z,1783784953447,25903,91,ok,
reaction-20260711T154617.431287445Z,fair-c100,2026-07-11T15:49:13.473374706Z,1783784953473,25212,101,ok,
reaction-20260711T154617.431287445Z,baseline-c100,2026-07-11T15:49:14.448195062Z,1783784954448,25311,83,ok,
reaction-20260711T154617.431287445Z,fair-c100,2026-07-11T15:49:14.479088624Z,1783784954479,25108,84,ok,
reaction-20260711T154617.431287445Z,baseline-c100,2026-07-11T15:49:15.447406242Z,1783784955447,24971,92,ok,
reaction-20260711T154617.431287445Z,fair-c100,2026-07-11T15:49:15.473998882Z,1783784955473,25179,88,ok,
reaction-20260711T154617.431287445Z,baseline-c100,2026-07-11T15:49:16.449236082Z,1783784956449,25068,88,ok,
reaction-20260711T154617.431287445Z,fair-c100,2026-07-11T15:49:16.478765376Z,1783784956478,25266,74,ok,
reaction-20260711T154617.431287445Z,baseline-c100,2026-07-11T15:49:17.44942642Z,1783784957449,25163,96,ok,
reaction-20260711T154617.431287445Z,fair-c100,2026-07-11T15:49:17.477864723Z,1783784957477,25212,102,ok,
reaction-20260711T154617.431287445Z,baseline-c100,2026-07-11T15:49:18.462920772Z,1783784958462,24996,99,ok,
reaction-20260711T154617.431287445Z,fair-c100,2026-07-11T15:49:18.493125713Z,1783784958493,25175,89,ok,
reaction-20260711T154617.431287445Z,baseline-c100,2026-07-11T15:49:19.46848132Z,1783784959468,24864,83,ok,
reaction-20260711T154617.431287445Z,fair-c100,2026-07-11T15:49:19.49945517Z,1783784959499,24941,96,ok,
reaction-20260711T154617.431287445Z,baseline-c100,2026-07-11T15:49:20.449279529Z,1783784960449,24973,92,ok,
reaction-20260711T154617.431287445Z,fair-c100,2026-07-11T15:49:20.480012511Z,1783784960480,24973,100,ok,
reaction-20260711T154617.431287445Z,baseline-c100,2026-07-11T15:49:21.448324252Z,1783784961448,25066,88,ok,
reaction-20260711T154617.431287445Z,fair-c100,2026-07-11T15:49:21.474260743Z,1783784961474,24912,84,ok,
reaction-20260711T154617.431287445Z,baseline-c100,2026-07-11T15:49:22.447044733Z,1783784962447,24759,96,ok,
reaction-20260711T154617.431287445Z,fair-c100,2026-07-11T15:49:22.472837378Z,1783784962472,24912,84,ok,
reaction-20260711T154617.431287445Z,baseline-c100,2026-07-11T15:49:23.449164945Z,1783784963449,25318,88,ok,
reaction-20260711T154617.431287445Z,fair-c100,2026-07-11T15:49:23.476652705Z,1783784963476,25366,92,ok,
reaction-20260711T154617.431287445Z,baseline-c100,2026-07-11T15:49:24.448144466Z,1783784964448,24652,99,ok,
reaction-20260711T154617.431287445Z,fair-c100,2026-07-11T15:49:24.474720037Z,1783784964474,24912,81,ok,
reaction-20260711T154617.431287445Z,baseline-c100,2026-07-11T15:49:25.450028459Z,1783784965450,24653,98,ok,
reaction-20260711T154617.431287445Z,fair-c100,2026-07-11T15:49:25.478492505Z,1783784965478,25109,90,ok,
reaction-20260711T154617.431287445Z,baseline-c100,2026-07-11T15:49:26.447879331Z,1783784966447,24651,98,ok,
reaction-20260711T154617.431287445Z,fair-c100,2026-07-11T15:49:26.476735451Z,1783784966476,24743,66,ok,
reaction-20260711T154617.431287445Z,baseline-c100,2026-07-11T15:49:27.449552458Z,1783784967449,24730,80,ok,
reaction-20260711T154617.431287445Z,fair-c100,2026-07-11T15:49:27.482735025Z,1783784967482,24973,97,ok,
reaction-20260711T154617.431287445Z,baseline-c100,2026-07-11T15:49:28.4483983Z,1783784968448,24831,87,ok,
reaction-20260711T154617.431287445Z,fair-c100,2026-07-11T15:49:28.476877825Z,1783784968476,24742,68,ok,
reaction-20260711T154617.431287445Z,baseline-c100,2026-07-11T15:49:29.448418339Z,1783784969448,24521,78,ok,
reaction-20260711T154617.431287445Z,fair-c100,2026-07-11T15:49:29.479501239Z,1783784969479,24743,66,ok,
reaction-20260711T154617.431287445Z,baseline-c100,2026-07-11T15:49:30.448109316Z,1783784970448,24523,80,ok,
reaction-20260711T154617.431287445Z,fair-c100,2026-07-11T15:49:30.475563754Z,1783784970475,25459,93,ok,
reaction-20260711T154617.431287445Z,baseline-c100,2026-07-11T15:49:31.448645479Z,1783784971448,24522,81,ok,
reaction-20260711T154617.431287445Z,fair-c100,2026-07-11T15:49:31.480014124Z,1783784971480,24943,93,ok,
reaction-20260711T154617.431287445Z,baseline-c100,2026-07-11T15:49:32.447221083Z,1783784972447,24863,84,ok,
reaction-20260711T154617.431287445Z,fair-c100,2026-07-11T15:49:32.473977597Z,1783784972473,24691,89,ok,
reaction-20260711T154617.431287445Z,baseline-c100,2026-07-11T15:49:33.447859539Z,1783784973447,24759,93,ok,
reaction-20260711T154617.431287445Z,fair-c100,2026-07-11T15:49:33.482316712Z,1783784973482,24492,80,ok,
reaction-20260711T154617.431287445Z,baseline-c100,2026-07-11T15:49:34.448070719Z,1783784974448,24372,88,ok,
reaction-20260711T154617.431287445Z,fair-c100,2026-07-11T15:49:34.476507909Z,1783784974476,24532,88,ok,
reaction-20260711T154617.431287445Z,baseline-c100,2026-07-11T15:49:35.449486172Z,1783784975449,25285,81,ok,
reaction-20260711T154617.431287445Z,fair-c100,2026-07-11T15:49:35.477055011Z,1783784975477,24671,92,ok,
reaction-20260711T154617.431287445Z,baseline-c100,2026-07-11T15:49:36.44772445Z,1783784976447,24349,66,ok,
reaction-20260711T154617.431287445Z,fair-c100,2026-07-11T15:49:36.474933309Z,1783784976474,24428,82,ok,
reaction-20260711T154617.431287445Z,baseline-c100,2026-07-11T15:49:37.447671915Z,1783784977447,24526,81,ok,
reaction-20260711T154617.431287445Z,fair-c100,2026-07-11T15:49:37.478177269Z,1783784977478,24601,91,ok,
reaction-20260711T154617.431287445Z,baseline-c100,2026-07-11T15:49:38.448139292Z,1783784978448,24353,67,ok,
reaction-20260711T154617.431287445Z,fair-c100,2026-07-11T15:49:38.479850388Z,1783784978479,24532,89,ok,
reaction-20260711T154617.431287445Z,baseline-c100,2026-07-11T15:49:39.449023055Z,1783784979449,24373,90,ok,
reaction-20260711T154617.431287445Z,fair-c100,2026-07-11T15:49:39.496059347Z,1783784979496,24251,98,ok,
reaction-20260711T154617.431287445Z,baseline-c100,2026-07-11T15:49:40.470775339Z,1783784980470,24127,99,ok,
reaction-20260711T154617.431287445Z,fair-c100,2026-07-11T15:49:40.497781363Z,1783784980497,24251,102,ok,
reaction-20260711T154617.431287445Z,baseline-c100,2026-07-11T15:49:41.448000028Z,1783784981448,24218,87,ok,
reaction-20260711T154617.431287445Z,fair-c100,2026-07-11T15:49:41.479303794Z,1783784981479,24328,99,ok,
reaction-20260711T154617.431287445Z,baseline-c100,2026-07-11T15:49:42.46521061Z,1783784982465,24157,87,ok,
reaction-20260711T154617.431287445Z,fair-c100,2026-07-11T15:49:42.499199259Z,1783784982499,24222,79,ok,
reaction-20260711T154617.431287445Z,baseline-c100,2026-07-11T15:49:43.445416878Z,1783784983445,24479,94,ok,
reaction-20260711T154617.431287445Z,fair-c100,2026-07-11T15:49:43.472446302Z,1783784983472,24461,95,ok,
reaction-20260711T154617.431287445Z,baseline-c100,2026-07-11T15:49:44.446676652Z,1783784984446,24027,89,ok,
reaction-20260711T154617.431287445Z,fair-c100,2026-07-11T15:49:44.474744095Z,1783784984474,24251,102,ok,
reaction-20260711T154617.431287445Z,baseline-c100,2026-07-11T15:49:45.44926919Z,1783784985449,24089,92,ok,
reaction-20260711T154617.431287445Z,fair-c100,2026-07-11T15:49:45.477860131Z,1783784985477,24008,101,ok,
reaction-20260711T154617.431287445Z,baseline-c100,2026-07-11T15:49:46.448911097Z,1783784986448,24028,90,ok,
reaction-20260711T154617.431287445Z,fair-c100,2026-07-11T15:49:46.475510089Z,1783784986475,24428,83,ok,
reaction-20260711T154617.431287445Z,baseline-c100,2026-07-11T15:49:47.446994702Z,1783784987446,23992,95,ok,
reaction-20260711T154617.431287445Z,fair-c100,2026-07-11T15:49:47.47155685Z,1783784987471,23947,85,ok,
reaction-20260711T154617.431287445Z,baseline-c100,2026-07-11T15:49:48.448963087Z,1783784988448,23996,93,ok,
reaction-20260711T154617.431287445Z,fair-c100,2026-07-11T15:49:48.475960966Z,1783784988475,24222,79,ok,
reaction-20260711T154617.431287445Z,baseline-c100,2026-07-11T15:49:49.447945073Z,1783784989447,24026,85,ok,
reaction-20260711T154617.431287445Z,fair-c100,2026-07-11T15:49:49.501933177Z,1783784989501,24491,84,ok,
reaction-20260711T154617.431287445Z,baseline-c100,2026-07-11T15:49:50.449547333Z,1783784990449,24127,99,ok,
reaction-20260711T154617.431287445Z,fair-c100,2026-07-11T15:49:50.480227686Z,1783784990480,24008,102,ok,
reaction-20260711T154617.431287445Z,baseline-c100,2026-07-11T15:49:51.447756869Z,1783784991447,24291,94,ok,
reaction-20260711T154617.431287445Z,fair-c100,2026-07-11T15:49:51.474986884Z,1783784991474,24124,90,ok,
reaction-20260711T154617.431287445Z,baseline-c100,2026-07-11T15:49:52.449606828Z,1783784992449,23683,88,ok,
reaction-20260711T154617.431287445Z,fair-c100,2026-07-11T15:49:52.477014055Z,1783784992477,23945,80,ok,
reaction-20260711T154617.431287445Z,baseline-c100,2026-07-11T15:49:53.466978198Z,1783784993466,23779,88,ok,
reaction-20260711T154617.431287445Z,fair-c100,2026-07-11T15:49:53.498127525Z,1783784993498,23769,96,ok,
reaction-20260711T154617.431287445Z,baseline-c100,2026-07-11T15:49:54.447648279Z,1783784994447,23957,98,ok,
reaction-20260711T154617.431287445Z,fair-c100,2026-07-11T15:49:54.474524187Z,1783784994474,23790,99,ok,
reaction-20260711T154617.431287445Z,baseline-c100,2026-07-11T15:49:55.447368763Z,1783784995447,23573,92,ok,
reaction-20260711T154617.431287445Z,fair-c100,2026-07-11T15:49:55.475125127Z,1783784995475,23794,94,ok,
reaction-20260711T154617.431287445Z,baseline-c100,2026-07-11T15:49:56.44854151Z,1783784996448,23682,83,ok,
reaction-20260711T154617.431287445Z,fair-c100,2026-07-11T15:49:56.497526426Z,1783784996497,23735,82,ok,
reaction-20260711T154617.431287445Z,baseline-c100,2026-07-11T15:49:57.449382033Z,1783784997449,23882,96,ok,
reaction-20260711T154617.431287445Z,fair-c100,2026-07-11T15:49:57.476002719Z,1783784997476,23586,75,ok,
reaction-20260711T154617.431287445Z,baseline-c100,2026-07-11T15:49:58.449153578Z,1783784998449,23609,99,ok,
reaction-20260711T154617.431287445Z,fair-c100,2026-07-11T15:49:58.476074121Z,1783784998476,23868,102,ok,
reaction-20260711T154617.431287445Z,baseline-c100,2026-07-11T15:49:59.447982374Z,1783784999447,23682,80,ok,
reaction-20260711T154617.431287445Z,fair-c100,2026-07-11T15:49:59.476418354Z,1783784999476,23842,79,ok,
reaction-20260711T154617.431287445Z,baseline-c100,2026-07-11T15:50:00.447052369Z,1783785000447,23750,78,ok,
reaction-20260711T154617.431287445Z,fair-c100,2026-07-11T15:50:00.474252186Z,1783785000474,23532,93,ok,
reaction-20260711T154617.431287445Z,baseline-c100,2026-07-11T15:50:01.447888519Z,1783785001447,23609,97,ok,
reaction-20260711T154617.431287445Z,fair-c100,2026-07-11T15:50:01.475024398Z,1783785001475,24049,95,ok,
reaction-20260711T154617.431287445Z,baseline-c100,2026-07-11T15:50:02.469793967Z,1783785002469,23327,93,ok,
reaction-20260711T154617.431287445Z,fair-c100,2026-07-11T15:50:02.498175862Z,1783785002498,23584,76,ok,
reaction-20260711T154617.431287445Z,baseline-c100,2026-07-11T15:50:03.46865908Z,1783785003468,23330,94,ok,
reaction-20260711T154617.431287445Z,fair-c100,2026-07-11T15:50:03.498432252Z,1783785003498,23420,105,ok,
reaction-20260711T154617.431287445Z,baseline-c100,2026-07-11T15:50:04.447599211Z,1783785004447,23327,98,ok,
reaction-20260711T154617.431287445Z,fair-c100,2026-07-11T15:50:04.474545135Z,1783785004474,23495,75,ok,
reaction-20260711T154617.431287445Z,baseline-c100,2026-07-11T15:50:05.454502025Z,1783785005454,23709,94,ok,
reaction-20260711T154617.431287445Z,fair-c100,2026-07-11T15:50:05.482036326Z,1783785005482,23377,91,ok,
reaction-20260711T154617.431287445Z,baseline-c100,2026-07-11T15:50:06.44970557Z,1783785006449,23472,95,ok,
reaction-20260711T154617.431287445Z,fair-c100,2026-07-11T15:50:06.475562789Z,1783785006475,23420,105,ok,
reaction-20260711T154617.431287445Z,baseline-c100,2026-07-11T15:50:07.448498007Z,1783785007448,23573,89,ok,
reaction-20260711T154617.431287445Z,fair-c100,2026-07-11T15:50:07.482328954Z,1783785007482,23496,82,ok,
reaction-20260711T154617.431287445Z,baseline-c100,2026-07-11T15:50:08.449809708Z,1783785008449,23191,85,ok,
reaction-20260711T154617.431287445Z,fair-c100,2026-07-11T15:50:08.478194367Z,1783785008478,23379,94,ok,
reaction-20260711T154617.431287445Z,baseline-c100,2026-07-11T15:50:09.448810273Z,1783785009448,23154,94,ok,
reaction-20260711T154617.431287445Z,fair-c100,2026-07-11T15:50:09.478893937Z,1783785009478,23419,106,ok,
reaction-20260711T154617.431287445Z,baseline-c100,2026-07-11T15:50:10.448216427Z,1783785010448,23156,91,ok,
reaction-20260711T154617.431287445Z,fair-c100,2026-07-11T15:50:10.475344328Z,1783785010475,23216,92,ok,
reaction-20260711T154617.431287445Z,baseline-c100,2026-07-11T15:50:11.448020969Z,1783785011448,23328,93,ok,
reaction-20260711T154617.431287445Z,fair-c100,2026-07-11T15:50:11.474322513Z,1783785011474,23529,99,ok,
reaction-20260711T154617.431287445Z,baseline-c100,2026-07-11T15:50:12.465223259Z,1783785012465,23400,92,ok,
reaction-20260711T154617.431287445Z,fair-c100,2026-07-11T15:50:12.492207243Z,1783785012492,23217,97,ok,
reaction-20260711T154617.431287445Z,baseline-c100,2026-07-11T15:50:13.457447343Z,1783785013457,22975,95,ok,
reaction-20260711T154617.431287445Z,fair-c100,2026-07-11T15:50:13.485567204Z,1783785013485,23038,94,ok,
reaction-20260711T154617.431287445Z,baseline-c100,2026-07-11T15:50:14.472964432Z,1783785014472,23368,95,ok,
reaction-20260711T154617.431287445Z,fair-c100,2026-07-11T15:50:14.504699525Z,1783785014504,23179,82,ok,
reaction-20260711T154617.431287445Z,baseline-c100,2026-07-11T15:50:15.448856418Z,1783785015448,22880,101,ok,
reaction-20260711T154617.431287445Z,fair-c100,2026-07-11T15:50:15.475126715Z,1783785015475,23037,95,ok,
reaction-20260711T154617.431287445Z,baseline-c100,2026-07-11T15:50:16.448829509Z,1783785016448,22885,97,ok,
reaction-20260711T154617.431287445Z,fair-c100,2026-07-11T15:50:16.475843404Z,1783785016475,23037,91,ok,
reaction-20260711T154617.431287445Z,baseline-c100,2026-07-11T15:50:17.448952364Z,1783785017448,23190,86,ok,
reaction-20260711T154617.431287445Z,fair-c100,2026-07-11T15:50:17.476029233Z,1783785017476,23037,95,ok,
reaction-20260711T154617.431287445Z,baseline-c100,2026-07-11T15:50:18.447192974Z,1783785018447,22884,98,ok,
reaction-20260711T154617.431287445Z,fair-c100,2026-07-11T15:50:18.474426706Z,1783785018474,22968,89,ok,
reaction-20260711T154617.431287445Z,baseline-c100,2026-07-11T15:50:19.448994288Z,1783785019448,22976,96,ok,
reaction-20260711T154617.431287445Z,fair-c100,2026-07-11T15:50:19.475943684Z,1783785019475,22968,93,ok,
reaction-20260711T154617.431287445Z,baseline-c100,2026-07-11T15:50:20.447038918Z,1783785020447,22710,87,ok,
reaction-20260711T154617.431287445Z,fair-c100,2026-07-11T15:50:20.475427805Z,1783785020475,23138,104,ok,
reaction-20260711T154617.431287445Z,baseline-c100,2026-07-11T15:50:21.4487883Z,1783785021448,22956,86,ok,
reaction-20260711T154617.431287445Z,fair-c100,2026-07-11T15:50:21.4764156Z,1783785021476,22777,96,ok,
reaction-20260711T154617.431287445Z,baseline-c100,2026-07-11T15:50:22.447602075Z,1783785022447,22883,96,ok,
reaction-20260711T154617.431287445Z,fair-c100,2026-07-11T15:50:22.474731827Z,1783785022474,23060,90,ok,
reaction-20260711T154617.431287445Z,baseline-c100,2026-07-11T15:50:23.471898089Z,1783785023471,22877,101,ok,
reaction-20260711T154617.431287445Z,fair-c100,2026-07-11T15:50:23.500198546Z,1783785023500,23039,93,ok,
reaction-20260711T154617.431287445Z,baseline-c100,2026-07-11T15:50:24.467078279Z,1783785024467,22602,90,ok,
reaction-20260711T154617.431287445Z,fair-c100,2026-07-11T15:50:24.494854492Z,1783785024494,22710,85,ok,
reaction-20260711T154617.431287445Z,baseline-c100,2026-07-11T15:50:25.448836808Z,1783785025448,22775,96,ok,
reaction-20260711T154617.431287445Z,fair-c100,2026-07-11T15:50:25.47373761Z,1783785025473,22709,85,ok,
reaction-20260711T154617.431287445Z,baseline-c100,2026-07-11T15:50:26.468812056Z,1783785026468,23130,85,ok,
reaction-20260711T154617.431287445Z,fair-c100,2026-07-11T15:50:26.497367408Z,1783785026497,23735,83,ok,
reaction-20260711T154617.431287445Z,baseline-c100,2026-07-11T15:50:27.457545816Z,1783785027457,22491,97,ok,
reaction-20260711T154617.431287445Z,fair-c100,2026-07-11T15:50:27.48671118Z,1783785027486,22971,91,ok,
reaction-20260711T154617.431287445Z,baseline-c100,2026-07-11T15:50:28.449572028Z,1783785028449,22603,87,ok,
reaction-20260711T154617.431287445Z,fair-c100,2026-07-11T15:50:28.476670311Z,1783785028476,22774,93,ok,
reaction-20260711T154617.431287445Z,baseline-c100,2026-07-11T15:50:29.447820864Z,1783785029447,22492,95,ok,
reaction-20260711T154617.431287445Z,fair-c100,2026-07-11T15:50:29.473417493Z,1783785029473,22590,77,ok,
reaction-20260711T154617.431287445Z,baseline-c100,2026-07-11T15:50:30.449408467Z,1783785030449,22393,91,ok,
reaction-20260711T154617.431287445Z,fair-c100,2026-07-11T15:50:30.476784771Z,1783785030476,22712,88,ok,
reaction-20260711T154617.431287445Z,baseline-c100,2026-07-11T15:50:31.447204034Z,1783785031447,22708,89,ok,
reaction-20260711T154617.431287445Z,fair-c100,2026-07-11T15:50:31.475959502Z,1783785031475,22551,83,ok,
reaction-20260711T154617.431287445Z,baseline-c100,2026-07-11T15:50:32.449101955Z,1783785032449,22566,92,ok,
reaction-20260711T154617.431287445Z,fair-c100,2026-07-11T15:50:32.484756261Z,1783785032484,22591,75,ok,
reaction-20260711T154617.431287445Z,baseline-c100,2026-07-11T15:50:33.465368649Z,1783785033465,22635,91,ok,
reaction-20260711T154617.431287445Z,fair-c100,2026-07-11T15:50:33.493276977Z,1783785033493,22684,72,ok,
reaction-20260711T154617.431287445Z,baseline-c100,2026-07-11T15:50:34.45776408Z,1783785034457,22394,93,ok,
reaction-20260711T154617.431287445Z,fair-c100,2026-07-11T15:50:34.487031201Z,1783785034487,22347,92,ok,
reaction-20260711T154617.431287445Z,baseline-c100,2026-07-11T15:50:35.447129763Z,1783785035447,22295,67,ok,
reaction-20260711T154617.431287445Z,fair-c100,2026-07-11T15:50:35.474060745Z,1783785035474,23769,95,ok,
reaction-20260711T154617.431287445Z,baseline-c100,2026-07-11T15:50:36.468916927Z,1783785036468,22296,67,ok,
reaction-20260711T154617.431287445Z,fair-c100,2026-07-11T15:50:36.499091056Z,1783785036499,22444,101,ok,
reaction-20260711T154617.431287445Z,baseline-c100,2026-07-11T15:50:37.445558185Z,1783785037445,22224,97,ok,
reaction-20260711T154617.431287445Z,fair-c100,2026-07-11T15:50:37.477144831Z,1783785037477,22346,90,ok,
reaction-20260711T154617.431287445Z,baseline-c100,2026-07-11T15:50:38.44937832Z,1783785038449,22257,104,ok,
reaction-20260711T154617.431287445Z,fair-c100,2026-07-11T15:50:38.480180498Z,1783785038480,22553,82,ok,
reaction-20260711T154617.431287445Z,baseline-c100,2026-07-11T15:50:39.449076949Z,1783785039449,22494,90,ok,
reaction-20260711T154617.431287445Z,fair-c100,2026-07-11T15:50:39.475586159Z,1783785039475,22229,94,ok,
reaction-20260711T154617.431287445Z,baseline-c100,2026-07-11T15:50:40.4508089Z,1783785040450,22115,92,ok,
reaction-20260711T154617.431287445Z,fair-c100,2026-07-11T15:50:40.479986687Z,1783785040479,22278,92,ok,
reaction-20260711T154617.431287445Z,baseline-c100,2026-07-11T15:50:41.448332989Z,1783785041448,22222,98,ok,
reaction-20260711T154617.431287445Z,fair-c100,2026-07-11T15:50:41.479140133Z,1783785041479,22099,103,ok,
reaction-20260711T154617.431287445Z,baseline-c100,2026-07-11T15:50:42.448580188Z,1783785042448,22042,97,ok,
reaction-20260711T154617.431287445Z,fair-c100,2026-07-11T15:50:42.47735881Z,1783785042477,22369,93,ok,
reaction-20260711T154617.431287445Z,baseline-c100,2026-07-11T15:50:43.448724725Z,1783785043448,22461,85,ok,
reaction-20260711T154617.431287445Z,fair-c100,2026-07-11T15:50:43.476860571Z,1783785043476,22180,71,ok,
reaction-20260711T154617.431287445Z,baseline-c100,2026-07-11T15:50:44.449366135Z,1783785044449,22041,100,ok,
reaction-20260711T154617.431287445Z,fair-c100,2026-07-11T15:50:44.476994631Z,1783785044476,22101,99,ok,
reaction-20260711T154617.431287445Z,baseline-c100,2026-07-11T15:50:45.471894349Z,1783785045471,22190,93,ok,
reaction-20260711T154617.431287445Z,fair-c100,2026-07-11T15:50:45.500464355Z,1783785045500,22179,71,ok,
reaction-20260711T154617.431287445Z,baseline-c100,2026-07-11T15:50:46.448334471Z,1783785046448,21857,83,ok,
reaction-20260711T154617.431287445Z,fair-c100,2026-07-11T15:50:46.475523716Z,1783785046475,22099,103,ok,
reaction-20260711T154617.431287445Z,baseline-c100,2026-07-11T15:50:47.472273624Z,1783785047472,21878,95,ok,
reaction-20260711T154617.431287445Z,fair-c100,2026-07-11T15:50:47.50029171Z,1783785047500,22350,84,ok,
reaction-20260711T154617.431287445Z,baseline-c100,2026-07-11T15:50:48.448139931Z,1783785048448,22115,90,ok,
reaction-20260711T154617.431287445Z,fair-c100,2026-07-11T15:50:48.474917138Z,1783785048474,22229,92,ok,
reaction-20260711T154617.431287445Z,baseline-c100,2026-07-11T15:50:49.447661116Z,1783785049447,21798,100,ok,
reaction-20260711T154617.431287445Z,fair-c100,2026-07-11T15:50:49.477322248Z,1783785049477,22025,100,ok,
reaction-20260711T154617.431287445Z,baseline-c100,2026-07-11T15:50:50.449308667Z,1783785050449,21955,95,ok,
reaction-20260711T154617.431287445Z,fair-c100,2026-07-11T15:50:50.476246076Z,1783785050476,21866,94,ok,
reaction-20260711T154617.431287445Z,baseline-c100,2026-07-11T15:50:51.448215252Z,1783785051448,21800,105,ok,
reaction-20260711T154617.431287445Z,fair-c100,2026-07-11T15:50:51.474230877Z,1783785051474,21885,93,ok,
reaction-20260711T154617.431287445Z,baseline-c100,2026-07-11T15:50:52.448846204Z,1783785052448,22031,81,ok,
reaction-20260711T154617.431287445Z,fair-c100,2026-07-11T15:50:52.476882746Z,1783785052476,21942,68,ok,
reaction-20260711T154617.431287445Z,baseline-c100,2026-07-11T15:50:53.458665016Z,1783785053458,21718,84,ok,
reaction-20260711T154617.431287445Z,fair-c100,2026-07-11T15:50:53.485278016Z,1783785053485,21885,93,ok,
reaction-20260711T154617.431287445Z,baseline-c100,2026-07-11T15:50:54.46948787Z,1783785054469,21856,81,ok,
reaction-20260711T154617.431287445Z,fair-c100,2026-07-11T15:50:54.497034217Z,1783785054497,21843,67,ok,
reaction-20260711T154617.431287445Z,baseline-c100,2026-07-11T15:50:55.464394731Z,1783785055464,21879,98,ok,
reaction-20260711T154617.431287445Z,fair-c100,2026-07-11T15:50:55.495199885Z,1783785055495,21793,93,ok,
reaction-20260711T154617.431287445Z,baseline-c100,2026-07-11T15:50:56.450528686Z,1783785056450,21642,100,ok,
reaction-20260711T154617.431287445Z,fair-c100,2026-07-11T15:50:56.476240945Z,1783785056476,21601,74,ok,
reaction-20260711T154617.431287445Z,baseline-c100,2026-07-11T15:50:57.467196432Z,1783785057467,21567,95,ok,
reaction-20260711T154617.431287445Z,fair-c100,2026-07-11T15:50:57.495503065Z,1783785057495,21600,79,ok,
reaction-20260711T154617.431287445Z,baseline-c100,2026-07-11T15:50:58.446304526Z,1783785058446,21415,80,ok,
reaction-20260711T154617.431287445Z,fair-c100,2026-07-11T15:50:58.474638823Z,1783785058474,21865,94,ok,
reaction-20260711T154617.431287445Z,baseline-c100,2026-07-11T15:50:59.450754096Z,1783785059450,21621,84,ok,
reaction-20260711T154617.431287445Z,fair-c100,2026-07-11T15:50:59.479656097Z,1783785059479,21652,98,ok,
reaction-20260711T154617.431287445Z,baseline-c100,2026-07-11T15:51:00.449720722Z,1783785060449,21493,98,ok,
reaction-20260711T154617.431287445Z,fair-c100,2026-07-11T15:51:00.482765049Z,1783785060482,21623,96,ok,
reaction-20260711T154617.431287445Z,baseline-c100,2026-07-11T15:51:01.465207298Z,1783785061465,21718,86,ok,
reaction-20260711T154617.431287445Z,fair-c100,2026-07-11T15:51:01.491603177Z,1783785061491,21600,78,ok,
reaction-20260711T154617.431287445Z,baseline-c100,2026-07-11T15:51:02.456574284Z,1783785062456,21471,93,ok,
reaction-20260711T154617.431287445Z,fair-c100,2026-07-11T15:51:02.487249695Z,1783785062487,21697,92,ok,
reaction-20260711T154617.431287445Z,baseline-c100,2026-07-11T15:51:03.449312351Z,1783785063449,21415,76,ok,
reaction-20260711T154617.431287445Z,fair-c100,2026-07-11T15:51:03.476196876Z,1783785063476,21361,82,ok,
reaction-20260711T154617.431287445Z,baseline-c100,2026-07-11T15:51:04.447567304Z,1783785064447,21347,95,ok,
reaction-20260711T154617.431287445Z,fair-c100,2026-07-11T15:51:04.474918361Z,1783785064474,21498,89,ok,
reaction-20260711T154617.431287445Z,baseline-c100,2026-07-11T15:51:05.465951219Z,1783785065465,21457,62,ok,
reaction-20260711T154617.431287445Z,fair-c100,2026-07-11T15:51:05.493368281Z,1783785065493,21389,88,ok,
reaction-20260711T154617.431287445Z,baseline-c100,2026-07-11T15:51:06.464612267Z,1783785066464,21264,101,ok,
reaction-20260711T154617.431287445Z,fair-c100,2026-07-11T15:51:06.489492372Z,1783785066489,21298,83,ok,
reaction-20260711T154617.431287445Z,baseline-c100,2026-07-11T15:51:07.447256574Z,1783785067447,21207,78,ok,
reaction-20260711T154617.431287445Z,fair-c100,2026-07-11T15:51:07.476607815Z,1783785067476,21223,95,ok,
reaction-20260711T154617.431287445Z,baseline-c100,2026-07-11T15:51:08.447766567Z,1783785068447,21207,78,ok,
reaction-20260711T154617.431287445Z,fair-c100,2026-07-11T15:51:08.476207404Z,1783785068476,21387,94,ok,
reaction-20260711T154617.431287445Z,baseline-c100,2026-07-11T15:51:09.449046314Z,1783785069449,21143,85,ok,
reaction-20260711T154617.431287445Z,fair-c100,2026-07-11T15:51:09.475240836Z,1783785069475,21293,86,ok,
reaction-20260711T154617.431287445Z,baseline-c100,2026-07-11T15:51:10.447609486Z,1783785070447,21143,85,ok,
reaction-20260711T154617.431287445Z,fair-c100,2026-07-11T15:51:10.475713899Z,1783785070475,21460,91,ok,
reaction-20260711T154617.431287445Z,baseline-c100,2026-07-11T15:51:11.448540132Z,1783785071448,21208,76,ok,
reaction-20260711T154617.431287445Z,fair-c100,2026-07-11T15:51:11.478326398Z,1783785071478,21362,76,ok,
reaction-20260711T154617.431287445Z,baseline-c100,2026-07-11T15:51:12.466659852Z,1783785072466,21346,91,ok,
reaction-20260711T154617.431287445Z,fair-c100,2026-07-11T15:51:12.494223475Z,1783785072494,21556,89,ok,
reaction-20260711T154617.431287445Z,baseline-c100,2026-07-11T15:51:13.46500374Z,1783785073465,21142,88,ok,
reaction-20260711T154617.431287445Z,fair-c100,2026-07-11T15:51:13.495382066Z,1783785073495,21294,86,ok,
reaction-20260711T154617.431287445Z,baseline-c100,2026-07-11T15:51:14.447594884Z,1783785074447,21263,104,ok,
reaction-20260711T154617.431287445Z,fair-c100,2026-07-11T15:51:14.475851256Z,1783785074475,21050,90,ok,
reaction-20260711T154617.431287445Z,baseline-c100,2026-07-11T15:51:15.450989603Z,1783785075450,20905,61,ok,
reaction-20260711T154617.431287445Z,fair-c100,2026-07-11T15:51:15.479219677Z,1783785075479,21049,98,ok,
reaction-20260711T154617.431287445Z,baseline-c100,2026-07-11T15:51:16.477406868Z,1783785076477,20856,96,ok,
reaction-20260711T154617.431287445Z,fair-c100,2026-07-11T15:51:16.503810576Z,1783785076503,21223,100,ok,
reaction-20260711T154617.431287445Z,baseline-c100,2026-07-11T15:51:17.466230616Z,1783785077466,21311,92,ok,
reaction-20260711T154617.431287445Z,fair-c100,2026-07-11T15:51:17.491572392Z,1783785077491,21076,92,ok,
reaction-20260711T154617.431287445Z,baseline-c100,2026-07-11T15:51:18.449379276Z,1783785078449,20714,100,ok,
reaction-20260711T154617.431287445Z,fair-c100,2026-07-11T15:51:18.475827902Z,1783785078475,20984,81,ok,
reaction-20260711T154617.431287445Z,baseline-c100,2026-07-11T15:51:19.44646307Z,1783785079446,20716,102,ok,
reaction-20260711T154617.431287445Z,fair-c100,2026-07-11T15:51:19.47282023Z,1783785079472,21009,86,ok,
reaction-20260711T154617.431287445Z,baseline-c100,2026-07-11T15:51:20.450953113Z,1783785080450,20905,62,ok,
reaction-20260711T154617.431287445Z,fair-c100,2026-07-11T15:51:20.477336774Z,1783785080477,20869,94,ok,
reaction-20260711T154617.431287445Z,baseline-c100,2026-07-11T15:51:21.449853883Z,1783785081449,21244,87,ok,
reaction-20260711T154617.431287445Z,fair-c100,2026-07-11T15:51:21.476606149Z,1783785081476,20766,86,ok,
reaction-20260711T154617.431287445Z,baseline-c100,2026-07-11T15:51:22.447546119Z,1783785082447,20838,97,ok,
reaction-20260711T154617.431287445Z,fair-c100,2026-07-11T15:51:22.474212502Z,1783785082474,20870,93,ok,
reaction-20260711T154617.431287445Z,baseline-c100,2026-07-11T15:51:23.503328819Z,1783785083503,20857,94,ok,
reaction-20260711T154617.431287445Z,fair-c100,2026-07-11T15:51:23.530585973Z,1783785083530,20766,86,ok,
reaction-20260711T154617.431287445Z,baseline-c100,2026-07-11T15:51:24.449736837Z,1783785084449,20606,91,ok,
reaction-20260711T154617.431287445Z,fair-c100,2026-07-11T15:51:24.477131207Z,1783785084477,21049,93,ok,
reaction-20260711T154617.431287445Z,baseline-c100,2026-07-11T15:51:25.467983172Z,1783785085467,20622,89,ok,
reaction-20260711T154617.431287445Z,fair-c100,2026-07-11T15:51:25.492953837Z,1783785085492,20831,97,ok,
reaction-20260711T154617.431287445Z,baseline-c100,2026-07-11T15:51:26.453826617Z,1783785086453,20461,87,ok,
reaction-20260711T154617.431287445Z,fair-c100,2026-07-11T15:51:26.481363102Z,1783785086481,20551,81,ok,
reaction-20260711T154617.431287445Z,baseline-c100,2026-07-11T15:51:27.465575175Z,1783785087465,20545,95,ok,
reaction-20260711T154617.431287445Z,fair-c100,2026-07-11T15:51:27.496416156Z,1783785087496,20670,102,ok,
reaction-20260711T154617.431287445Z,baseline-c100,2026-07-11T15:51:28.449575978Z,1783785088449,20607,89,ok,
reaction-20260711T154617.431287445Z,fair-c100,2026-07-11T15:51:28.479665822Z,1783785088479,21145,97,ok,
reaction-20260711T154617.431287445Z,baseline-c100,2026-07-11T15:51:29.450659295Z,1783785089450,20461,85,ok,
reaction-20260711T154617.431287445Z,fair-c100,2026-07-11T15:51:29.478282932Z,1783785089478,20489,87,ok,
reaction-20260711T154617.431287445Z,baseline-c100,2026-07-11T15:51:30.450028577Z,1783785090450,20474,89,ok,
reaction-20260711T154617.431287445Z,fair-c100,2026-07-11T15:51:30.476035055Z,1783785090476,20983,81,ok,
reaction-20260711T154617.431287445Z,baseline-c100,2026-07-11T15:51:31.449864682Z,1783785091449,20290,93,ok,
reaction-20260711T154617.431287445Z,fair-c100,2026-07-11T15:51:31.478700676Z,1783785091478,20550,83,ok,
reaction-20260711T154617.431287445Z,baseline-c100,2026-07-11T15:51:32.448557027Z,1783785092448,20291,96,ok,
reaction-20260711T154617.431287445Z,fair-c100,2026-07-11T15:51:32.508021928Z,1783785092508,20360,90,ok,
reaction-20260711T154617.431287445Z,baseline-c100,2026-07-11T15:51:33.448654182Z,1783785093448,20365,103,ok,
reaction-20260711T154617.431287445Z,fair-c100,2026-07-11T15:51:33.474985841Z,1783785093474,20377,97,ok,
reaction-20260711T154617.431287445Z,baseline-c100,2026-07-11T15:51:34.447995075Z,1783785094447,20364,99,ok,
reaction-20260711T154617.431287445Z,fair-c100,2026-07-11T15:51:34.473340844Z,1783785094473,20766,84,ok,
reaction-20260711T154617.431287445Z,baseline-c100,2026-07-11T15:51:35.449599927Z,1783785095449,20462,87,ok,
reaction-20260711T154617.431287445Z,fair-c100,2026-07-11T15:51:35.476429159Z,1783785095476,20451,88,ok,
reaction-20260711T154617.431287445Z,baseline-c100,2026-07-11T15:51:36.473810093Z,1783785096473,20527,97,ok,
reaction-20260711T154617.431287445Z,fair-c100,2026-07-11T15:51:36.501233861Z,1783785096501,20488,92,ok,
reaction-20260711T154617.431287445Z,baseline-c100,2026-07-11T15:51:37.470821439Z,1783785097470,20169,74,ok,
reaction-20260711T154617.431287445Z,fair-c100,2026-07-11T15:51:37.496896483Z,1783785097496,20193,80,ok,
reaction-20260711T154617.431287445Z,baseline-c100,2026-07-11T15:51:38.469800535Z,1783785098469,20291,93,ok,
reaction-20260711T154617.431287445Z,fair-c100,2026-07-11T15:51:38.497741134Z,1783785098497,20262,63,ok,
reaction-20260711T154617.431287445Z,baseline-c100,2026-07-11T15:51:39.463228643Z,1783785099463,20102,81,ok,
reaction-20260711T154617.431287445Z,fair-c100,2026-07-11T15:51:39.493065821Z,1783785099493,20377,98,ok,
reaction-20260711T154617.431287445Z,baseline-c100,2026-07-11T15:51:40.447071293Z,1783785100447,20036,86,ok,
reaction-20260711T154617.431287445Z,fair-c100,2026-07-11T15:51:40.479879498Z,1783785100479,20359,94,ok,
reaction-20260711T154617.431287445Z,baseline-c100,2026-07-11T15:51:41.448836388Z,1783785101448,20129,95,ok,
reaction-20260711T154617.431287445Z,fair-c100,2026-07-11T15:51:41.475295215Z,1783785101475,20048,94,ok,
reaction-20260711T154617.431287445Z,baseline-c100,2026-07-11T15:51:42.447180735Z,1783785102447,20395,87,ok,
reaction-20260711T154617.431287445Z,fair-c100,2026-07-11T15:51:42.472612748Z,1783785102472,20259,60,ok,
reaction-20260711T154617.431287445Z,baseline-c100,2026-07-11T15:51:43.449100168Z,1783785103449,20715,99,ok,
reaction-20260711T154617.431287445Z,fair-c100,2026-07-11T15:51:43.478634666Z,1783785103478,20316,81,ok,
reaction-20260711T154617.431287445Z,baseline-c100,2026-07-11T15:51:44.448376782Z,1783785104448,20100,86,ok,
reaction-20260711T154617.431287445Z,fair-c100,2026-07-11T15:51:44.47507261Z,1783785104475,20046,95,ok,
reaction-20260711T154617.431287445Z,baseline-c100,2026-07-11T15:51:45.449064906Z,1783785105449,19920,85,ok,
reaction-20260711T154617.431287445Z,fair-c100,2026-07-11T15:51:45.479626381Z,1783785105479,20049,97,ok,
reaction-20260711T154617.431287445Z,baseline-c100,2026-07-11T15:51:46.469745718Z,1783785106469,19846,92,ok,
reaction-20260711T154617.431287445Z,fair-c100,2026-07-11T15:51:46.497078962Z,1783785106497,19950,93,ok,
reaction-20260711T154617.431287445Z,baseline-c100,2026-07-11T15:51:47.468388248Z,1783785107468,19845,93,ok,
reaction-20260711T154617.431287445Z,fair-c100,2026-07-11T15:51:47.495910858Z,1783785107495,20193,81,ok,
reaction-20260711T154617.431287445Z,baseline-c100,2026-07-11T15:51:48.453428551Z,1783785108453,20034,89,ok,
reaction-20260711T154617.431287445Z,fair-c100,2026-07-11T15:51:48.482092119Z,1783785108482,19950,87,ok,
reaction-20260711T154617.431287445Z,baseline-c100,2026-07-11T15:51:49.448157133Z,1783785109448,19923,85,ok,
reaction-20260711T154617.431287445Z,fair-c100,2026-07-11T15:51:49.476594417Z,1783785109476,19966,102,ok,
reaction-20260711T154617.431287445Z,baseline-c100,2026-07-11T15:51:50.468095047Z,1783785110468,19895,97,ok,
reaction-20260711T154617.431287445Z,fair-c100,2026-07-11T15:51:50.496830922Z,1783785110496,19726,91,ok,
reaction-20260711T154617.431287445Z,baseline-c100,2026-07-11T15:51:51.452510686Z,1783785111452,19651,91,ok,
reaction-20260711T154617.431287445Z,fair-c100,2026-07-11T15:51:51.477813939Z,1783785111477,19799,96,ok,
reaction-20260711T154617.431287445Z,baseline-c100,2026-07-11T15:51:52.451073017Z,1783785112451,19607,91,ok,
reaction-20260711T154617.431287445Z,fair-c100,2026-07-11T15:51:52.479547104Z,1783785112479,20213,92,ok,
reaction-20260711T154617.431287445Z,baseline-c100,2026-07-11T15:51:53.45242137Z,1783785113452,19673,95,ok,
reaction-20260711T154617.431287445Z,fair-c100,2026-07-11T15:51:53.481283323Z,1783785113481,19767,97,ok,
reaction-20260711T154617.431287445Z,baseline-c100,2026-07-11T15:51:54.448664068Z,1783785114448,19849,94,ok,
reaction-20260711T154617.431287445Z,fair-c100,2026-07-11T15:51:54.476264506Z,1783785114476,19725,90,ok,
reaction-20260711T154617.431287445Z,baseline-c100,2026-07-11T15:51:55.44972955Z,1783785115449,20168,72,ok,
reaction-20260711T154617.431287445Z,fair-c100,2026-07-11T15:51:55.477458229Z,1783785115477,19616,92,ok,
reaction-20260711T154617.431287445Z,baseline-c100,2026-07-11T15:51:56.448280649Z,1783785116448,19829,85,ok,
reaction-20260711T154617.431287445Z,fair-c100,2026-07-11T15:51:56.473933245Z,1783785116473,20046,96,ok,
reaction-20260711T154617.431287445Z,baseline-c100,2026-07-11T15:51:57.447513248Z,1783785117447,19437,94,ok,
reaction-20260711T154617.431287445Z,fair-c100,2026-07-11T15:51:57.474390463Z,1783785117474,19798,97,ok,
reaction-20260711T154617.431287445Z,baseline-c100,2026-07-11T15:51:58.493454199Z,1783785118493,19455,94,ok,
reaction-20260711T154617.431287445Z,fair-c100,2026-07-11T15:51:58.520540628Z,1783785118520,19725,91,ok,
reaction-20260711T154617.431287445Z,baseline-c100,2026-07-11T15:51:59.447587651Z,1783785119447,19398,79,ok,
reaction-20260711T154617.431287445Z,fair-c100,2026-07-11T15:51:59.477201044Z,1783785119477,19765,92,ok,
reaction-20260711T154617.431287445Z,baseline-c100,2026-07-11T15:52:00.450997091Z,1783785120450,19435,96,ok,
reaction-20260711T154617.431287445Z,fair-c100,2026-07-11T15:52:00.47836482Z,1783785120478,19484,87,ok,
reaction-20260711T154617.431287445Z,baseline-c100,2026-07-11T15:52:01.449891528Z,1783785121449,19605,90,ok,
reaction-20260711T154617.431287445Z,fair-c100,2026-07-11T15:52:01.474461952Z,1783785121474,20083,72,ok,
reaction-20260711T154617.431287445Z,baseline-c100,2026-07-11T15:52:02.44862055Z,1783785122448,19397,81,ok,
reaction-20260711T154617.431287445Z,fair-c100,2026-07-11T15:52:02.475586066Z,1783785122475,19366,91,ok,
reaction-20260711T154617.431287445Z,baseline-c100,2026-07-11T15:52:03.452104679Z,1783785123452,19224,87,ok,
reaction-20260711T154617.431287445Z,fair-c100,2026-07-11T15:52:03.480140545Z,1783785123480,19617,98,ok,
reaction-20260711T154617.431287445Z,baseline-c100,2026-07-11T15:52:04.446458666Z,1783785124446,19434,97,ok,
reaction-20260711T154617.431287445Z,fair-c100,2026-07-11T15:52:04.471695618Z,1783785124471,19408,101,ok,
reaction-20260711T154617.431287445Z,baseline-c100,2026-07-11T15:52:05.451566969Z,1783785125451,19121,94,ok,
reaction-20260711T154617.431287445Z,fair-c100,2026-07-11T15:52:05.476680854Z,1783785125476,19298,85,ok,
reaction-20260711T154617.431287445Z,baseline-c100,2026-07-11T15:52:06.448928593Z,1783785126448,19061,91,ok,
reaction-20260711T154617.431287445Z,fair-c100,2026-07-11T15:52:06.474331642Z,1783785126474,19298,90,ok,
reaction-20260711T154617.431287445Z,baseline-c100,2026-07-11T15:52:07.447880601Z,1783785127447,19675,102,ok,
reaction-20260711T154617.431287445Z,fair-c100,2026-07-11T15:52:07.472360725Z,1783785127472,19300,87,ok,
reaction-20260711T154617.431287445Z,baseline-c100,2026-07-11T15:52:08.45869203Z,1783785128458,19456,96,ok,
reaction-20260711T154617.431287445Z,fair-c100,2026-07-11T15:52:08.484874534Z,1783785128484,19368,95,ok,
reaction-20260711T154617.431287445Z,baseline-c100,2026-07-11T15:52:09.447456415Z,1783785129447,19061,94,ok,
reaction-20260711T154617.431287445Z,fair-c100,2026-07-11T15:52:09.478204069Z,1783785129478,19217,102,ok,
reaction-20260711T154617.431287445Z,baseline-c100,2026-07-11T15:52:10.446302854Z,1783785130446,19191,102,ok,
reaction-20260711T154617.431287445Z,fair-c100,2026-07-11T15:52:10.471333344Z,1783785130471,19048,102,ok,
reaction-20260711T154617.431287445Z,baseline-c100,2026-07-11T15:52:11.467794034Z,1783785131467,19001,95,ok,
reaction-20260711T154617.431287445Z,fair-c100,2026-07-11T15:52:11.493130171Z,1783785131493,19092,91,ok,
reaction-20260711T154617.431287445Z,baseline-c100,2026-07-11T15:52:12.446876415Z,1783785132446,18978,88,ok,
reaction-20260711T154617.431287445Z,fair-c100,2026-07-11T15:52:12.472980667Z,1783785132472,19047,97,ok,
reaction-20260711T154617.431287445Z,baseline-c100,2026-07-11T15:52:13.447034653Z,1783785133447,19001,96,ok,
reaction-20260711T154617.431287445Z,fair-c100,2026-07-11T15:52:13.47294903Z,1783785133472,19437,99,ok,
reaction-20260711T154617.431287445Z,baseline-c100,2026-07-11T15:52:14.448975159Z,1783785134448,18801,90,ok,
reaction-20260711T154617.431287445Z,fair-c100,2026-07-11T15:52:14.473656112Z,1783785134473,18872,90,ok,
reaction-20260711T154617.431287445Z,baseline-c100,2026-07-11T15:52:15.448623984Z,1783785135448,18976,90,ok,
reaction-20260711T154617.431287445Z,fair-c100,2026-07-11T15:52:15.475639277Z,1783785135475,19018,95,ok,
reaction-20260711T154617.431287445Z,baseline-c100,2026-07-11T15:52:16.450004553Z,1783785136450,18912,85,ok,
reaction-20260711T154617.431287445Z,fair-c100,2026-07-11T15:52:16.474860954Z,1783785136474,19195,81,ok,
reaction-20260711T154617.431287445Z,baseline-c100,2026-07-11T15:52:17.450852207Z,1783785137450,18695,89,ok,
reaction-20260711T154617.431287445Z,fair-c100,2026-07-11T15:52:17.479562011Z,1783785137479,19047,97,ok,
reaction-20260711T154617.431287445Z,baseline-c100,2026-07-11T15:52:18.447992799Z,1783785138447,18800,90,ok,
reaction-20260711T154617.431287445Z,fair-c100,2026-07-11T15:52:18.475104761Z,1783785138475,19487,86,ok,
reaction-20260711T154617.431287445Z,baseline-c100,2026-07-11T15:52:19.463168869Z,1783785139463,19122,93,ok,
reaction-20260711T154617.431287445Z,fair-c100,2026-07-11T15:52:19.491064371Z,1783785139491,18780,99,ok,
reaction-20260711T154617.431287445Z,baseline-c100,2026-07-11T15:52:20.449554741Z,1783785140449,18727,94,ok,
reaction-20260711T154617.431287445Z,fair-c100,2026-07-11T15:52:20.475613377Z,1783785140475,18708,87,ok,
reaction-20260711T154617.431287445Z,baseline-c100,2026-07-11T15:52:21.475654422Z,1783785141475,19225,88,ok,
reaction-20260711T154617.431287445Z,fair-c100,2026-07-11T15:52:21.507995125Z,1783785141507,18872,95,ok,
reaction-20260711T154617.431287445Z,baseline-c100,2026-07-11T15:52:22.467936243Z,1783785142467,18693,92,ok,
reaction-20260711T154617.431287445Z,fair-c100,2026-07-11T15:52:22.533580503Z,1783785142533,18809,88,ok,
reaction-20260711T154617.431287445Z,baseline-c100,2026-07-11T15:52:23.447074231Z,1783785143447,18505,54,ok,
reaction-20260711T154617.431287445Z,fair-c100,2026-07-11T15:52:23.474102716Z,1783785143474,18596,94,ok,
reaction-20260711T154617.431287445Z,baseline-c100,2026-07-11T15:52:24.449327831Z,1783785144449,18800,92,ok,
reaction-20260711T154617.431287445Z,fair-c100,2026-07-11T15:52:24.474906689Z,1783785144474,18783,90,ok,
reaction-20260711T154617.431287445Z,baseline-c100,2026-07-11T15:52:25.446967254Z,1783785145446,18727,96,ok,
reaction-20260711T154617.431287445Z,fair-c100,2026-07-11T15:52:25.476671044Z,1783785145476,18737,95,ok,
reaction-20260711T154617.431287445Z,baseline-c100,2026-07-11T15:52:26.446095903Z,1783785146446,18526,85,ok,
reaction-20260711T154617.431287445Z,fair-c100,2026-07-11T15:52:26.474089221Z,1783785146474,18597,91,ok,
reaction-20260711T154617.431287445Z,baseline-c100,2026-07-11T15:52:27.447664529Z,1783785147447,18446,76,ok,
reaction-20260711T154617.431287445Z,fair-c100,2026-07-11T15:52:27.478854758Z,1783785147478,18709,91,ok,
reaction-20260711T154617.431287445Z,baseline-c100,2026-07-11T15:52:28.446977765Z,1783785148446,18409,80,ok,
reaction-20260711T154617.431287445Z,fair-c100,2026-07-11T15:52:28.472962509Z,1783785148472,18401,91,ok,
reaction-20260711T154617.431287445Z,baseline-c100,2026-07-11T15:52:29.447384012Z,1783785149447,18446,77,ok,
reaction-20260711T154617.431287445Z,fair-c100,2026-07-11T15:52:29.47227863Z,1783785149472,18492,85,ok,
reaction-20260711T154617.431287445Z,baseline-c100,2026-07-11T15:52:30.448264206Z,1783785150448,18527,85,ok,
reaction-20260711T154617.431287445Z,fair-c100,2026-07-11T15:52:30.473848765Z,1783785150473,18472,89,ok,
reaction-20260711T154617.431287445Z,baseline-c100,2026-07-11T15:52:31.448093088Z,1783785151448,18449,72,ok,
reaction-20260711T154617.431287445Z,fair-c100,2026-07-11T15:52:31.477488852Z,1783785151477,18561,104,ok,
reaction-20260711T154617.431287445Z,baseline-c100,2026-07-11T15:52:32.467567405Z,1783785152467,18252,70,ok,
reaction-20260711T154617.431287445Z,fair-c100,2026-07-11T15:52:32.495128489Z,1783785152495,18476,96,ok,
reaction-20260711T154617.431287445Z,baseline-c100,2026-07-11T15:52:33.448934317Z,1783785153448,18590,91,ok,
reaction-20260711T154617.431287445Z,fair-c100,2026-07-11T15:52:33.476147588Z,1783785153476,18249,94,ok,
reaction-20260711T154617.431287445Z,baseline-c100,2026-07-11T15:52:34.448664104Z,1783785154448,18506,57,ok,
reaction-20260711T154617.431287445Z,fair-c100,2026-07-11T15:52:34.477801092Z,1783785154477,18401,96,ok,
reaction-20260711T154617.431287445Z,baseline-c100,2026-07-11T15:52:35.450058893Z,1783785155450,18209,66,ok,
reaction-20260711T154617.431287445Z,fair-c100,2026-07-11T15:52:35.480052568Z,1783785155480,18490,88,ok,
reaction-20260711T154617.431287445Z,baseline-c100,2026-07-11T15:52:36.449286341Z,1783785156449,18252,70,ok,
reaction-20260711T154617.431287445Z,fair-c100,2026-07-11T15:52:36.483522121Z,1783785156483,18102,94,ok,
reaction-20260711T154617.431287445Z,baseline-c100,2026-07-11T15:52:37.449279307Z,1783785157449,18161,81,ok,
reaction-20260711T154617.431287445Z,fair-c100,2026-07-11T15:52:37.475988493Z,1783785157475,19092,87,ok,
reaction-20260711T154617.431287445Z,baseline-c100,2026-07-11T15:52:38.474823143Z,1783785158474,18409,76,ok,
reaction-20260711T154617.431287445Z,fair-c100,2026-07-11T15:52:38.501906921Z,1783785158501,18026,102,ok,
reaction-20260711T154617.431287445Z,baseline-c100,2026-07-11T15:52:39.448866075Z,1783785159448,18282,73,ok,
reaction-20260711T154617.431287445Z,fair-c100,2026-07-11T15:52:39.476567122Z,1783785159476,18249,94,ok,
reaction-20260711T154617.431287445Z,baseline-c100,2026-07-11T15:52:40.456178113Z,1783785160456,18161,81,ok,
reaction-20260711T154617.431287445Z,fair-c100,2026-07-11T15:52:40.486233414Z,1783785160486,18595,93,ok,
reaction-20260711T154617.431287445Z,baseline-c100,2026-07-11T15:52:41.448679965Z,1783785161448,18208,68,ok,
reaction-20260711T154617.431287445Z,fair-c100,2026-07-11T15:52:41.480255168Z,1783785161480,18149,90,ok,
reaction-20260711T154617.431287445Z,baseline-c100,2026-07-11T15:52:42.452086338Z,1783785162452,18060,70,ok,
reaction-20260711T154617.431287445Z,fair-c100,2026-07-11T15:52:42.479692978Z,1783785162479,18025,98,ok,
reaction-20260711T154617.431287445Z,baseline-c100,2026-07-11T15:52:43.457204974Z,1783785163457,18015,63,ok,
reaction-20260711T154617.431287445Z,fair-c100,2026-07-11T15:52:43.486209804Z,1783785163486,18101,98,ok,
reaction-20260711T154617.431287445Z,baseline-c100,2026-07-11T15:52:44.448166973Z,1783785164448,18059,71,ok,
reaction-20260711T154617.431287445Z,fair-c100,2026-07-11T15:52:44.475805728Z,1783785164475,17927,93,ok,
reaction-20260711T154617.431287445Z,baseline-c100,2026-07-11T15:52:45.447317914Z,1783785165447,18576,70,ok,
reaction-20260711T154617.431287445Z,fair-c100,2026-07-11T15:52:45.474249165Z,1783785165474,18218,77,ok,
reaction-20260711T154617.431287445Z,baseline-c100,2026-07-11T15:52:46.448910444Z,1783785166448,18042,70,ok,
reaction-20260711T154617.431287445Z,fair-c100,2026-07-11T15:52:46.476449128Z,1783785166476,17821,96,ok,
reaction-20260711T154617.431287445Z,baseline-c100,2026-07-11T15:52:47.450014788Z,1783785167450,18015,59,ok,
reaction-20260711T154617.431287445Z,fair-c100,2026-07-11T15:52:47.476982032Z,1783785167476,17929,89,ok,
reaction-20260711T154617.431287445Z,baseline-c100,2026-07-11T15:52:48.448422644Z,1783785168448,17821,66,ok,
reaction-20260711T154617.431287445Z,fair-c100,2026-07-11T15:52:48.481221391Z,1783785168481,17694,100,ok,
reaction-20260711T154617.431287445Z,baseline-c100,2026-07-11T15:52:49.46062047Z,1783785169460,18253,69,ok,
reaction-20260711T154617.431287445Z,fair-c100,2026-07-11T15:52:49.4906691Z,1783785169490,17867,86,ok,
reaction-20260711T154617.431287445Z,baseline-c100,2026-07-11T15:52:50.447999499Z,1783785170447,17860,72,ok,
reaction-20260711T154617.431287445Z,fair-c100,2026-07-11T15:52:50.475039235Z,1783785170475,17953,90,ok,
reaction-20260711T154617.431287445Z,baseline-c100,2026-07-11T15:52:51.447851573Z,1783785171447,17859,68,ok,
reaction-20260711T154617.431287445Z,fair-c100,2026-07-11T15:52:51.473944022Z,1783785171473,17628,83,ok,
reaction-20260711T154617.431287445Z,baseline-c100,2026-07-11T15:52:52.447550648Z,1783785172447,17771,72,ok,
reaction-20260711T154617.431287445Z,fair-c100,2026-07-11T15:52:52.474389909Z,1783785172474,17696,92,ok,
reaction-20260711T154617.431287445Z,baseline-c100,2026-07-11T15:52:53.464711956Z,1783785173464,17983,81,ok,
reaction-20260711T154617.431287445Z,fair-c100,2026-07-11T15:52:53.497035687Z,1783785173497,17694,94,ok,
reaction-20260711T154617.431287445Z,baseline-c100,2026-07-11T15:52:54.468153001Z,1783785174468,17771,71,ok,
reaction-20260711T154617.431287445Z,fair-c100,2026-07-11T15:52:54.500719939Z,1783785174500,17817,103,ok,
reaction-20260711T154617.431287445Z,baseline-c100,2026-07-11T15:52:55.446831635Z,1783785175446,17671,68,ok,
reaction-20260711T154617.431287445Z,fair-c100,2026-07-11T15:52:55.472736451Z,1783785175472,17477,97,ok,
reaction-20260711T154617.431287445Z,baseline-c100,2026-07-11T15:52:56.447416802Z,1783785176447,17672,67,ok,
reaction-20260711T154617.431287445Z,fair-c100,2026-07-11T15:52:56.472833089Z,1783785176472,17447,101,ok,
reaction-20260711T154617.431287445Z,baseline-c100,2026-07-11T15:52:57.447435853Z,1783785177447,17859,73,ok,
reaction-20260711T154617.431287445Z,fair-c100,2026-07-11T15:52:57.474382706Z,1783785177474,17594,97,ok,
reaction-20260711T154617.431287445Z,baseline-c100,2026-07-11T15:52:58.449433474Z,1783785178449,17645,68,ok,
reaction-20260711T154617.431287445Z,fair-c100,2026-07-11T15:52:58.474905271Z,1783785178474,17628,89,ok,
reaction-20260711T154617.431287445Z,baseline-c100,2026-07-11T15:52:59.447382925Z,1783785179447,17670,68,ok,
reaction-20260711T154617.431287445Z,fair-c100,2026-07-11T15:52:59.475591378Z,1783785179475,17770,68,ok,
reaction-20260711T154617.431287445Z,baseline-c100,2026-07-11T15:53:00.44565978Z,1783785180445,17572,77,ok,
reaction-20260711T154617.431287445Z,fair-c100,2026-07-11T15:53:00.471174314Z,1783785180471,17478,96,ok,
reaction-20260711T154617.431287445Z,baseline-c100,2026-07-11T15:53:01.446198565Z,1783785181446,17907,82,ok,
reaction-20260711T154617.431287445Z,fair-c100,2026-07-11T15:53:01.473181709Z,1783785181473,17292,91,ok,
reaction-20260711T154617.431287445Z,baseline-c100,2026-07-11T15:53:02.446695275Z,1783785182446,17822,67,ok,
reaction-20260711T154617.431287445Z,fair-c100,2026-07-11T15:53:02.474426836Z,1783785182474,17248,90,ok,
reaction-20260711T154617.431287445Z,baseline-c100,2026-07-11T15:53:03.44649719Z,1783785183446,17515,78,ok,
reaction-20260711T154617.431287445Z,fair-c100,2026-07-11T15:53:03.471271719Z,1783785183471,17315,94,ok,
reaction-20260711T154617.431287445Z,baseline-c100,2026-07-11T15:53:04.466218546Z,1783785184466,17439,79,ok,
reaction-20260711T154617.431287445Z,fair-c100,2026-07-11T15:53:04.492242239Z,1783785184492,17291,93,ok,
reaction-20260711T154617.431287445Z,baseline-c100,2026-07-11T15:53:05.464966032Z,1783785185464,17515,78,ok,
reaction-20260711T154617.431287445Z,fair-c100,2026-07-11T15:53:05.492237918Z,1783785185492,17315,93,ok,
reaction-20260711T154617.431287445Z,baseline-c100,2026-07-11T15:53:06.448109076Z,1783785186448,17440,78,ok,
reaction-20260711T154617.431287445Z,fair-c100,2026-07-11T15:53:06.476612513Z,1783785186476,17073,80,ok,
reaction-20260711T154617.431287445Z,baseline-c100,2026-07-11T15:53:07.448168996Z,1783785187448,17439,75,ok,
reaction-20260711T154617.431287445Z,fair-c100,2026-07-11T15:53:07.480315601Z,1783785187480,17291,96,ok,
reaction-20260711T154617.431287445Z,baseline-c100,2026-07-11T15:53:08.448121866Z,1783785188448,17440,80,ok,
reaction-20260711T154617.431287445Z,fair-c100,2026-07-11T15:53:08.478179162Z,1783785188478,17895,81,ok,
reaction-20260711T154617.431287445Z,baseline-c100,2026-07-11T15:53:09.448089386Z,1783785189448,17378,82,ok,
reaction-20260711T154617.431287445Z,fair-c100,2026-07-11T15:53:09.475062838Z,1783785189475,17078,83,ok,
reaction-20260711T154617.431287445Z,baseline-c100,2026-07-11T15:53:10.448234171Z,1783785190448,17574,75,ok,
reaction-20260711T154617.431287445Z,fair-c100,2026-07-11T15:53:10.476149379Z,1783785190476,17366,78,ok,
reaction-20260711T154617.431287445Z,baseline-c100,2026-07-11T15:53:11.447136539Z,1783785191447,17379,82,ok,
reaction-20260711T154617.431287445Z,fair-c100,2026-07-11T15:53:11.472897642Z,1783785191472,16890,79,ok,
reaction-20260711T154617.431287445Z,baseline-c100,2026-07-11T15:53:12.447233591Z,1783785192447,17221,78,ok,
reaction-20260711T154617.431287445Z,fair-c100,2026-07-11T15:53:12.474291352Z,1783785192474,17071,83,ok,
reaction-20260711T154617.431287445Z,baseline-c100,2026-07-11T15:53:13.446803616Z,1783785193446,17207,73,ok,
reaction-20260711T154617.431287445Z,fair-c100,2026-07-11T15:53:13.47325407Z,1783785193473,16907,89,ok,
reaction-20260711T154617.431287445Z,baseline-c100,2026-07-11T15:53:14.449242133Z,1783785194449,17372,64,ok,
reaction-20260711T154617.431287445Z,fair-c100,2026-07-11T15:53:14.476608803Z,1783785194476,17447,99,ok,
reaction-20260711T154617.431287445Z,baseline-c100,2026-07-11T15:53:15.448896001Z,1783785195448,17127,71,ok,
reaction-20260711T154617.431287445Z,fair-c100,2026-07-11T15:53:15.476562541Z,1783785195476,16770,89,ok,
reaction-20260711T154617.431287445Z,baseline-c100,2026-07-11T15:53:16.467244975Z,1783785196467,17207,74,ok,
reaction-20260711T154617.431287445Z,fair-c100,2026-07-11T15:53:16.496163753Z,1783785196496,16999,104,ok,
reaction-20260711T154617.431287445Z,baseline-c100,2026-07-11T15:53:17.448368677Z,1783785197448,17281,70,ok,
reaction-20260711T154617.431287445Z,fair-c100,2026-07-11T15:53:17.477737159Z,1783785197477,16981,81,ok,
reaction-20260711T154617.431287445Z,baseline-c100,2026-07-11T15:53:18.449289065Z,1783785198449,17065,74,ok,
reaction-20260711T154617.431287445Z,fair-c100,2026-07-11T15:53:18.476988407Z,1783785198476,16908,91,ok,
reaction-20260711T154617.431287445Z,baseline-c100,2026-07-11T15:53:19.445802907Z,1783785199445,17129,69,ok,
reaction-20260711T154617.431287445Z,fair-c100,2026-07-11T15:53:19.470827027Z,1783785199470,16770,85,ok,
reaction-20260711T154617.431287445Z,baseline-c100,2026-07-11T15:53:20.447791867Z,1783785200447,17222,74,ok,
reaction-20260711T154617.431287445Z,fair-c100,2026-07-11T15:53:20.47451019Z,1783785200474,16834,95,ok,
reaction-20260711T154617.431287445Z,baseline-c100,2026-07-11T15:53:21.447484405Z,1783785201447,17076,73,ok,
reaction-20260711T154617.431287445Z,fair-c100,2026-07-11T15:53:21.473097899Z,1783785201473,16691,100,ok,
reaction-20260711T154617.431287445Z,baseline-c100,2026-07-11T15:53:22.451623267Z,1783785202451,17076,75,ok,
reaction-20260711T154617.431287445Z,fair-c100,2026-07-11T15:53:22.477660345Z,1783785202477,16614,102,ok,
reaction-20260711T154617.431287445Z,baseline-c100,2026-07-11T15:53:23.44921512Z,1783785203449,16944,83,ok,
reaction-20260711T154617.431287445Z,fair-c100,2026-07-11T15:53:23.475789Z,1783785203475,16691,96,ok,
reaction-20260711T154617.431287445Z,baseline-c100,2026-07-11T15:53:24.462986623Z,1783785204462,16942,84,ok,
reaction-20260711T154617.431287445Z,fair-c100,2026-07-11T15:53:24.489366941Z,1783785204489,16770,83,ok,
reaction-20260711T154617.431287445Z,baseline-c100,2026-07-11T15:53:25.448608413Z,1783785205448,17455,80,ok,
reaction-20260711T154617.431287445Z,fair-c100,2026-07-11T15:53:25.473693896Z,1783785205473,16401,91,ok,
reaction-20260711T154617.431287445Z,baseline-c100,2026-07-11T15:53:26.467900619Z,1783785206467,16751,77,ok,
reaction-20260711T154617.431287445Z,fair-c100,2026-07-11T15:53:26.496354928Z,1783785206496,16542,93,ok,
reaction-20260711T154617.431287445Z,baseline-c100,2026-07-11T15:53:27.465886007Z,1783785207465,16868,99,ok,
reaction-20260711T154617.431287445Z,fair-c100,2026-07-11T15:53:27.491495659Z,1783785207491,16448,93,ok,
reaction-20260711T154617.431287445Z,baseline-c100,2026-07-11T15:53:28.447838413Z,1783785208447,16701,69,ok,
reaction-20260711T154617.431287445Z,fair-c100,2026-07-11T15:53:28.475829204Z,1783785208475,16654,95,ok,
reaction-20260711T154617.431287445Z,baseline-c100,2026-07-11T15:53:29.447496228Z,1783785209447,16942,84,ok,
reaction-20260711T154617.431287445Z,fair-c100,2026-07-11T15:53:29.473738259Z,1783785209473,16400,88,ok,
reaction-20260711T154617.431287445Z,baseline-c100,2026-07-11T15:53:30.448045745Z,1783785210448,17063,71,ok,
reaction-20260711T154617.431287445Z,fair-c100,2026-07-11T15:53:30.475142783Z,1783785210475,16447,94,ok,
reaction-20260711T154617.431287445Z,baseline-c100,2026-07-11T15:53:31.446444471Z,1783785211446,16599,88,ok,
reaction-20260711T154617.431287445Z,fair-c100,2026-07-11T15:53:31.473807878Z,1783785211473,16890,80,ok,
reaction-20260711T154617.431287445Z,baseline-c100,2026-07-11T15:53:32.445777978Z,1783785212445,16631,94,ok,
reaction-20260711T154617.431287445Z,fair-c100,2026-07-11T15:53:32.471057463Z,1783785212471,16616,102,ok,
reaction-20260711T154617.431287445Z,baseline-c100,2026-07-11T15:53:33.449619151Z,1783785213449,16702,68,ok,
reaction-20260711T154617.431287445Z,fair-c100,2026-07-11T15:53:33.476446911Z,1783785213476,16262,92,ok,
reaction-20260711T154617.431287445Z,baseline-c100,2026-07-11T15:53:34.477617905Z,1783785214477,16753,77,ok,
reaction-20260711T154617.431287445Z,fair-c100,2026-07-11T15:53:34.50394292Z,1783785214503,16190,94,ok,
reaction-20260711T154617.431287445Z,baseline-c100,2026-07-11T15:53:35.446475089Z,1783785215446,16628,93,ok,
reaction-20260711T154617.431287445Z,fair-c100,2026-07-11T15:53:35.475506042Z,1783785215475,16331,89,ok,
reaction-20260711T154617.431287445Z,baseline-c100,2026-07-11T15:53:36.463947028Z,1783785216463,17015,111,ok,
reaction-20260711T154617.431287445Z,fair-c100,2026-07-11T15:53:36.491126744Z,1783785216491,16188,93,ok,
reaction-20260711T154617.431287445Z,baseline-c100,2026-07-11T15:53:37.468813211Z,1783785217468,16397,78,ok,
reaction-20260711T154617.431287445Z,fair-c100,2026-07-11T15:53:37.496660824Z,1783785217496,16261,89,ok,
reaction-20260711T154617.431287445Z,baseline-c100,2026-07-11T15:53:38.464586313Z,1783785218464,17130,71,ok,
reaction-20260711T154617.431287445Z,fair-c100,2026-07-11T15:53:38.492100431Z,1783785218492,16399,88,ok,
reaction-20260711T154617.431287445Z,baseline-c100,2026-07-11T15:53:39.449793496Z,1783785219449,16597,90,ok,
reaction-20260711T154617.431287445Z,fair-c100,2026-07-11T15:53:39.476272241Z,1783785219476,16024,89,ok,
reaction-20260711T154617.431287445Z,baseline-c100,2026-07-11T15:53:40.446990958Z,1783785220446,16396,78,ok,
reaction-20260711T154617.431287445Z,fair-c100,2026-07-11T15:53:40.47437953Z,1783785220474,16114,87,ok,
reaction-20260711T154617.431287445Z,baseline-c100,2026-07-11T15:53:41.451178149Z,1783785221451,16317,98,ok,
reaction-20260711T154617.431287445Z,fair-c100,2026-07-11T15:53:41.477445909Z,1783785221477,16155,92,ok,
reaction-20260711T154617.431287445Z,baseline-c100,2026-07-11T15:53:42.448443672Z,1783785222448,16458,96,ok,
reaction-20260711T154617.431287445Z,fair-c100,2026-07-11T15:53:42.47585767Z,1783785222475,15905,87,ok,
reaction-20260711T154617.431287445Z,baseline-c100,2026-07-11T15:53:43.448577216Z,1783785223448,16423,104,ok,
reaction-20260711T154617.431287445Z,fair-c100,2026-07-11T15:53:43.474031142Z,1783785223474,15905,89,ok,
reaction-20260711T154617.431287445Z,baseline-c100,2026-07-11T15:53:44.450820231Z,1783785224450,16285,85,ok,
reaction-20260711T154617.431287445Z,fair-c100,2026-07-11T15:53:44.479011986Z,1783785224479,15972,100,ok,
reaction-20260711T154617.431287445Z,baseline-c100,2026-07-11T15:53:45.44748198Z,1783785225447,16322,94,ok,
reaction-20260711T154617.431287445Z,fair-c100,2026-07-11T15:53:45.473791753Z,1783785225473,15904,87,ok,
reaction-20260711T154617.431287445Z,baseline-c100,2026-07-11T15:53:46.459871304Z,1783785226459,16394,84,ok,
reaction-20260711T154617.431287445Z,fair-c100,2026-07-11T15:53:46.492271493Z,1783785226492,15950,88,ok,
reaction-20260711T154617.431287445Z,baseline-c100,2026-07-11T15:53:47.474973123Z,1783785227474,16078,95,ok,
reaction-20260711T154617.431287445Z,fair-c100,2026-07-11T15:53:47.513659166Z,1783785227513,15664,88,ok,
reaction-20260711T154617.431287445Z,baseline-c100,2026-07-11T15:53:48.447108203Z,1783785228447,16164,104,ok,
reaction-20260711T154617.431287445Z,fair-c100,2026-07-11T15:53:48.475737602Z,1783785228475,15840,91,ok,
reaction-20260711T154617.431287445Z,baseline-c100,2026-07-11T15:53:49.4481157Z,1783785229448,15965,92,ok,
reaction-20260711T154617.431287445Z,fair-c100,2026-07-11T15:53:49.474324311Z,1783785229474,15665,89,ok,
reaction-20260711T154617.431287445Z,baseline-c100,2026-07-11T15:53:50.464878852Z,1783785230464,16146,87,ok,
reaction-20260711T154617.431287445Z,fair-c100,2026-07-11T15:53:50.491092203Z,1783785230491,15554,92,ok,
reaction-20260711T154617.431287445Z,baseline-c100,2026-07-11T15:53:51.461530977Z,1783785231461,16077,90,ok,
reaction-20260711T154617.431287445Z,fair-c100,2026-07-11T15:53:51.492816056Z,1783785231492,15702,95,ok,
reaction-20260711T154617.431287445Z,baseline-c100,2026-07-11T15:53:52.447374233Z,1783785232447,16032,82,ok,
reaction-20260711T154617.431287445Z,fair-c100,2026-07-11T15:53:52.478758548Z,1783785232478,15460,98,ok,
reaction-20260711T154617.431287445Z,baseline-c100,2026-07-11T15:53:53.446690201Z,1783785233446,15822,91,ok,
reaction-20260711T154617.431287445Z,fair-c100,2026-07-11T15:53:53.475604935Z,1783785233475,15553,95,ok,
reaction-20260711T154617.431287445Z,baseline-c100,2026-07-11T15:53:54.44818115Z,1783785234448,15892,88,ok,
reaction-20260711T154617.431287445Z,fair-c100,2026-07-11T15:53:54.47593909Z,1783785234475,15663,91,ok,
reaction-20260711T154617.431287445Z,baseline-c100,2026-07-11T15:53:55.448897164Z,1783785235448,15965,91,ok,
reaction-20260711T154617.431287445Z,fair-c100,2026-07-11T15:53:55.476677042Z,1783785235476,15808,83,ok,
reaction-20260711T154617.431287445Z,baseline-c100,2026-07-11T15:53:56.446322379Z,1783785236446,16078,101,ok,
reaction-20260711T154617.431287445Z,fair-c100,2026-07-11T15:53:56.47137859Z,1783785236471,15316,96,ok,
reaction-20260711T154617.431287445Z,baseline-c100,2026-07-11T15:53:57.463520995Z,1783785237463,15699,97,ok,
reaction-20260711T154617.431287445Z,fair-c100,2026-07-11T15:53:57.490837577Z,1783785237490,15552,93,ok,
reaction-20260711T154617.431287445Z,baseline-c100,2026-07-11T15:53:58.468387979Z,1783785238468,16501,82,ok,
reaction-20260711T154617.431287445Z,fair-c100,2026-07-11T15:53:58.494258202Z,1783785238494,15319,94,ok,
reaction-20260711T154617.431287445Z,baseline-c100,2026-07-11T15:53:59.447402406Z,1783785239447,15674,97,ok,
reaction-20260711T154617.431287445Z,fair-c100,2026-07-11T15:53:59.474205826Z,1783785239474,16023,87,ok,
reaction-20260711T154617.431287445Z,baseline-c100,2026-07-11T15:54:00.447725538Z,1783785240447,15823,88,ok,
reaction-20260711T154617.431287445Z,fair-c100,2026-07-11T15:54:00.476223208Z,1783785240476,15460,101,ok,
reaction-20260711T154617.431287445Z,baseline-c100,2026-07-11T15:54:01.472372071Z,1783785241472,15596,100,ok,
reaction-20260711T154617.431287445Z,fair-c100,2026-07-11T15:54:01.49821167Z,1783785241498,15237,97,ok,
reaction-20260711T154617.431287445Z,baseline-c100,2026-07-11T15:54:02.448548633Z,1783785242448,15850,96,ok,
reaction-20260711T154617.431287445Z,fair-c100,2026-07-11T15:54:02.475206155Z,1783785242475,15368,98,ok,
reaction-20260711T154617.431287445Z,baseline-c100,2026-07-11T15:54:03.448119273Z,1783785243448,15521,103,ok,
reaction-20260711T154617.431287445Z,fair-c100,2026-07-11T15:54:03.474726103Z,1783785243474,15158,97,ok,
reaction-20260711T154617.431287445Z,baseline-c100,2026-07-11T15:54:04.447645953Z,1783785244447,15451,91,ok,
reaction-20260711T154617.431287445Z,fair-c100,2026-07-11T15:54:04.475130063Z,1783785244475,15315,95,ok,
reaction-20260711T154617.431287445Z,baseline-c100,2026-07-11T15:54:05.447873465Z,1783785245447,15674,95,ok,
reaction-20260711T154617.431287445Z,fair-c100,2026-07-11T15:54:05.476812624Z,1783785245476,15627,96,ok,
reaction-20260711T154617.431287445Z,baseline-c100,2026-07-11T15:54:06.447789114Z,1783785246447,15345,93,ok,
reaction-20260711T154617.431287445Z,fair-c100,2026-07-11T15:54:06.472477864Z,1783785246472,15077,97,ok,
reaction-20260711T154617.431287445Z,baseline-c100,2026-07-11T15:54:07.449726607Z,1783785247449,15597,95,ok,
reaction-20260711T154617.431287445Z,fair-c100,2026-07-11T15:54:07.477992373Z,1783785247477,15156,98,ok,
reaction-20260711T154617.431287445Z,baseline-c100,2026-07-11T15:54:08.468170003Z,1783785248468,15272,88,ok,
reaction-20260711T154617.431287445Z,fair-c100,2026-07-11T15:54:08.495246564Z,1783785248495,15007,96,ok,
reaction-20260711T154617.431287445Z,baseline-c100,2026-07-11T15:54:09.475805452Z,1783785249475,15583,97,ok,
reaction-20260711T154617.431287445Z,fair-c100,2026-07-11T15:54:09.506742087Z,1783785249506,14903,91,ok,
reaction-20260711T154617.431287445Z,baseline-c100,2026-07-11T15:54:10.453722324Z,1783785250453,15347,95,ok,
reaction-20260711T154617.431287445Z,fair-c100,2026-07-11T15:54:10.483287218Z,1783785250483,15177,83,ok,
reaction-20260711T154617.431287445Z,baseline-c100,2026-07-11T15:54:11.471189874Z,1783785251471,15523,101,ok,
reaction-20260711T154617.431287445Z,fair-c100,2026-07-11T15:54:11.508498952Z,1783785251508,15077,97,ok,
reaction-20260711T154617.431287445Z,baseline-c100,2026-07-11T15:54:12.448822422Z,1783785252448,15697,102,ok,
reaction-20260711T154617.431287445Z,fair-c100,2026-07-11T15:54:12.476013937Z,1783785252476,15001,99,ok,
reaction-20260711T154617.431287445Z,baseline-c100,2026-07-11T15:54:13.450334103Z,1783785253450,15165,97,ok,
reaction-20260711T154617.431287445Z,fair-c100,2026-07-11T15:54:13.476086017Z,1783785253476,14801,104,ok,
reaction-20260711T154617.431287445Z,baseline-c100,2026-07-11T15:54:14.469542888Z,1783785254469,15273,93,ok,
reaction-20260711T154617.431287445Z,fair-c100,2026-07-11T15:54:14.50092831Z,1783785254500,14904,90,ok,
reaction-20260711T154617.431287445Z,baseline-c100,2026-07-11T15:54:15.448040383Z,1783785255448,15166,94,ok,
reaction-20260711T154617.431287445Z,fair-c100,2026-07-11T15:54:15.475846177Z,1783785255475,14758,96,ok,
reaction-20260711T154617.431287445Z,baseline-c100,2026-07-11T15:54:16.449526146Z,1783785256449,15032,82,ok,
reaction-20260711T154617.431287445Z,fair-c100,2026-07-11T15:54:16.478306377Z,1783785256478,15005,94,ok,
reaction-20260711T154617.431287445Z,baseline-c100,2026-07-11T15:54:17.447116575Z,1783785257447,15097,91,ok,
reaction-20260711T154617.431287445Z,fair-c100,2026-07-11T15:54:17.474386181Z,1783785257474,14657,95,ok,
reaction-20260711T154617.431287445Z,baseline-c100,2026-07-11T15:54:18.448822138Z,1783785258448,15097,94,ok,
reaction-20260711T154617.431287445Z,fair-c100,2026-07-11T15:54:18.476577764Z,1783785258476,14729,88,ok,
reaction-20260711T154617.431287445Z,baseline-c100,2026-07-11T15:54:19.449570284Z,1783785259449,15031,86,ok,
reaction-20260711T154617.431287445Z,fair-c100,2026-07-11T15:54:19.479924026Z,1783785259479,14658,100,ok,
reaction-20260711T154617.431287445Z,baseline-c100,2026-07-11T15:54:20.463897668Z,1783785260463,14901,94,ok,
reaction-20260711T154617.431287445Z,fair-c100,2026-07-11T15:54:20.49022409Z,1783785260490,14588,92,ok,
reaction-20260711T154617.431287445Z,baseline-c100,2026-07-11T15:54:21.467978403Z,1783785261467,14903,91,ok,
reaction-20260711T154617.431287445Z,fair-c100,2026-07-11T15:54:21.504152092Z,1783785261504,14975,89,ok,
reaction-20260711T154617.431287445Z,baseline-c100,2026-07-11T15:54:22.447776456Z,1783785262447,14902,94,ok,
reaction-20260711T154617.431287445Z,fair-c100,2026-07-11T15:54:22.475191413Z,1783785262475,14587,97,ok,
reaction-20260711T154617.431287445Z,baseline-c100,2026-07-11T15:54:23.453016342Z,1783785263453,15186,91,ok,
reaction-20260711T154617.431287445Z,fair-c100,2026-07-11T15:54:23.482899564Z,1783785263482,14799,104,ok,
reaction-20260711T154617.431287445Z,baseline-c100,2026-07-11T15:54:24.447469788Z,1783785264447,15131,92,ok,
reaction-20260711T154617.431287445Z,fair-c100,2026-07-11T15:54:24.474004089Z,1783785264474,14512,99,ok,
reaction-20260711T154617.431287445Z,baseline-c100,2026-07-11T15:54:25.448826411Z,1783785265448,14745,95,ok,
reaction-20260711T154617.431287445Z,fair-c100,2026-07-11T15:54:25.475896877Z,1783785265475,14377,81,ok,
reaction-20260711T154617.431287445Z,baseline-c100,2026-07-11T15:54:26.448150657Z,1783785266448,15166,93,ok,
reaction-20260711T154617.431287445Z,fair-c100,2026-07-11T15:54:26.477551129Z,1783785266477,14307,87,ok,
reaction-20260711T154617.431287445Z,baseline-c100,2026-07-11T15:54:27.446783783Z,1783785267446,14630,93,ok,
reaction-20260711T154617.431287445Z,fair-c100,2026-07-11T15:54:27.473593748Z,1783785267473,14403,100,ok,
reaction-20260711T154617.431287445Z,baseline-c100,2026-07-11T15:54:28.450130242Z,1783785268450,14698,93,ok,
reaction-20260711T154617.431287445Z,fair-c100,2026-07-11T15:54:28.475850689Z,1783785268475,14305,88,ok,
reaction-20260711T154617.431287445Z,baseline-c100,2026-07-11T15:54:29.446947105Z,1783785269446,14630,93,ok,
reaction-20260711T154617.431287445Z,fair-c100,2026-07-11T15:54:29.478868504Z,1783785269478,14760,98,ok,
reaction-20260711T154617.431287445Z,baseline-c100,2026-07-11T15:54:30.448607098Z,1783785270448,14697,88,ok,
reaction-20260711T154617.431287445Z,fair-c100,2026-07-11T15:54:30.480255187Z,1783785270480,14329,98,ok,
reaction-20260711T154617.431287445Z,baseline-c100,2026-07-11T15:54:31.4664456Z,1783785271466,14494,100,ok,
reaction-20260711T154617.431287445Z,fair-c100,2026-07-11T15:54:31.498456998Z,1783785271498,14658,98,ok,
reaction-20260711T154617.431287445Z,baseline-c100,2026-07-11T15:54:32.470405885Z,1783785272470,15032,86,ok,
reaction-20260711T154617.431287445Z,fair-c100,2026-07-11T15:54:32.496891884Z,1783785272496,14097,91,ok,
reaction-20260711T154617.431287445Z,baseline-c100,2026-07-11T15:54:33.448743567Z,1783785273448,14744,94,ok,
reaction-20260711T154617.431287445Z,fair-c100,2026-07-11T15:54:33.478059894Z,1783785273478,14192,93,ok,
reaction-20260711T154617.431287445Z,baseline-c100,2026-07-11T15:54:34.450487366Z,1783785274450,14381,92,ok,
reaction-20260711T154617.431287445Z,fair-c100,2026-07-11T15:54:34.478193482Z,1783785274478,14052,93,ok,
reaction-20260711T154617.431287445Z,baseline-c100,2026-07-11T15:54:35.474181464Z,1783785275474,14904,91,ok,
reaction-20260711T154617.431287445Z,fair-c100,2026-07-11T15:54:35.505582732Z,1783785275505,14123,94,ok,
reaction-20260711T154617.431287445Z,baseline-c100,2026-07-11T15:54:36.44902536Z,1783785276449,14419,97,ok,
reaction-20260711T154617.431287445Z,fair-c100,2026-07-11T15:54:36.475921322Z,1783785276475,13920,94,ok,
reaction-20260711T154617.431287445Z,baseline-c100,2026-07-11T15:54:37.448649747Z,1783785277448,15193,95,ok,
reaction-20260711T154617.431287445Z,fair-c100,2026-07-11T15:54:37.475277113Z,1783785277475,13990,81,ok,
reaction-20260711T154617.431287445Z,baseline-c100,2026-07-11T15:54:38.447825056Z,1783785278447,14379,98,ok,
reaction-20260711T154617.431287445Z,fair-c100,2026-07-11T15:54:38.473953578Z,1783785278473,13921,89,ok,
reaction-20260711T154617.431287445Z,baseline-c100,2026-07-11T15:54:39.447469886Z,1783785279447,14252,81,ok,
reaction-20260711T154617.431287445Z,fair-c100,2026-07-11T15:54:39.475067766Z,1783785279475,13920,92,ok,
reaction-20260711T154617.431287445Z,baseline-c100,2026-07-11T15:54:40.449472875Z,1783785280449,14418,99,ok,
reaction-20260711T154617.431287445Z,fair-c100,2026-07-11T15:54:40.477116603Z,1783785280477,14097,99,ok,
reaction-20260711T154617.431287445Z,baseline-c100,2026-07-11T15:54:41.448879428Z,1783785281448,14141,91,ok,
reaction-20260711T154617.431287445Z,fair-c100,2026-07-11T15:54:41.477738468Z,1783785281477,14378,81,ok,
reaction-20260711T154617.431287445Z,baseline-c100,2026-07-11T15:54:42.471029583Z,1783785282471,14316,90,ok,
reaction-20260711T154617.431287445Z,fair-c100,2026-07-11T15:54:42.563215626Z,1783785282563,14052,89,ok,
reaction-20260711T154617.431287445Z,baseline-c100,2026-07-11T15:54:43.448824467Z,1783785283448,14495,96,ok,
reaction-20260711T154617.431287445Z,fair-c100,2026-07-11T15:54:43.476667256Z,1783785283476,13990,78,ok,
reaction-20260711T154617.431287445Z,baseline-c100,2026-07-11T15:54:44.449983033Z,1783785284449,14139,88,ok,
reaction-20260711T154617.431287445Z,fair-c100,2026-07-11T15:54:44.47710754Z,1783785284477,13675,88,ok,
reaction-20260711T154617.431287445Z,baseline-c100,2026-07-11T15:54:45.466402205Z,1783785285466,14032,96,ok,
reaction-20260711T154617.431287445Z,fair-c100,2026-07-11T15:54:45.500525329Z,1783785285500,13743,95,ok,
reaction-20260711T154617.431287445Z,baseline-c100,2026-07-11T15:54:46.47794024Z,1783785286477,14252,79,ok,
reaction-20260711T154617.431287445Z,fair-c100,2026-07-11T15:54:46.503589024Z,1783785286503,13921,93,ok,
reaction-20260711T154617.431287445Z,baseline-c100,2026-07-11T15:54:47.490911417Z,1783785287490,14380,98,ok,
reaction-20260711T154617.431287445Z,fair-c100,2026-07-11T15:54:47.56027136Z,1783785287560,13532,94,ok,
reaction-20260711T154617.431287445Z,baseline-c100,2026-07-11T15:54:48.445640734Z,1783785288445,14031,96,ok,
reaction-20260711T154617.431287445Z,fair-c100,2026-07-11T15:54:48.513913948Z,1783785288513,13637,87,ok,
reaction-20260711T154617.431287445Z,baseline-c100,2026-07-11T15:54:49.452424301Z,1783785289452,14630,87,ok,
reaction-20260711T154617.431287445Z,fair-c100,2026-07-11T15:54:49.498377869Z,1783785289498,13673,89,ok,
reaction-20260711T154617.431287445Z,baseline-c100,2026-07-11T15:54:50.448605328Z,1783785290448,13928,88,ok,
reaction-20260711T154617.431287445Z,fair-c100,2026-07-11T15:54:50.475951914Z,1783785290475,13466,86,ok,
reaction-20260711T154617.431287445Z,baseline-c100,2026-07-11T15:54:51.465569402Z,1783785291465,14062,96,ok,
reaction-20260711T154617.431287445Z,fair-c100,2026-07-11T15:54:51.491668489Z,1783785291491,13466,86,ok,
reaction-20260711T154617.431287445Z,baseline-c100,2026-07-11T15:54:52.448178547Z,1783785292448,14139,89,ok,
reaction-20260711T154617.431287445Z,fair-c100,2026-07-11T15:54:52.475216218Z,1783785292475,13534,90,ok,
reaction-20260711T154617.431287445Z,baseline-c100,2026-07-11T15:54:53.465477811Z,1783785293465,13874,104,ok,
reaction-20260711T154617.431287445Z,fair-c100,2026-07-11T15:54:53.491021609Z,1783785293491,13465,85,ok,
reaction-20260711T154617.431287445Z,baseline-c100,2026-07-11T15:54:54.446768077Z,1783785294446,13687,97,ok,
reaction-20260711T154617.431287445Z,fair-c100,2026-07-11T15:54:54.474193197Z,1783785294474,14306,90,ok,
reaction-20260711T154617.431287445Z,baseline-c100,2026-07-11T15:54:55.449589737Z,1783785295449,13821,74,ok,
reaction-20260711T154617.431287445Z,fair-c100,2026-07-11T15:54:55.476967938Z,1783785295476,13706,101,ok,
reaction-20260711T154617.431287445Z,baseline-c100,2026-07-11T15:54:56.447196207Z,1783785296447,13614,97,ok,
reaction-20260711T154617.431287445Z,fair-c100,2026-07-11T15:54:56.472911188Z,1783785296472,13216,92,ok,
reaction-20260711T154617.431287445Z,baseline-c100,2026-07-11T15:54:57.448636199Z,1783785297448,13929,87,ok,
reaction-20260711T154617.431287445Z,fair-c100,2026-07-11T15:54:57.476540216Z,1783785297476,13216,93,ok,
reaction-20260711T154617.431287445Z,baseline-c100,2026-07-11T15:54:58.466751327Z,1783785298466,13709,99,ok,
reaction-20260711T154617.431287445Z,fair-c100,2026-07-11T15:54:58.495403319Z,1783785298495,13424,94,ok,
reaction-20260711T154617.431287445Z,baseline-c100,2026-07-11T15:54:59.461737419Z,1783785299461,13615,96,ok,
reaction-20260711T154617.431287445Z,fair-c100,2026-07-11T15:54:59.498014195Z,1783785299498,13316,105,ok,
reaction-20260711T154617.431287445Z,baseline-c100,2026-07-11T15:55:00.476816889Z,1783785300476,13508,79,ok,
reaction-20260711T154617.431287445Z,fair-c100,2026-07-11T15:55:00.505219509Z,1783785300505,13466,86,ok,
reaction-20260711T154617.431287445Z,baseline-c100,2026-07-11T15:55:01.448487354Z,1783785301448,13538,102,ok,
reaction-20260711T154617.431287445Z,fair-c100,2026-07-11T15:55:01.476697657Z,1783785301476,13216,93,ok,
reaction-20260711T154617.431287445Z,baseline-c100,2026-07-11T15:55:02.451125807Z,1783785302451,13761,79,ok,
reaction-20260711T154617.431287445Z,fair-c100,2026-07-11T15:55:02.478614142Z,1783785302478,13076,87,ok,
reaction-20260711T154617.431287445Z,baseline-c100,2026-07-11T15:55:03.472260387Z,1783785303472,13537,99,ok,
reaction-20260711T154617.431287445Z,fair-c100,2026-07-11T15:55:03.500214097Z,1783785303500,13572,89,ok,
reaction-20260711T154617.431287445Z,baseline-c100,2026-07-11T15:55:04.448692407Z,1783785304448,13365,105,ok,
reaction-20260711T154617.431287445Z,fair-c100,2026-07-11T15:55:04.483947579Z,1783785304483,12938,94,ok,
reaction-20260711T154617.431287445Z,baseline-c100,2026-07-11T15:55:05.449010628Z,1783785305449,13508,76,ok,
reaction-20260711T154617.431287445Z,fair-c100,2026-07-11T15:55:05.476045189Z,1783785305476,12937,97,ok,
reaction-20260711T154617.431287445Z,baseline-c100,2026-07-11T15:55:06.447754958Z,1783785306447,13312,96,ok,
reaction-20260711T154617.431287445Z,fair-c100,2026-07-11T15:55:06.47832382Z,1783785306478,13046,104,ok,
reaction-20260711T154617.431287445Z,baseline-c100,2026-07-11T15:55:07.45087885Z,1783785307450,13299,90,ok,
reaction-20260711T154617.431287445Z,fair-c100,2026-07-11T15:55:07.477554379Z,1783785307477,13009,90,ok,
reaction-20260711T154617.431287445Z,baseline-c100,2026-07-11T15:55:08.449587339Z,1783785308449,13689,94,ok,
reaction-20260711T154617.431287445Z,fair-c100,2026-07-11T15:55:08.477500546Z,1783785308477,13077,90,ok,
reaction-20260711T154617.431287445Z,baseline-c100,2026-07-11T15:55:09.449744818Z,1783785309449,13142,97,ok,
reaction-20260711T154617.431287445Z,fair-c100,2026-07-11T15:55:09.484183249Z,1783785309484,12765,90,ok,
reaction-20260711T154617.431287445Z,baseline-c100,2026-07-11T15:55:10.448534935Z,1783785310448,13139,92,ok,
reaction-20260711T154617.431287445Z,fair-c100,2026-07-11T15:55:10.477472158Z,1783785310477,13125,79,ok,
reaction-20260711T154617.431287445Z,baseline-c100,2026-07-11T15:55:11.465762212Z,1783785311465,13310,93,ok,
reaction-20260711T154617.431287445Z,fair-c100,2026-07-11T15:55:11.49359686Z,1783785311493,12751,97,ok,
reaction-20260711T154617.431287445Z,baseline-c100,2026-07-11T15:55:12.451904417Z,1783785312451,13138,99,ok,
reaction-20260711T154617.431287445Z,fair-c100,2026-07-11T15:55:12.478977883Z,1783785312478,12937,95,ok,
reaction-20260711T154617.431287445Z,baseline-c100,2026-07-11T15:55:13.466989536Z,1783785313466,13297,96,ok,
reaction-20260711T154617.431287445Z,fair-c100,2026-07-11T15:55:13.494522017Z,1783785313494,12832,84,ok,
reaction-20260711T154617.431287445Z,baseline-c100,2026-07-11T15:55:14.456437795Z,1783785314456,12975,102,ok,
reaction-20260711T154617.431287445Z,fair-c100,2026-07-11T15:55:14.486602727Z,1783785314486,12700,89,ok,
reaction-20260711T154617.431287445Z,baseline-c100,2026-07-11T15:55:15.447457073Z,1783785315447,13051,69,ok,
reaction-20260711T154617.431287445Z,fair-c100,2026-07-11T15:55:15.475964483Z,1783785315475,12589,100,ok,
reaction-20260711T154617.431287445Z,baseline-c100,2026-07-11T15:55:16.449117508Z,1783785316449,13138,95,ok,
reaction-20260711T154617.431287445Z,fair-c100,2026-07-11T15:55:16.476477979Z,1783785316476,12630,90,ok,
reaction-20260711T154617.431287445Z,baseline-c100,2026-07-11T15:55:17.449119138Z,1783785317449,13052,71,ok,
reaction-20260711T154617.431287445Z,fair-c100,2026-07-11T15:55:17.477483442Z,1783785317477,12764,89,ok,
reaction-20260711T154617.431287445Z,baseline-c100,2026-07-11T15:55:18.447857317Z,1783785318447,12976,103,ok,
reaction-20260711T154617.431287445Z,fair-c100,2026-07-11T15:55:18.477363768Z,1783785318477,12804,93,ok,
reaction-20260711T154617.431287445Z,baseline-c100,2026-07-11T15:55:19.448962008Z,1783785319448,12836,91,ok,
reaction-20260711T154617.431287445Z,fair-c100,2026-07-11T15:55:19.475889409Z,1783785319475,12417,89,ok,
reaction-20260711T154617.431287445Z,baseline-c100,2026-07-11T15:55:20.469440918Z,1783785320469,13236,93,ok,
reaction-20260711T154617.431287445Z,fair-c100,2026-07-11T15:55:20.497820976Z,1783785320497,12698,90,ok,
reaction-20260711T154617.431287445Z,baseline-c100,2026-07-11T15:55:21.458458232Z,1783785321458,12721,96,ok,
reaction-20260711T154617.431287445Z,fair-c100,2026-07-11T15:55:21.491165694Z,1783785321491,12752,92,ok,
reaction-20260711T154617.431287445Z,baseline-c100,2026-07-11T15:55:22.46880051Z,1783785322468,12723,95,ok,
reaction-20260711T154617.431287445Z,fair-c100,2026-07-11T15:55:22.498976644Z,1783785322498,12630,94,ok,
reaction-20260711T154617.431287445Z,baseline-c100,2026-07-11T15:55:23.449053964Z,1783785323449,12720,99,ok,
reaction-20260711T154617.431287445Z,fair-c100,2026-07-11T15:55:23.476280242Z,1783785323476,12345,93,ok,
reaction-20260711T154617.431287445Z,baseline-c100,2026-07-11T15:55:24.448434469Z,1783785324448,13366,92,ok,
reaction-20260711T154617.431287445Z,fair-c100,2026-07-11T15:55:24.475563294Z,1783785324475,12267,101,ok,
reaction-20260711T154617.431287445Z,baseline-c100,2026-07-11T15:55:25.467934457Z,1783785325467,13143,89,ok,
reaction-20260711T154617.431287445Z,fair-c100,2026-07-11T15:55:25.494937114Z,1783785325494,12451,93,ok,
reaction-20260711T154617.431287445Z,baseline-c100,2026-07-11T15:55:26.448731595Z,1783785326448,12978,100,ok,
reaction-20260711T154617.431287445Z,fair-c100,2026-07-11T15:55:26.477181716Z,1783785326477,12345,93,ok,
reaction-20260711T154617.431287445Z,baseline-c100,2026-07-11T15:55:27.448244356Z,1783785327448,12541,91,ok,
reaction-20260711T154617.431287445Z,fair-c100,2026-07-11T15:55:27.474423997Z,1783785327474,12417,88,ok,
reaction-20260711T154617.431287445Z,baseline-c100,2026-07-11T15:55:28.448582879Z,1783785328448,12580,94,ok,
reaction-20260711T154617.431287445Z,fair-c100,2026-07-11T15:55:28.476155967Z,1783785328476,12268,99,ok,
reaction-20260711T154617.431287445Z,baseline-c100,2026-07-11T15:55:29.450319467Z,1783785329450,12877,89,ok,
reaction-20260711T154617.431287445Z,fair-c100,2026-07-11T15:55:29.476740763Z,1783785329476,12163,90,ok,
reaction-20260711T154617.431287445Z,baseline-c100,2026-07-11T15:55:30.450689522Z,1783785330450,12540,88,ok,
reaction-20260711T154617.431287445Z,fair-c100,2026-07-11T15:55:30.480869404Z,1783785330480,12059,88,ok,
reaction-20260711T154617.431287445Z,baseline-c100,2026-07-11T15:55:31.468819615Z,1783785331468,12540,89,ok,
reaction-20260711T154617.431287445Z,fair-c100,2026-07-11T15:55:31.498673204Z,1783785331498,12091,99,ok,
reaction-20260711T154617.431287445Z,baseline-c100,2026-07-11T15:55:32.447814292Z,1783785332447,12512,90,ok,
reaction-20260711T154617.431287445Z,fair-c100,2026-07-11T15:55:32.480760936Z,1783785332480,12588,104,ok,
reaction-20260711T154617.431287445Z,baseline-c100,2026-07-11T15:55:33.466435573Z,1783785333466,12331,90,ok,
reaction-20260711T154617.431287445Z,fair-c100,2026-07-11T15:55:33.492160138Z,1783785333492,11914,94,ok,
reaction-20260711T154617.431287445Z,baseline-c100,2026-07-11T15:55:34.448487465Z,1783785334448,12291,96,ok,
reaction-20260711T154617.431287445Z,fair-c100,2026-07-11T15:55:34.475453311Z,1783785334475,11915,91,ok,
reaction-20260711T154617.431287445Z,baseline-c100,2026-07-11T15:55:35.447376407Z,1783785335447,12289,95,ok,
reaction-20260711T154617.431287445Z,fair-c100,2026-07-11T15:55:35.474363611Z,1783785335474,11915,91,ok,
reaction-20260711T154617.431287445Z,baseline-c100,2026-07-11T15:55:36.449375314Z,1783785336449,12721,96,ok,
reaction-20260711T154617.431287445Z,fair-c100,2026-07-11T15:55:36.476206606Z,1783785336476,12304,97,ok,
reaction-20260711T154617.431287445Z,baseline-c100,2026-07-11T15:55:37.469302648Z,1783785337469,12580,97,ok,
reaction-20260711T154617.431287445Z,fair-c100,2026-07-11T15:55:37.497574117Z,1783785337497,11947,100,ok,
reaction-20260711T154617.431287445Z,baseline-c100,2026-07-11T15:55:38.461613124Z,1783785338461,12838,91,ok,
reaction-20260711T154617.431287445Z,fair-c100,2026-07-11T15:55:38.497979626Z,1783785338497,12164,91,ok,
reaction-20260711T154617.431287445Z,baseline-c100,2026-07-11T15:55:39.447885453Z,1783785339447,12147,86,ok,
reaction-20260711T154617.431287445Z,fair-c100,2026-07-11T15:55:39.475970454Z,1783785339475,12091,93,ok,
reaction-20260711T154617.431287445Z,baseline-c100,2026-07-11T15:55:40.44823024Z,1783785340448,12072,97,ok,
reaction-20260711T154617.431287445Z,fair-c100,2026-07-11T15:55:40.475805398Z,1783785340475,11781,86,ok,
reaction-20260711T154617.431287445Z,baseline-c100,2026-07-11T15:55:41.448355958Z,1783785341448,12402,97,ok,
reaction-20260711T154617.431287445Z,fair-c100,2026-07-11T15:55:41.475048148Z,1783785341475,11730,98,ok,
reaction-20260711T154617.431287445Z,baseline-c100,2026-07-11T15:55:42.46962548Z,1783785342469,12144,87,ok,
reaction-20260711T154617.431287445Z,fair-c100,2026-07-11T15:55:42.496070023Z,1783785342496,11658,96,ok,
reaction-20260711T154617.431287445Z,baseline-c100,2026-07-11T15:55:43.449545424Z,1783785343449,12289,98,ok,
reaction-20260711T154617.431287445Z,fair-c100,2026-07-11T15:55:43.479974174Z,1783785343479,11658,96,ok,
reaction-20260711T154617.431287445Z,baseline-c100,2026-07-11T15:55:44.448840028Z,1783785344448,11954,96,ok,
reaction-20260711T154617.431287445Z,fair-c100,2026-07-11T15:55:44.477253264Z,1783785344477,11658,101,ok,
reaction-20260711T154617.431287445Z,baseline-c100,2026-07-11T15:55:45.448873434Z,1783785345448,12108,101,ok,
reaction-20260711T154617.431287445Z,fair-c100,2026-07-11T15:55:45.476667382Z,1783785345476,11781,86,ok,
reaction-20260711T154617.431287445Z,baseline-c100,2026-07-11T15:55:46.450483388Z,1783785346450,12328,93,ok,
reaction-20260711T154617.431287445Z,fair-c100,2026-07-11T15:55:46.476840842Z,1783785346476,11659,100,ok,
reaction-20260711T154617.431287445Z,baseline-c100,2026-07-11T15:55:47.451333861Z,1783785347451,11787,99,ok,
reaction-20260711T154617.431287445Z,fair-c100,2026-07-11T15:55:47.522307532Z,1783785347522,11419,102,ok,
reaction-20260711T154617.431287445Z,baseline-c100,2026-07-11T15:55:48.449874667Z,1783785348449,12071,97,ok,
reaction-20260711T154617.431287445Z,fair-c100,2026-07-11T15:55:48.477687111Z,1783785348477,12060,91,ok,
reaction-20260711T154617.431287445Z,baseline-c100,2026-07-11T15:55:49.467252709Z,1783785349467,11878,101,ok,
reaction-20260711T154617.431287445Z,fair-c100,2026-07-11T15:55:49.49549785Z,1783785349495,11417,99,ok,
reaction-20260711T154617.431287445Z,baseline-c100,2026-07-11T15:55:50.450276407Z,1783785350450,11678,92,ok,
reaction-20260711T154617.431287445Z,fair-c100,2026-07-11T15:55:50.477188546Z,1783785350477,11455,94,ok,
reaction-20260711T154617.431287445Z,baseline-c100,2026-07-11T15:55:51.468198571Z,1783785351468,11814,90,ok,
reaction-20260711T154617.431287445Z,fair-c100,2026-07-11T15:55:51.496956432Z,1783785351496,11343,102,ok,
reaction-20260711T154617.431287445Z,baseline-c100,2026-07-11T15:55:52.44816882Z,1783785352448,11605,96,ok,
reaction-20260711T154617.431287445Z,fair-c100,2026-07-11T15:55:52.475803661Z,1783785352475,11455,90,ok,
reaction-20260711T154617.431287445Z,baseline-c100,2026-07-11T15:55:53.451806338Z,1783785353451,11786,98,ok,
reaction-20260711T154617.431287445Z,fair-c100,2026-07-11T15:55:53.480968604Z,1783785353480,11711,93,ok,
reaction-20260711T154617.431287445Z,baseline-c100,2026-07-11T15:55:54.469630036Z,1783785354469,11935,92,ok,
reaction-20260711T154617.431287445Z,fair-c100,2026-07-11T15:55:54.497921216Z,1783785354497,11731,101,ok,
reaction-20260711T154617.431287445Z,baseline-c100,2026-07-11T15:55:55.448555879Z,1783785355448,11526,102,ok,
reaction-20260711T154617.431287445Z,fair-c100,2026-07-11T15:55:55.475649349Z,1783785355475,11345,96,ok,
reaction-20260711T154617.431287445Z,baseline-c100,2026-07-11T15:55:56.44957018Z,1783785356449,11494,103,ok,
reaction-20260711T154617.431287445Z,fair-c100,2026-07-11T15:55:56.474970383Z,1783785356474,11193,95,ok,
reaction-20260711T154617.431287445Z,baseline-c100,2026-07-11T15:55:57.447720191Z,1783785357447,11491,100,ok,
reaction-20260711T154617.431287445Z,fair-c100,2026-07-11T15:55:57.476162756Z,1783785357476,11227,72,ok,
reaction-20260711T154617.431287445Z,baseline-c100,2026-07-11T15:55:58.447480277Z,1783785358447,11605,98,ok,
reaction-20260711T154617.431287445Z,fair-c100,2026-07-11T15:55:58.473244851Z,1783785358473,11118,98,ok,
reaction-20260711T154617.431287445Z,baseline-c100,2026-07-11T15:55:59.447883456Z,1783785359447,11954,93,ok,
reaction-20260711T154617.431287445Z,fair-c100,2026-07-11T15:55:59.47256847Z,1783785359472,11119,97,ok,
reaction-20260711T154617.431287445Z,baseline-c100,2026-07-11T15:56:00.451672722Z,1783785360451,11527,101,ok,
reaction-20260711T154617.431287445Z,fair-c100,2026-07-11T15:56:00.478527498Z,1783785360478,11193,96,ok,
reaction-20260711T154617.431287445Z,baseline-c100,2026-07-11T15:56:01.464188287Z,1783785361464,11357,91,ok,
reaction-20260711T154617.431287445Z,fair-c100,2026-07-11T15:56:01.490237732Z,1783785361490,11417,96,ok,
reaction-20260711T154617.431287445Z,baseline-c100,2026-07-11T15:56:02.458427478Z,1783785362458,11492,102,ok,
reaction-20260711T154617.431287445Z,fair-c100,2026-07-11T15:56:02.497535944Z,1783785362497,11915,90,ok,
reaction-20260711T154617.431287445Z,baseline-c100,2026-07-11T15:56:03.446477849Z,1783785363446,11325,79,ok,
reaction-20260711T154617.431287445Z,fair-c100,2026-07-11T15:56:03.471575552Z,1783785363471,10909,76,ok,
reaction-20260711T154617.431287445Z,baseline-c100,2026-07-11T15:56:04.448728417Z,1783785364448,11213,89,ok,
reaction-20260711T154617.431287445Z,fair-c100,2026-07-11T15:56:04.475249261Z,1783785364475,10883,96,ok,
reaction-20260711T154617.431287445Z,baseline-c100,2026-07-11T15:56:05.449967743Z,1783785365449,11325,79,ok,
reaction-20260711T154617.431287445Z,fair-c100,2026-07-11T15:56:05.476642754Z,1783785365476,10885,93,ok,
reaction-20260711T154617.431287445Z,baseline-c100,2026-07-11T15:56:06.447893679Z,1783785366447,11718,88,ok,
reaction-20260711T154617.431287445Z,fair-c100,2026-07-11T15:56:06.475697872Z,1783785366475,11161,87,ok,
reaction-20260711T154617.431287445Z,baseline-c100,2026-07-11T15:56:07.44679177Z,1783785367446,11679,87,ok,
reaction-20260711T154617.431287445Z,fair-c100,2026-07-11T15:56:07.482044601Z,1783785367482,10957,88,ok,
reaction-20260711T154617.431287445Z,baseline-c100,2026-07-11T15:56:08.445678642Z,1783785368445,11095,97,ok,
reaction-20260711T154617.431287445Z,fair-c100,2026-07-11T15:56:08.470940678Z,1783785368470,10713,93,ok,
reaction-20260711T154617.431287445Z,baseline-c100,2026-07-11T15:56:09.44856757Z,1783785369448,11044,68,ok,
reaction-20260711T154617.431287445Z,fair-c100,2026-07-11T15:56:09.476753331Z,1783785369476,11224,78,ok,
reaction-20260711T154617.431287445Z,baseline-c100,2026-07-11T15:56:10.447093762Z,1783785370447,11080,86,ok,
reaction-20260711T154617.431287445Z,fair-c100,2026-07-11T15:56:10.473618839Z,1783785370473,10714,93,ok,
reaction-20260711T154617.431287445Z,baseline-c100,2026-07-11T15:56:11.446417521Z,1783785371446,11077,94,ok,
reaction-20260711T154617.431287445Z,fair-c100,2026-07-11T15:56:11.474104469Z,1783785371474,10905,78,ok,
reaction-20260711T154617.431287445Z,baseline-c100,2026-07-11T15:56:12.465669931Z,1783785372465,11045,67,ok,
reaction-20260711T154617.431287445Z,fair-c100,2026-07-11T15:56:12.493336038Z,1783785372493,10569,96,ok,
reaction-20260711T154617.431287445Z,baseline-c100,2026-07-11T15:56:13.448201138Z,1783785373448,11215,91,ok,
reaction-20260711T154617.431287445Z,fair-c100,2026-07-11T15:56:13.475031024Z,1783785373475,10643,90,ok,
reaction-20260711T154617.431287445Z,baseline-c100,2026-07-11T15:56:14.448166847Z,1783785374448,11280,95,ok,
reaction-20260711T154617.431287445Z,fair-c100,2026-07-11T15:56:14.474684335Z,1783785374474,10714,95,ok,
reaction-20260711T154617.431287445Z,baseline-c100,2026-07-11T15:56:15.446669108Z,1783785375446,10840,92,ok,
reaction-20260711T154617.431287445Z,fair-c100,2026-07-11T15:56:15.470936435Z,1783785375470,10471,86,ok,
reaction-20260711T154617.431287445Z,baseline-c100,2026-07-11T15:56:16.468913538Z,1783785376468,11094,102,ok,
reaction-20260711T154617.431287445Z,fair-c100,2026-07-11T15:56:16.497556203Z,1783785376497,10643,90,ok,
reaction-20260711T154617.431287445Z,baseline-c100,2026-07-11T15:56:17.44707257Z,1783785377447,11075,96,ok,
reaction-20260711T154617.431287445Z,fair-c100,2026-07-11T15:56:17.477086414Z,1783785377477,10734,92,ok,
reaction-20260711T154617.431287445Z,baseline-c100,2026-07-11T15:56:18.449051554Z,1783785378449,10695,101,ok,
reaction-20260711T154617.431287445Z,fair-c100,2026-07-11T15:56:18.476480036Z,1783785378476,11118,92,ok,
reaction-20260711T154617.431287445Z,baseline-c100,2026-07-11T15:56:19.447146298Z,1783785379447,10697,99,ok,
reaction-20260711T154617.431287445Z,fair-c100,2026-07-11T15:56:19.474349567Z,1783785379474,10396,100,ok,
reaction-20260711T154617.431287445Z,baseline-c100,2026-07-11T15:56:20.453704139Z,1783785380453,10842,92,ok,
reaction-20260711T154617.431287445Z,fair-c100,2026-07-11T15:56:20.481602572Z,1783785380481,10351,91,ok,
reaction-20260711T154617.431287445Z,baseline-c100,2026-07-11T15:56:21.44859511Z,1783785381448,10586,77,ok,
reaction-20260711T154617.431287445Z,fair-c100,2026-07-11T15:56:21.476165068Z,1783785381476,10566,93,ok,
reaction-20260711T154617.431287445Z,baseline-c100,2026-07-11T15:56:22.465497513Z,1783785382465,10721,93,ok,
reaction-20260711T154617.431287445Z,fair-c100,2026-07-11T15:56:22.492282152Z,1783785382492,10323,98,ok,
reaction-20260711T154617.431287445Z,baseline-c100,2026-07-11T15:56:23.452567003Z,1783785383452,10696,96,ok,
reaction-20260711T154617.431287445Z,fair-c100,2026-07-11T15:56:23.479557102Z,1783785383479,10882,97,ok,
reaction-20260711T154617.431287445Z,baseline-c100,2026-07-11T15:56:24.472975558Z,1783785384472,10797,97,ok,
reaction-20260711T154617.431287445Z,fair-c100,2026-07-11T15:56:24.499334362Z,1783785384499,10154,86,ok,
reaction-20260711T154617.431287445Z,baseline-c100,2026-07-11T15:56:25.461337297Z,1783785385461,10518,87,ok,
reaction-20260711T154617.431287445Z,fair-c100,2026-07-11T15:56:25.491037224Z,1783785385491,10398,92,ok,
reaction-20260711T154617.431287445Z,baseline-c100,2026-07-11T15:56:26.446824267Z,1783785386446,10518,94,ok,
reaction-20260711T154617.431287445Z,fair-c100,2026-07-11T15:56:26.47276745Z,1783785386472,10154,76,ok,
reaction-20260711T154617.431287445Z,baseline-c100,2026-07-11T15:56:27.464963706Z,1783785387464,10469,88,ok,
reaction-20260711T154617.431287445Z,fair-c100,2026-07-11T15:56:27.491830665Z,1783785387491,10216,84,ok,
reaction-20260711T154617.431287445Z,baseline-c100,2026-07-11T15:56:28.460614581Z,1783785388460,10876,72,ok,
reaction-20260711T154617.431287445Z,fair-c100,2026-07-11T15:56:28.49081934Z,1783785388490,10322,100,ok,
reaction-20260711T154617.431287445Z,baseline-c100,2026-07-11T15:56:29.447444823Z,1783785389447,10300,98,ok,
reaction-20260711T154617.431287445Z,fair-c100,2026-07-11T15:56:29.474459409Z,1783785389474,10002,95,ok,
reaction-20260711T154617.431287445Z,baseline-c100,2026-07-11T15:56:30.446782304Z,1783785390446,10468,96,ok,
reaction-20260711T154617.431287445Z,fair-c100,2026-07-11T15:56:30.475413021Z,1783785390475,10471,79,ok,
reaction-20260711T154617.431287445Z,baseline-c100,2026-07-11T15:56:31.446655487Z,1783785391446,10302,98,ok,
reaction-20260711T154617.431287445Z,fair-c100,2026-07-11T15:56:31.473759524Z,1783785391473,9969,78,ok,
reaction-20260711T154617.431287445Z,baseline-c100,2026-07-11T15:56:32.448861014Z,1783785392448,10301,100,ok,
reaction-20260711T154617.431287445Z,fair-c100,2026-07-11T15:56:32.473859586Z,1783785392473,9968,82,ok,
reaction-20260711T154617.431287445Z,baseline-c100,2026-07-11T15:56:33.449347294Z,1783785393449,11359,93,ok,
reaction-20260711T154617.431287445Z,fair-c100,2026-07-11T15:56:33.47801206Z,1783785393478,10001,99,ok,
reaction-20260711T154617.431287445Z,baseline-c100,2026-07-11T15:56:34.465177783Z,1783785394465,10300,95,ok,
reaction-20260711T154617.431287445Z,fair-c100,2026-07-11T15:56:34.496782369Z,1783785394496,9971,83,ok,
reaction-20260711T154617.431287445Z,baseline-c100,2026-07-11T15:56:35.475403647Z,1783785395475,10239,81,ok,
reaction-20260711T154617.431287445Z,fair-c100,2026-07-11T15:56:35.501872645Z,1783785395501,9905,95,ok,
reaction-20260711T154617.431287445Z,baseline-c100,2026-07-11T15:56:36.467814532Z,1783785396467,10585,84,ok,
reaction-20260711T154617.431287445Z,fair-c100,2026-07-11T15:56:36.496751303Z,1783785396496,9767,88,ok,
reaction-20260711T154617.431287445Z,baseline-c100,2026-07-11T15:56:37.449727809Z,1783785397449,10517,95,ok,
reaction-20260711T154617.431287445Z,fair-c100,2026-07-11T15:56:37.479901446Z,1783785397479,10083,97,ok,
reaction-20260711T154617.431287445Z,baseline-c100,2026-07-11T15:56:38.45200037Z,1783785398452,10458,79,ok,
reaction-20260711T154617.431287445Z,fair-c100,2026-07-11T15:56:38.480763472Z,1783785398480,10157,84,ok,
reaction-20260711T154617.431287445Z,baseline-c100,2026-07-11T15:56:39.448333526Z,1783785399448,10055,94,ok,
reaction-20260711T154617.431287445Z,fair-c100,2026-07-11T15:56:39.4756008Z,1783785399475,9767,96,ok,
reaction-20260711T154617.431287445Z,baseline-c100,2026-07-11T15:56:40.448025861Z,1783785400448,10055,85,ok,
reaction-20260711T154617.431287445Z,fair-c100,2026-07-11T15:56:40.474791492Z,1783785400474,9733,96,ok,
reaction-20260711T154617.431287445Z,baseline-c100,2026-07-11T15:56:41.44887516Z,1783785401448,10126,102,ok,
reaction-20260711T154617.431287445Z,fair-c100,2026-07-11T15:56:41.47495691Z,1783785401474,9808,81,ok,
reaction-20260711T154617.431287445Z,baseline-c100,2026-07-11T15:56:42.448733528Z,1783785402448,9849,92,ok,
reaction-20260711T154617.431287445Z,fair-c100,2026-07-11T15:56:42.477746469Z,1783785402477,9736,94,ok,
reaction-20260711T154617.431287445Z,baseline-c100,2026-07-11T15:56:43.450010904Z,1783785403450,10028,86,ok,
reaction-20260711T154617.431287445Z,fair-c100,2026-07-11T15:56:43.476909635Z,1783785403476,9766,93,ok,
reaction-20260711T154617.431287445Z,baseline-c100,2026-07-11T15:56:44.44995332Z,1783785404449,10092,91,ok,
reaction-20260711T154617.431287445Z,fair-c100,2026-07-11T15:56:44.480614065Z,1783785404480,9492,93,ok,
reaction-20260711T154617.431287445Z,baseline-c100,2026-07-11T15:56:45.453640859Z,1783785405453,10054,84,ok,
reaction-20260711T154617.431287445Z,fair-c100,2026-07-11T15:56:45.48096572Z,1783785405480,9491,85,ok,
reaction-20260711T154617.431287445Z,baseline-c100,2026-07-11T15:56:46.452400687Z,1783785406452,9688,97,ok,
reaction-20260711T154617.431287445Z,fair-c100,2026-07-11T15:56:46.481494101Z,1783785406481,9462,97,ok,
reaction-20260711T154617.431287445Z,baseline-c100,2026-07-11T15:56:47.449910603Z,1783785407449,9776,85,ok,
reaction-20260711T154617.431287445Z,fair-c100,2026-07-11T15:56:47.481250361Z,1783785407481,9461,99,ok,
reaction-20260711T154617.431287445Z,baseline-c100,2026-07-11T15:56:48.44906637Z,1783785408449,9694,96,ok,
reaction-20260711T154617.431287445Z,fair-c100,2026-07-11T15:56:48.477921976Z,1783785408477,9461,89,ok,
reaction-20260711T154617.431287445Z,baseline-c100,2026-07-11T15:56:49.450654339Z,1783785409450,9776,93,ok,
reaction-20260711T154617.431287445Z,fair-c100,2026-07-11T15:56:49.478248932Z,1783785409478,9461,100,ok,
reaction-20260711T154617.431287445Z,baseline-c100,2026-07-11T15:56:50.457969628Z,1783785410457,9769,87,ok,
reaction-20260711T154617.431287445Z,fair-c100,2026-07-11T15:56:50.486276521Z,1783785410486,9171,102,ok,
reaction-20260711T154617.431287445Z,baseline-c100,2026-07-11T15:56:51.476600687Z,1783785411476,9693,84,ok,
reaction-20260711T154617.431287445Z,fair-c100,2026-07-11T15:56:51.584075849Z,1783785411584,9624,90,ok,
reaction-20260711T154617.431287445Z,baseline-c100,2026-07-11T15:56:52.451392346Z,1783785412451,9510,89,ok,
reaction-20260711T154617.431287445Z,fair-c100,2026-07-11T15:56:52.597670296Z,1783785412597,9080,90,ok,
reaction-20260711T154617.431287445Z,baseline-c100,2026-07-11T15:56:53.449389305Z,1783785413449,9451,100,ok,
reaction-20260711T154617.431287445Z,fair-c100,2026-07-11T15:56:53.492084155Z,1783785413492,10349,87,ok,
reaction-20260711T154617.431287445Z,baseline-c100,2026-07-11T15:56:54.497336137Z,1783785414497,9510,89,ok,
reaction-20260711T154617.431287445Z,fair-c100,2026-07-11T15:56:54.587971012Z,1783785414587,9266,109,ok,
reaction-20260711T154617.431287445Z,baseline-c100,2026-07-11T15:56:55.449629505Z,1783785415449,9408,98,ok,
reaction-20260711T154617.431287445Z,fair-c100,2026-07-11T15:56:55.478098293Z,1783785415478,9171,97,ok,
reaction-20260711T154617.431287445Z,baseline-c100,2026-07-11T15:56:56.451230764Z,1783785416451,9289,83,ok,
reaction-20260711T154617.431287445Z,fair-c100,2026-07-11T15:56:56.482690467Z,1783785416482,9016,78,ok,
reaction-20260711T154617.431287445Z,baseline-c100,2026-07-11T15:56:57.451080256Z,1783785417451,9686,86,ok,
reaction-20260711T154617.431287445Z,fair-c100,2026-07-11T15:56:57.477896682Z,1783785417477,8941,76,ok,
reaction-20260711T154617.431287445Z,baseline-c100,2026-07-11T15:56:58.450879302Z,1783785418450,9451,100,ok,
reaction-20260711T154617.431287445Z,fair-c100,2026-07-11T15:56:58.478503255Z,1783785418478,8941,76,ok,
reaction-20260711T154617.431287445Z,baseline-c100,2026-07-11T15:56:59.449658109Z,1783785419449,9416,94,ok,
reaction-20260711T154617.431287445Z,fair-c100,2026-07-11T15:56:59.47971875Z,1783785419479,9089,82,ok,
reaction-20260711T154617.431287445Z,baseline-c100,2026-07-11T15:57:00.449192253Z,1783785420449,9134,99,ok,
reaction-20260711T154617.431287445Z,fair-c100,2026-07-11T15:57:00.477526327Z,1783785420477,8972,86,ok,
reaction-20260711T154617.431287445Z,baseline-c100,2026-07-11T15:57:01.45070853Z,1783785421450,9134,99,ok,
reaction-20260711T154617.431287445Z,fair-c100,2026-07-11T15:57:01.479193771Z,1783785421479,9080,90,ok,
reaction-20260711T154617.431287445Z,baseline-c100,2026-07-11T15:57:02.449127037Z,1783785422449,8977,70,ok,
reaction-20260711T154617.431287445Z,fair-c100,2026-07-11T15:57:02.4755474Z,1783785422475,8664,95,ok,
reaction-20260711T154617.431287445Z,baseline-c100,2026-07-11T15:57:03.452569582Z,1783785423452,9051,87,ok,
reaction-20260711T154617.431287445Z,fair-c100,2026-07-11T15:57:03.481923222Z,1783785423481,8665,94,ok,
reaction-20260711T154617.431287445Z,baseline-c100,2026-07-11T15:57:04.455605696Z,1783785424455,9099,98,ok,
reaction-20260711T154617.431287445Z,fair-c100,2026-07-11T15:57:04.49207205Z,1783785424492,8664,95,ok,
reaction-20260711T154617.431287445Z,baseline-c100,2026-07-11T15:57:05.451896486Z,1783785425451,8867,88,ok,
reaction-20260711T154617.431287445Z,fair-c100,2026-07-11T15:57:05.479812325Z,1783785425479,8665,94,ok,
reaction-20260711T154617.431287445Z,baseline-c100,2026-07-11T15:57:06.45952349Z,1783785426459,8867,88,ok,
reaction-20260711T154617.431287445Z,fair-c100,2026-07-11T15:57:06.491042814Z,1783785426491,8665,94,ok,
reaction-20260711T154617.431287445Z,baseline-c100,2026-07-11T15:57:07.451588265Z,1783785427451,8782,100,ok,
reaction-20260711T154617.431287445Z,fair-c100,2026-07-11T15:57:07.480089259Z,1783785427480,8391,90,ok,
reaction-20260711T154617.431287445Z,baseline-c100,2026-07-11T15:57:08.450525685Z,1783785428450,8867,88,ok,
reaction-20260711T154617.431287445Z,fair-c100,2026-07-11T15:57:08.483222872Z,1783785428483,8690,96,ok,
reaction-20260711T154617.431287445Z,baseline-c100,2026-07-11T15:57:09.45068876Z,1783785429450,8842,74,ok,
reaction-20260711T154617.431287445Z,fair-c100,2026-07-11T15:57:09.487088733Z,1783785429487,8367,100,ok,
reaction-20260711T154617.431287445Z,baseline-c100,2026-07-11T15:57:10.459191981Z,1783785430459,9408,98,ok,
reaction-20260711T154617.431287445Z,fair-c100,2026-07-11T15:57:10.492115204Z,1783785430492,8332,93,ok,
reaction-20260711T154617.431287445Z,baseline-c100,2026-07-11T15:57:11.451140717Z,1783785431451,8867,88,ok,
reaction-20260711T154617.431287445Z,fair-c100,2026-07-11T15:57:11.48751984Z,1783785431487,8391,90,ok,
reaction-20260711T154617.431287445Z,baseline-c100,2026-07-11T15:57:12.453152666Z,1783785432453,8515,81,ok,
reaction-20260711T154617.431287445Z,fair-c100,2026-07-11T15:57:12.481281554Z,1783785432481,8274,95,ok,
reaction-20260711T154617.431287445Z,baseline-c100,2026-07-11T15:57:13.451149477Z,1783785433451,8589,95,ok,
reaction-20260711T154617.431287445Z,fair-c100,2026-07-11T15:57:13.481654839Z,1783785433481,8465,99,ok,
reaction-20260711T154617.431287445Z,baseline-c100,2026-07-11T15:57:14.448593191Z,1783785434448,8515,81,ok,
reaction-20260711T154617.431287445Z,fair-c100,2026-07-11T15:57:14.477524658Z,1783785434477,8391,90,ok,
reaction-20260711T154617.431287445Z,baseline-c100,2026-07-11T15:57:15.449021362Z,1783785435449,8578,98,ok,
reaction-20260711T154617.431287445Z,fair-c100,2026-07-11T15:57:15.477055826Z,1783785435477,8367,100,ok,
reaction-20260711T154617.431287445Z,baseline-c100,2026-07-11T15:57:16.450267154Z,1783785436450,8782,100,ok,
reaction-20260711T154617.431287445Z,fair-c100,2026-07-11T15:57:16.477173489Z,1783785436477,8423,96,ok,
reaction-20260711T154617.431287445Z,baseline-c100,2026-07-11T15:57:17.449149969Z,1783785437449,9051,87,ok,
reaction-20260711T154617.431287445Z,fair-c100,2026-07-11T15:57:17.52238325Z,1783785437522,7959,98,ok,
reaction-20260711T154617.431287445Z,baseline-c100,2026-07-11T15:57:18.448882921Z,1783785438448,8347,84,ok,
reaction-20260711T154617.431287445Z,fair-c100,2026-07-11T15:57:18.482321283Z,1783785438482,8056,97,ok,
reaction-20260711T154617.431287445Z,baseline-c100,2026-07-11T15:57:19.452605153Z,1783785439452,8515,81,ok,
reaction-20260711T154617.431287445Z,fair-c100,2026-07-11T15:57:19.481712159Z,1783785439481,8020,85,ok,
reaction-20260711T154617.431287445Z,baseline-c100,2026-07-11T15:57:20.453185947Z,1783785440453,8262,91,ok,
reaction-20260711T154617.431287445Z,fair-c100,2026-07-11T15:57:20.484620692Z,1783785440484,8020,85,ok,
reaction-20260711T154617.431287445Z,baseline-c100,2026-07-11T15:57:21.45113001Z,1783785441451,8351,83,ok,
reaction-20260711T154617.431287445Z,fair-c100,2026-07-11T15:57:21.479404351Z,1783785441479,8020,85,ok,
reaction-20260711T154617.431287445Z,baseline-c100,2026-07-11T15:57:22.448863508Z,1783785442448,8262,91,ok,
reaction-20260711T154617.431287445Z,fair-c100,2026-07-11T15:57:22.480479975Z,1783785442480,7742,94,ok,
reaction-20260711T154617.431287445Z,baseline-c100,2026-07-11T15:57:23.449915852Z,1783785443449,8347,84,ok,
reaction-20260711T154617.431287445Z,fair-c100,2026-07-11T15:57:23.477961517Z,1783785443477,7830,95,ok,
reaction-20260711T154617.431287445Z,baseline-c100,2026-07-11T15:57:24.452345759Z,1783785444452,8065,101,ok,
reaction-20260711T154617.431287445Z,fair-c100,2026-07-11T15:57:24.479329291Z,1783785444479,7959,98,ok,
reaction-20260711T154617.431287445Z,baseline-c100,2026-07-11T15:57:25.457539921Z,1783785445457,8065,101,ok,
reaction-20260711T154617.431287445Z,fair-c100,2026-07-11T15:57:25.485922738Z,1783785445485,7830,95,ok,
reaction-20260711T154617.431287445Z,baseline-c100,2026-07-11T15:57:26.450662088Z,1783785446450,8065,101,ok,
reaction-20260711T154617.431287445Z,fair-c100,2026-07-11T15:57:26.482219571Z,1783785446482,8056,97,ok,
reaction-20260711T154617.431287445Z,baseline-c100,2026-07-11T15:57:27.448753592Z,1783785447448,8064,100,ok,
reaction-20260711T154617.431287445Z,fair-c100,2026-07-11T15:57:27.476906451Z,1783785447476,7513,97,ok,
reaction-20260711T154617.431287445Z,baseline-c100,2026-07-11T15:57:28.452923123Z,1783785448452,7976,90,ok,
reaction-20260711T154617.431287445Z,fair-c100,2026-07-11T15:57:28.486155445Z,1783785448486,7742,94,ok,
reaction-20260711T154617.431287445Z,baseline-c100,2026-07-11T15:57:29.451401147Z,1783785449451,8065,101,ok,
reaction-20260711T154617.431287445Z,fair-c100,2026-07-11T15:57:29.483475193Z,1783785449483,7562,84,ok,
reaction-20260711T154617.431287445Z,baseline-c100,2026-07-11T15:57:30.45084967Z,1783785450450,8323,63,ok,
reaction-20260711T154617.431287445Z,fair-c100,2026-07-11T15:57:30.607038809Z,1783785450607,7513,97,ok,
reaction-20260711T154617.431287445Z,baseline-c100,2026-07-11T15:57:31.448313661Z,1783785451448,7722,95,ok,
reaction-20260711T154617.431287445Z,fair-c100,2026-07-11T15:57:31.475817207Z,1783785451475,7644,98,ok,
reaction-20260711T154617.431287445Z,baseline-c100,2026-07-11T15:57:32.448638082Z,1783785452448,7674,98,ok,
reaction-20260711T154617.431287445Z,fair-c100,2026-07-11T15:57:32.474201353Z,1783785452474,7280,95,ok,
reaction-20260711T154617.431287445Z,baseline-c100,2026-07-11T15:57:33.450315413Z,1783785453450,7722,95,ok,
reaction-20260711T154617.431287445Z,fair-c100,2026-07-11T15:57:33.477930156Z,1783785453477,7280,95,ok,
reaction-20260711T154617.431287445Z,baseline-c100,2026-07-11T15:57:34.448608177Z,1783785454448,7731,93,ok,
reaction-20260711T154617.431287445Z,fair-c100,2026-07-11T15:57:34.474774946Z,1783785454474,7513,97,ok,
reaction-20260711T154617.431287445Z,baseline-c100,2026-07-11T15:57:35.449878134Z,1783785455449,7641,85,ok,
reaction-20260711T154617.431287445Z,fair-c100,2026-07-11T15:57:35.474968788Z,1783785455474,7154,96,ok,
reaction-20260711T154617.431287445Z,baseline-c100,2026-07-11T15:57:36.454267366Z,1783785456454,7674,98,ok,
reaction-20260711T154617.431287445Z,fair-c100,2026-07-11T15:57:36.486042742Z,1783785456486,7425,88,ok,
reaction-20260711T154617.431287445Z,baseline-c100,2026-07-11T15:57:37.451443856Z,1783785457451,7442,92,ok,
reaction-20260711T154617.431287445Z,fair-c100,2026-07-11T15:57:37.477794968Z,1783785457477,7280,95,ok,
reaction-20260711T154617.431287445Z,baseline-c100,2026-07-11T15:57:38.449202114Z,1783785458449,7823,82,ok,
reaction-20260711T154617.431287445Z,fair-c100,2026-07-11T15:57:38.500140433Z,1783785458500,7180,99,ok,
reaction-20260711T154617.431287445Z,baseline-c100,2026-07-11T15:57:39.454193736Z,1783785459454,7384,74,ok,
reaction-20260711T154617.431287445Z,fair-c100,2026-07-11T15:57:39.48036108Z,1783785459480,7021,82,ok,
reaction-20260711T154617.431287445Z,baseline-c100,2026-07-11T15:57:40.448405709Z,1783785460448,7641,85,ok,
reaction-20260711T154617.431287445Z,fair-c100,2026-07-11T15:57:40.474223991Z,1783785460474,7056,98,ok,
reaction-20260711T154617.431287445Z,baseline-c100,2026-07-11T15:57:41.449080172Z,1783785461449,7247,99,ok,
reaction-20260711T154617.431287445Z,fair-c100,2026-07-11T15:57:41.477553447Z,1783785461477,7026,85,ok,
reaction-20260711T154617.431287445Z,baseline-c100,2026-07-11T15:57:42.451036972Z,1783785462451,7442,92,ok,
reaction-20260711T154617.431287445Z,fair-c100,2026-07-11T15:57:42.478063249Z,1783785462478,6829,99,ok,
reaction-20260711T154617.431287445Z,baseline-c100,2026-07-11T15:57:43.449652965Z,1783785463449,7384,74,ok,
reaction-20260711T154617.431287445Z,fair-c100,2026-07-11T15:57:43.476253575Z,1783785463476,6927,95,ok,
reaction-20260711T154617.431287445Z,baseline-c100,2026-07-11T15:57:44.44831593Z,1783785464448,7454,98,ok,
reaction-20260711T154617.431287445Z,fair-c100,2026-07-11T15:57:44.475926797Z,1783785464475,7180,99,ok,
reaction-20260711T154617.431287445Z,baseline-c100,2026-07-11T15:57:45.448188631Z,1783785465448,7247,99,ok,
reaction-20260711T154617.431287445Z,fair-c100,2026-07-11T15:57:45.476484601Z,1783785465476,6719,88,ok,
reaction-20260711T154617.431287445Z,baseline-c100,2026-07-11T15:57:46.448263362Z,1783785466448,7067,100,ok,
reaction-20260711T154617.431287445Z,fair-c100,2026-07-11T15:57:46.4750338Z,1783785466475,6719,88,ok,
reaction-20260711T154617.431287445Z,baseline-c100,2026-07-11T15:57:47.449294699Z,1783785467449,7344,100,ok,
reaction-20260711T154617.431287445Z,fair-c100,2026-07-11T15:57:47.476594696Z,1783785467476,6737,93,ok,
reaction-20260711T154617.431287445Z,baseline-c100,2026-07-11T15:57:48.447573676Z,1783785468447,7125,95,ok,
reaction-20260711T154617.431287445Z,fair-c100,2026-07-11T15:57:48.473575943Z,1783785468473,6719,88,ok,
reaction-20260711T154617.431287445Z,baseline-c100,2026-07-11T15:57:49.449947465Z,1783785469449,7247,99,ok,
reaction-20260711T154617.431287445Z,fair-c100,2026-07-11T15:57:49.478972718Z,1783785469478,7610,96,ok,
reaction-20260711T154617.431287445Z,baseline-c100,2026-07-11T15:57:50.481930716Z,1783785470481,6842,94,ok,
reaction-20260711T154617.431287445Z,fair-c100,2026-07-11T15:57:50.511351446Z,1783785470511,6737,93,ok,
reaction-20260711T154617.431287445Z,baseline-c100,2026-07-11T15:57:51.448349934Z,1783785471448,7125,95,ok,
reaction-20260711T154617.431287445Z,fair-c100,2026-07-11T15:57:51.47515805Z,1783785471475,6483,96,ok,
reaction-20260711T154617.431287445Z,baseline-c100,2026-07-11T15:57:52.448689459Z,1783785472448,7067,100,ok,
reaction-20260711T154617.431287445Z,fair-c100,2026-07-11T15:57:52.474643696Z,1783785472474,6475,97,ok,
reaction-20260711T154617.431287445Z,baseline-c100,2026-07-11T15:57:53.450587313Z,1783785473450,6943,97,ok,
reaction-20260711T154617.431287445Z,fair-c100,2026-07-11T15:57:53.478042987Z,1783785473478,6475,97,ok,
reaction-20260711T154617.431287445Z,baseline-c100,2026-07-11T15:57:54.449626507Z,1783785474449,6843,100,ok,
reaction-20260711T154617.431287445Z,fair-c100,2026-07-11T15:57:54.476964912Z,1783785474476,6475,97,ok,
reaction-20260711T154617.431287445Z,baseline-c100,2026-07-11T15:57:55.44800909Z,1783785475448,6658,94,ok,
reaction-20260711T154617.431287445Z,fair-c100,2026-07-11T15:57:55.474500924Z,1783785475474,6433,98,ok,
reaction-20260711T154617.431287445Z,baseline-c100,2026-07-11T15:57:56.45010939Z,1783785476450,6555,98,ok,
reaction-20260711T154617.431287445Z,fair-c100,2026-07-11T15:57:56.47666114Z,1783785476476,6571,92,ok,
reaction-20260711T154617.431287445Z,baseline-c100,2026-07-11T15:57:57.446707057Z,1783785477446,6719,83,ok,
reaction-20260711T154617.431287445Z,fair-c100,2026-07-11T15:57:57.64706231Z,1783785477647,6157,97,ok,
reaction-20260711T154617.431287445Z,baseline-c100,2026-07-11T15:57:58.447999163Z,1783785478447,6455,96,ok,
reaction-20260711T154617.431287445Z,fair-c100,2026-07-11T15:57:58.506791671Z,1783785478506,6157,97,ok,
reaction-20260711T154617.431287445Z,baseline-c100,2026-07-11T15:57:59.449118583Z,1783785479449,6658,94,ok,
reaction-20260711T154617.431287445Z,fair-c100,2026-07-11T15:57:59.476973831Z,1783785479476,6483,96,ok,
reaction-20260711T154617.431287445Z,baseline-c100,2026-07-11T15:58:00.448687963Z,1783785480448,6555,98,ok,
reaction-20260711T154617.431287445Z,fair-c100,2026-07-11T15:58:00.474513062Z,1783785480474,6157,97,ok,
reaction-20260711T154617.431287445Z,baseline-c100,2026-07-11T15:58:01.448834268Z,1783785481448,6389,88,ok,
reaction-20260711T154617.431287445Z,fair-c100,2026-07-11T15:58:01.475984678Z,1783785481475,6203,93,ok,
reaction-20260711T154617.431287445Z,baseline-c100,2026-07-11T15:58:02.448983956Z,1783785482448,6719,83,ok,
reaction-20260711T154617.431287445Z,fair-c100,2026-07-11T15:58:02.475790191Z,1783785482475,5935,86,ok,
reaction-20260711T154617.431287445Z,baseline-c100,2026-07-11T15:58:03.451314527Z,1783785483451,6455,96,ok,
reaction-20260711T154617.431287445Z,fair-c100,2026-07-11T15:58:03.478183127Z,1783785483478,5935,86,ok,
reaction-20260711T154617.431287445Z,baseline-c100,2026-07-11T15:58:04.448636018Z,1783785484448,6389,88,ok,
reaction-20260711T154617.431287445Z,fair-c100,2026-07-11T15:58:04.475168158Z,1783785484475,5865,90,ok,
reaction-20260711T154617.431287445Z,baseline-c100,2026-07-11T15:58:05.448817325Z,1783785485448,6555,98,ok,
reaction-20260711T154617.431287445Z,fair-c100,2026-07-11T15:58:05.475008052Z,1783785485475,6719,88,ok,
reaction-20260711T154617.431287445Z,baseline-c100,2026-07-11T15:58:06.450044976Z,1783785486450,6389,88,ok,
reaction-20260711T154617.431287445Z,fair-c100,2026-07-11T15:58:06.475111776Z,1783785486475,5739,99,ok,
reaction-20260711T154617.431287445Z,baseline-c100,2026-07-11T15:58:07.446651222Z,1783785487446,6122,100,ok,
reaction-20260711T154617.431287445Z,fair-c100,2026-07-11T15:58:07.474641518Z,1783785487474,7026,85,ok,
reaction-20260711T154617.431287445Z,baseline-c100,2026-07-11T15:58:08.44769169Z,1783785488447,6295,83,ok,
reaction-20260711T154617.431287445Z,fair-c100,2026-07-11T15:58:08.476505441Z,1783785488476,5865,90,ok,
reaction-20260711T154617.431287445Z,baseline-c100,2026-07-11T15:58:09.449956489Z,1783785489449,6022,95,ok,
reaction-20260711T154617.431287445Z,fair-c100,2026-07-11T15:58:09.483540226Z,1783785489483,5935,86,ok,
reaction-20260711T154617.431287445Z,baseline-c100,2026-07-11T15:58:10.44796476Z,1783785490447,6070,83,ok,
reaction-20260711T154617.431287445Z,fair-c100,2026-07-11T15:58:10.47678431Z,1783785490476,6021,98,ok,
reaction-20260711T154617.431287445Z,baseline-c100,2026-07-11T15:58:11.446967989Z,1783785491446,6122,100,ok,
reaction-20260711T154617.431287445Z,fair-c100,2026-07-11T15:58:11.47529599Z,1783785491475,5574,73,ok,
reaction-20260711T154617.431287445Z,baseline-c100,2026-07-11T15:58:12.448515741Z,1783785492448,6119,86,ok,
reaction-20260711T154617.431287445Z,fair-c100,2026-07-11T15:58:12.474415951Z,1783785492474,5646,94,ok,
reaction-20260711T154617.431287445Z,baseline-c100,2026-07-11T15:58:13.449283346Z,1783785493449,6202,100,ok,
reaction-20260711T154617.431287445Z,fair-c100,2026-07-11T15:58:13.475805346Z,1783785493475,5646,94,ok,
reaction-20260711T154617.431287445Z,baseline-c100,2026-07-11T15:58:14.44843677Z,1783785494448,5744,96,ok,
reaction-20260711T154617.431287445Z,fair-c100,2026-07-11T15:58:14.480008759Z,1783785494480,5574,73,ok,
reaction-20260711T154617.431287445Z,baseline-c100,2026-07-11T15:58:15.447992305Z,1783785495447,5838,93,ok,
reaction-20260711T154617.431287445Z,fair-c100,2026-07-11T15:58:15.474413906Z,1783785495474,5393,91,ok,
reaction-20260711T154617.431287445Z,baseline-c100,2026-07-11T15:58:16.448006916Z,1783785496448,6022,95,ok,
reaction-20260711T154617.431287445Z,fair-c100,2026-07-11T15:58:16.475780655Z,1783785496475,5522,87,ok,
reaction-20260711T154617.431287445Z,baseline-c100,2026-07-11T15:58:17.447945981Z,1783785497447,5601,96,ok,
reaction-20260711T154617.431287445Z,fair-c100,2026-07-11T15:58:17.477124273Z,1783785497477,5263,92,ok,
reaction-20260711T154617.431287445Z,baseline-c100,2026-07-11T15:58:18.447099957Z,1783785498447,5601,96,ok,
reaction-20260711T154617.431287445Z,fair-c100,2026-07-11T15:58:18.473165707Z,1783785498473,5393,91,ok,
reaction-20260711T154617.431287445Z,baseline-c100,2026-07-11T15:58:19.451760964Z,1783785499451,5838,93,ok,
reaction-20260711T154617.431287445Z,fair-c100,2026-07-11T15:58:19.478826853Z,1783785499478,5210,99,ok,
reaction-20260711T154617.431287445Z,baseline-c100,2026-07-11T15:58:20.448244885Z,1783785500448,5794,99,ok,
reaction-20260711T154617.431287445Z,fair-c100,2026-07-11T15:58:20.475658875Z,1783785500475,5355,74,ok,
reaction-20260711T154617.431287445Z,baseline-c100,2026-07-11T15:58:21.44897915Z,1783785501448,5487,75,ok,
reaction-20260711T154617.431287445Z,fair-c100,2026-07-11T15:58:21.478144632Z,1783785501478,5090,79,ok,
reaction-20260711T154617.431287445Z,baseline-c100,2026-07-11T15:58:22.447370187Z,1783785502447,5983,88,ok,
reaction-20260711T154617.431287445Z,fair-c100,2026-07-11T15:58:22.473752473Z,1783785502473,5498,86,ok,
reaction-20260711T154617.431287445Z,baseline-c100,2026-07-11T15:58:23.447208057Z,1783785503447,5429,92,ok,
reaction-20260711T154617.431287445Z,fair-c100,2026-07-11T15:58:23.476796402Z,1783785503476,5393,91,ok,
reaction-20260711T154617.431287445Z,baseline-c100,2026-07-11T15:58:24.447809342Z,1783785504447,5386,97,ok,
reaction-20260711T154617.431287445Z,fair-c100,2026-07-11T15:58:24.478163577Z,1783785504478,5308,83,ok,
reaction-20260711T154617.431287445Z,baseline-c100,2026-07-11T15:58:25.450489313Z,1783785505450,5331,98,ok,
reaction-20260711T154617.431287445Z,fair-c100,2026-07-11T15:58:25.475146635Z,1783785505475,4903,89,ok,
reaction-20260711T154617.431287445Z,baseline-c100,2026-07-11T15:58:26.448882931Z,1783785506448,5487,75,ok,
reaction-20260711T154617.431287445Z,fair-c100,2026-07-11T15:58:26.47543952Z,1783785506475,5210,99,ok,
reaction-20260711T154617.431287445Z,baseline-c100,2026-07-11T15:58:27.448412576Z,1783785507448,5483,72,ok,
reaction-20260711T154617.431287445Z,fair-c100,2026-07-11T15:58:27.475237756Z,1783785507475,5039,88,ok,
reaction-20260711T154617.431287445Z,baseline-c100,2026-07-11T15:58:28.44768166Z,1783785508447,5331,98,ok,
reaction-20260711T154617.431287445Z,fair-c100,2026-07-11T15:58:28.473837405Z,1783785508473,4815,89,ok,
reaction-20260711T154617.431287445Z,baseline-c100,2026-07-11T15:58:29.448530308Z,1783785509448,5386,97,ok,
reaction-20260711T154617.431287445Z,fair-c100,2026-07-11T15:58:29.473724689Z,1783785509473,4947,100,ok,
reaction-20260711T154617.431287445Z,baseline-c100,2026-07-11T15:58:30.449730808Z,1783785510449,5123,79,ok,
reaction-20260711T154617.431287445Z,fair-c100,2026-07-11T15:58:30.479752249Z,1783785510479,4763,85,ok,
reaction-20260711T154617.431287445Z,baseline-c100,2026-07-11T15:58:31.4495082Z,1783785511449,5291,96,ok,
reaction-20260711T154617.431287445Z,fair-c100,2026-07-11T15:58:31.474279177Z,1783785511474,4686,80,ok,
reaction-20260711T154617.431287445Z,baseline-c100,2026-07-11T15:58:32.452277405Z,1783785512452,5173,84,ok,
reaction-20260711T154617.431287445Z,fair-c100,2026-07-11T15:58:32.478835288Z,1783785512478,4758,90,ok,
reaction-20260711T154617.431287445Z,baseline-c100,2026-07-11T15:58:33.454184739Z,1783785513454,5075,98,ok,
reaction-20260711T154617.431287445Z,fair-c100,2026-07-11T15:58:33.481289561Z,1783785513481,4758,90,ok,
reaction-20260711T154617.431287445Z,baseline-c100,2026-07-11T15:58:34.448845568Z,1783785514448,4858,83,ok,
reaction-20260711T154617.431287445Z,fair-c100,2026-07-11T15:58:34.476315177Z,1783785514476,4486,99,ok,
reaction-20260711T154617.431287445Z,baseline-c100,2026-07-11T15:58:35.446950162Z,1783785515446,4953,79,ok,
reaction-20260711T154617.431287445Z,fair-c100,2026-07-11T15:58:35.475025579Z,1783785515475,4486,99,ok,
reaction-20260711T154617.431287445Z,baseline-c100,2026-07-11T15:58:36.447801819Z,1783785516447,4764,96,ok,
reaction-20260711T154617.431287445Z,fair-c100,2026-07-11T15:58:36.480000921Z,1783785516480,4763,85,ok,
reaction-20260711T154617.431287445Z,baseline-c100,2026-07-11T15:58:37.447917582Z,1783785517447,5075,98,ok,
reaction-20260711T154617.431287445Z,fair-c100,2026-07-11T15:58:37.472954891Z,1783785517472,4400,86,ok,
reaction-20260711T154617.431287445Z,baseline-c100,2026-07-11T15:58:38.448567378Z,1783785518448,4858,83,ok,
reaction-20260711T154617.431287445Z,fair-c100,2026-07-11T15:58:38.474703777Z,1783785518474,4903,89,ok,
reaction-20260711T154617.431287445Z,baseline-c100,2026-07-11T15:58:39.446990465Z,1783785519446,4764,96,ok,
reaction-20260711T154617.431287445Z,fair-c100,2026-07-11T15:58:39.475193996Z,1783785519475,4815,89,ok,
reaction-20260711T154617.431287445Z,baseline-c100,2026-07-11T15:58:40.448027426Z,1783785520448,4764,96,ok,
reaction-20260711T154617.431287445Z,fair-c100,2026-07-11T15:58:40.474031903Z,1783785520474,4486,99,ok,
reaction-20260711T154617.431287445Z,baseline-c100,2026-07-11T15:58:41.450905143Z,1783785521450,4569,96,ok,
reaction-20260711T154617.431287445Z,fair-c100,2026-07-11T15:58:41.477419611Z,1783785521477,4174,84,ok,
reaction-20260711T154617.431287445Z,baseline-c100,2026-07-11T15:58:42.449004273Z,1783785522449,4670,96,ok,
reaction-20260711T154617.431287445Z,fair-c100,2026-07-11T15:58:42.47546941Z,1783785522475,4400,86,ok,
reaction-20260711T154617.431287445Z,baseline-c100,2026-07-11T15:58:43.448772903Z,1783785523448,4764,96,ok,
reaction-20260711T154617.431287445Z,fair-c100,2026-07-11T15:58:43.475939611Z,1783785523475,4353,100,ok,
reaction-20260711T154617.431287445Z,baseline-c100,2026-07-11T15:58:44.44893466Z,1783785524448,4392,88,ok,
reaction-20260711T154617.431287445Z,fair-c100,2026-07-11T15:58:44.474997833Z,1783785524474,4258,96,ok,
reaction-20260711T154617.431287445Z,baseline-c100,2026-07-11T15:58:45.448383282Z,1783785525448,4392,88,ok,
reaction-20260711T154617.431287445Z,fair-c100,2026-07-11T15:58:45.472899248Z,1783785525472,4093,83,ok,
reaction-20260711T154617.431287445Z,baseline-c100,2026-07-11T15:58:46.449785721Z,1783785526449,4858,83,ok,
reaction-20260711T154617.431287445Z,fair-c100,2026-07-11T15:58:46.475258835Z,1783785526475,4061,88,ok,
reaction-20260711T154617.431287445Z,baseline-c100,2026-07-11T15:58:47.448155832Z,1783785527448,4670,96,ok,
reaction-20260711T154617.431287445Z,fair-c100,2026-07-11T15:58:47.4758292Z,1783785527475,4492,94,ok,
reaction-20260711T154617.431287445Z,baseline-c100,2026-07-11T15:58:48.451874549Z,1783785528451,4263,98,ok,
reaction-20260711T154617.431287445Z,fair-c100,2026-07-11T15:58:48.477273215Z,1783785528477,4004,89,ok,
reaction-20260711T154617.431287445Z,baseline-c100,2026-07-11T15:58:49.449108513Z,1783785529449,4569,96,ok,
reaction-20260711T154617.431287445Z,fair-c100,2026-07-11T15:58:49.47573827Z,1783785529475,4174,84,ok,
reaction-20260711T154617.431287445Z,baseline-c100,2026-07-11T15:58:50.449190593Z,1783785530449,4122,98,ok,
reaction-20260711T154617.431287445Z,fair-c100,2026-07-11T15:58:50.595201534Z,1783785530595,4240,85,ok,
reaction-20260711T154617.431287445Z,baseline-c100,2026-07-11T15:58:51.450177231Z,1783785531450,4263,98,ok,
reaction-20260711T154617.431287445Z,fair-c100,2026-07-11T15:58:51.478737131Z,1783785531478,4093,83,ok,
reaction-20260711T154617.431287445Z,baseline-c100,2026-07-11T15:58:52.450742836Z,1783785532450,4392,88,ok,
reaction-20260711T154617.431287445Z,fair-c100,2026-07-11T15:58:52.485594955Z,1783785532485,4061,88,ok,
reaction-20260711T154617.431287445Z,baseline-c100,2026-07-11T15:58:53.450404939Z,1783785533450,4263,98,ok,
reaction-20260711T154617.431287445Z,fair-c100,2026-07-11T15:58:53.476958936Z,1783785533476,3689,88,ok,
reaction-20260711T154617.431287445Z,baseline-c100,2026-07-11T15:58:54.44802132Z,1783785534448,3948,95,ok,
reaction-20260711T154617.431287445Z,fair-c100,2026-07-11T15:58:54.477471727Z,1783785534477,3875,90,ok,
reaction-20260711T154617.431287445Z,baseline-c100,2026-07-11T15:58:55.449875006Z,1783785535449,4122,98,ok,
reaction-20260711T154617.431287445Z,fair-c100,2026-07-11T15:58:55.47921617Z,1783785535479,3689,88,ok,
reaction-20260711T154617.431287445Z,baseline-c100,2026-07-11T15:58:56.451302561Z,1783785536451,4041,85,ok,
reaction-20260711T154617.431287445Z,fair-c100,2026-07-11T15:58:56.479016005Z,1783785536479,3656,89,ok,
reaction-20260711T154617.431287445Z,baseline-c100,2026-07-11T15:58:57.449271658Z,1783785537449,3857,96,ok,
reaction-20260711T154617.431287445Z,fair-c100,2026-07-11T15:58:57.477698876Z,1783785537477,3769,100,ok,
reaction-20260711T154617.431287445Z,baseline-c100,2026-07-11T15:58:58.449187617Z,1783785538449,3857,96,ok,
reaction-20260711T154617.431287445Z,fair-c100,2026-07-11T15:58:58.477042784Z,1783785538477,3501,92,ok,
reaction-20260711T154617.431287445Z,baseline-c100,2026-07-11T15:58:59.448688027Z,1783785539448,4132,97,ok,
reaction-20260711T154617.431287445Z,fair-c100,2026-07-11T15:58:59.475938697Z,1783785539475,3656,89,ok,
reaction-20260711T154617.431287445Z,baseline-c100,2026-07-11T15:59:00.451763537Z,1783785540451,3953,97,ok,
reaction-20260711T154617.431287445Z,fair-c100,2026-07-11T15:59:00.480743496Z,1783785540480,3501,92,ok,
reaction-20260711T154617.431287445Z,baseline-c100,2026-07-11T15:59:01.451175017Z,1783785541451,3665,95,ok,
reaction-20260711T154617.431287445Z,fair-c100,2026-07-11T15:59:01.480686687Z,1783785541480,3557,99,ok,
reaction-20260711T154617.431287445Z,baseline-c100,2026-07-11T15:59:02.449154007Z,1783785542449,3997,88,ok,
reaction-20260711T154617.431287445Z,fair-c100,2026-07-11T15:59:02.478141578Z,1783785542478,3263,86,ok,
reaction-20260711T154617.431287445Z,baseline-c100,2026-07-11T15:59:03.448590627Z,1783785543448,3638,87,ok,
reaction-20260711T154617.431287445Z,fair-c100,2026-07-11T15:59:03.475314459Z,1783785543475,3689,88,ok,
reaction-20260711T154617.431287445Z,baseline-c100,2026-07-11T15:59:04.448541334Z,1783785544448,3665,95,ok,
reaction-20260711T154617.431287445Z,fair-c100,2026-07-11T15:59:04.474033794Z,1783785544474,3168,93,ok,
reaction-20260711T154617.431287445Z,baseline-c100,2026-07-11T15:59:05.448834735Z,1783785545448,3665,95,ok,
reaction-20260711T154617.431287445Z,fair-c100,2026-07-11T15:59:05.476229522Z,1783785545476,3501,92,ok,
reaction-20260711T154617.431287445Z,baseline-c100,2026-07-11T15:59:06.450114204Z,1783785546450,4041,85,ok,
reaction-20260711T154617.431287445Z,fair-c100,2026-07-11T15:59:06.480198284Z,1783785546480,3169,95,ok,
reaction-20260711T154617.431287445Z,baseline-c100,2026-07-11T15:59:07.450287071Z,1783785547450,3638,87,ok,
reaction-20260711T154617.431287445Z,fair-c100,2026-07-11T15:59:07.479001951Z,1783785547479,3168,93,ok,
reaction-20260711T154617.431287445Z,baseline-c100,2026-07-11T15:59:08.451020655Z,1783785548451,3305,88,ok,
reaction-20260711T154617.431287445Z,fair-c100,2026-07-11T15:59:08.479416603Z,1783785548479,3349,91,ok,
reaction-20260711T154617.431287445Z,baseline-c100,2026-07-11T15:59:09.45072504Z,1783785549450,3305,88,ok,
reaction-20260711T154617.431287445Z,fair-c100,2026-07-11T15:59:09.47997903Z,1783785549479,2944,97,ok,
reaction-20260711T154617.431287445Z,baseline-c100,2026-07-11T15:59:10.448331344Z,1783785550448,3543,95,ok,
reaction-20260711T154617.431287445Z,fair-c100,2026-07-11T15:59:10.476448522Z,1783785550476,3263,86,ok,
reaction-20260711T154617.431287445Z,baseline-c100,2026-07-11T15:59:11.448862353Z,1783785551448,3393,87,ok,
reaction-20260711T154617.431287445Z,fair-c100,2026-07-11T15:59:11.475719865Z,1783785551475,2895,82,ok,
reaction-20260711T154617.431287445Z,baseline-c100,2026-07-11T15:59:12.452679013Z,1783785552452,3347,99,ok,
reaction-20260711T154617.431287445Z,fair-c100,2026-07-11T15:59:12.482995787Z,1783785552482,2944,97,ok,
reaction-20260711T154617.431287445Z,baseline-c100,2026-07-11T15:59:13.447716593Z,1783785553447,3120,96,ok,
reaction-20260711T154617.431287445Z,fair-c100,2026-07-11T15:59:13.477221437Z,1783785553477,3068,99,ok,
reaction-20260711T154617.431287445Z,baseline-c100,2026-07-11T15:59:14.447680177Z,1783785554447,3122,99,ok,
reaction-20260711T154617.431287445Z,fair-c100,2026-07-11T15:59:14.475287115Z,1783785554475,2944,97,ok,
reaction-20260711T154617.431287445Z,baseline-c100,2026-07-11T15:59:15.448194259Z,1783785555448,3122,99,ok,
reaction-20260711T154617.431287445Z,fair-c100,2026-07-11T15:59:15.481367455Z,1783785555481,2675,96,ok,
reaction-20260711T154617.431287445Z,baseline-c100,2026-07-11T15:59:16.459734782Z,1783785556459,3161,95,ok,
reaction-20260711T154617.431287445Z,fair-c100,2026-07-11T15:59:16.49279346Z,1783785556492,3168,93,ok,
reaction-20260711T154617.431287445Z,baseline-c100,2026-07-11T15:59:17.44848635Z,1783785557448,3122,99,ok,
reaction-20260711T154617.431287445Z,fair-c100,2026-07-11T15:59:17.609894875Z,1783785557609,2629,96,ok,
reaction-20260711T154617.431287445Z,baseline-c100,2026-07-11T15:59:18.44800398Z,1783785558448,3120,96,ok,
reaction-20260711T154617.431287445Z,fair-c100,2026-07-11T15:59:18.475815636Z,1783785558475,2629,96,ok,
reaction-20260711T154617.431287445Z,baseline-c100,2026-07-11T15:59:19.451232423Z,1783785559451,2809,92,ok,
reaction-20260711T154617.431287445Z,fair-c100,2026-07-11T15:59:19.483405553Z,1783785559483,2729,88,ok,
reaction-20260711T154617.431287445Z,baseline-c100,2026-07-11T15:59:20.463654058Z,1783785560463,2900,95,ok,
reaction-20260711T154617.431287445Z,fair-c100,2026-07-11T15:59:20.493128618Z,1783785560493,2895,82,ok,
reaction-20260711T154617.431287445Z,baseline-c100,2026-07-11T15:59:21.449936393Z,1783785561449,2926,100,ok,
reaction-20260711T154617.431287445Z,fair-c100,2026-07-11T15:59:21.4809901Z,1783785561480,2452,84,ok,
reaction-20260711T154617.431287445Z,baseline-c100,2026-07-11T15:59:22.447124826Z,1783785562447,3076,85,ok,
reaction-20260711T154617.431287445Z,fair-c100,2026-07-11T15:59:22.472299983Z,1783785562472,2408,94,ok,
reaction-20260711T154617.431287445Z,baseline-c100,2026-07-11T15:59:23.448438129Z,1783785563448,2843,94,ok,
reaction-20260711T154617.431287445Z,fair-c100,2026-07-11T15:59:23.476835954Z,1783785563476,3071,99,ok,
reaction-20260711T154617.431287445Z,baseline-c100,2026-07-11T15:59:24.447745756Z,1783785564447,2677,78,ok,
reaction-20260711T154617.431287445Z,fair-c100,2026-07-11T15:59:24.471987733Z,1783785564471,2408,94,ok,
reaction-20260711T154617.431287445Z,baseline-c100,2026-07-11T15:59:25.446630576Z,1783785565446,2585,94,ok,
reaction-20260711T154617.431287445Z,fair-c100,2026-07-11T15:59:25.472753429Z,1783785565472,2576,99,ok,
reaction-20260711T154617.431287445Z,baseline-c100,2026-07-11T15:59:26.448192716Z,1783785566448,2809,92,ok,
reaction-20260711T154617.431287445Z,fair-c100,2026-07-11T15:59:26.475941664Z,1783785566475,2442,93,ok,
reaction-20260711T154617.431287445Z,baseline-c100,2026-07-11T15:59:27.454086875Z,1783785567454,2437,97,ok,
reaction-20260711T154617.431287445Z,fair-c100,2026-07-11T15:59:27.481610958Z,1783785567481,2452,84,ok,
reaction-20260711T154617.431287445Z,baseline-c100,2026-07-11T15:59:28.448630692Z,1783785568448,2838,88,ok,
reaction-20260711T154617.431287445Z,fair-c100,2026-07-11T15:59:28.474433095Z,1783785568474,2408,94,ok,
reaction-20260711T154617.431287445Z,baseline-c100,2026-07-11T15:59:29.450486999Z,1783785569450,2349,89,ok,
reaction-20260711T154617.431287445Z,fair-c100,2026-07-11T15:59:29.475760974Z,1783785569475,2029,98,ok,
reaction-20260711T154617.431287445Z,baseline-c100,2026-07-11T15:59:30.447204417Z,1783785570447,2619,97,ok,
reaction-20260711T154617.431287445Z,fair-c100,2026-07-11T15:59:30.474341984Z,1783785570474,2098,93,ok,
reaction-20260711T154617.431287445Z,baseline-c100,2026-07-11T15:59:31.448344607Z,1783785571448,2265,86,ok,
reaction-20260711T154617.431287445Z,fair-c100,2026-07-11T15:59:31.475061805Z,1783785571475,2181,84,ok,
reaction-20260711T154617.431287445Z,baseline-c100,2026-07-11T15:59:32.448829957Z,1783785572448,2585,94,ok,
reaction-20260711T154617.431287445Z,fair-c100,2026-07-11T15:59:32.476758609Z,1783785572476,1915,86,ok,
reaction-20260711T154617.431287445Z,baseline-c100,2026-07-11T15:59:33.448245753Z,1783785573448,2677,78,ok,
reaction-20260711T154617.431287445Z,fair-c100,2026-07-11T15:59:33.473226126Z,1783785573473,2029,98,ok,
reaction-20260711T154617.431287445Z,baseline-c100,2026-07-11T15:59:34.449311415Z,1783785574449,2181,85,ok,
reaction-20260711T154617.431287445Z,fair-c100,2026-07-11T15:59:34.47607295Z,1783785574476,1821,94,ok,
reaction-20260711T154617.431287445Z,baseline-c100,2026-07-11T15:59:35.448186723Z,1783785575448,2128,96,ok,
reaction-20260711T154617.431287445Z,fair-c100,2026-07-11T15:59:35.473974432Z,1783785575473,2188,91,ok,
reaction-20260711T154617.431287445Z,baseline-c100,2026-07-11T15:59:36.448326603Z,1783785576448,2349,89,ok,
reaction-20260711T154617.431287445Z,fair-c100,2026-07-11T15:59:36.482607038Z,1783785576482,1821,94,ok,
reaction-20260711T154617.431287445Z,baseline-c100,2026-07-11T15:59:37.448677036Z,1783785577448,2181,85,ok,
reaction-20260711T154617.431287445Z,fair-c100,2026-07-11T15:59:37.473538342Z,1783785577473,1728,94,ok,
reaction-20260711T154617.431287445Z,baseline-c100,2026-07-11T15:59:38.450778304Z,1783785578450,1991,97,ok,
reaction-20260711T154617.431287445Z,fair-c100,2026-07-11T15:59:38.479026909Z,1783785578479,1642,83,ok,
reaction-20260711T154617.431287445Z,baseline-c100,2026-07-11T15:59:39.446467437Z,1783785579446,2036,86,ok,
reaction-20260711T154617.431287445Z,fair-c100,2026-07-11T15:59:39.476149013Z,1783785579476,1919,86,ok,
reaction-20260711T154617.431287445Z,baseline-c100,2026-07-11T15:59:40.446765231Z,1783785580446,2036,86,ok,
reaction-20260711T154617.431287445Z,fair-c100,2026-07-11T15:59:40.472623795Z,1783785580472,1728,94,ok,
reaction-20260711T154617.431287445Z,baseline-c100,2026-07-11T15:59:41.448290204Z,1783785581448,1991,97,ok,
reaction-20260711T154617.431287445Z,fair-c100,2026-07-11T15:59:41.474039316Z,1783785581474,1821,94,ok,
reaction-20260711T154617.431287445Z,baseline-c100,2026-07-11T15:59:42.447816526Z,1783785582447,1943,94,ok,
reaction-20260711T154617.431287445Z,fair-c100,2026-07-11T15:59:42.476559307Z,1783785582476,1547,103,ok,
reaction-20260711T154617.431287445Z,baseline-c100,2026-07-11T15:59:43.447618002Z,1783785583447,2215,88,ok,
reaction-20260711T154617.431287445Z,fair-c100,2026-07-11T15:59:43.4749991Z,1783785583474,2098,93,ok,
reaction-20260711T154617.431287445Z,baseline-c100,2026-07-11T15:59:44.449113152Z,1783785584449,1678,94,ok,
reaction-20260711T154617.431287445Z,fair-c100,2026-07-11T15:59:44.481421202Z,1783785584481,1468,83,ok,
reaction-20260711T154617.431287445Z,baseline-c100,2026-07-11T15:59:45.451824848Z,1783785585451,1678,94,ok,
reaction-20260711T154617.431287445Z,fair-c100,2026-07-11T15:59:45.482871323Z,1783785585482,2127,99,ok,
reaction-20260711T154617.431287445Z,baseline-c100,2026-07-11T15:59:46.449765828Z,1783785586449,2036,86,ok,
reaction-20260711T154617.431287445Z,fair-c100,2026-07-11T15:59:46.477233924Z,1783785586477,1374,92,ok,
reaction-20260711T154617.431287445Z,baseline-c100,2026-07-11T15:59:47.448766449Z,1783785587448,1760,97,ok,
reaction-20260711T154617.431287445Z,fair-c100,2026-07-11T15:59:47.483145741Z,1783785587483,1547,103,ok,
reaction-20260711T154617.431287445Z,baseline-c100,2026-07-11T15:59:48.451757756Z,1783785588451,1670,75,ok,
reaction-20260711T154617.431287445Z,fair-c100,2026-07-11T15:59:48.480940504Z,1783785588480,1283,95,ok,
reaction-20260711T154617.431287445Z,baseline-c100,2026-07-11T15:59:49.449023815Z,1783785589449,1670,75,ok,
reaction-20260711T154617.431287445Z,fair-c100,2026-07-11T15:59:49.476258481Z,1783785589476,1374,92,ok,
reaction-20260711T154617.431287445Z,baseline-c100,2026-07-11T15:59:50.450324148Z,1783785590450,1678,94,ok,
reaction-20260711T154617.431287445Z,fair-c100,2026-07-11T15:59:50.480465149Z,1783785590480,1728,94,ok,
reaction-20260711T154617.431287445Z,baseline-c100,2026-07-11T15:59:51.449981945Z,1783785591449,1545,79,ok,
reaction-20260711T154617.431287445Z,fair-c100,2026-07-11T15:59:51.477418837Z,1783785591477,1200,85,ok,
reaction-20260711T154617.431287445Z,baseline-c100,2026-07-11T15:59:52.487258963Z,1783785592487,1317,89,ok,
reaction-20260711T154617.431287445Z,fair-c100,2026-07-11T15:59:52.518213557Z,1783785592518,1023,78,ok,
reaction-20260711T154617.431287445Z,baseline-c100,2026-07-11T15:59:53.448923229Z,1783785593448,1415,79,ok,
reaction-20260711T154617.431287445Z,fair-c100,2026-07-11T15:59:53.477566666Z,1783785593477,1200,85,ok,
reaction-20260711T154617.431287445Z,baseline-c100,2026-07-11T15:59:54.453998708Z,1783785594453,1415,79,ok,
reaction-20260711T154617.431287445Z,fair-c100,2026-07-11T15:59:54.481783766Z,1783785594481,941,87,ok,
reaction-20260711T154617.431287445Z,baseline-c100,2026-07-11T15:59:55.451313312Z,1783785595451,1494,89,ok,
reaction-20260711T154617.431287445Z,fair-c100,2026-07-11T15:59:55.478047366Z,1783785595478,1103,98,ok,
reaction-20260711T154617.431287445Z,baseline-c100,2026-07-11T15:59:56.45029663Z,1783785596450,1232,87,ok,
reaction-20260711T154617.431287445Z,fair-c100,2026-07-11T15:59:56.477893031Z,1783785596477,1023,78,ok,
reaction-20260711T154617.431287445Z,baseline-c100,2026-07-11T15:59:57.448667135Z,1783785597448,1415,79,ok,
reaction-20260711T154617.431287445Z,fair-c100,2026-07-11T15:59:57.476833306Z,1783785597476,941,87,ok,
reaction-20260711T154617.431287445Z,baseline-c100,2026-07-11T15:59:58.449607697Z,1783785598449,1317,89,ok,
reaction-20260711T154617.431287445Z,fair-c100,2026-07-11T15:59:58.476402748Z,1783785598476,846,89,ok,
reaction-20260711T154617.431287445Z,baseline-c100,2026-07-11T15:59:59.450730785Z,1783785599450,1579,98,ok,
reaction-20260711T154617.431287445Z,fair-c100,2026-07-11T15:59:59.479864611Z,1783785599479,1023,78,ok,
reaction-20260711T154617.431287445Z,baseline-c100,2026-07-11T16:00:00.449555028Z,1783785600449,969,80,ok,
reaction-20260711T154617.431287445Z,fair-c100,2026-07-11T16:00:00.478478452Z,1783785600478,846,89,ok,
reaction-20260711T154617.431287445Z,baseline-c100,2026-07-11T16:00:01.451994758Z,1783785601451,969,80,ok,
reaction-20260711T154617.431287445Z,fair-c100,2026-07-11T16:00:01.480118253Z,1783785601480,941,87,ok,
reaction-20260711T154617.431287445Z,baseline-c100,2026-07-11T16:00:02.481450261Z,1783785602481,1049,100,ok,
reaction-20260711T154617.431287445Z,fair-c100,2026-07-11T16:00:02.509047063Z,1783785602509,661,92,ok,
reaction-20260711T154617.431287445Z,baseline-c100,2026-07-11T16:00:03.450359849Z,1783785603450,1021,91,ok,
reaction-20260711T154617.431287445Z,fair-c100,2026-07-11T16:00:03.478577389Z,1783785603478,935,89,ok,
reaction-20260711T154617.431287445Z,baseline-c100,2026-07-11T16:00:04.449685558Z,1783785604449,1021,91,ok,
reaction-20260711T154617.431287445Z,fair-c100,2026-07-11T16:00:04.478097309Z,1783785604478,846,89,ok,
reaction-20260711T154617.431287445Z,baseline-c100,2026-07-11T16:00:05.449963778Z,1783785605449,838,90,ok,
reaction-20260711T154617.431287445Z,fair-c100,2026-07-11T16:00:05.47662983Z,1783785605476,573,85,ok,
reaction-20260711T154617.431287445Z,baseline-c100,2026-07-11T16:00:06.451109886Z,1783785606451,741,99,ok,
reaction-20260711T154617.431287445Z,fair-c100,2026-07-11T16:00:06.478949082Z,1783785606478,661,92,ok,
reaction-20260711T154617.431287445Z,baseline-c100,2026-07-11T16:00:07.451197208Z,1783785607451,867,95,ok,
reaction-20260711T154617.431287445Z,fair-c100,2026-07-11T16:00:07.479684097Z,1783785607479,573,85,ok,
reaction-20260711T154617.431287445Z,baseline-c100,2026-07-11T16:00:08.449477064Z,1783785608449,1047,96,ok,
reaction-20260711T154617.431287445Z,fair-c100,2026-07-11T16:00:08.476532245Z,1783785608476,434,92,ok,
reaction-20260711T154617.431287445Z,baseline-c100,2026-07-11T16:00:09.450480016Z,1783785609450,969,80,ok,
reaction-20260711T154617.431287445Z,fair-c100,2026-07-11T16:00:09.479599091Z,1783785609479,299,96,ok,
reaction-20260711T154617.431287445Z,baseline-c100,2026-07-11T16:00:10.44894024Z,1783785610448,522,97,ok,
reaction-20260711T154617.431287445Z,fair-c100,2026-07-11T16:00:10.612857234Z,1783785610612,343,93,ok,
reaction-20260711T154617.431287445Z,baseline-c100,2026-07-11T16:00:11.448683637Z,1783785611448,614,86,ok,
reaction-20260711T154617.431287445Z,fair-c100,2026-07-11T16:00:11.472567891Z,1783785611472,301,98,ok,
reaction-20260711T154617.431287445Z,baseline-c100,2026-07-11T16:00:12.482448167Z,1783785612482,614,86,ok,
reaction-20260711T154617.431287445Z,fair-c100,2026-07-11T16:00:12.511879193Z,1783785612511,434,92,ok,
reaction-20260711T154617.431287445Z,baseline-c100,2026-07-11T16:00:13.447455591Z,1783785613447,522,97,ok,
reaction-20260711T154617.431287445Z,fair-c100,2026-07-11T16:00:13.473757922Z,1783785613473,343,93,ok,
reaction-20260711T154617.431287445Z,baseline-c100,2026-07-11T16:00:14.447605714Z,1783785614447,573,95,ok,
reaction-20260711T154617.431287445Z,fair-c100,2026-07-11T16:00:14.482830137Z,1783785614482,41,96,ok,
reaction-20260711T154617.431287445Z,baseline-c100,2026-07-11T16:00:15.448585953Z,1783785615448,517,97,ok,
reaction-20260711T154617.431287445Z,fair-c100,2026-07-11T16:00:15.475033586Z,1783785615475,34,93,ok,
reaction-20260711T154617.431287445Z,baseline-c100,2026-07-11T16:00:16.448097427Z,1783785616448,256,95,ok,
reaction-20260711T154617.431287445Z,fair-c100,2026-07-11T16:00:16.476835843Z,1783785616476,0,35,ok,
reaction-20260711T154617.431287445Z,baseline-c100,2026-07-11T16:00:17.447449635Z,1783785617447,700,81,ok,
reaction-20260711T154617.431287445Z,fair-c100,2026-07-11T16:00:17.483002518Z,1783785617483,93,72,ok,
reaction-20260711T154617.431287445Z,baseline-c100,2026-07-11T16:00:18.44879877Z,1783785618448,269,86,ok,
reaction-20260711T154617.431287445Z,fair-c100,2026-07-11T16:00:18.474364734Z,1783785618474,299,96,ok,
reaction-20260711T154617.431287445Z,baseline-c100,2026-07-11T16:00:19.448209406Z,1783785619448,186,87,ok,
reaction-20260711T154617.431287445Z,fair-c100,2026-07-11T16:00:19.474299783Z,1783785619474,34,93,ok,
reaction-20260711T154617.431287445Z,baseline-c100,2026-07-11T16:00:20.447428531Z,1783785620447,269,86,ok,
reaction-20260711T154617.431287445Z,fair-c100,2026-07-11T16:00:20.473699767Z,1783785620473,0,0,ok,
reaction-20260711T154617.431287445Z,baseline-c100,2026-07-11T16:00:21.447892049Z,1783785621447,186,87,ok,
reaction-20260711T154617.431287445Z,fair-c100,2026-07-11T16:00:21.474964849Z,1783785621474,0,35,ok,
reaction-20260711T154617.431287445Z,baseline-c100,2026-07-11T16:00:22.448445722Z,1783785622448,307,89,ok,
reaction-20260711T154617.431287445Z,fair-c100,2026-07-11T16:00:22.477471873Z,1783785622477,0,0,ok,
reaction-20260711T154617.431287445Z,baseline-c100,2026-07-11T16:00:23.447692577Z,1783785623447,269,86,ok,
reaction-20260711T154617.431287445Z,fair-c100,2026-07-11T16:00:23.477968334Z,1783785623477,93,72,ok,
reaction-20260711T154617.431287445Z,baseline-c100,2026-07-11T16:00:24.447951984Z,1783785624447,256,95,ok,
reaction-20260711T154617.431287445Z,fair-c100,2026-07-11T16:00:24.476273762Z,1783785624476,0,0,ok,
reaction-20260711T154617.431287445Z,baseline-c100,2026-07-11T16:00:25.448416432Z,1783785625448,90,88,ok,
reaction-20260711T154617.431287445Z,fair-c100,2026-07-11T16:00:25.475548068Z,1783785625475,0,0,ok,
reaction-20260711T154617.431287445Z,baseline-c100,2026-07-11T16:00:26.448700675Z,1783785626448,0,1,ok,
reaction-20260711T154617.431287445Z,fair-c100,2026-07-11T16:00:26.474873539Z,1783785626474,301,98,ok,
reaction-20260711T154617.431287445Z,baseline-c100,2026-07-11T16:00:27.447800024Z,1783785627447,0,0,ok,
reaction-20260711T154617.431287445Z,fair-c100,2026-07-11T16:00:27.474014833Z,1783785627474,0,0,ok,
reaction-20260711T154617.431287445Z,baseline-c100,2026-07-11T16:00:28.446903114Z,1783785628446,0,90,ok,
reaction-20260711T154617.431287445Z,fair-c100,2026-07-11T16:00:28.47313299Z,1783785628473,0,0,ok,
reaction-20260711T154617.431287445Z,baseline-c100,2026-07-11T16:00:29.447116378Z,1783785629447,0,0,ok,
reaction-20260711T154617.431287445Z,fair-c100,2026-07-11T16:00:29.474901323Z,1783785629474,0,0,ok,
reaction-20260711T154617.431287445Z,baseline-c100,2026-07-11T16:00:30.447594539Z,1783785630447,186,87,ok,
reaction-20260711T154617.431287445Z,fair-c100,2026-07-11T16:00:30.473090554Z,1783785630473,0,0,ok,
reaction-20260711T154617.431287445Z,baseline-c100,2026-07-11T16:00:31.450292123Z,1783785631450,0,0,ok,
reaction-20260711T154617.431287445Z,fair-c100,2026-07-11T16:00:31.474838923Z,1783785631474,0,0,ok,
reaction-20260711T154617.431287445Z,baseline-c100,2026-07-11T16:00:32.447208978Z,1783785632447,0,0,ok,
reaction-20260711T154617.431287445Z,fair-c100,2026-07-11T16:00:32.472654213Z,1783785632472,0,0,ok,
reaction-20260711T154617.431287445Z,baseline-c100,2026-07-11T16:00:33.450749971Z,1783785633450,0,0,ok,
reaction-20260711T154617.431287445Z,fair-c100,2026-07-11T16:00:33.4777594Z,1783785633477,0,0,ok,
